t,s,s_track,e,e_track,dphi,dphi_track,x_ref,y_ref,z_ref,psi_ref,yaw,vx,vy,r,V,beta,rear_wheelspeed_ms,fcog_x,fcog_y,accel_x,accel_y,roadwheel_angle,rear_wheel_torque,measured_roadwheel_angle,measured_rear_wheel_torque,roadwheel_angle_rate,rear_wheel_torque_rate,kappa_track,e_min,e_max
0.0,0.0,0.0,0.0,0.0,0.0,0.0,3.953184127807617,-36.0,0.0,1.5707964,1.5707963705062866,0.10000000149011612,0.0,0.0,0.10000000149011612,0.0,0.10000000149011612,0.0,0.0,0.0,0.0,-0.008809666149318218,309.8680114746094,0.0,250.0,0.5084445350803435,2996.4874267578125,-0.0,-2.25,2.25
0.02,0.0021178703755140305,0.0021178703755140305,-7.231901690829545e-05,-7.231901690829545e-05,-0.21683931350708008,-0.21683931350708008,3.953256368637085,-35.99788284301758,0.0,1.5707964,1.5708591938018799,0.09110639989376068,-0.020077012479305267,0.0011208959622308612,0.0932923498026286,-0.21690209858342313,0.32769277691841125,-0.40847334265708923,-0.0882159173488617,-0.40847334265708923,-0.0882159173488617,0.0013592245522886515,369.7977600097656,-0.008809666149318218,309.8680114746094,0.5878723110072315,2994.6334838867188,-0.0,-2.25,2.25
0.04,0.004432903602719307,0.004432903602719307,-0.0007377057918347418,-0.0007377057918347418,-0.3761414587497711,-0.3761414587497711,3.9539217948913574,-35.995567321777344,0.0,1.5707964,1.5712196826934814,0.15245257318019867,-0.060285069048404694,0.04251336678862572,0.16393924673315646,-0.37656476745172146,0.0583571158349514,1.3893460035324097,-0.25480690598487854,1.3893460035324097,-0.25480690598487854,0.013116670772433281,429.6904296875,0.0013592245522886515,369.7977600097656,0.5995942279696466,2995.103454589844,-0.0,-2.25,2.25
0.06,0.007412562612444162,0.007412562612444162,-0.0023429931607097387,-0.0023429931607097387,-0.6561011672019958,-0.6561011672019958,3.9555270671844482,-35.99258804321289,0.0,1.5707964,1.5722209215164185,0.14357805252075195,-0.11086349189281464,0.06415600329637527,0.1813983765096038,-0.6575257403699472,0.34426966309547424,0.424562931060791,-0.4501991868019104,0.424562931060791,-0.4501991868019104,0.02510855533182621,489.5924987792969,0.013116670772433281,429.6904296875,0.5995244719088076,2992.6193237304683,-0.0,-2.25,2.25
0.08,0.01082661747932434,0.01082661747932434,-0.005056880414485931,-0.005056880414485931,-0.6898952126502991,-0.6898952126502991,3.9582409858703613,-35.989173889160156,0.0,1.5707964,1.5738933086395264,0.20919030904769897,-0.17370723187923431,0.11058801412582397,0.27190952136072377,-0.6929921780732345,0.09460070729255676,1.9034994840621948,-0.6809823513031006,1.9034994840621948,-0.6809823513031006,0.037099044770002365,549.4448852539062,0.02510855533182621,489.5924987792969,0.5997139960527419,2993.3227539062495,-0.0,-2.25,2.25
0.1,0.015012922696769238,0.015012922696769238,-0.008848541416227818,-0.008848541416227818,-0.7810302376747131,-0.7810302376747131,3.9620325565338135,-35.9849853515625,0.0,1.5707964,1.5762803554534912,0.21206244826316833,-0.2125362902879715,0.1299087107181549,0.3002368342704503,-0.7865141389882194,0.34110286831855774,1.0236767530441284,-0.7869864702224731,1.0236767530441284,-0.7869864702224731,0.049093324691057205,609.3113403320312,0.037099044770002365,549.4448852539062,0.5993584170937541,2991.580200195314,-0.0,-2.25,2.25
0.12,0.019789202138781548,0.019789202138781548,-0.013316452503204346,-0.013316452503204346,-0.7151559591293335,-0.7151559591293335,3.9665005207061768,-35.98020935058594,0.0,1.5707964,1.579055666923523,0.2691638469696045,-0.2377062737941742,0.14598077535629272,0.3591008898855412,-0.7234152684364981,0.2034084051847458,1.9464421272277832,-0.8238705992698669,1.9464421272277832,-0.8238705992698669,0.06108049303293228,669.1429443359375,0.049093324691057205,609.3113403320312,0.59879720211029,2990.7775878906223,-0.0,-2.25,2.25
0.14,0.025373993441462517,0.025373993441462517,-0.018035050481557846,-0.018035050481557846,-0.6691752076148987,-0.6691752076148987,3.971219062805176,-35.97462463378906,0.0,1.5707964,1.5819518566131592,0.2951364517211914,-0.2388269305229187,0.14255322515964508,0.3796627817913868,-0.680330724290363,0.3248155415058136,1.6691319942474365,-0.754064679145813,1.6691319942474365,-0.754064679145813,0.07305643707513809,728.95849609375,0.06108049303293228,669.1429443359375,0.5962740629911426,2987.5671386718764,-0.0,-2.25,2.25
0.16,0.031704630702733994,0.031704630702733994,-0.02271439880132675,-0.02271439880132675,-0.595035195350647,-0.595035195350647,3.975898504257202,-35.96829605102539,0.0,1.5707964,1.5847914218902588,0.338478684425354,-0.23608087003231049,0.14028330147266388,0.412676625223105,-0.609030216130608,0.34135255217552185,1.9212058782577515,-0.6733474731445312,1.9212058782577515,-0.6733474731445312,0.08498191833496094,788.7098388671875,0.07305643707513809,728.95849609375,0.5889598280191425,2982.876586914064,-0.0,-2.25,2.25
0.18,0.038871798664331436,0.038871798664331436,-0.027298500761389732,-0.027298500761389732,-0.5325192213058472,-0.5325192213058472,3.980482578277588,-35.96112823486328,0.0,1.5707964,1.5875880718231201,0.3804931044578552,-0.2329217493534088,0.13905471563339233,0.44612503164676665,-0.5493109927620348,0.3945980966091156,2.035720109939575,-0.5974954962730408,2.035720109939575,-0.5974954962730408,0.09676111489534378,848.3673706054688,0.08498191833496094,788.7098388671875,0.567349418997764,2977.1667480468723,-0.0,-2.25,2.25
0.2,0.04692324623465538,0.04692324623465538,-0.0317871980369091,-0.0317871980369091,-0.4754154682159424,-0.4754154682159424,3.984971284866333,-35.95307540893555,0.0,1.5707964,1.5903713703155518,0.4260694980621338,-0.22999894618988037,0.13895706832408905,0.48418460573150623,-0.49499045554486787,0.4481581449508667,2.1791326999664307,-0.5286672115325928,2.1791326999664307,-0.5286672115325928,0.10810810327529907,907.9107055664062,0.09676111489534378,848.3673706054688,0.5222238600254061,2970.4162597656264,-0.0,-2.25,2.25
0.22,0.05592067539691925,0.05592067539691925,-0.036173172295093536,-0.036173172295093536,-0.42314958572387695,-0.42314958572387695,3.9893572330474854,-35.94407653808594,0.0,1.5707964,1.5931568145751953,0.4746672213077545,-0.22666755318641663,0.13934637606143951,0.5260105993718585,-0.44551007543346305,0.5064972639083862,2.326841115951538,-0.46342983841896057,2.326841115951538,-0.46342983841896057,0.11855258047580719,967.3190307617188,0.10810810327529907,907.9107055664062,0.4316896200180056,1634.0484619140634,-0.0,-2.25,2.25
0.24,0.06592467427253723,0.06592467427253723,-0.04043854773044586,-0.04043854773044586,-0.3749152719974518,-0.3749152719974518,3.9936227798461914,-35.93407440185547,0.0,1.5707964,1.5959519147872925,0.5263569951057434,-0.2225840836763382,0.1399545669555664,0.5714852234334521,-0.4000707784941474,0.5696731209754944,2.4781506061553955,-0.3999452292919159,2.4781506061553955,-0.3999452292919159,0.1271863728761673,1000.0,0.11855258047580719,967.3190307617188,0.3189474344253537,0.0,-0.0,-2.25,2.25
0.26,0.07698894292116165,0.07698894292116165,-0.044559404253959656,-0.044559404253959656,-0.3308728337287903,-0.3308728337287903,3.997743606567383,-35.923011779785156,0.0,1.5707964,1.5987577438354492,0.5799269676208496,-0.21751470863819122,0.14048583805561066,0.619377054989827,-0.35883430760928936,0.6339722871780396,2.5983388423919678,-0.3370118737220764,2.5983388423919678,-0.3370118737220764,0.13356532156467438,1000.0,0.1271863728761673,1000.0,0.19512400031089766,0.0,-0.0,-2.25,2.25
0.28,0.08913692086935043,0.08913692086935043,-0.04850902780890465,-0.04850902780890465,-0.29131391644477844,-0.29131391644477844,4.001693248748779,-35.91086196899414,0.0,1.5707964,1.6015725135803223,0.6336637735366821,-0.21146024763584137,0.14084768295288086,0.6680158787206775,-0.32208995594983725,0.6964261531829834,2.658921957015991,-0.27457770705223083,2.658921957015991,-0.27457770705223083,0.13746780157089233,1000.0,0.13356532156467438,1000.0,0.06680563092231763,0.0,-0.0,-2.25,2.25
0.3,0.10236585140228271,0.10236585140228271,-0.052264947444200516,-0.052264947444200516,-0.2561336159706116,-0.2561336159706116,4.005449295043945,-35.89763259887695,0.0,1.5707964,1.6043930053710938,0.6873538494110107,-0.20491331815719604,0.14117783308029175,0.7172480618714328,-0.28973031570113317,0.7598002552986145,2.687143325805664,-0.21473829448223114,2.687143325805664,-0.21473829448223114,0.13880391418933868,1000.0,0.13746780157089233,1000.0,-0.038650631904602016,0.0,-0.0,-2.25,2.25
0.32,0.11667488515377045,0.11667488515377045,-0.055815890431404114,-0.055815890431404114,-0.22517988085746765,-0.22517988085746765,4.008999824523926,-35.883323669433594,0.0,1.5707964,1.6072189807891846,0.741153359413147,-0.19843512773513794,0.14145112037658691,0.7672579762300643,-0.2616025960535457,0.824101448059082,2.7033321857452393,-0.1596832126379013,2.7033321857452393,-0.1596832126379013,0.13803090155124664,1000.0,0.13880391418933868,1000.0,-0.12597739696502674,0.0,-0.0,-2.25,2.25
0.34,0.1320662796497345,0.1320662796497345,-0.05916020646691322,-0.05916020646691322,-0.19814732670783997,-0.19814732670783997,4.0123443603515625,-35.8679313659668,0.0,1.5707964,1.6100491285324097,0.7951776385307312,-0.1924034059047699,0.14163561165332794,0.818123797125512,-0.23740005007481657,0.8892892003059387,2.716517210006714,-0.11062373965978622,2.716517210006714,-0.11062373965978622,0.1355113536119461,1000.0,0.13803090155124664,1000.0,-0.19779875874519384,0.0,-0.0,-2.25,2.25
0.36,0.14854459464550018,0.14854459464550018,-0.06230242922902107,-0.06230242922902107,-0.1746336668729782,-0.1746336668729782,4.015486717224121,-35.8514518737793,0.0,1.5707964,1.6128811836242676,0.8495085835456848,-0.18704159557819366,0.1416865587234497,0.8698559604866959,-0.2167183910892188,0.9552876949310303,2.7303221225738525,-0.06800486147403717,2.7303221225738525,-0.06800486147403717,0.13155537843704224,1000.0,0.1355113536119461,1000.0,-0.2562195062637327,0.0,-0.0,-2.25,2.25
0.38,0.16611595451831818,0.16611595451831818,-0.06525042653083801,-0.06525042653083801,-0.15419118106365204,-0.15419118106365204,4.018434524536133,-35.83388137817383,0.0,1.5707964,1.6157121658325195,0.904198944568634,-0.18244963884353638,0.14155137538909912,0.9224226808102501,-0.1991069103352002,1.022011399269104,2.745803117752075,-0.0317065566778183,2.745803117752075,-0.0317065566778183,0.12643098831176758,1000.0,0.13155537843704224,1000.0,-0.30498020350933047,0.0,-0.0,-2.25,2.25
0.4,0.18478749692440033,0.18478749692440033,-0.0680132806301117,-0.0680132806301117,-0.13637316226959229,-0.13637316226959229,4.021197319030762,-35.81521224975586,0.0,1.5707964,1.6185379028320312,0.9592772126197815,-0.17864017188549042,0.1411772072315216,0.9757689694096934,-0.18411473173599893,1.0893815755844116,2.7628748416900635,-0.0012497188290581107,2.7628748416900635,-0.0012497188290581107,0.12033138424158096,1000.0,0.12643098831176758,1000.0,-0.34034587442874975,0.0,-0.0,-2.25,2.25
0.42,0.20456688106060028,0.20456688106060028,-0.07059989869594574,-0.07059989869594574,-0.12077208608388901,-0.12077208608388901,4.023784160614014,-35.795433044433594,0.0,1.5707964,1.6213533878326416,1.014755368232727,-0.1755785495042801,0.14050930738449097,1.0298331342519351,-0.17132919326352924,1.1573339700698853,2.781075954437256,0.023998936638236046,2.781075954437256,0.023998936638236046,0.11352446675300598,1000.0,0.12033138424158096,1000.0,-0.3665022552013394,0.0,-0.0,-2.25,2.25
0.44,0.22546187043190002,0.22546187043190002,-0.07301817834377289,-0.07301817834377289,-0.1070156842470169,-0.1070156842470169,4.026202201843262,-35.7745361328125,0.0,1.5707964,1.624152660369873,1.070628046989441,-0.1731860488653183,0.13952133059501648,1.0845449840933317,-0.16037200130729382,1.225814700126648,2.799729585647583,0.04479954391717911,2.799729585647583,0.04479954391717911,0.10619442164897919,1000.0,0.11352446675300598,1000.0,-0.3832258284091946,0.0,-0.0,-2.25,2.25
0.46,0.24748007953166962,0.24748007953166962,-0.07527446001768112,-0.07527446001768112,-0.09479095041751862,-0.09479095041751862,4.028458595275879,-35.75251770019531,0.0,1.5707964,1.6269291639328003,1.1268805265426636,-0.17137615382671356,0.13819578289985657,1.1398374915756668,-0.15092369579161227,1.2947771549224854,2.818272590637207,0.061873290687799454,2.818272590637207,0.061873290687799454,0.09852990508079529,1000.0,0.10619442164897919,1000.0,-0.3961976617574699,0.0,-0.0,-2.25,2.25
0.48,0.27062875032424927,0.27062875032424927,-0.07737348228693008,-0.07737348228693008,-0.08383432775735855,-0.08383432775735855,4.030557632446289,-35.7293701171875,0.0,1.5707964,1.629676103591919,1.1834912300109863,-0.17005692422389984,0.13653233647346497,1.1956466237937573,-0.14271404457021114,1.3641786575317383,2.836235284805298,0.075896255671978,2.836235284805298,0.075896255671978,0.0906059518456459,1000.0,0.09852990508079529,1000.0,-0.40670447051525077,0.0,-0.0,-2.25,2.25
0.5,0.2949145436286926,0.2949145436286926,-0.07931853830814362,-0.07931853830814362,-0.07394249737262726,-0.07394249737262726,4.0325026512146,-35.70508575439453,0.0,1.5707964,1.6323866844177246,1.2404381036758423,-0.16915717720985413,0.134521946310997,1.2519188630468532,-0.13553287954372714,1.4339810609817505,2.853365659713745,0.0873914435505867,2.853365659713745,0.0873914435505867,0.08247186243534088,1000.0,0.0906059518456459,1000.0,-0.41521117091178855,0.0,-0.0,-2.25,2.25
0.52,0.32034382224082947,0.32034382224082947,-0.08111189305782318,-0.08111189305782318,-0.06495720148086548,-0.06495720148086548,4.034296035766602,-35.679656982421875,0.0,1.5707964,1.635054111480713,1.297699213027954,-0.1686217486858368,0.13215212523937225,1.3086086281326594,-0.12921502541392885,1.504150629043579,2.8695318698883057,0.0967613011598587,2.8695318698883057,0.0967613011598587,0.0741676390171051,1000.0,0.08247186243534088,1000.0,-0.4226014018058773,0.0,-0.0,-2.25,2.25
0.54,0.3469223380088806,0.3469223380088806,-0.08275511115789413,-0.08275511115789413,-0.05675392970442772,-0.05675392970442772,4.0359392166137695,-35.653076171875,0.0,1.5707964,1.6376711130142212,1.3552522659301758,-0.16840682923793793,0.1294114738702774,1.365675497489375,-0.12362862561444586,1.574655532836914,2.8846633434295654,0.10431791841983795,2.8846633434295654,0.10431791841983795,0.06571561098098755,1000.0,0.0741676390171051,1000.0,-0.42894817888736686,0.0,-0.0,-2.25,2.25
0.56,0.37465545535087585,0.37465545535087585,-0.0842493399977684,-0.0842493399977684,-0.04923544079065323,-0.04923544079065323,4.037433624267578,-35.625343322753906,0.0,1.5707964,1.6402299404144287,1.4130758047103882,-0.16847988963127136,0.12628814578056335,1.4230842220571756,-0.1186689931736126,1.6454652547836304,2.8987343311309814,0.11029086261987686,2.8987343311309814,0.11029086261987686,0.057136647403240204,1000.0,0.06571561098098755,1000.0,-0.433998741209509,0.0,-0.0,-2.25,2.25
0.58,0.40354812145233154,0.40354812145233154,-0.08559550344944,-0.08559550344944,-0.04232469201087952,-0.04232469201087952,4.0387797355651855,-35.59645080566406,0.0,1.5707964,1.6427230834960938,1.4711487293243408,-0.16881592571735382,0.12277258187532425,1.4808029580495947,-0.11425136237387588,1.7165504693984985,2.9117331504821777,0.11484994739294052,2.9117331504821777,0.11484994739294052,0.048456672579050064,1000.0,0.057136647403240204,1000.0,-0.4369601607322689,0.0,-0.0,-2.25,2.25
0.6,0.43360480666160583,0.43360480666160583,-0.08679452538490295,-0.08679452538490295,-0.03595927357673645,-0.03595927357673645,4.039978504180908,-35.5663948059082,0.0,1.5707964,1.6451425552368164,1.529449701309204,-0.16939418017864227,0.11885988712310791,1.5388017341792957,-0.11030542526574792,1.7878817319869995,2.923650026321411,0.11812512576580048,2.923650026321411,0.11812512576580048,0.03971746936440468,1000.0,0.048456672579050064,1000.0,-0.43734489008784255,0.0,-0.0,-2.25,2.25
0.62,0.4648296535015106,0.4648296535015106,-0.08784738183021545,-0.08784738183021545,-0.030085822567343712,-0.030085822567343712,4.041031360626221,-35.5351676940918,0.0,1.5707964,1.6474804878234863,1.5879571437835693,-0.17019334435462952,0.11455397307872772,1.5970515536312173,-0.10676996428068058,1.859428882598877,2.9344680309295654,0.12023069709539413,2.9344680309295654,0.12023069709539413,0.03097057156264782,1000.0,0.03971746936440468,1000.0,-0.43652337044477424,0.0,-0.0,-2.25,2.25
0.64,0.4972262978553772,0.4972262978553772,-0.08875513076782227,-0.08875513076782227,-0.024657785892486572,-0.024657785892486572,4.0419392585754395,-35.50277328491211,0.0,1.5707964,1.6497291326522827,1.6466491222381592,-0.17119024693965912,0.10986819863319397,1.6555239147819525,-0.10359065404532429,1.931160807609558,2.944169282913208,0.12127390503883362,2.944169282913208,0.12127390503883362,0.022240104153752327,1000.0,0.03097057156264782,1000.0,-0.4349070601165291,0.0,-0.0,-2.25,2.25
0.66,0.5307979583740234,0.5307979583740234,-0.08951897919178009,-0.08951897919178009,-0.01963871531188488,-0.01963871531188488,4.042703151702881,-35.469200134277344,0.0,1.5707964,1.6518813371658325,1.7055046558380127,-0.17236784100532532,0.10481512546539307,1.7141927557010546,-0.10072358430229589,2.003046989440918,2.9527573585510254,0.12132207304239273,2.9527573585510254,0.12132207304239273,0.013541962951421738,1000.0,0.022240104153752327,1000.0,-0.43203996028751096,0.0,-0.0,-2.25,2.25
0.68,0.5655474662780762,0.5655474662780762,-0.09014042466878891,-0.09014042466878891,-0.01500039640814066,-0.01500039640814066,4.0433244705200195,-35.434452056884766,0.0,1.5707964,1.653929352760315,1.7645028829574585,-0.17371445894241333,0.0994061827659607,1.7730333153132904,-0.09813328764569029,2.075056552886963,2.960249900817871,0.12040934711694717,2.960249900817871,0.12040934711694717,0.004901163745671511,1000.0,0.013541962951421738,1000.0,-0.4278779262676831,0.0,-0.0,-2.25,2.25
0.7000000000000001,0.6014772057533264,0.6014772057533264,-0.09062137454748154,-0.09062137454748154,-0.010718770325183868,-0.010718770325183868,4.0438055992126465,-35.398521423339844,0.0,1.5707964,1.655866265296936,1.8236240148544312,-0.1752188801765442,0.0936562791466713,1.8320224353222634,-0.0957887397410702,2.147160291671753,2.966667413711548,0.11856087297201157,2.966667413711548,0.11856087297201157,-0.0036563947796821594,1000.0,0.004901163745671511,1000.0,-0.4225261509418507,0.0,-0.0,-2.25,2.25
0.72,0.6385894417762756,0.6385894417762756,-0.09096415340900421,-0.09096415340900421,-0.006773114670068026,-0.006773114670068026,4.0441484451293945,-35.36140823364258,0.0,1.5707964,1.6576858758926392,1.8828486204147339,-0.1768699437379837,0.08758373558521271,1.891137727505732,-0.09366256612409989,2.2193291187286377,2.9720330238342285,0.11579662561416626,2.9720330238342285,0.11579662561416626,-0.012106917798519135,1000.0,-0.0036563947796821594,1000.0,-0.4169483669102188,0.0,-0.0,-2.25,2.25
0.74,0.6768857836723328,0.6768857836723328,-0.09117154777050018,-0.09117154777050018,-0.0031455904245376587,-0.0031455904245376587,4.044355869293213,-35.32311248779297,0.0,1.5707964,1.65938138961792,1.9421579837799072,-0.17865677177906036,0.08120930939912796,1.9503578840978262,-0.09173063617781531,2.2915351390838623,2.9763753414154053,0.11213120073080063,2.9763753414154053,0.11213120073080063,-0.02044588513672352,1000.0,-0.012106917798519135,1000.0,-0.4111454822123047,0.0,-0.0,-2.25,2.25
0.76,0.7163676619529724,0.7163676619529724,-0.09124686568975449,-0.09124686568975449,0.00017683207988739014,0.00017683207988739014,4.044431209564209,-35.28363037109375,0.0,1.5707964,1.6609472036361694,2.0015344619750977,-0.18057368695735931,0.07455024868249893,2.00966341930566,-0.08997404710837949,2.3637523651123047,2.979731559753418,0.10755401849746704,2.979731559753418,0.10755401849746704,-0.02866879478096962,1000.0,-0.02044588513672352,1000.0,-0.4041563719511029,0.0,-0.0,-2.25,2.25
0.78,0.7570360898971558,0.7570360898971558,-0.0911940187215805,-0.0911940187215805,0.0032042860984802246,0.0032042860984802246,4.044378280639648,-35.24296188354492,0.0,1.5707964,1.6623777151107788,2.0609612464904785,-0.18261750042438507,0.06762265413999557,2.06903610674073,-0.08837711405450725,2.435955286026001,2.9821431636810303,0.10204248130321503,2.9821431636810303,0.10204248130321503,-0.036751922219991684,1000.0,-0.02866879478096962,1000.0,-0.39440970867872205,0.0,-0.0,-2.25,2.25
0.8,0.798892080783844,0.798892080783844,-0.09101754426956177,-0.09101754426956177,0.00594763457775116,0.00594763457775116,4.044201850891113,-35.201107025146484,0.0,1.5707964,1.6636677980422974,2.12042236328125,-0.1847807914018631,0.060448888689279556,2.1284583480947754,-0.08692380082213699,2.5081212520599365,2.9836502075195312,0.09559350460767746,2.9836502075195312,0.09559350460767746,-0.04464011639356613,1000.0,-0.036751922219991684,1000.0,-0.3800772130489346,0.0,-0.0,-2.25,2.25
0.8200000000000001,0.8419361114501953,0.8419361114501953,-0.09072244167327881,-0.09072244167327881,0.008422210812568665,0.008422210812568665,4.0439066886901855,-35.15806198120117,0.0,1.5707964,1.6648128032684326,2.179903268814087,-0.18704403936862946,0.053066134452819824,2.187913100205233,-0.08559417959732815,2.5802290439605713,2.984309196472168,0.0882570669054985,2.984309196472168,0.0882570669054985,-0.05224166065454483,1000.0,-0.04464011639356613,1000.0,-0.36421418190002613,0.0,-0.0,-2.25,2.25
0.84,0.886168360710144,0.886168360710144,-0.09031389653682709,-0.09031389653682709,0.01065040472894907,0.01065040472894907,4.0434980392456055,-35.11383056640625,0.0,1.5707964,1.665808916091919,2.239392042160034,-0.18936945497989655,0.04553336650133133,2.247384593025651,-0.08436218048343845,2.6522605419158936,2.9842007160186768,0.08016270399093628,2.9842007160186768,0.08016270399093628,-0.05952594429254532,1000.0,-0.05224166065454483,1000.0,-0.34684874117374387,0.0,-0.0,-2.25,2.25
0.86,0.9315890073776245,0.9315890073776245,-0.08979708701372147,-0.08979708701372147,0.012650355696678162,0.012650355696678162,4.042981147766113,-35.06840896606445,0.0,1.5707964,1.6666538715362549,2.2988779544830322,-0.19172567129135132,0.037903279066085815,2.3068590296418656,-0.08320711437843205,2.7242016792297363,2.983412265777588,0.07140953093767166,2.983412265777588,0.07140953093767166,-0.0664629191160202,1000.0,-0.05952594429254532,1000.0,-0.3284566104412076,0.0,-0.0,-2.25,2.25
0.88,0.9781978726387024,0.9781978726387024,-0.08917724341154099,-0.08917724341154099,0.014437831938266754,0.014437831938266754,4.042361259460449,-35.02180099487305,0.0,1.5707964,1.6673458814620972,2.358351707458496,-0.19408465921878815,0.030225170776247978,2.366324498249654,-0.08211170032712596,2.7960402965545654,2.9820358753204346,0.0620817206799984,2.9820358753204346,0.0620817206799984,-0.07303205132484436,1000.0,-0.0664629191160202,1000.0,-0.30930601060390445,0.0,-0.0,-2.25,2.25
0.9,1.0259946584701538,1.0259946584701538,-0.08845971524715424,-0.08845971524715424,0.016026094555854797,0.016026094555854797,4.0416436195373535,-34.974002838134766,0.0,1.5707964,1.6678845882415771,2.417806386947632,-0.19642283022403717,0.02254354953765869,2.4257719705277294,-0.08106207646478654,2.8677680492401123,2.9801650047302246,0.05224587768316269,2.9801650047302246,0.05224587768316269,-0.07921817153692245,1000.0,-0.07303205132484436,1000.0,-0.28885677456855746,0.0,-0.0,-2.25,2.25
0.92,1.0749787092208862,1.0749787092208862,-0.08764997869729996,-0.08764997869729996,0.01742667518556118,0.01742667518556118,4.040833950042725,-34.92502212524414,0.0,1.5707964,1.6682701110839844,2.47723650932312,-0.19871997833251953,0.014898926950991154,2.485194228407887,-0.08004700475526781,2.939378499984741,2.977888822555542,0.041956931352615356,2.977888822555542,0.041956931352615356,-0.08499530702829361,1000.0,-0.07921817153692245,1000.0,-0.2672281116247175,0.0,-0.0,-2.25,2.25
0.9400000000000001,1.1251497268676758,1.1251497268676758,-0.08675357699394226,-0.08675357699394226,0.01865176111459732,0.01865176111459732,4.039937496185303,-34.87485122680664,0.0,1.5707964,1.6685035228729248,2.5366387367248535,-0.20095375180244446,0.007333850022405386,2.544586113892894,-0.07905538035617267,3.0108695030212402,2.9753057956695557,0.03128335624933243,2.9753057956695557,0.03128335624933243,-0.09033986926078796,1000.0,-0.08499530702829361,1000.0,-0.24506375193596,0.0,-0.0,-2.25,2.25
0.96,1.1765068769454956,1.1765068769454956,-0.08577612787485123,-0.08577612787485123,0.019713960587978363,0.019713960587978363,4.0389604568481445,-34.82349395751953,0.0,1.5707964,1.6685868501663208,2.596010446548462,-0.20310036838054657,-0.00010802593897096813,2.6039431634014325,-0.07807653646859056,3.082240343093872,2.972517251968384,0.020304415374994278,2.972517251968384,0.020304415374994278,-0.09524114429950714,1000.0,-0.09033986926078796,1000.0,-0.22306516766548137,0.0,-0.0,-2.25,2.25
0.98,1.229049801826477,1.229049801826477,-0.08472318202257156,-0.08472318202257156,0.020625077188014984,0.020625077188014984,4.037907123565674,-34.77095031738281,0.0,1.5707964,1.6685229539871216,2.6553521156311035,-0.20513825118541718,-0.007386315148323774,2.6632642677898093,-0.07710148790192409,3.1534931659698486,2.9696149826049805,0.00909402221441269,2.9696149826049805,0.00909402221441269,-0.09970244765281677,1000.0,-0.09524114429950714,1000.0,-0.20044855773448927,0.0,-0.0,-2.25,2.25
1.0,1.2827775478363037,1.2827775478363037,-0.08360028266906738,-0.08360028266906738,0.021394982933998108,0.021394982933998108,4.0367841720581055,-34.717220306396484,0.0,1.5707964,1.6683152914047241,2.7146642208099365,-0.20705094933509827,-0.014467248693108559,2.7225487924674896,-0.07612390885337401,3.2246334552764893,2.9666709899902344,-0.002291344106197357,2.9666709899902344,-0.002291344106197357,-0.10371141880750656,1000.0,-0.09970244765281677,1000.0,-0.17741955816745741,0.0,-0.0,-2.25,2.25
1.02,1.3376896381378174,1.3376896381378174,-0.08241293579339981,-0.08241293579339981,0.022034458816051483,0.022034458816051483,4.03559684753418,-34.66230773925781,0.0,1.5707964,1.6679680347442627,2.773949146270752,-0.20882000029087067,-0.02131570316851139,2.7817979183646164,-0.07513723921762297,3.2956669330596924,2.9637672901153564,-0.01378043182194233,2.9637672901153564,-0.01378043182194233,-0.10725980997085571,1000.0,-0.10371141880750656,1000.0,-0.1545898616313933,0.0,-0.0,-2.25,2.25
1.04,1.3937853574752808,1.3937853574752808,-0.08116651326417923,-0.08116651326417923,0.022554626688361168,0.022554626688361168,4.034350872039795,-34.60621643066406,0.0,1.5707964,1.667486310005188,2.83320951461792,-0.21042650938034058,-0.027897175401449203,2.8410131061949544,-0.07413530927225143,3.366602659225464,2.9609787464141846,-0.02529468573629856,2.9609787464141846,-0.02529468573629856,-0.11035160720348358,1000.0,-0.10725980997085571,1000.0,-0.1322031021118163,0.0,-0.0,-2.25,2.25
1.06,1.4510642290115356,1.4510642290115356,-0.07986623793840408,-0.07986623793840408,0.022965677082538605,0.022965677082538605,4.033050537109375,-34.54893493652344,0.0,1.5707964,1.6668756008148193,2.8924496173858643,-0.21185481548309326,-0.03418195620179176,2.900197795316555,-0.07311352407657745,3.4374501705169678,2.958364248275757,-0.03676445037126541,2.958364248275757,-0.03676445037126541,-0.11299566924571991,1000.0,-0.11035160720348358,1000.0,-0.11197403073310842,0.0,-0.0,-2.25,2.25
1.08,1.5095258951187134,1.5095258951187134,-0.07851715385913849,-0.07851715385913849,0.023276785388588905,0.023276785388588905,4.03170108795166,-34.490474700927734,0.0,1.5707964,1.6661419868469238,2.951673746109009,-0.21309269964694977,-0.04014529660344124,2.959355741054464,-0.07206881982708414,3.5082204341888428,2.9559690952301025,-0.04812941327691078,2.9559690952301025,-0.04812941327691078,-0.11523514986038208,1000.0,-0.11299566924571991,1000.0,-0.0915590673685073,0.0,-0.0,-2.25,2.25
1.1,1.5691697597503662,1.5691697597503662,-0.07712423801422119,-0.07712423801422119,0.02349299192428589,0.02349299192428589,4.030308246612549,-34.43082809448242,0.0,1.5707964,1.6652920246124268,3.0108847618103027,-0.21414083242416382,-0.04577818885445595,3.01849024265655,-0.07100266974461078,3.5789244174957275,2.9537930488586426,-0.05938074365258217,2.9537930488586426,-0.05938074365258217,-0.11706633120775223,1000.0,-0.11523514986038208,1000.0,-0.07110387086868279,0.0,-0.0,-2.25,2.25
1.12,1.629995584487915,1.629995584487915,-0.07569245249032974,-0.07569245249032974,0.02362174727022648,0.02362174727022648,4.028876781463623,-34.37000274658203,0.0,1.5707964,1.6643325090408325,3.0700876712799072,-0.21499350666999817,-0.05106557160615921,3.077606296662253,-0.06991432117903976,3.6495721340179443,2.9518704414367676,-0.07047487050294876,2.9518704414367676,-0.07047487050294876,-0.11848840862512589,1000.0,-0.11706633120775223,1000.0,-0.050762295722961384,0.0,-0.0,-2.25,2.25
1.1400000000000001,1.6920031309127808,1.6920031309127808,-0.07422660291194916,-0.07422660291194916,0.023671843111515045,0.023671843111515045,4.027410507202148,-34.30799865722656,0.0,1.5707964,1.6632702350616455,3.129287004470825,-0.21564176678657532,-0.055989980697631836,3.1367082312406467,-0.06880206136611765,3.72017502784729,2.9502370357513428,-0.08134850859642029,2.9502370357513428,-0.08134850859642029,-0.11950365453958511,1000.0,-0.11848840862512589,1000.0,-0.030698254704475715,0.0,-0.0,-2.25,2.25
1.16,1.7551922798156738,1.7551922798156738,-0.07273119688034058,-0.07273119688034058,0.023652635514736176,0.023652635514736176,4.025915145874023,-34.244808197021484,0.0,1.5707964,1.6621129512786865,3.188488245010376,-0.21607546508312225,-0.060533855110406876,3.1958012915668323,-0.06766391701371292,3.790745496749878,2.948922872543335,-0.09192865341901779,2.948922872543335,-0.09192865341901779,-0.12011761963367462,1000.0,-0.11950365453958511,1000.0,-0.011064112186431874,0.0,-0.0,-2.25,2.25
1.18,1.8195630311965942,1.8195630311965942,-0.07121039927005768,-0.07121039927005768,0.0235736146569252,0.0235736146569252,4.024394512176514,-34.18043518066406,0.0,1.5707964,1.6608681678771973,3.2476961612701416,-0.21628467738628387,-0.06468109041452408,3.2548900776525316,-0.06649814784396157,3.8612945079803467,2.947946786880493,-0.10213908553123474,2.947946786880493,-0.10213908553123474,-0.12033890187740326,1000.0,-0.12011761963367462,1000.0,0.007991120219230645,0.0,-0.0,-2.25,2.25
1.2,1.8851155042648315,1.8851155042648315,-0.0696679949760437,-0.0696679949760437,0.023444123566150665,0.023444123566150665,4.022851943969727,-34.11488342285156,0.0,1.5707964,1.6595439910888672,3.3069164752960205,-0.21626050770282745,-0.0684179812669754,3.3139802627318318,-0.06530343442015109,3.9318363666534424,2.9473154544830322,-0.11190460622310638,2.9473154544830322,-0.11190460622310638,-0.12017907947301865,1000.0,-0.12033890187740326,1000.0,0.026085972785949683,0.0,-0.0,-2.25,2.25
1.22,1.9518495798110962,1.9518495798110962,-0.06810735911130905,-0.06810735911130905,0.02327314019203186,0.02327314019203186,4.021291255950928,-34.04814910888672,0.0,1.5707964,1.6581485271453857,3.3661537170410156,-0.21599578857421875,-0.07173381000757217,3.3730764929706005,-0.0640790914952322,4.002382278442383,2.947026014328003,-0.12115410715341568,2.947026014328003,-0.12115410715341568,-0.11965736001729965,1000.0,-0.12017907947301865,1000.0,0.042719766497611965,0.0,-0.0,-2.25,2.25
1.24,2.019765615463257,2.019765615463257,-0.06653143465518951,-0.06653143465518951,0.023068705573678017,0.023068705573678017,4.019715785980225,-33.98023223876953,0.0,1.5707964,1.6566905975341797,3.4254117012023926,-0.21548698842525482,-0.0746230036020279,3.4321829736939806,-0.06282555788196034,4.072944164276123,2.94706130027771,-0.12982948124408722,2.94706130027771,-0.12982948124408722,-0.11880296468734741,1000.0,-0.11965736001729965,1000.0,0.058478116989135694,0.0,-0.0,-2.25,2.25
1.26,2.0888640880584717,2.0888640880584717,-0.06494279950857162,-0.06494279950857162,0.022837210446596146,0.022837210446596146,4.018126964569092,-33.911136627197266,0.0,1.5707964,1.655178427696228,3.4846935272216797,-0.21473635733127594,-0.07708752155303955,3.491303579155009,-0.06154491427339815,4.143532752990723,2.947387933731079,-0.13789542019367218,2.947387933731079,-0.13789542019367218,-0.1176334023475647,1000.0,-0.11880296468734741,1000.0,0.07267631590366357,0.0,-0.0,-2.25,2.25
1.28,2.1591451168060303,2.1591451168060303,-0.06334368884563446,-0.06334368884563446,0.02258506417274475,0.02258506417274475,4.0165276527404785,-33.84085464477539,0.0,1.5707964,1.6536206007003784,3.5440011024475098,-0.21374651789665222,-0.07913050800561905,3.5504410131788005,-0.06023923352291618,4.214156627655029,2.9479806423187256,-0.1453152894973755,2.9479806423187256,-0.1453152894973755,-0.11617987602949142,1000.0,-0.1176334023475647,1000.0,0.0836569815874099,0.0,-0.0,-2.25,2.25
1.3,2.2306089401245117,2.2306089401245117,-0.06173601374030113,-0.06173601374030113,0.022317321971058846,0.022317321971058846,4.014920234680176,-33.76939010620117,0.0,1.5707964,1.6520254611968994,3.603336811065674,-0.2125249058008194,-0.08076142519712448,3.6095987324862837,-0.05891178016375257,4.284824848175049,2.948801040649414,-0.15207195281982422,2.948801040649414,-0.15207195281982422,-0.11450673639774323,1000.0,-0.11617987602949142,1000.0,0.09357742965221397,0.0,-0.0,-2.25,2.25
1.32,2.3032565116882324,2.3032565116882324,-0.06012149155139923,-0.06012149155139923,0.02203494682908058,0.02203494682908058,4.0133056640625,-33.69674301147461,0.0,1.5707964,1.650400996208191,3.6626992225646973,-0.21109351515769958,-0.08200676739215851,3.6687771896256756,-0.05756963494270524,4.355541706085205,2.949772357940674,-0.1582110971212387,2.949772357940674,-0.1582110971212387,-0.11263518780469894,1000.0,-0.11450673639774323,1000.0,0.10250024497508993,0.0,-0.0,-2.25,2.25
1.34,2.3770880699157715,2.3770880699157715,-0.05850181356072426,-0.05850181356072426,0.021739784628152847,0.021739784628152847,4.011685848236084,-33.6229133605957,0.0,1.5707964,1.648754596710205,3.72208833694458,-0.20947059988975525,-0.08288928121328354,3.727977939880686,-0.05621840658099559,4.426311492919922,2.9508605003356934,-0.1637602299451828,2.9508605003356934,-0.1637602299451828,-0.11058518290519714,1000.0,-0.11263518780469894,1000.0,0.11047981679439535,0.0,-0.0,-2.25,2.25
1.36,2.452103853225708,2.452103853225708,-0.05687854439020157,-0.05687854439020157,0.02143435925245285,0.02143435925245285,4.0100626945495605,-33.54789352416992,0.0,1.5707964,1.647093415260315,3.781503200531006,-0.20767182111740112,-0.08342935144901276,3.787201346761545,-0.054862685595752955,4.497136116027832,2.9520437717437744,-0.16873446106910706,2.9520437717437744,-0.16873446106910706,-0.10837558656930923,1000.0,-0.11058518290519714,1000.0,0.11744387447834004,0.0,-0.0,-2.25,2.25
1.3800000000000001,2.5283045768737793,2.5283045768737793,-0.05525309219956398,-0.05525309219956398,0.0211215578019619,0.0211215578019619,4.008437156677246,-33.47169494628906,0.0,1.5707964,1.6454241275787354,3.8409438133239746,-0.20571093261241913,-0.08364582061767578,3.8464485392252405,-0.05350627182555965,4.56801700592041,2.953305721282959,-0.17314060032367706,2.953305721282959,-0.17314060032367706,-0.10602670907974243,1000.0,-0.10837558656930923,1000.0,0.1225382089614867,0.0,-0.0,-2.25,2.25
1.4000000000000001,2.6056904792785645,2.6056904792785645,-0.05362666770815849,-0.05362666770815849,0.02080421894788742,0.02080421894788742,4.006810665130615,-33.394309997558594,0.0,1.5707964,1.643753170967102,3.900408983230591,-0.20360128581523895,-0.08355741202831268,3.9057193601245226,-0.052152649011641704,4.638955593109131,2.9546287059783936,-0.1769840270280838,2.9546287059783936,-0.1769840270280838,-0.1035759449005127,1000.0,-0.10602670907974243,1000.0,0.1261077821254743,0.0,-0.0,-2.25,2.25
1.42,2.68426251411438,2.68426251411438,-0.05200035125017166,-0.05200035125017166,0.020483484491705894,0.020483484491705894,4.005184650421143,-33.315738677978516,0.0,1.5707964,1.642086386680603,3.95989727973938,-0.2013617604970932,-0.08318955451250076,3.9650136222562753,-0.05080648768018462,4.709951400756836,2.955975294113159,-0.1802961677312851,2.955975294113159,-0.1802961677312851,-0.10105378925800323,1000.0,-0.1035759449005127,1000.0,0.12901090085506428,0.0,-0.0,-2.25,2.25
1.44,2.7640206813812256,2.7640206813812256,-0.05037515237927437,-0.05037515237927437,0.02015983685851097,0.02015983685851097,4.003559112548828,-33.23597717285156,0.0,1.5707964,1.640428900718689,4.019406795501709,-0.199013352394104,-0.08257019519805908,4.024330665111461,-0.049472713514539565,4.781004905700684,2.957315444946289,-0.18311911821365356,2.957315444946289,-0.18311911821365356,-0.09847357124090195,1000.0,-0.10105378925800323,1000.0,0.13130344450473774,0.0,-0.0,-2.25,2.25
1.46,2.844965934753418,2.844965934753418,-0.048752039670944214,-0.048752039670944214,0.01983439177274704,0.01983439177274704,4.001935958862305,-33.155033111572266,0.0,1.5707964,1.638785719871521,4.078935623168945,-0.19657309353351593,-0.08172302693128586,4.083669526180831,-0.048154995200376256,4.852112770080566,2.958638906478882,-0.18547959625720978,2.958638906478882,-0.18547959625720978,-0.09584750235080719,1000.0,-0.09847357124090195,1000.0,0.13303086161613453,0.0,-0.0,-2.25,2.25
1.48,2.927098274230957,2.927098274230957,-0.04713188484311104,-0.04713188484311104,0.019508803263306618,0.019508803263306618,4.000316143035889,-33.07290267944336,0.0,1.5707964,1.637161374092102,4.138482093811035,-0.1940552145242691,-0.08066877722740173,4.143029262155728,-0.046856111389541405,4.92327356338501,2.959939956665039,-0.1873939335346222,2.959939956665039,-0.1873939335346222,-0.0931868851184845,1000.0,-0.09584750235080719,1000.0,0.1342114061117171,0.0,-0.0,-2.25,2.25
1.5,3.010418176651001,3.010418176651001,-0.045515403151512146,-0.045515403151512146,0.01918487437069416,0.01918487437069416,3.998699426651001,-32.98958206176758,0.0,1.5707964,1.6355594396591187,4.198044776916504,-0.1914718598127365,-0.07942596822977066,4.202409002238607,-0.0455781835585144,4.9944844245910645,2.961212635040283,-0.18887192010879517,2.961212635040283,-0.18887192010879517,-0.09050265699625015,1000.0,-0.0931868851184845,1000.0,0.13482868671417225,0.0,-0.0,-2.25,2.25
1.52,3.094926357269287,3.094926357269287,-0.043903157114982605,-0.043903157114982605,0.018864599987864494,0.018864599987864494,3.997087240219116,-32.90507507324219,0.0,1.5707964,1.633983850479126,4.257622718811035,-0.1888338178396225,-0.07801171392202377,4.261808234364348,-0.04432289055510322,5.065744400024414,2.9624550342559814,-0.18992012739181519,2.9624550342559814,-0.18992012739181519,-0.0878060832619667,1000.0,-0.09050265699625015,1000.0,0.13498514890670765,0.0,-0.0,-2.25,2.25
1.54,3.1806228160858154,3.1806228160858154,-0.042295534163713455,-0.042295534163713455,0.018549811094999313,0.018549811094999313,3.9954795837402344,-32.81937789916992,0.0,1.5707964,1.632437825202942,4.317214488983154,-0.18615125119686127,-0.07644245773553848,4.3212258946054,-0.04309167784900887,5.137051105499268,2.9636590480804443,-0.19054502248764038,2.9636590480804443,-0.19054502248764038,-0.08510638028383255,1000.0,-0.0878060832619667,1000.0,0.13470537960529316,0.0,-0.0,-2.25,2.25
1.56,3.2675082683563232,3.2675082683563232,-0.0406927615404129,-0.0406927615404129,0.018242301419377327,0.018242301419377327,3.9938769340515137,-32.73249053955078,0.0,1.5707964,1.6309244632720947,4.37681770324707,-0.18343330919742584,-0.07473353296518326,4.38065988024408,-0.041885688783757785,5.208402156829834,2.96482253074646,-0.190751850605011,2.96482253074646,-0.190751850605011,-0.08241227269172668,1000.0,-0.08510638028383255,1000.0,0.13401471078395832,0.0,-0.0,-2.25,2.25
1.58,3.3555827140808105,3.3555827140808105,-0.03909486532211304,-0.03909486532211304,0.0179438516497612,0.0179438516497612,3.992279052734375,-32.64441680908203,0.0,1.5707964,1.629446029663086,4.436431407928467,-0.18068842589855194,-0.07289951294660568,4.440109451861278,-0.040705828664068626,5.279794692993164,2.965940237045288,-0.19054573774337769,2.965940237045288,-0.19054573774337769,-0.07973197847604752,1000.0,-0.08241227269172668,1000.0,0.1327492296695708,0.0,-0.0,-2.25,2.25
1.6,3.4448463916778564,3.4448463916778564,-0.037501703947782516,-0.037501703947782516,0.017656123265624046,0.017656123265624046,3.9906859397888184,-32.555152893066406,0.0,1.5707964,1.6280052661895752,4.496055603027344,-0.17792455852031708,-0.07095437496900558,4.499574772579985,-0.039552839468441736,5.351227283477783,2.967007875442505,-0.18993256986141205,2.967007875442505,-0.18993256986141205,-0.0770769938826561,1000.0,-0.07973197847604752,1000.0,0.13090446591377247,0.0,-0.0,-2.25,2.25
1.62,3.535299777984619,3.535299777984619,-0.03591296449303627,-0.03591296449303627,0.01738026924431324,0.01738026924431324,3.9890971183776855,-32.464698791503906,0.0,1.5707964,1.6266041994094849,4.555687427520752,-0.175150528550148,-0.06891292333602905,4.559053152236991,-0.03842763773652785,5.422698974609375,2.9680206775665283,-0.18892522156238556,2.9680206775665283,-0.18892522156238556,-0.07445890456438065,1000.0,-0.0770769938826561,1000.0,0.1287456601858138,0.0,-0.0,-2.25,2.25
1.6400000000000001,3.6269431114196777,3.6269431114196777,-0.03432819992303848,-0.03432819992303848,0.01711706630885601,0.01711706630885601,3.9875123500823975,-32.37305450439453,0.0,1.5707964,1.6252446174621582,4.615325450897217,-0.17237593233585358,-0.06679079681634903,4.6185433287724225,-0.037331245889883055,5.494204998016357,2.968975305557251,-0.18754325807094574,2.968975305557251,-0.18754325807094574,-0.07188399136066437,1000.0,-0.07445890456438065,1000.0,0.12629777193069447,0.0,-0.0,-2.25,2.25
1.6600000000000001,3.7197766304016113,3.7197766304016113,-0.032746851444244385,-0.032746851444244385,0.01686728559434414,0.01686728559434414,3.985930919647217,-32.28022384643555,0.0,1.5707964,1.6239280700683594,4.674969673156738,-0.16960933804512024,-0.0646023154258728,4.6780454008578545,-0.03626440210534109,5.5657429695129395,2.969869613647461,-0.18580473959445953,2.969869613647461,-0.18580473959445953,-0.06935803592205048,1000.0,-0.07188399136066437,1000.0,0.12358874082565434,0.0,-0.0,-2.25,2.25
1.68,3.81380033493042,3.81380033493042,-0.031168242916464806,-0.031168242916464806,0.01663157343864441,0.01663157343864441,3.9843523502349854,-32.18619918823242,0.0,1.5707964,1.6226556301116943,4.734617710113525,-0.16685855388641357,-0.06236077472567558,4.737557032683164,-0.03522766466334775,5.637310981750488,2.970703363418579,-0.18372724950313568,2.970703363418579,-0.18372724950313568,-0.06688626110553741,1000.0,-0.06935803592205048,1000.0,0.1206405460834502,-13.214111328124988,-0.0,-2.25,2.25
1.7,3.9090147018432617,3.9090147018432617,-0.029591601341962814,-0.029591601341962814,0.016410522162914276,0.016410522162914276,3.9827756881713867,-32.09098434448242,0.0,1.5707964,1.6214282512664795,4.79426908493042,-0.16413071751594543,-0.060078542679548264,4.797077751209779,-0.03422140855733286,5.7089056968688965,2.971479892730713,-0.1813284307718277,2.971479892730713,-0.1813284307718277,-0.06447345018386841,999.7357177734375,-0.06688626110553741,1000.0,0.11651534587144842,-151.22070312499986,-0.0,-2.25,2.25
1.72,4.005419731140137,4.005419731140137,-0.02801603637635708,-0.02801603637635708,0.01620463840663433,0.01620463840663433,3.9812002182006836,-31.99458122253418,0.0,1.5707964,1.6202467679977417,4.853919506072998,-0.16143202781677246,-0.05776772275567055,4.856603223554604,-0.03324582270340411,5.7804155349731445,2.972092390060425,-0.17862468957901,2.972092390060425,-0.17862468957901,-0.06214314326643944,996.7113037109375,-0.06447345018386841,999.7357177734375,0.11352170258760443,-292.0593261718747,-0.0,-2.25,2.25
1.74,4.103015422821045,4.103015422821045,-0.026440607383847237,-0.026440607383847237,0.016013499349355698,0.016013499349355698,3.9796247482299805,-31.896984100341797,0.0,1.5707964,1.6191116571426392,4.9135212898254395,-0.15877053141593933,-0.055451638996601105,4.916085795347143,-0.032301744040680876,5.850743770599365,2.971318006515503,-0.1756446361541748,2.971318006515503,-0.1756446361541748,-0.05987270921468735,990.8701171875,-0.06214314326643944,996.7113037109375,0.1116827130317687,-433.3068847656246,-0.0,-2.25,2.25
1.76,4.2017998695373535,4.2017998695373535,-0.024864288046956062,-0.024864288046956062,0.01583883725106716,0.01583883725106716,3.978048324584961,-31.798200607299805,0.0,1.5707964,1.6180226802825928,4.972966194152832,-0.15613970160484314,-0.05314728990197182,4.975416804108391,-0.031387388838207006,5.9192399978637695,2.9670298099517822,-0.17236049473285675,2.9670298099517822,-0.17236049473285675,-0.05763905495405197,982.2039794921875,-0.05987270921468735,990.8701171875,0.11087916791439047,-573.507690429687,-0.0,-2.25,2.25
1.78,4.301768779754639,4.301768779754639,-0.023285819217562675,-0.023285819217562675,0.015683483332395554,0.015683483332395554,3.9764699935913086,-31.698232650756836,0.0,1.5707964,1.6169795989990234,5.0321149826049805,-0.15352538228034973,-0.05086361989378929,5.03445639976769,-0.030499655765163593,5.985483169555664,2.9574410915374756,-0.16871941089630127,2.9574410915374756,-0.16871941089630127,-0.05542147159576416,970.7338256835938,-0.05763905495405197,982.2039794921875,0.1109028235077857,-719.9432373046868,-0.0,-2.25,2.25
1.8,4.4029154777526855,4.4029154777526855,-0.021703604608774185,-0.021703604608774185,0.015550811775028706,0.015550811775028706,3.9748878479003906,-31.59708595275879,0.0,1.5707964,1.615981936454773,5.090815544128418,-0.15090908110141754,-0.04860248044133186,5.093051782094739,-0.029634721636891053,6.049166679382324,2.9413464069366455,-0.16465681791305542,2.9413464069366455,-0.16465681791305542,-0.053203415125608444,956.3349609375,-0.05542147159576416,970.7338256835938,0.11180173605680456,-863.6291503906242,-0.0,-2.25,2.25
1.82,4.5052289962768555,4.5052289962768555,-0.02011566422879696,-0.02011566422879696,0.015444532036781311,0.015444532036781311,3.973299741744995,-31.49477195739746,0.0,1.5707964,1.6150293350219727,5.148907661437988,-0.14827004075050354,-0.04636097326874733,5.151042041276597,-0.028788451338214466,6.109972953796387,2.917980194091797,-0.16010379791259766,2.917980194091797,-0.16010379791259766,-0.05096738040447235,939.0623779296875,-0.053203415125608444,956.3349609375,0.11333730071783056,-1005.8990478515616,-0.0,-2.25,2.25
1.84,4.608696937561035,4.608696937561035,-0.018519582226872444,-0.018519582226872444,0.01536882296204567,0.01536882296204567,3.9717037677764893,-31.39130401611328,0.0,1.5707964,1.6141215562820435,5.2062273025512695,-0.14558503031730652,-0.04413168132305145,5.208262447965037,-0.0279563476963199,6.167642116546631,2.886873960494995,-0.15498466789722443,2.886873960494995,-0.15498466789722443,-0.04870063439011574,918.9443969726562,-0.05096738040447235,939.0623779296875,0.11546481400728216,-1143.005371093749,-0.0,-2.25,2.25
1.86,4.713301658630371,4.713301658630371,-0.016912449151277542,-0.016912449151277542,0.015327985398471355,0.015327985398471355,3.9700965881347656,-31.286699295043945,0.0,1.5707964,1.6132582426071167,5.26261043548584,-0.1428305208683014,-0.041904907673597336,5.264548333273803,-0.027133960953482764,6.221933364868164,2.847787380218506,-0.14922504127025604,2.847787380218506,-0.14922504127025604,-0.04639133810997009,896.0842895507812,-0.04870063439011574,918.9443969726562,0.11805742979049672,-1273.2299804687489,-0.0,-2.25,2.25
1.8800000000000001,4.819024085998535,4.819024085998535,-0.015290828421711922,-0.015290828421711922,0.01532643474638462,0.01532643474638462,3.968474864959717,-31.18097686767578,0.0,1.5707964,1.6124396324157715,5.317895412445068,-0.1399829089641571,-0.03966902941465378,5.31973747778087,-0.02631691302055706,6.27264404296875,2.8006510734558105,-0.142752006649971,2.8006510734558105,-0.142752006649971,-0.044030189514160156,870.6196899414062,-0.04639133810997009,896.0842895507812,0.12146569788455952,-1398.0438232421864,-0.0,-2.25,2.25
1.9000000000000001,4.925839900970459,4.925839900970459,-0.013650739565491676,-0.013650739565491676,0.015368586406111717,0.015368586406111717,3.966834783554077,-31.074161529541016,0.0,1.5707964,1.611665964126587,5.371923446655273,-0.13701950013637543,-0.037411365658044815,5.373670613290537,-0.025501070285014485,6.319611072540283,2.745542526245117,-0.1354973465204239,2.745542526245117,-0.1354973465204239,-0.041600875556468964,842.6588134765625,-0.044030189514160156,870.6196899414062,0.12309066951274998,-1514.901733398453,-0.0,-2.25,2.25
1.92,5.0337233543396,5.0337233543396,-0.01198761910200119,-0.01198761910200119,0.015459427610039711,0.015459427610039711,3.9651718139648438,-30.966278076171875,0.0,1.5707964,1.6109378337860107,5.424542427062988,-0.1339159905910492,-0.03511536493897438,5.426195171162054,-0.02468204411073879,6.362682342529297,2.6826465129852295,-0.12738509476184845,2.6826465129852295,-0.12738509476184845,-0.03913906216621399,812.3607788085938,-0.041600875556468964,842.6588134765625,0.12024585157632817,-1623.5260009765611,-0.0,-2.25,2.25
1.94,5.142645359039307,5.142645359039307,-0.010296392254531384,-0.010296392254531384,0.015601025894284248,0.015601025894284248,3.9634804725646973,-30.85735511779785,0.0,1.5707964,1.6102559566497803,5.475606918334961,-0.13066454231739044,-0.03278100863099098,5.477165722044267,-0.02385849654520743,6.401739120483398,2.6122055053710938,-0.11841221898794174,2.6122055053710938,-0.11841221898794174,-0.036734145134687424,779.8902587890625,-0.03913906216621399,812.3607788085938,0.11604111641645422,-1722.097778320311,-0.0,-2.25,2.25
1.96,5.252572059631348,5.252572059631348,-0.008571924641728401,-0.008571924641728401,0.015789614990353584,0.015789614990353584,3.9617559909820557,-30.74742889404297,0.0,1.5707964,1.6096206903457642,5.524974822998047,-0.12728868424892426,-0.030441150069236755,5.526440916530287,-0.023034705949428025,6.436684608459473,2.5345215797424316,-0.10871738940477371,2.5345215797424316,-0.10871738940477371,-0.03441332280635834,745.4483032226562,-0.036734145134687424,779.8902587890625,0.1086462289094924,-1808.7829589843734,-0.0,-2.25,2.25
1.98,5.36346960067749,5.36346960067749,-0.006809457205235958,-0.006809457205235958,0.016020407900214195,0.016020407900214195,3.959993600845337,-30.636531829833984,0.0,1.5707964,1.6090320348739624,5.572518348693848,-0.12381540983915329,-0.028130022808909416,5.573893702094008,-0.02221527737051562,6.467456340789795,2.449985980987549,-0.09845884144306183,2.449985980987549,-0.09845884144306183,-0.03224039822816849,709.2726440429688,-0.03441332280635834,745.4483032226562,0.10113464668393127,-1886.9995117187484,-0.0,-2.25,2.25
2.0,5.475300312042236,5.475300312042236,-0.005004849284887314,-0.005004849284887314,0.016285190358757973,0.016285190358757973,3.958189010620117,-30.524700164794922,0.0,1.5707964,1.608488917350769,5.6181182861328125,-0.12028780579566956,-0.025897184386849403,5.619405861227949,-0.02140742220702191,6.49403190612793,2.359063148498535,-0.08787073940038681,2.359063148498535,-0.08787073940038681,-0.03021770529448986,671.5326538085938,-0.03224039822816849,709.2726440429688,0.09429361671209327,-1962.2528076171857,-0.0,-2.25,2.25
2.02,5.588025093078613,5.588025093078613,-0.0031548014376312494,-0.0031548014376312494,0.0165766179561615,0.0165766179561615,3.956338882446289,-30.411975860595703,0.0,1.5707964,1.6079896688461304,5.661667346954346,-0.11674089729785919,-0.023780470713973045,5.662870790038474,-0.0206166045539655,6.516393184661865,2.262281656265259,-0.07715551555156708,2.262281656265259,-0.07715551555156708,-0.028331832960247993,632.28759765625,-0.03021770529448986,671.5326538085938,0.08619995787739745,-2032.9162597656232,-0.0,-2.25,2.25
2.04,5.701601028442383,5.701601028442383,-0.0012567575322464108,-0.0012567575322464108,0.016888923943042755,0.016888923943042755,3.9544408321380615,-30.298398971557617,0.0,1.5707964,1.6075314283370972,5.703067779541016,-0.11319836974143982,-0.02180313877761364,5.704191088046667,-0.01984607443539229,6.534487247467041,2.16013240814209,-0.06646686047315598,2.16013240814209,-0.06646686047315598,-0.026607833802700043,591.6292724609375,-0.028331832960247993,632.28759765625,0.0629518181085586,-2086.3128662109357,-0.0,-2.25,2.25
2.06,5.815984725952148,5.815984725952148,0.0006911135860718787,0.0006911135860718787,0.017215080559253693,0.017215080559253693,3.9524929523468018,-30.18401527404785,0.0,1.5707964,1.6071113348007202,5.742228984832764,-0.1096889078617096,-0.019992733374238014,5.743276536156117,-0.01909982509134845,6.548260688781738,2.0530149936676025,-0.05598146468400955,2.0530149936676025,-0.05598146468400955,-0.02534879744052887,549.9030151367188,-0.026607833802700043,591.6292724609375,0.039944145828485454,-2132.067871093748,-0.0,-2.25,2.25
2.08,5.931130886077881,5.931130886077881,0.002688902895897627,0.002688902895897627,0.017528943717479706,0.017528943717479706,3.9504952430725098,-30.068870544433594,0.0,1.5707964,1.606724739074707,5.77906608581543,-0.10634388029575348,-0.018490036949515343,5.780044450097113,-0.01839949186380875,6.557770252227783,1.941328525543213,-0.04634281247854233,1.941328525543213,-0.04634281247854233,-0.02454991452395916,507.26165771484375,-0.02534879744052887,549.9030151367188,0.0119212083518505,-2139.5904541015607,-0.0,-2.25,2.25
2.1,6.046992778778076,6.046992778778076,0.004733739886432886,0.004733739886432886,0.017807066440582275,0.017807066440582275,3.9484503269195557,-29.9530086517334,0.0,1.5707964,1.6063649654388428,5.813509464263916,-0.10326730459928513,-0.017401689663529396,5.814426577684624,-0.01776146504490372,6.563060760498047,1.8256070613861084,-0.03808741644024849,1.8256070613861084,-0.03808741644024849,-0.02431149035692215,464.4698486328125,-0.02454991452395916,507.26165771484375,-0.016790535300970064,-2132.7728271484357,-0.0,-2.25,2.25
2.12,6.163522243499756,6.163522243499756,0.006819679867476225,0.006819679867476225,0.018021026626229286,0.018021026626229286,3.946364402770996,-29.83647918701172,0.0,1.5707964,1.6060221195220947,5.845507621765137,-0.10058081895112991,-0.016850218176841736,5.846372880449483,-0.017204817972269484,6.564437389373779,1.7065834999084473,-0.03184237703680992,1.7065834999084473,-0.03184237703680992,-0.02464730106294155,421.81439208984375,-0.02431149035692215,464.4698486328125,-0.05206465721130366,-2110.874938964842,-0.0,-2.25,2.25
2.14,6.280670642852783,6.280670642852783,0.008937343955039978,0.008937343955039978,0.018143264576792717,0.018143264576792717,3.944246768951416,-29.719329833984375,0.0,1.5707964,1.6056852340698242,5.875032901763916,-0.0983898937702179,-0.016935817897319794,5.875856717790577,-0.016745556768706482,6.562172889709473,1.5852278470993042,-0.028172729536890984,1.5852278470993042,-0.028172729536890984,-0.025688594207167625,379.5968933105469,-0.02464730106294155,421.81439208984375,-0.08320119231939309,-2082.743835449217,-0.0,-2.25,2.25
2.16,6.398388385772705,6.398388385772705,0.011073588393628597,0.011073588393628597,0.018138937652111053,0.018138937652111053,3.942110538482666,-29.601612091064453,0.0,1.5707964,1.6053398847579956,5.9020771980285645,-0.0968300923705101,-0.017790209501981735,5.9028714468703445,-0.016404632288049524,6.5565385818481445,1.4625072479248047,-0.027786755934357643,1.4625072479248047,-0.027786755934357643,-0.02735261805355549,337.9420166015625,-0.025688594207167625,379.5968933105469,-0.10065780952572814,-2041.0888671874982,-0.0,-2.25,2.25
2.18,6.516627311706543,6.516627311706543,0.013211313635110855,0.013211313635110855,0.0179804265499115,0.0179804265499115,3.9399728775024414,-29.483373641967773,0.0,1.5707964,1.6049705743789673,5.9266486167907715,-0.09598291665315628,-0.01948290504515171,5.927425794322288,-0.016193726442803917,6.547745227813721,1.3393001556396484,-0.031157370656728745,1.3393001556396484,-0.031157370656728745,-0.029365774244070053,297.1202392578125,-0.02735261805355549,337.9420166015625,-0.10107569396495811,-1979.875183105467,-0.0,-2.25,2.25
2.2,6.635338306427002,6.635338306427002,0.015330842696130276,0.015330842696130276,0.017658643424510956,0.017658643424510956,3.9378533363342285,-29.364662170410156,0.0,1.5707964,1.6045606136322021,5.9487690925598145,-0.09581699222326279,-0.021956168115139008,5.949540706020392,-0.016105635617193522,6.53604793548584,1.2163997888565063,-0.03824349865317345,1.2163997888565063,-0.03824349865317345,-0.03138728812336922,257.5227355957031,-0.029365774244070053,297.1202392578125,-0.09875632822513572,-1911.4746093749984,-0.0,-2.25,2.25
2.22,6.754472732543945,6.754472732543945,0.01741226576268673,0.01741226576268673,0.017185576260089874,0.017185576260089874,3.935771942138672,-29.245525360107422,0.0,1.5707964,1.6040962934494019,5.968478679656982,-0.0961863249540329,-0.025023678317666054,5.96925368522968,-0.016114323994144367,6.521801948547363,1.0946325063705444,-0.048460349440574646,1.0946325063705444,-0.048460349440574646,-0.03336241468787193,219.29324340820312,-0.03138728812336922,257.5227355957031,-0.06939060986042017,-1770.0981140136703,-0.0,-2.25,2.25
2.24,6.873982906341553,6.873982906341553,0.01943698525428772,0.01943698525428772,0.016573620960116386,0.016573620960116386,3.9337470531463623,-29.12601661682129,0.0,1.5707964,1.6035670042037964,5.985830783843994,-0.09696049243211746,-0.028518106788396835,5.986616031608097,-0.01619691850764859,6.505331516265869,0.9747731685638428,-0.06125082075595856,0.9747731685638428,-0.06125082075595856,-0.03475022688508034,183.8912811279297,-0.03336241468787193,219.29324340820312,-0.026656687259674048,-1582.7812194824205,-0.0,-2.25,2.25
2.2600000000000002,6.993824005126953,6.993824005126953,0.021389465779066086,0.021389465779066086,0.01586851105093956,0.01586851105093956,3.9317946434020996,-29.006175994873047,0.0,1.5707964,1.6029671430587769,6.000913143157959,-0.09783675521612167,-0.03207768499851227,6.001710638009563,-0.01630220028855435,6.487525463104248,0.8581134080886841,-0.07523596286773682,0.8581134080886841,-0.07523596286773682,-0.03528336063027382,152.23565673828125,-0.03475022688508034,183.8912811279297,0.012473203241825093,-1391.7633056640614,-0.0,-2.25,2.25
2.2800000000000002,7.113950729370117,7.113950729370117,0.02326025255024433,0.02326025255024433,0.015128295868635178,0.015128295868635178,3.9299237728118896,-28.886049270629883,0.0,1.5707964,1.6022987365722656,6.013861656188965,-0.09848077595233917,-0.03530455753207207,6.014667944534598,-0.016374166897743285,6.46940803527832,0.7465386390686035,-0.08882381021976471,0.7465386390686035,-0.08882381021976471,-0.03503389656543732,124.400390625,-0.03528336063027382,152.23565673828125,0.046674534678459126,-1204.5516967773426,-0.0,-2.25,2.25
2.3000000000000003,7.234321594238281,7.234321594238281,0.02504642680287361,0.02504642680287361,0.014400369487702847,0.014400369487702847,3.92813777923584,-28.76567840576172,0.0,1.5707964,1.6015712022781372,6.024847507476807,-0.09866219013929367,-0.03792063146829605,6.025655293502323,-0.016374418114126817,6.451747894287109,0.6418835520744324,-0.10082501173019409,0.6418835520744324,-0.10082501173019409,-0.034100405871868134,100.30935668945312,-0.03503389656543732,124.400390625,0.0752696767449395,-1027.744674682639,-0.0,-2.25,2.25
2.32,7.3548994064331055,7.3548994064331055,0.026750389486551285,0.026750389486551285,0.013721754774451256,0.013721754774451256,3.926433801651001,-28.645099639892578,0.0,1.5707964,1.6007976531982422,6.034060955047607,-0.09824080020189285,-0.03975405544042587,6.0348606333580195,-0.01627960373752085,6.4350972175598145,0.5455220937728882,-0.11041737347841263,0.5455220937728882,-0.11041737347841263,-0.032595012336969376,79.75446319580078,-0.034100405871868134,100.30935668945312,0.1003856770694255,-859.7160339355461,-0.0,-2.25,2.25
2.34,7.475648880004883,7.475648880004883,0.028378678485751152,0.028378678485751152,0.013119748793542385,0.013119748793542385,3.9248054027557373,-28.524351119995117,0.0,1.5707964,1.5999948978424072,6.041697025299072,-0.0971514880657196,-0.040722426027059555,6.042478080815936,-0.01607877975596275,6.41982364654541,0.45828118920326233,-0.11710070818662643,0.45828118920326233,-0.11710070818662643,-0.030587298795580864,62.560142517089844,-0.032595012336969376,79.75446319580078,0.12008538469672192,-709.1953277587884,-0.0,-2.25,2.25
2.36,7.596540451049805,7.596540451049805,0.029940996319055557,0.029940996319055557,0.012616094201803207,0.012616094201803207,3.9232430458068848,-28.403457641601562,0.0,1.5707964,1.5991802215576172,6.0479512214660645,-0.09537064284086227,-0.04079434275627136,6.048703128501906,-0.01576777580493108,6.406188488006592,0.3805307447910309,-0.12056319415569305,0.3805307447910309,-0.12056319415569305,-0.028185591101646423,48.37623596191406,-0.030587298795580864,62.560142517089844,0.13380879536271084,-580.5139541625971,-0.0,-2.25,2.25
2.38,7.7175469398498535,7.7175469398498535,0.03144943714141846,0.03144943714141846,0.012225008569657803,0.012225008569657803,3.9217348098754883,-28.282451629638672,0.0,1.5707964,1.5983715057373047,6.053011417388916,-0.09292161464691162,-0.03999502584338188,6.053724609321865,-0.01535009764419825,6.394306659698486,0.3122515380382538,-0.12071697413921356,0.3122515380382538,-0.12071697413921356,-0.025509415194392204,36.76595687866211,-0.028185591101646423,48.37623596191406,0.14224443584680543,-473.1450080871578,-0.0,-2.25,2.25
2.4,7.838646411895752,7.838646411895752,0.0329175665974617,0.0329175665974617,0.011953238397836685,0.011953238397836685,3.920266628265381,-28.161352157592773,0.0,1.5707964,1.5975854396820068,6.0570502281188965,-0.08986769616603851,-0.038398150354623795,6.057716869313832,-0.014835786294488852,6.384153842926025,0.25307708978652954,-0.1176769882440567,0.25307708978652954,-0.1176769882440567,-0.022664526477456093,27.303056716918945,-0.025509415194392204,36.76595687866211,0.14618402346968637,-385.196495056152,-0.0,-2.25,2.25
2.42,7.9598188400268555,7.9598188400268555,0.03435958921909332,0.03435958921909332,0.011801771819591522,0.011801771819591522,3.9188244342803955,-28.040180206298828,0.0,1.5707964,1.596837043762207,6.060224533081055,-0.08629704266786575,-0.03610840439796448,6.060838932930878,-0.014238946089479333,6.375609874725342,0.20236912369728088,-0.11170049011707306,0.20236912369728088,-0.11170049011707306,-0.019740846008062363,19.5991268157959,-0.022664526477456093,27.303056716918945,0.1468277536332606,-312.9121780395505,-0.0,-2.25,2.25
2.44,8.081047058105469,8.081047058105469,0.035789672285318375,0.035789672285318375,0.011767257936298847,0.011767257936298847,3.9173943996429443,-27.91895294189453,0.0,1.5707964,1.5961394309997559,6.062672138214111,-0.08231041580438614,-0.033247072249650955,6.063230859865683,-0.013575756239315966,6.368503570556641,0.15931546688079834,-0.10313545167446136,0.15931546688079834,-0.10313545167446136,-0.016804290935397148,13.340883255004883,-0.019740846008062363,19.5991268157959,0.14402382075786577,-256.1333656311033,-0.0,-2.25,2.25
2.46,8.20231819152832,8.20231819152832,0.0372215174138546,0.0372215174138546,0.011843880638480186,0.011843880638480186,3.9159626960754395,-27.797679901123047,0.0,1.5707964,1.5955027341842651,6.064511299133301,-0.07800863683223724,-0.029937146231532097,6.0650129962544925,-0.012862427154979051,6.362645149230957,0.12303297966718674,-0.09236423671245575,0.12303297966718674,-0.09236423671245575,-0.01392381452023983,8.218215942382812,-0.016804290935397148,13.340883255004883,0.13839541934430588,-212.2362494468687,-0.0,-2.25,2.25
2.48,8.323620796203613,8.323620796203613,0.03866804018616676,0.03866804018616676,0.012023148126900196,0.012023148126900196,3.914515972137451,-27.67637825012207,0.0,1.5707964,1.5949348211288452,6.065842628479004,-0.07349354773759842,-0.02630389668047428,6.066287834832116,-0.012115373964213222,6.3578290939331055,0.09262525290250778,-0.07980594038963318,0.09262525290250778,-0.07980594038963318,-0.01115590613335371,3.9734909534454346,-0.01392381452023983,8.218215942382812,0.13050818815827359,-178.76923680305464,-0.0,-2.25,2.25
2.5,8.444945335388184,8.444945335388184,0.04014106094837189,0.04014106094837189,0.01229475624859333,0.01229475624859333,3.9130430221557617,-27.5550537109375,0.0,1.5707964,1.594441533088684,6.066751003265381,-0.06886261701583862,-0.022468341514468193,6.067141814367271,-0.011350335584953785,6.353851318359375,0.06722371280193329,-0.0658898875117302,0.06722371280193329,-0.0658898875117302,-0.008545742370188236,0.3981062173843384,-0.01115590613335371,3.9734909534454346,0.12088087387382973,-153.51949334144578,-0.0,-2.25,2.25
2.52,8.566283226013184,8.566283226013184,0.041651129722595215,0.041651129722595215,0.012647305615246296,0.012647305615246296,3.9115328788757324,-27.4337158203125,0.0,1.5707964,1.5940254926681519,6.067304611206055,-0.06420549005270004,-0.01854284666478634,6.067644319677544,-0.010581814773319707,6.350523471832275,0.04602012783288956,-0.051036566495895386,0.04602012783288956,-0.051036566495895386,-0.006128124892711639,-2.67228364944458,-0.008545742370188236,0.3981062173843384,0.10997750796377649,-134.5841646194457,-0.0,-2.25,2.25
2.54,8.687628746032715,8.687628746032715,0.04320738837122917,0.04320738837122917,0.013068830594420433,0.013068830594420433,3.9099767208099365,-27.31237030029297,0.0,1.5707964,1.593687891960144,6.067562103271484,-0.05960187688469887,-0.014628377743065357,6.0678548318812355,-0.009822719396364815,6.347676753997803,0.028286505490541458,-0.035644225776195526,0.028286505490541458,-0.035644225776195526,-0.003928574733436108,-5.363966941833496,-0.006128124892711639,-2.67228364944458,0.09848254267126313,-122.89752960205067,-0.0,-2.25,2.25
2.56,8.808974266052246,8.808974266052246,0.044817544519901276,0.044817544519901276,0.01354722585529089,0.01354722585529089,3.9083666801452637,-27.191024780273438,0.0,1.5707964,1.5934277772903442,6.067567825317383,-0.05512053519487381,-0.010812983848154545,6.06781819010976,-0.009084203183337324,6.3451690673828125,0.01338350772857666,-0.02007988840341568,0.01338350772857666,-0.02007988840341568,-0.0019589238800108433,-7.821917533874512,-0.003928574733436108,-5.363966941833496,0.08688403468113384,-117.60931015014638,-0.0,-2.25,2.25
2.58,8.930317878723145,8.930317878723145,0.04648785665631294,0.04648785665631294,0.014070902019739151,0.014070902019739151,3.906696319580078,-27.06968116760254,0.0,1.5707964,1.5932425260543823,6.067358016967773,-0.05081680417060852,-0.007168848067522049,6.06757081982973,-0.00837524600422053,6.342862606048584,0.0007542793755419552,-0.004664106760174036,0.0007542793755419552,-0.004664106760174036,-0.00022124318638816476,-10.174103736877441,-0.0019589238800108433,-7.821917533874512,0.07514299068134271,-113.59219551086416,-0.0,-2.25,2.25
2.6,9.051653861999512,9.051653861999512,0.048223234713077545,0.048223234713077545,0.014629208482801914,0.014629208482801914,3.904960870742798,-26.948345184326172,0.0,1.5707964,1.5931282043457031,6.066960334777832,-0.04673236608505249,-0.0037519291508942842,6.067140316311091,-0.007702612064144649,6.340625286102295,-0.010109507478773594,0.010334615595638752,-0.010109507478773594,0.010334615595638752,0.0012816166272386909,-12.445947647094727,-0.00022124318638816476,-10.174103736877441,0.06348920869641,-110.04562377929678,-0.0,-2.25,2.25
2.62,9.172979354858398,9.172979354858398,0.05002732574939728,0.05002732574939728,0.015212027356028557,0.015212027356028557,3.9031567573547363,-26.8270206451416,0.0,1.5707964,1.593079924583435,6.066392421722412,-0.04289926961064339,-0.0006062223692424595,6.066544103661016,-0.00707150997640724,6.338371276855469,-0.019641734659671783,0.02468559518456459,-0.019641734659671783,0.02468559518456459,0.002551400801166892,-14.646860122680664,0.0012816166272386909,-12.445947647094727,0.05210945382714267,-106.41012191772451,-0.0,-2.25,2.25
2.64,9.294289588928223,9.294289588928223,0.05190258100628853,0.05190258100628853,0.015809854492545128,0.015809854492545128,3.9012815952301025,-26.70570945739746,0.0,1.5707964,1.5930919647216797,6.065670490264893,-0.03934085741639137,0.0022354430984705687,6.0657980678170125,-0.006485730779058923,6.336047172546387,-0.028175679966807365,0.038194816559553146,-0.028175679966807365,0.038194816559553146,0.0035935898777097464,-16.775062561035156,0.002551400801166892,-14.646860122680664,0.04115492338314649,-102.30283737182609,-0.0,-2.25,2.25
2.66,9.415582656860352,9.415582656860352,0.05385032296180725,0.05385032296180725,0.01641390658915043,0.01641390658915043,3.8993337154388428,-26.58441734313965,0.0,1.5707964,1.5931581258773804,6.06480598449707,-0.03607269376516342,0.004750352818518877,6.064913261442983,-0.005947802532001119,6.333625316619873,-0.03595273941755295,0.05070346221327782,-0.03595273941755295,0.05070346221327782,0.004416688345372677,-18.82111930847168,0.0035935898777097464,-16.775062561035156,0.03074556589126584,-97.50251770019523,-0.0,-2.25,2.25
2.68,9.536856651306152,9.536856651306152,0.05587085708975792,0.05587085708975792,0.017016105353832245,0.017016105353832245,3.897313356399536,-26.46314239501953,0.0,1.5707964,1.5932716131210327,6.063807010650635,-0.03310349956154823,0.006924844346940517,6.063897369192441,-0.005459139885271509,6.331096172332764,-0.043131884187459946,0.062085941433906555,-0.043131884187459946,0.062085941433906555,0.005031599663197994,-20.771169662475586,0.004416688345372677,-18.82111930847168,0.02096721436828373,-91.90292358398429,-0.0,-2.25,2.25
2.7,9.658106803894043,9.658106803894043,0.0579635314643383,0.0579635314643383,0.01760914921760559,0.01760914921760559,3.8952205181121826,-26.34189224243164,0.0,1.5707964,1.5934256315231323,6.062682628631592,-0.030436068773269653,0.008753132075071335,6.062759026201984,-0.005020189073201519,6.32846212387085,-0.049812041223049164,0.07224765419960022,-0.049812041223049164,0.07224765419960022,0.005450943950563669,-22.609228134155273,0.005031599663197994,-20.771169662475586,0.011883885599672784,-85.47868728637688,-0.0,-2.25,2.25
2.72,9.779333114624023,9.779333114624023,0.06012685224413872,0.06012685224413872,0.01818651333451271,0.01818651333451271,3.893057346343994,-26.220666885375977,0.0,1.5707964,1.5936135053634644,6.061440944671631,-0.02806811034679413,0.010236185044050217,6.061505930423573,-0.004630567218115158,6.3257341384887695,-0.056050170212984085,0.08112252503633499,-0.056050170212984085,0.08112252503633499,0.005688621662557125,-24.318801879882812,0.005450943950563669,-22.609228134155273,0.0035366741940379112,-78.27501296997063,-0.0,-2.25,2.25
2.74,9.900531768798828,9.900531768798828,0.06235857680439949,0.06235857680439949,0.01874241605401039,0.01874241605401039,3.8908255100250244,-26.099468231201172,0.0,1.5707964,1.5938279628753662,6.0600905418396,-0.025993114337325096,0.011380665935575962,6.060146286789348,-0.004289202406630789,6.322932243347168,-0.06187065690755844,0.08867011964321136,-0.06187065690755844,0.08867011964321136,0.005759355146437883,-25.884302139282227,0.005688621662557125,-24.318801879882812,-0.004054140299558636,-70.37639617919916,-0.0,-2.25,2.25
2.7600000000000002,10.02170181274414,10.02170181274414,0.06465579569339752,0.06465579569339752,0.019271817058324814,0.019271817058324814,3.888528347015381,-25.97829818725586,0.0,1.5707964,1.5940626859664917,6.0586395263671875,-0.024201108142733574,0.012197948060929775,6.05868786158308,-0.003994457719778125,6.320078372955322,-0.06727510690689087,0.09487305581569672,-0.06727510690689087,0.09487305581569672,0.005678272340446711,-27.29183006286621,0.005759355146437883,-25.884302139282227,-0.01088278368115424,-61.89699172973627,-0.0,-2.25,2.25
2.7800000000000002,10.142840385437012,10.142840385437012,0.06701502203941345,0.06701502203941345,0.019770393148064613,0.019770393148064613,3.886169195175171,-25.857158660888672,0.0,1.5707964,1.594310998916626,6.0570969581604,-0.022679366171360016,0.012703168205916882,6.057139416771411,-0.0037442458564540563,6.317196369171143,-0.0722525343298912,0.0997341126203537,-0.0722525343298912,0.0997341126203537,0.0054606166668236256,-28.529769897460938,0.005678272340446711,-27.29183006286621,-0.01695933751761912,-52.967166900634716,-0.0,-2.25,2.25
2.8000000000000003,10.263946533203125,10.263946533203125,0.06943228095769882,0.06943228095769882,0.020234491676092148,0.020234491676092148,3.88375186920166,-25.736053466796875,0.0,1.5707964,1.5945669412612915,6.055471897125244,-0.0214130487293005,0.012914403341710567,6.05550975686849,-0.003536133903630231,6.3143110275268555,-0.07678595930337906,0.10327363759279251,-0.07678595930337906,0.10327363759279251,0.005121429916471243,-29.589113235473633,0.0054606166668236256,-28.529769897460938,-0.022300379350781916,-43.724727630616165,-0.0,-2.25,2.25
2.82,10.385018348693848,10.385018348693848,0.07190319895744324,0.07190319895744324,0.020661072805523872,0.020661072805523872,3.8812808990478516,-25.614980697631836,0.0,1.5707964,1.5948249101638794,6.053774356842041,-0.020385803654789925,0.012851892039179802,6.053808680867683,-0.00336744077282663,6.3114471435546875,-0.08085553348064423,0.10552676767110825,-0.08085553348064423,0.10552676767110825,0.004675422329455614,-30.463607788085938,0.005121429916471243,-29.589113235473633,-0.026930915191769576,-34.30452346801755,-0.0,-2.25,2.25
2.84,10.506054878234863,10.506054878234863,0.07442306727170944,0.07442306727170944,0.021047718822956085,0.021047718822956085,3.878761053085327,-25.49394416809082,0.0,1.5707964,1.5950794219970703,6.052014350891113,-0.019580239430069923,0.012537408620119095,6.052046025037162,-0.0032353147196318493,6.308628082275391,-0.0844404473900795,0.10654111951589584,-0.0844404473900795,0.10654111951589584,0.004136804025620222,-31.14969825744629,0.004675422329455614,-30.463607788085938,-0.030883424915373298,-24.840736389160135,-0.0,-2.25,2.25
2.86,10.627053260803223,10.627053260803223,0.0769868940114975,0.0769868940114975,0.02139250375330448,0.02139250375330448,3.876197338104248,-25.37294578552246,0.0,1.5707964,1.5953255891799927,6.050201892852783,-0.01897834800183773,0.011993677355349064,6.050231658537736,-0.0031368020591554325,6.305875778198242,-0.08752281963825226,0.10637456178665161,-0.08752281963825226,0.10637456178665161,0.0035191355273127556,-31.646512985229492,0.004136804025620222,-31.14969825744629,-0.03419604618102309,-15.46077728271483,-0.0,-2.25,2.25
2.88,10.748015403747559,10.748015403747559,0.07958952337503433,0.07958952337503433,0.02169405110180378,0.02169405110180378,3.8735945224761963,-25.251983642578125,0.0,1.5707964,1.5955593585968018,6.048348426818848,-0.018561890348792076,0.011243883520364761,6.048376909219146,-0.003068909190685827,6.303210735321045,-0.09008870273828506,0.10509303212165833,-0.09008870273828506,0.10509303212165833,0.002835214603692293,-31.95572853088379,0.0035191355273127556,-31.646512985229492,-0.03690532175824043,-6.2762260437011665,-0.0,-2.25,2.25
2.9,10.868939399719238,10.868939399719238,0.08222563564777374,0.08222563564777374,0.021951420232653618,0.021951420232653618,3.8709585666656494,-25.131059646606445,0.0,1.5707964,1.5957764387130737,6.046463966369629,-0.018312707543373108,0.010311244055628777,6.046491697824774,-0.0030286547067126094,6.300649166107178,-0.09212972968816757,0.10276865214109421,-0.09212972968816757,0.10276865214109421,0.002097108168527484,-32.08125305175781,0.002835214603692293,-31.95572853088379,-0.03905324265360829,2.6134490966796853,-0.0,-2.25,2.25
2.92,10.989824295043945,10.989824295043945,0.08488984405994415,0.08488984405994415,0.02216406911611557,0.02216406911611557,3.8682942390441895,-25.010175704956055,0.0,1.5707964,1.5959736108779907,6.044559001922607,-0.018212968483567238,0.009218673221766949,6.044586440770337,-0.003013108708227547,6.298206329345703,-0.09364286810159683,0.0994780883193016,-0.09364286810159683,0.0994780883193016,0.0013160433154553175,-32.02898406982422,0.002097108168527484,-32.08125305175781,-0.040680210804566706,11.120033264160146,-0.0,-2.25,2.25
2.94,11.110671043395996,11.110671043395996,0.0875767171382904,0.0875767171382904,0.0223318412899971,0.0223318412899971,3.865607500076294,-24.889328002929688,0.0,1.5707964,1.5961476564407349,6.042644500732422,-0.01824536733329296,0.00798849668353796,6.042672046012501,-0.003019425002384025,6.295894622802734,-0.09463036060333252,0.09530101716518402,-0.09463036060333252,0.09530101716518402,0.0005024390993639827,-31.806583404541016,0.0013160433154553175,-32.02898406982422,-0.04182959964964535,19.16646957397459,-0.0,-2.25,2.25
2.96,11.231478691101074,11.231478691101074,0.09028080850839615,0.09028080850839615,0.022454889491200447,0.022454889491200447,3.862903356552124,-24.76852035522461,0.0,1.5707964,1.5962960720062256,6.0407304763793945,-0.018393289297819138,0.006642227526754141,6.040758478978448,-0.0030448689155923485,6.293724536895752,-0.09510119259357452,0.09031881392002106,-0.09510119259357452,0.09031881392002106,-0.0003341528936289251,-31.423254013061523,0.0005024390993639827,-31.806583404541016,-0.04254295781720426,26.693344116210913,-0.0,-2.25,2.25
2.98,11.352248191833496,11.352248191833496,0.0929967612028122,0.0929967612028122,0.022533679381012917,0.022533679381012917,3.860187292098999,-24.647750854492188,0.0,1.5707964,1.5964168310165405,6.038826942443848,-0.018640952184796333,0.00520038977265358,6.03885571328576,-0.0030868400692961196,6.291703224182129,-0.09506794810295105,0.08461333811283112,-0.09506794810295105,0.08461333811283112,-0.001185012049973011,-30.889387130737305,-0.0003341528936289251,-31.423254013061523,-0.0428601284511387,33.65325927734372,-0.0,-2.25,2.25
3.0,11.472979545593262,11.472979545593262,0.09571925550699234,0.09571925550699234,0.02256890758872032,0.02256890758872032,3.8574647903442383,-24.527019500732422,0.0,1.5707964,1.5965081453323364,6.036943435668945,-0.018973469734191895,0.0036823698319494724,6.036973251391803,-0.0031428830607464885,6.289836406707764,-0.09455063939094543,0.07826599478721619,-0.09455063939094543,0.07826599478721619,-0.0020422146189957857,-30.21632194519043,-0.001185012049973011,-30.889387130737305,-0.04281979054212567,40.01054763793942,-0.0,-2.25,2.25
3.02,11.593672752380371,11.593672752380371,0.09844307601451874,0.09844307601451874,0.022561492398381233,0.022561492398381233,3.854741096496582,-24.406326293945312,0.0,1.5707964,1.5965685844421387,6.035088062286377,-0.019376937299966812,0.0021063461899757385,6.035119169101026,-0.0032107022328173303,6.28812837600708,-0.09357017278671265,0.07135679572820663,-0.09357017278671265,0.07135679572820663,-0.0028986104298382998,-29.41611099243164,-0.0020422146189957857,-30.21632194519043,-0.04245997406542298,45.73898315429683,-0.0,-2.25,2.25
3.04,11.714330673217773,11.714330673217773,0.10116317123174667,0.10116317123174667,0.022512570023536682,0.022512570023536682,3.8520209789276123,-24.285669326782227,0.0,1.5707964,1.5965970754623413,6.033269882202148,-0.019838452339172363,0.0004892238648608327,6.0333024982739545,-0.0032881640020301487,6.286579608917236,-0.09215180575847626,0.06396377086639404,-0.09215180575847626,0.06396377086639404,-0.00374780991114676,-28.501331329345703,-0.0028986104298382998,-29.41611099243164,-0.04181839758530256,50.82015991210933,-0.0,-2.25,2.25
3.06,11.834952354431152,11.834952354431152,0.10387459397315979,0.10387459397315979,0.02242341637611389,0.02242341637611389,3.8493094444274902,-24.16504669189453,0.0,1.5707964,1.5965930223464966,6.031496524810791,-0.020346131175756454,-0.001153406803496182,6.031530841656906,-0.0033733011232021425,6.285191535949707,-0.09032554924488068,0.05616236478090286,-0.09032554924488068,0.05616236478090286,-0.004584177862852812,-27.484928131103516,-0.00374780991114676,-28.501331329345703,-0.04092904273420569,55.25093078613276,-0.0,-2.25,2.25
3.08,11.955538749694824,11.955538749694824,0.10657260566949844,0.10657260566949844,0.022295432165265083,0.022295432165265083,3.846611499786377,-24.04446029663086,0.0,1.5707964,1.5965561866760254,6.029774188995361,-0.020889107137918472,-0.002807286335155368,6.029810372231592,-0.003464312744805781,6.283962249755859,-0.08812171965837479,0.04802490025758743,-0.08812171965837479,0.04802490025758743,-0.005402758717536926,-26.37990951538086,-0.004584177862852812,-27.484928131103516,-0.03982312045991417,59.03310775756831,-0.0,-2.25,2.25
3.1,12.076091766357422,12.076091766357422,0.10925263166427612,0.10925263166427612,0.022130144760012627,0.022130144760012627,3.8439314365386963,-23.923908233642578,0.0,1.5707964,1.5964860916137695,6.028110504150391,-0.02145754173398018,-0.004459482617676258,6.028148693947881,-0.0035595649902538523,6.282888412475586,-0.08557476103305817,0.03962019830942154,-0.08557476103305817,0.03962019830942154,-0.00619922112673521,-25.199247360229492,-0.005402758717536926,-26.37990951538086,-0.03853316884487864,62.173557281494084,-0.0,-2.25,2.25
3.12,12.196612358093262,12.196612358093262,0.11191029846668243,0.11191029846668243,0.021929146721959114,0.021929146721959114,3.841273784637451,-23.803386688232422,0.0,1.5707964,1.5963830947875977,6.026509761810303,-0.02204255945980549,-0.006098342128098011,6.026550073103385,-0.003657583250740333,6.281966686248779,-0.08271852135658264,0.03101339004933834,-0.08271852135658264,0.03101339004933834,-0.006969884503632784,-23.95577621459961,-0.00619922112673521,-25.199247360229492,-0.037088268436491455,64.68915939331049,-0.0,-2.25,2.25
3.14,12.317102432250977,12.317102432250977,0.11454141139984131,0.11454141139984131,0.021694127470254898,0.021694127470254898,3.8386425971984863,-23.682897567749023,0.0,1.5707964,1.5962475538253784,6.024977684020996,-0.022636232897639275,-0.007713478524237871,6.025020206770331,-0.0037570473416097968,6.281190872192383,-0.07958925515413284,0.022265642881393433,-0.07958925515413284,0.022265642881393433,-0.007711649872362614,-22.6619930267334,-0.006969884503632784,-23.95577621459961,-0.03551254048943516,66.60127639770502,-0.0,-2.25,2.25
3.16,12.437562942504883,12.437562942504883,0.11714200675487518,0.11714200675487518,0.021426798775792122,0.021426798775792122,3.8360421657562256,-23.562437057495117,0.0,1.5707964,1.59607994556427,6.0235185623168945,-0.023231564089655876,-0.009295736439526081,6.023563362009753,-0.0038567904557205235,6.280556678771973,-0.07622392475605011,0.01343398354947567,-0.07622392475605011,0.01343398354947567,-0.008421900682151318,-21.329967498779297,-0.007711649872362614,-22.6619930267334,-0.033834250643849345,67.93003082275385,-0.0,-2.25,2.25
3.18,12.557995796203613,12.557995796203613,0.11970832198858261,0.11970832198858261,0.02112891711294651,0.02112891711294651,3.8334758281707764,-23.44200325012207,0.0,1.5707964,1.5958811044692993,6.022134780883789,-0.023822391405701637,-0.01083709578961134,6.0221818990680225,-0.003955784454005668,6.280056476593018,-0.07265631854534149,0.004571325145661831,-0.07265631854534149,0.004571325145661831,-0.009098585695028305,-19.97136688232422,-0.008421900682151318,-21.329967498779297,-0.03207582049071786,68.7067031860351,-0.0,-2.25,2.25
3.2,12.678401947021484,12.678401947021484,0.12223682552576065,0.12223682552576065,0.020802253857254982,0.020802253857254982,3.8309473991394043,-23.321598052978516,0.0,1.5707964,1.5956517457962036,6.020829200744629,-0.02440338395535946,-0.01233066339045763,6.020878655951113,-0.0040531377837237596,6.2796831130981445,-0.06892222166061401,-0.004273639991879463,-0.06892222166061401,-0.004273639991879463,-0.009740102104842663,-18.597232818603516,-0.009098585695028305,-19.97136688232422,-0.030258577316999408,68.96028518676752,-0.0,-2.25,2.25
3.22,12.798784255981445,12.798784255981445,0.12472416460514069,0.12472416460514069,0.02044856920838356,0.02044856920838356,3.8284599781036377,-23.201215744018555,0.0,1.5707964,1.5953930616378784,6.019604682922363,-0.024969972670078278,-0.01377059891819954,6.019656471776109,-0.004148084595088869,6.279428958892822,-0.06505774706602097,-0.013056423515081406,-0.06505774706602097,-0.013056423515081406,-0.010345273651182652,-17.218027114868164,-0.009740102104842663,-18.597232818603516,-0.028400961309671378,68.72353553771967,-0.0,-2.25,2.25
3.24,12.919142723083496,12.919142723083496,0.1271672397851944,0.1271672397851944,0.020069628953933716,0.020069628953933716,3.826016902923584,-23.08085823059082,0.0,1.5707964,1.5951060056686401,6.018462657928467,-0.025518309324979782,-0.015152041800320148,6.018516756559725,-0.004239979186937717,6.279286861419678,-0.06109599769115448,-0.02173670008778572,-0.06109599769115448,-0.02173670008778572,-0.01091329287737608,-15.84355640411377,-0.010345273651182652,-17.218027114868164,-0.026522297412157034,68.03159713745112,-0.0,-2.25,2.25
3.2600000000000002,13.039481163024902,13.039481163024902,0.1295631378889084,0.1295631378889084,0.019667182117700577,0.019667182117700577,3.8236210346221924,-22.96051788330078,0.0,1.5707964,1.5947917699813843,6.017402172088623,-0.026045195758342743,-0.01647103950381279,6.017458537695044,-0.00432828525819991,6.279247760772705,-0.05706896632909775,-0.030278148129582405,-0.05706896632909775,-0.030278148129582405,-0.01144373882561922,-14.482924461364746,-0.01091329287737608,-15.84355640411377,-0.02463846467435358,66.918134689331,-0.0,-2.25,2.25
3.2800000000000002,13.159799575805664,13.159799575805664,0.13190917670726776,0.13190917670726776,0.019242921844124794,0.019242921844124794,3.821274995803833,-22.840200424194336,0.0,1.5707964,1.5944517850875854,6.016424655914307,-0.026548050343990326,-0.017724497243762016,6.016483228537303,-0.004412567190414766,6.279302597045898,-0.053006235510110855,-0.03864841163158417,-0.053006235510110855,-0.03864841163158417,-0.011936508119106293,-13.144561767578125,-0.01144373882561922,-14.482924461364746,-0.022765109315514544,65.41728973388666,-0.0,-2.25,2.25
3.3000000000000003,13.280099868774414,13.280099868774414,0.13420285284519196,0.13420285284519196,0.01879853568971157,0.01879853568971157,3.818981170654297,-22.719900131225586,0.0,1.5707964,1.5940874814987183,6.015530109405518,-0.027024846524000168,-0.0189101230353117,6.015590813834831,-0.004492482661294156,6.279443740844727,-0.048939432948827744,-0.046818915754556656,-0.048939432948827744,-0.046818915754556656,-0.012391810305416584,-11.83621597290039,-0.011936508119106293,-13.144561767578125,-0.020911218598484976,63.57207298278803,-0.0,-2.25,2.25
3.3200000000000003,13.400383949279785,13.400383949279785,0.13644187152385712,0.13644187152385712,0.018335634842514992,0.018335634842514992,3.816742181777954,-22.5996150970459,0.0,1.5707964,1.5936996936798096,6.014716148376465,-0.02747408114373684,-0.020026344805955887,6.014778896241765,-0.004567778326883547,6.279662132263184,-0.04489508271217346,-0.05476485192775726,-0.04489508271217346,-0.05476485192775726,-0.012810034677386284,-10.564774513244629,-0.012391810305416584,-11.83621597290039,-0.018949620425701544,60.482406616212224,-0.0,-2.25,2.25
3.34,13.52065372467041,13.52065372467041,0.13862411677837372,0.13862411677837372,0.017855800688266754,0.017855800688266754,3.8145599365234375,-22.479345321655273,0.0,1.5707964,1.5932904481887817,6.013982772827148,-0.027894699946045876,-0.021072233095765114,6.01404746457382,-0.004638273995970718,6.27994966506958,-0.04089802876114845,-0.06246478483080864,-0.04089802876114845,-0.06246478483080864,-0.013189027085900307,-9.35512638092041,-0.012810034677386284,-10.564774513244629,-0.01695100218057631,56.75001144409175,-0.0,-2.25,2.25
3.36,13.640911102294922,13.640911102294922,0.14074768126010895,0.14074768126010895,0.017360754311084747,0.017360754311084747,3.81243634223938,-22.359088897705078,0.0,1.5707964,1.5928608179092407,6.013326644897461,-0.028284914791584015,-0.02204621024429798,6.013393166477519,-0.004703670341707801,6.280289649963379,-0.03697865456342697,-0.06989544630050659,-0.03697865456342697,-0.06989544630050659,-0.013528047129511833,-8.220126152038574,-0.013189027085900307,-9.35512638092041,-0.015001045539975152,52.95095443725581,-0.0,-2.25,2.25
3.38,13.76115608215332,13.76115608215332,0.1428108513355255,0.1428108513355255,0.01685223914682865,0.01685223914682865,3.810373306274414,-22.23884391784668,0.0,1.5707964,1.5924123525619507,6.012745380401611,-0.028642961755394936,-0.02294687181711197,6.012813603363989,-0.004763671714361918,6.280665397644043,-0.03317352384328842,-0.0770348608493805,-0.03317352384328842,-0.0770348608493805,-0.013828068040311337,-7.161107063293457,-0.013528047129511833,-8.220126152038574,-0.013118889182806003,49.099254608154254,-0.0,-2.25,2.25
3.4,13.881391525268555,13.881391525268555,0.14481213688850403,0.14481213688850403,0.016331907361745834,0.016331907361745834,3.8083720207214355,-22.118608474731445,0.0,1.5707964,1.5919463634490967,6.012235641479492,-0.028967760503292084,-0.023773711174726486,6.012305426358918,-0.004818097306427388,6.281065464019775,-0.02951846644282341,-0.08386541903018951,-0.02951846644282341,-0.08386541903018951,-0.014090445823967457,-6.179121971130371,-0.013828068040311337,-7.161107063293457,-0.011318689212203015,45.21396160125728,-0.0,-2.25,2.25
3.42,14.001618385314941,14.001618385314941,0.14675024151802063,0.14675024151802063,0.015801308676600456,0.015801308676600456,3.806433916091919,-21.998380661010742,0.0,1.5707964,1.5914645195007324,6.0117926597595215,-0.029258878901600838,-0.02452702634036541,6.011863859564107,-0.004866875746364761,6.281479835510254,-0.026042358949780464,-0.09037375450134277,-0.026042358949780464,-0.09037375450134277,-0.014316819608211517,-5.274842739105225,-0.014090445823967457,-6.179121971130371,-0.009611761197447768,41.30966663360592,-0.0,-2.25,2.25
3.44,14.121837615966797,14.121837615966797,0.1486240178346634,0.1486240178346634,0.015261871740221977,0.015261871740221977,3.8045601844787598,-21.878162384033203,0.0,1.5707964,1.5909682512283325,6.011412143707275,-0.029516488313674927,-0.025207847356796265,6.0114846073656105,-0.004910036179304669,6.2819013595581055,-0.022764908149838448,-0.09655057638883591,-0.022764908149838448,-0.09655057638883591,-0.014509054832160473,-4.4486494064331055,-0.014316819608211517,-5.274842739105225,-0.008007232099771493,37.39610910415646,-0.0,-2.25,2.25
3.46,14.242051124572754,14.242051124572754,0.15043246746063232,0.15043246746063232,0.01471492275595665,0.01471492275595665,3.8027515411376953,-21.75794792175293,0.0,1.5707964,1.5904589891433716,6.011089324951172,-0.029741263017058372,-0.025817831978201866,6.011162900410185,-0.004947692293955043,6.282323837280273,-0.019699620082974434,-0.10239024460315704,-0.019699620082974434,-0.10239024460315704,-0.014669199474155903,-3.7007272243499756,-0.014509054832160473,-4.4486494064331055,-0.0065093860030174195,33.48733186721799,-0.0,-2.25,2.25
3.48,14.362259864807129,14.362259864807129,0.15217480063438416,0.15217480063438416,0.014161670580506325,0.014161670580506325,3.8010094165802,-21.637739181518555,0.0,1.5707964,1.5899381637573242,6.010820388793945,-0.029934318736195564,-0.026359204202890396,6.010894925864134,-0.004980030900190571,6.282740592956543,-0.016854755580425262,-0.10789047181606293,-0.016854755580425262,-0.10789047181606293,-0.014799387194216251,-3.0309805870056152,-0.014669199474155903,-3.7007272243499756,-0.005123484879732128,29.597759246826147,-0.0,-2.25,2.25
3.5,14.482464790344238,14.482464790344238,0.15385033190250397,0.15385033190250397,0.013603219762444496,0.013603219762444496,3.7993338108062744,-21.517534255981445,0.0,1.5707964,1.5894068479537964,6.0106000900268555,-0.030097102746367455,-0.026834627613425255,6.0106754427289255,-0.005007295570078525,6.283146381378174,-0.014237676747143269,-0.11305186152458191,-0.014237676747143269,-0.11305186152458191,-0.014901856891810894,-2.439025402069092,-0.014799387194216251,-3.0309805870056152,-0.003851717337965962,25.738561153411844,-0.0,-2.25,2.25
3.52,14.602665901184082,14.602665901184082,0.1554584801197052,0.1554584801197052,0.013040567748248577,0.013040567748248577,3.7977256774902344,-21.3973331451416,0.0,1.5707964,1.5888667106628418,6.010423183441162,-0.030231360346078873,-0.027247143909335136,6.010499212144976,-0.005029779848288463,6.283535003662109,-0.011849645525217056,-0.11787774413824081,-0.011849645525217056,-0.11787774413824081,-0.014978891238570213,-1.9242541790008545,-0.014901856891810894,-2.439025402069092,-0.0026955734938383076,21.923094987869245,-0.0,-2.25,2.25
3.54,14.722865104675293,14.722865104675293,0.15699878334999084,0.15699878334999084,0.01247461885213852,0.01247461885213852,3.796185255050659,-21.27713394165039,0.0,1.5707964,1.5883188247680664,6.010285377502441,-0.030339064076542854,-0.027600111439824104,6.010361950650618,-0.005047814618838445,6.283902168273926,-0.009692409075796604,-0.12237372249364853,-0.009692409075796604,-0.12237372249364853,-0.01503280270844698,-1.4857922792434692,-0.014978891238570213,-1.9242541790008545,-0.0016508623957633957,18.1691527366638,-0.0,-2.25,2.25
3.56,14.843061447143555,14.843061447143555,0.15847092866897583,0.15847092866897583,0.011906171217560768,0.011906171217560768,3.794713258743286,-21.156938552856445,0.0,1.5707964,1.5877642631530762,6.0101823806762695,-0.030422354117035866,-0.02789711393415928,6.010259376151872,-0.0050617589232014705,6.284242153167725,-0.007766150403767824,-0.1265474557876587,-0.007766150403767824,-0.1265474557876587,-0.015065819956362247,-1.1224092245101929,-0.01503280270844698,-1.4857922792434692,-0.0007200986146926873,14.484354853630053,-0.0,-2.25,2.25
3.58,14.963257789611816,14.963257789611816,0.15987463295459747,0.15987463295459747,0.011335935443639755,0.011335935443639755,3.793309450149536,-21.0367431640625,0.0,1.5707964,1.5872043371200562,6.0101094245910645,-0.030483463779091835,-0.02814188413321972,6.01018673063677,-0.005071987917157021,6.284550666809082,-0.0060707093216478825,-0.13040824234485626,-0.0060707093216478825,-0.13040824234485626,-0.015080221928656101,-0.8327221274375916,-0.015065819956362247,-1.1224092245101929,0.00010272487998008719,10.886776447296134,-0.0,-2.25,2.25
3.6,15.083454132080078,15.083454132080078,0.16120974719524384,0.16120974719524384,0.01076454296708107,0.01076454296708107,3.7919743061065674,-20.916545867919922,0.0,1.5707964,1.5866398811340332,6.010061740875244,-0.030524730682373047,-0.028338275849819183,6.0101392569819545,-0.005078894283366621,6.284823417663574,-0.004603289999067783,-0.13396696746349335,-0.004603289999067783,-0.13396696746349335,-0.0150781674310565,-0.6149865984916687,-0.015080221928656101,-0.8327221274375916,0.0008222647011280052,7.3880448937416014,-0.0,-2.25,2.25
3.62,15.20365047454834,15.20365047454834,0.16247615218162537,0.16247615218162537,0.010192519053816795,0.010192519053816795,3.790708065032959,-20.796350479125977,0.0,1.5707964,1.5860717296600342,6.010034561157227,-0.03054850362241268,-0.028490180149674416,6.0101121984017825,-0.0050828726909168545,6.285056114196777,-0.0033606563229113817,-0.1372356116771698,-0.0033606563229113817,-0.1372356116771698,-0.01506172213703394,-0.46722570061683655,-0.0150781674310565,-0.6149865984916687,0.00143991783261299,3.9971202611923182,-0.0,-2.25,2.25
3.64,15.323846817016602,15.323846817016602,0.16367380321025848,0.16367380321025848,0.009620338678359985,0.009620338678359985,3.7895102500915527,-20.6761531829834,0.0,1.5707964,1.585500955581665,6.010024547576904,-0.030557110905647278,-0.028601480647921562,6.010102228706586,-0.005084313276992269,6.285244941711426,-0.002340259263291955,-0.1402270495891571,-0.002340259263291955,-0.1402270495891571,-0.01503292378038168,-0.3872832953929901,-0.01506172213703394,-0.46722570061683655,0.0019625294953584654,0.7259011268615716,-0.0,-2.25,2.25
3.66,15.444043159484863,15.444043159484863,0.164802685379982,0.164802685379982,0.009048392064869404,0.009048392064869404,3.788381338119507,-20.555957794189453,0.0,1.5707964,1.584928274154663,6.010026454925537,-0.03055286779999733,-0.02867603674530983,6.010104114458885,-0.005083605677216521,6.285386562347412,-0.0015370446490123868,-0.1429549753665924,-0.0015370446490123868,-0.1429549753665924,-0.01499367319047451,-0.37276527285575867,-0.01503292378038168,-0.3872832953929901,0.0023947097361087777,-2.416753768920896,-0.0,-2.25,2.25
3.68,15.564239501953125,15.564239501953125,0.16586287319660187,0.16586287319660187,0.008477002382278442,0.008477002382278442,3.7873213291168213,-20.435760498046875,0.0,1.5707964,1.5843545198440552,6.010036468505859,-0.03053802065551281,-0.028717616572976112,6.010114052451579,-0.005081126879413065,6.285477638244629,-0.0009456417174078524,-0.14543360471725464,-0.0009456417174078524,-0.14543360471725464,-0.014945778995752335,-0.42110034823417664,-0.01499367319047451,-0.37276527285575867,0.0027411151677370045,-5.424486100673671,-0.0,-2.25,2.25
3.7,15.684435844421387,15.684435844421387,0.1668543964624405,0.1668543964624405,0.007906433194875717,0.007906433194875717,3.786329746246338,-20.315563201904297,0.0,1.5707964,1.58378005027771,6.010050296783447,-0.030514735728502274,-0.02872989885509014,6.010127762282877,-0.005077240957136165,6.285515785217285,-0.0005605411133728921,-0.1476774513721466,-0.0005605411133728921,-0.1476774513721466,-0.014890956692397594,-0.5295900702476501,-0.014945778995752335,-0.42110034823417664,0.003009429201483724,-8.290055394172661,-0.0,-2.25,2.25
3.72,15.80463695526123,15.80463695526123,0.167777419090271,0.167777419090271,0.007336893118917942,0.007336893118917942,3.7854065895080566,-20.195363998413086,0.0,1.5707964,1.5832055807113647,6.010064125061035,-0.030485104769468307,-0.02871643751859665,6.010141440012745,-0.00507229917887553,6.285499095916748,-0.0003739813109859824,-0.14970138669013977,-0.0003739813109859824,-0.14970138669013977,-0.01483076810836792,-0.6953911781311035,-0.014890956692397594,-0.5295900702476501,0.0032030511647462814,-11.008355021476735,-0.0,-2.25,2.25
3.74,15.924838066101074,15.924838066101074,0.16863204538822174,0.16863204538822174,0.0067685386165976524,0.0067685386165976524,3.7845520973205566,-20.075162887573242,0.0,1.5707964,1.5826315879821777,6.010074138641357,-0.030451085418462753,-0.028680620715022087,6.010151281005231,-0.0050666304854529295,6.285424709320068,-0.00037839575088582933,-0.15152017772197723,-0.00037839575088582933,-0.15152017772197723,-0.014766707085072994,-0.9155582785606384,-0.01483076810836792,-0.6953911781311035,0.0033307820558547943,-13.577422499656665,-0.0,-2.25,2.25
3.7600000000000002,16.0450382232666,16.0450382232666,0.16941840946674347,0.16941840946674347,0.006201478652656078,0.006201478652656078,3.7837657928466797,-19.9549617767334,0.0,1.5707964,1.5820584297180176,6.010076999664307,-0.030414531007409096,-0.028625695034861565,6.010153956895806,-0.005060546042722883,6.285290718078613,-0.0005667802761308849,-0.1531486213207245,-0.0005667802761308849,-0.1531486213207245,-0.014700091443955898,-1.187106728553772,-0.014766707085072994,-0.9155582785606384,0.0033968128263950318,-15.993493795394883,-0.0,-2.25,2.25
3.7800000000000002,16.165239334106445,16.165239334106445,0.17013667523860931,0.17013667523860931,0.005635776091367006,0.005635776091367006,3.7830474376678467,-19.834760665893555,0.0,1.5707964,1.581486463546753,6.010069847106934,-0.030377157032489777,-0.02855471521615982,6.010146615414081,-0.0050543336650454435,6.285096168518066,-0.0009321765974164009,-0.15460124611854553,-0.0009321765974164009,-0.15460124611854553,-0.014632155187427998,-1.50697660446167,-0.014700091443955898,-1.187106728553772,0.003405427560210225,-18.25729608535765,-0.0,-2.25,2.25
3.8000000000000003,16.28544044494629,16.28544044494629,0.1707870066165924,0.1707870066165924,0.005071462597697973,0.005071462597697973,3.7823970317840576,-19.71455955505371,0.0,1.5707964,1.580916166305542,6.0100483894348145,-0.03034055419266224,-0.02847054786980152,6.010124973124663,-0.005048261591887932,6.284840106964111,-0.0014655828708782792,-0.15589231252670288,-0.0014655828708782792,-0.15589231252670288,-0.014564046636223793,-1.8721225261688232,-0.014632155187427998,-1.50697660446167,0.003366079181432721,-20.364177227020246,-0.0,-2.25,2.25
3.8200000000000003,16.405641555786133,16.405641555786133,0.17136958241462708,0.17136958241462708,0.004508535843342543,0.004508535843342543,3.7818145751953125,-19.594358444213867,0.0,1.5707964,1.5803474187850952,6.010010242462158,-0.030306188389658928,-0.028375880792737007,6.010086653248417,-0.005042575685512238,6.284521102905273,-0.002157848794013262,-0.15703581273555756,-0.002157848794013262,-0.15703581273555756,-0.014496725052595139,-2.2794060707092285,-0.014564046636223793,-1.8721225261688232,0.003279326483607362,-22.323787212372302,-0.0,-2.25,2.25
3.84,16.525842666625977,16.525842666625977,0.17188455164432526,0.17188455164432526,0.003946962300688028,0.003946962300688028,3.781299591064453,-19.474157333374023,0.0,1.5707964,1.57978093624115,6.009952068328857,-0.030275369063019753,-0.028273196890950203,6.010028324524121,-0.005037496576573871,6.284138202667236,-0.003000799100846052,-0.15804512798786163,-0.003000799100846052,-0.15804512798786163,-0.014431138522922993,-2.725881814956665,-0.014496725052595139,-2.2794060707092285,0.0031543429940938924,-24.129068851470926,-0.0,-2.25,2.25
3.86,16.64604377746582,16.64604377746582,0.17233207821846008,0.17233207821846008,0.0033866821322590113,0.0033866821322590113,3.7808520793914795,-19.35395622253418,0.0,1.5707964,1.5792163610458374,6.009871482849121,-0.03024929203093052,-0.02816479466855526,6.009947608759287,-0.00503322519926253,6.283691883087158,-0.003985680174082518,-0.15893329679965973,-0.003985680174082518,-0.15893329679965973,-0.014368051663041115,-3.208463191986084,-0.014431138522922993,-2.725881814956665,0.0029944349080324147,-25.79129934310911,-0.0,-2.25,2.25
3.88,16.766244888305664,16.766244888305664,0.1727123111486435,0.1727123111486435,0.002827615477144718,0.002827615477144718,3.7804718017578125,-19.233755111694336,0.0,1.5707964,1.5786539316177368,6.009766101837158,-0.03022901900112629,-0.028052760288119316,6.009842127076282,-0.005029940193022769,6.283181667327881,-0.005102647468447685,-0.15971271693706512,-0.005102647468447685,-0.15971271693706512,-0.014308162964880466,-3.7242891788482666,-0.014368051663041115,-3.208463191986084,0.002806307747960088,-27.30554342269895,-0.0,-2.25,2.25
3.9,16.886438369750977,16.886438369750977,0.17302538454532623,0.17302538454532623,0.002269660122692585,0.002269660122692585,3.780158758163452,-19.113561630249023,0.0,1.5707964,1.5780937671661377,6.009634017944336,-0.030215473845601082,-0.02793901599943638,6.009709976737105,-0.005027796892772454,6.282607078552246,-0.006343431770801544,-0.16039526462554932,-0.006343431770801544,-0.16039526462554932,-0.014252036809921265,-4.270400047302246,-0.014308162964880466,-3.7242891788482666,0.00259219668805599,-28.68578433990476,-0.0,-2.25,2.25
3.92,17.006629943847656,17.006629943847656,0.17327143251895905,0.17327143251895905,0.0017127037281170487,0.0017127037281170487,3.7799127101898193,-18.993370056152344,0.0,1.5707964,1.5775359869003296,6.009472370147705,-0.030209455639123917,-0.027825256809592247,6.009548300727658,-0.005026930704286231,6.2819695472717285,-0.007698956876993179,-0.16099213063716888,-0.007698956876993179,-0.16099213063716888,-0.014200192876160145,-4.844115734100342,-0.014252036809921265,-4.270400047302246,0.002357782796025274,-29.93102073669431,-0.0,-2.25,2.25
3.94,17.126821517944336,17.126821517944336,0.17345058917999268,0.17345058917999268,0.0011566175380721688,0.0011566175380721688,3.779733657836914,-18.873178482055664,0.0,1.5707964,1.5769803524017334,6.009279727935791,-0.030211640521883965,-0.027713019400835037,6.009355671933812,-0.005027455427783667,6.2812676429748535,-0.009160819463431835,-0.16151386499404907,-0.009160819463431835,-0.16151386499404907,-0.01415303722023964,-5.4427361488342285,-0.014200192876160145,-4.844115734100342,0.0021052081137895567,-31.04705810546872,-0.0,-2.25,2.25
3.96,17.247005462646484,17.247005462646484,0.1735629290342331,0.1735629290342331,0.0006012632511556149,0.0006012632511556149,3.779621124267578,-18.752994537353516,0.0,1.5707964,1.5764271020889282,6.009053707122803,-0.030222591012716293,-0.027603663504123688,6.009129709042218,-0.0050294668100978514,6.280503273010254,-0.01072123646736145,-0.16197040677070618,-0.01072123646736145,-0.16197040677070618,-0.014110933057963848,-6.0636773109436035,-0.01415303722023964,-5.4427361488342285,0.0018415506929159147,-32.04016685485837,-0.0,-2.25,2.25
3.98,17.3671875,17.3671875,0.17360852658748627,0.17360852658748627,4.649488255381584e-05,4.649488255381584e-05,3.7795755863189697,-18.6328125,0.0,1.5707964,1.5758758783340454,6.008792877197266,-0.03024277649819851,-0.02749837376177311,6.008868983975846,-0.0050330443652353936,6.279676914215088,-0.012369644828140736,-0.16237103939056396,-0.012369644828140736,-0.16237103939056396,-0.01407410204410553,-6.7044806480407715,-0.014110933057963848,-6.0636773109436035,0.0015689525753259646,-32.916617393493624,-0.0,-2.25,2.25
4.0,17.487361907958984,17.487361907958984,0.17358748614788055,0.17358748614788055,-0.0005078366957604885,-0.0005078366957604885,3.7795965671539307,-18.512638092041016,0.0,1.5707964,1.5753268003463745,6.008495807647705,-0.03027254529297352,-0.02739817090332508,6.0085720680972585,-0.005038247527532029,6.278789043426514,-0.014098545536398888,-0.1627243310213089,-0.014098545536398888,-0.1627243310213089,-0.01404272299259901,-7.3628129959106445,-0.01407410204410553,-6.7044806480407715,0.0012909993529319466,-33.68330001830977,-0.0,-2.25,2.25
4.0200000000000005,17.60753059387207,17.60753059387207,0.17349983751773834,0.17349983751773834,-0.0010618818923830986,-0.0010618818923830986,3.77968430519104,-18.39246940612793,0.0,1.5707964,1.5747796297073364,6.0081610679626465,-0.030312132090330124,-0.027303915470838547,6.008237532249695,-0.0050451168946230715,6.277840614318848,-0.015900244936347008,-0.16303813457489014,-0.015900244936347008,-0.16303813457489014,-0.014016903005540371,-8.036478996276855,-0.01404272299259901,-7.3628129959106445,0.001009181141853354,-34.3460559844978,-0.0,-2.25,2.25
4.04,17.727693557739258,17.727693557739258,0.1733456254005432,0.1733456254005432,-0.0016157918144017458,-0.0016157918144017458,3.7798385620117188,-18.272306442260742,0.0,1.5707964,1.5742342472076416,6.007788181304932,-0.03036169707775116,-0.027216317132115364,6.007864900617911,-0.005053679937613567,6.27683162689209,-0.01776762865483761,-0.1633196771144867,-0.01776762865483761,-0.1633196771144867,-0.013996719382703304,-8.723400115966797,-0.014016903005540371,-8.036478996276855,0.0007290393114089798,-34.90948677062908,-0.0,-2.25,2.25
4.0600000000000005,17.84784698486328,17.84784698486328,0.17312487959861755,0.17312487959861755,-0.0021697189658880234,-0.0021697189658880234,3.780059337615967,-18.15215301513672,0.0,1.5707964,1.5736905336380005,6.007375717163086,-0.030421311035752296,-0.02713596262037754,6.007452743328559,-0.005063950122376571,6.275763988494873,-0.01969495788216591,-0.16357553005218506,-0.01969495788216591,-0.16357553005218506,-0.013982138596475124,-9.421589851379395,-0.013996719382703304,-8.723400115966797,0.00045080669224263197,-35.38436889648513,-0.0,-2.25,2.25
4.08,17.967992782592773,17.967992782592773,0.17283758521080017,0.17283758521080017,-0.002723811427131295,-0.002723811427131295,3.780346632003784,-18.032007217407227,0.0,1.5707964,1.573148488998413,6.006922721862793,-0.030490966513752937,-0.027063293382525444,6.0070001069977055,-0.00507592756859209,6.2746381759643555,-0.02167450822889805,-0.16381162405014038,-0.02167450822889805,-0.16381162405014038,-0.013973122462630272,-10.129277229309082,-0.013982138596475124,-9.421589851379395,0.0001778826117515602,-35.773611068726346,-0.0,-2.25,2.25
4.1,18.0881290435791,18.0881290435791,0.17248372733592987,0.17248372733592987,-0.003278214018791914,-0.003278214018791914,3.780700445175171,-17.9118709564209,0.0,1.5707964,1.5726077556610107,6.006428241729736,-0.030570577830076218,-0.026998624205589294,6.0065060378956945,-0.005089599447847169,6.273455619812012,-0.023698987439274788,-0.16403326392173767,-0.023698987439274788,-0.16403326392173767,-0.01396956481039524,-10.844749450683594,-0.013973122462630272,-10.129277229309082,-8.861534297466073e-05,-36.08531951904214,-0.0,-2.25,2.25
4.12,18.208253860473633,18.208253860473633,0.17206327617168427,0.17206327617168427,-0.0038330613169819117,-0.0038330613169819117,3.781120777130127,-17.791746139526367,0.0,1.5707964,1.572068214416504,6.005892276763916,-0.030659986659884453,-0.0269421748816967,6.005970535631559,-0.00510494010036297,6.272217273712158,-0.02576443739235401,-0.1642451137304306,-0.02576443739235401,-0.1642451137304306,-0.013971337117254734,-11.566455841064453,-0.01396956481039524,-10.844749450683594,-0.0003455206751823499,-36.32550239563066,-0.0,-2.25,2.25
4.14,18.328367233276367,18.328367233276367,0.17157615721225739,0.17157615721225739,-0.0043884883634746075,-0.0043884883634746075,3.7816078662872314,-17.671632766723633,0.0,1.5707964,1.5715298652648926,6.005313396453857,-0.030758997425436974,-0.02689405530691147,6.005392169171867,-0.005121918943547542,6.270925045013428,-0.027862977236509323,-0.16445137560367584,-0.027862977236509323,-0.16445137560367584,-0.013978247530758381,-12.29296588897705,-0.013971337117254734,-11.566455841064453,-0.0005919951945543153,-36.50135993957435,-0.0,-2.25,2.25
4.16,18.448469161987305,18.448469161987305,0.17102237045764923,0.17102237045764923,-0.004944617860019207,-0.004944617860019207,3.7821617126464844,-17.551530838012695,0.0,1.5707964,1.570992350578308,6.0046916007995605,-0.03086734004318714,-0.02685428038239479,6.004770937629022,-0.005140491836802067,6.26957893371582,-0.02998870238661766,-0.16465556621551514,-0.02998870238661766,-0.16465556621551514,-0.013990087434649467,-13.022993087768555,-0.013978247530758381,-12.29296588897705,-0.0023287255316973227,-38.52171897888266,-0.0,-2.25,2.25
4.18,18.568557739257812,18.568557739257812,0.17040181159973145,0.17040181159973145,-0.005501564592123032,-0.005501564592123032,3.7827823162078857,-17.431442260742188,0.0,1.5707964,1.5704554319381714,6.004026412963867,-0.030984696000814438,-0.026822775602340698,6.00410636306137,-0.00516060703419704,6.2681803703308105,-0.03213760256767273,-0.16486071050167084,-0.03213760256767273,-0.16486071050167084,-0.014036661945283413,-13.793427467346191,-0.013990087434649467,-13.022993087768555,-0.01286384649574727,-39.34330940246491,-0.0,-2.25,2.25
4.2,18.688631057739258,18.688631057739258,0.1697143018245697,0.1697143018245697,-0.006061521824449301,-0.006061521824449301,3.7834699153900146,-17.311368942260742,0.0,1.5707964,1.5699189901351929,6.003316879272461,-0.03112255223095417,-0.026812801137566566,6.003397551904672,-0.005184179686441936,6.266712665557861,-0.03431832417845726,-0.16512326896190643,-0.03431832417845726,-0.16512326896190643,-0.014293938875198364,-14.580293655395508,-0.014036661945283413,-13.793427467346191,-0.03659543581307012,-38.189172744751794,-0.0,-2.25,2.25
4.22,18.808691024780273,18.808691024780273,0.16895881295204163,0.16895881295204163,-0.006638682913035154,-0.006638682913035154,3.7842252254486084,-17.191308975219727,0.0,1.5707964,1.5693819522857666,6.002562046051025,-0.03135901689529419,-0.026912707835435867,6.0026439595092524,-0.005224224483697749,6.265172004699707,-0.03654709458351135,-0.165804922580719,-0.03654709458351135,-0.165804922580719,-0.015025847591459751,-15.344077110290527,-0.014293938875198364,-14.580293655395508,-0.06449338980018944,-39.04862403869539,-0.0,-2.25,2.25
4.24,18.928735733032227,18.928735733032227,0.1681317538022995,0.1681317538022995,-0.007263920735567808,-0.007263920735567808,3.7850522994995117,-17.071264266967773,0.0,1.5707964,1.5688403844833374,6.0017619132995605,-0.03185683488845825,-0.02730586938560009,6.001846459370842,-0.005307863953301842,6.263561725616455,-0.0388064831495285,-0.16766712069511414,-0.0388064831495285,-0.16766712069511414,-0.01631571538746357,-16.125049591064453,-0.015025847591459751,-15.344077110290527,-0.0908555462956448,-36.99932098388751,-0.0,-2.25,2.25
4.26,19.04876136779785,19.04876136779785,0.16722574830055237,0.16722574830055237,-0.00797038059681654,-0.00797038059681654,3.7859582901000977,-16.95123863220215,0.0,1.5707964,1.5682868957519531,6.000916481018066,-0.032770756632089615,-0.028166012838482857,6.0010059602240435,-0.005460904343137201,6.261850833892822,-0.04106540605425835,-0.17146392166614532,-0.04106540605425835,-0.17146392166614532,-0.018132826313376427,-16.865036010742188,-0.01631571538746357,-16.125049591064453,-0.1149671152234051,-33.50849151611251,-0.0,-2.25,2.25
4.28,19.16876983642578,19.16876983642578,0.1662297397851944,0.1662297397851944,-0.008785773999989033,-0.008785773999989033,3.786954402923584,-16.83123016357422,0.0,1.5707964,1.567711353302002,6.000027656555176,-0.03420493006706238,-0.029609082266688347,6.000125153417042,-0.0057007336448080025,6.2600321769714355,-0.04331028461456299,-0.17774371802806854,-0.04331028461456299,-0.17774371802806854,-0.02043216861784458,-17.535205841064453,-0.018132826313376427,-16.865036010742188,-0.13625612482428842,-30.426597595215494,-0.0,-2.25,2.25
4.3,19.288759231567383,19.288759231567383,0.16512958705425262,0.16512958705425262,-0.009732569567859173,-0.009732569567859173,3.7880544662475586,-16.711240768432617,0.0,1.5707964,1.5671013593673706,5.999096393585205,-0.03622058033943176,-0.03170167654752731,5.999205736592732,-0.006037599306719729,6.258106231689453,-0.04553179070353508,-0.18687182664871216,-0.04553179070353508,-0.18687182664871216,-0.023157291114330292,-18.14373779296875,-0.02043216861784458,-17.535205841064453,-0.15543103218078255,-29.300117492675106,-0.0,-2.25,2.25
4.32,19.408729553222656,19.408729553222656,0.16390874981880188,0.16390874981880188,-0.010828173719346523,-0.010828173719346523,3.7892754077911377,-16.591270446777344,0.0,1.5707964,1.566443920135498,5.998123645782471,-0.038842588663101196,-0.03446856141090393,5.998249412686075,-0.006475699402820816,6.256066799163818,-0.04773874208331108,-0.19905079901218414,-0.04773874208331108,-0.19905079901218414,-0.026265911757946014,-18.729740142822266,-0.023157291114330292,-18.14373779296875,-0.17698258161545177,-69.68059539795071,-0.0,-2.25,2.25
4.34,19.5286808013916,19.5286808013916,0.1625487059354782,0.1625487059354782,-0.012086696922779083,-0.012086696922779083,3.790635347366333,-16.47132110595703,0.0,1.5707964,1.565725326538086,5.997109889984131,-0.04207441210746765,-0.03790966793894768,5.997257480607254,-0.007015666309632535,6.253891468048096,-0.04997849836945534,-0.21438069641590118,-0.04997849836945534,-0.21438069641590118,-0.029805563390254974,-20.12335205078125,-0.026265911757946014,-18.729740142822266,-0.1972703263163521,-114.70813751220439,-0.0,-2.25,2.25
4.36,19.64860725402832,19.64860725402832,0.1610291451215744,0.1610291451215744,-0.01352570578455925,-0.01352570578455925,3.7921550273895264,-16.35139274597168,0.0,1.5707964,1.5649319887161255,5.996041297912598,-0.045938897877931595,-0.042047444730997086,5.9962172766346304,-0.007661388034016124,6.251204967498779,-0.052623532712459564,-0.23304089903831482,-0.052623532712459564,-0.23304089903831482,-0.03375096991658211,-22.41751480102539,-0.029805563390254974,-20.12335205078125,-0.21627284586430057,-163.26036453247417,-0.0,-2.25,2.25
4.38,19.768510818481445,19.768510818481445,0.15932776033878326,0.15932776033878326,-0.015160749666392803,-0.015160749666392803,3.793856382369995,-16.231489181518555,0.0,1.5707964,1.5640499591827393,5.9948859214782715,-0.05044465884566307,-0.04688896983861923,5.995098153920788,-0.008414416715565217,6.247727394104004,-0.056361421942710876,-0.25514212250709534,-0.056361421942710876,-0.25514212250709534,-0.03807642683386803,-25.682722091674805,-0.03375096991658211,-22.41751480102539,-0.23616943508386068,-205.56268692016127,-0.0,-2.25,2.25
4.4,19.88838768005371,19.88838768005371,0.15742047131061554,0.15742047131061554,-0.017005791887640953,-0.017005791887640953,3.7957637310028076,-16.111610412597656,0.0,1.5707964,1.5630652904510498,5.993597030639648,-0.05559033900499344,-0.05242916941642761,5.993854824024611,-0.009274688430707324,6.243238925933838,-0.061888840049505234,-0.280743271112442,-0.061888840049505234,-0.280743271112442,-0.04279981553554535,-29.793975830078125,-0.03807642683386803,-25.682722091674805,-0.25411359965801783,-243.10398101807158,-0.0,-2.25,2.25
4.42,20.00823402404785,20.00823402404785,0.15528149902820587,0.15528149902820587,-0.019076604396104813,-0.019076604396104813,3.797902822494507,-15.9917631149292,0.0,1.5707846,1.5619518756866455,5.992118835449219,-0.06138509139418602,-0.05867322161793709,5.992433250991685,-0.010243946397974029,6.237637519836426,-0.06976628303527832,-0.3099423944950104,-0.06976628303527832,-0.3099423944950104,-0.0478820875287056,-34.65605545043945,-0.04279981553554535,-29.793975830078125,-0.27241408824920027,-278.83644104003264,-0.00034308434,-2.25,2.25
4.44,20.128002166748047,20.128002166748047,0.15289105474948883,0.15289105474948883,-0.02110624499619007,-0.02110624499619007,3.8003089427948,-15.871943473815918,0.0,1.5704441,1.5606592893600464,5.9903950691223145,-0.0678228959441185,-0.0656074732542038,5.990779000211841,-0.011321456664368349,6.230877876281738,-0.08031532913446426,-0.34276148676872253,-0.08031532913446426,-0.34276148676872253,-0.05333036929368973,-40.232784271240234,-0.0478820875287056,-34.65605545043945,-0.29361229389906557,-316.5744781494208,-0.0053334236,-2.25,2.25
4.46,20.247642517089844,20.247642517089844,0.15027451515197754,0.15027451515197754,-0.022792654111981392,-0.022792654111981392,3.8030166625976562,-15.752164840698242,0.0,1.569514,1.5592290163040161,5.988368511199951,-0.07490472495555878,-0.07322494685649872,5.988836960859077,-0.012507717029850754,6.222925186157227,-0.0937119796872139,-0.379244327545166,-0.0937119796872139,-0.379244327545166,-0.059202615171670914,-46.564273834228516,-0.05333036929368973,-40.232784271240234,-0.31688492745160324,-355.04817962645666,-0.0103184385,-2.25,2.25
4.48,20.367149353027344,20.367149353027344,0.14747227728366852,0.14747227728366852,-0.02415652386844158,-0.02415652386844158,3.806061029434204,-15.632434844970703,0.0,1.567975,1.5576261281967163,5.985979080200195,-0.08265728503465652,-0.08154702186584473,5.986549738819821,-0.013807604569210723,6.2137131690979,-0.1101144328713417,-0.41954299807548523,-0.1101144328713417,-0.41954299807548523,-0.06554031372070312,-53.66523742675781,-0.059202615171670914,-46.564273834228516,-0.34154988825321925,-393.7297821045006,-0.01529789,-2.25,2.25
4.5,20.486520767211914,20.486520767211914,0.14452213048934937,0.14452213048934937,-0.0252213291823864,-0.0252213291823864,3.8094663619995117,-15.512765884399414,0.0,1.5658594,1.5558662414550781,5.983165264129639,-0.09111972153186798,-0.09060871601104736,5.983859070995869,-0.015228173371348228,6.2031660079956055,-0.1296958327293396,-0.46386244893074036,-0.1296958327293396,-0.46386244893074036,-0.07237131148576736,-61.539833068847656,-0.06554031372070312,-53.66523742675781,-0.3673296421766196,-434.01412963866187,-0.020271698,-2.25,2.25
4.5200000000000005,20.60575294494629,20.60575294494629,0.14145898818969727,0.14145898818969727,-0.026012105867266655,-0.026012105867266655,3.813278913497925,-15.393167495727539,0.0,1.5631417,1.553906798362732,5.979860782623291,-0.10033479332923889,-0.1004488468170166,5.980702471307903,-0.01677720985408339,6.191205024719238,-0.15263554453849792,-0.5124226808547974,-0.15263554453849792,-0.5124226808547974,-0.07971790432929993,-70.2201156616211,-0.07237131148576736,-61.539833068847656,-0.3934759646654213,-475.3787994384867,-0.025239706,-2.25,2.25
4.54,20.72484016418457,20.72484016418457,0.13831470906734467,0.13831470906734467,-0.02655494399368763,-0.02655494399368763,3.817530870437622,-15.273652076721191,0.0,1.5598388,1.5517464876174927,5.975997447967529,-0.11034557223320007,-0.11110637336969376,5.977016115372778,-0.018462697655560092,6.177733898162842,-0.17913103103637695,-0.5654436945915222,-0.17913103103637695,-0.5654436945915222,-0.08758742362260818,-79.72769165039062,-0.07971790432929993,-70.2201156616211,-0.41925460100172984,-517.1680450439334,-0.030201674,-2.25,2.25
4.5600000000000005,20.843778610229492,20.843778610229492,0.13511806726455688,0.13511806726455688,-0.026875939220190048,-0.026875939220190048,3.822253704071045,-15.154234886169434,0.0,1.5559624,1.5493782758712769,5.971503734588623,-0.12118889391422272,-0.12261323630809784,5.972733344141025,-0.02029174986084941,6.162649154663086,-0.20939500629901886,-0.623115599155426,-0.20939500629901886,-0.623115599155426,-0.09597251564264297,-90.07105255126953,-0.08758742362260818,-79.72769165039062,-0.4439990967512225,-558.6132049560666,-0.035157442,-2.25,2.25
4.58,20.962560653686523,20.962560653686523,0.13189472258090973,0.13189472258090973,-0.027000227943062782,-0.027000227943062782,3.827519416809082,-15.034928321838379,0.0,1.5514812,1.5467509031295776,5.966304302215576,-0.1328905075788498,-0.13498888909816742,5.967784087384585,-0.022269822544758535,6.145846843719482,-0.24363228678703308,-0.685574471950531,-0.24363228678703308,-0.685574471950531,-0.10485249757766724,-101.24331665039062,-0.09597251564264297,-90.07105255126953,-0.46715848147868033,-598.9124298095564,-0.040106695,-2.25,2.25
4.6000000000000005,21.081174850463867,21.081174850463867,0.1286674439907074,0.1286674439907074,-0.026951245963573456,-0.026951245963573456,3.833340883255005,-14.915754318237305,0.0,1.5464344,1.5438834428787231,5.960322856903076,-0.14546196162700653,-0.14823687076568604,5.962097595712572,-0.024400203827758506,6.127229690551758,-0.2820203900337219,-0.752886176109314,-0.2820203900337219,-0.752886176109314,-0.11419566720724106,-113.22156524658203,-0.10485249757766724,-101.24331665039062,-0.48369094729424555,-598.9192962646612,-0.045048952,-2.25,2.25
4.62,21.19961166381836,21.19961166381836,0.125456303358078,0.125456303358078,-0.026750201359391212,-0.026750201359391212,3.8397796154022217,-14.796735763549805,0.0,1.5408094,1.5407429933547974,5.9534831047058105,-0.15889911353588104,-0.16234317421913147,5.955603244533674,-0.026683774125946837,6.1067118644714355,-0.3246844708919525,-0.8250367045402527,-0.3246844708919525,-0.8250367045402527,-0.12386948615312576,-125.199951171875,-0.11419566720724106,-113.22156524658203,-0.4979822784662353,-588.1111145019656,-0.049983818,-2.25,2.25
4.64,21.317859649658203,21.317859649658203,0.12227928638458252,0.12227928638458252,-0.026408769190311432,-0.026408769190311432,3.8468949794769287,-14.677888870239258,0.0,1.534601,1.5373045206069946,5.945723533630371,-0.1731431484222412,-0.1772315800189972,5.948244017204707,-0.029112391440880018,6.084554672241211,-0.3712671399116516,-0.9017518758773804,-0.3712671399116516,-0.9017518758773804,-0.13382913172245026,-136.96217346191406,-0.12386948615312576,-125.199951171875,-0.5111679434776188,-576.814270019518,-0.05491082,-2.25,2.25
4.66,21.43590545654297,21.43590545654297,0.11915302276611328,0.11915302276611328,-0.02593664638698101,-0.02593664638698101,3.854706287384033,-14.559243202209473,0.0,1.5278358,1.533576488494873,5.937005519866943,-0.18813073635101318,-0.19282017648220062,5.939985498037056,-0.031677215924127644,6.0609941482543945,-0.42110002040863037,-0.9827157258987427,-0.42110002040863037,-0.9827157258987427,-0.14405249059200287,-148.4984588623047,-0.13382913172245026,-136.96217346191406,-0.5231782793998829,-565.3739929199339,-0.059829395,-2.25,2.25
4.68,21.553733825683594,21.553733825683594,0.11609292775392532,0.11609292775392532,-0.02534322254359722,-0.02534322254359722,3.863295316696167,-14.44082260131836,0.0,1.5204936,1.529520869255066,5.92730188369751,-0.2038038820028305,-0.20903357863426208,5.9308046370457586,-0.03437038081342417,6.036164283752441,-0.4735259413719177,-1.0676161050796509,-0.4735259413719177,-1.0676161050796509,-0.1545160561800003,-159.80593872070312,-0.14405249059200287,-148.4984588623047,-0.5339920520782347,-554.0054321288934,-0.06473891,-2.25,2.25
4.7,21.67133140563965,21.67133140563965,0.11311327666044235,0.11311327666044235,-0.024637341499328613,-0.024637341499328613,3.8726966381073,-14.322653770446777,0.0,1.512589,1.525136113166809,5.916597366333008,-0.22010786831378937,-0.22580060362815857,5.920690151409067,-0.03718461776777493,6.010142803192139,-0.5280182957649231,-1.15613853931427,-0.5280182957649231,-1.15613853931427,-0.16519589722156525,-170.88604736328125,-0.1545160561800003,-159.80593872070312,-0.5436263978481408,-542.7894592285272,-0.06963881,-2.25,2.25
4.72,21.788681030273438,21.788681030273438,0.11022719740867615,0.11022719740867615,-0.023827260360121727,-0.023827260360121727,3.8829357624053955,-14.204771995544434,0.0,1.5041392,1.5204250812530518,5.904881954193115,-0.23699061572551727,-0.24305297434329987,5.909635813220428,-0.040113162762359246,5.982967376708984,-0.5841886401176453,-1.2479649782180786,-0.5841886401176453,-1.2479649782180786,-0.17606842517852783,-181.74183654785156,-0.16519589722156525,-170.88604736328125,-0.552131235599505,-531.7543029785033,-0.074528374,-2.25,2.25
4.74,21.9057674407959,21.9057674407959,0.10744677484035492,0.10744677484035492,-0.02292076125741005,-0.02292076125741005,3.8941118717193604,-14.087200164794922,0.0,1.4951204,1.5153493881225586,5.892148494720459,-0.2544028162956238,-0.260724812746048,5.897638059153487,-0.043149779025879416,5.954653739929199,-0.6417540907859802,-1.342776894569397,-0.6417540907859802,-1.342776894569397,-0.1871110498905182,-192.37692260742188,-0.17606842517852783,-181.74183654785156,-0.5592279136180996,-536.4906311035271,-0.07940698,-2.25,2.25
4.76,22.022573471069336,22.022573471069336,0.1047830879688263,0.1047830879688263,-0.021925238892436028,-0.021925238892436028,3.9062345027923584,-13.969976425170898,0.0,1.4855589,1.5099225044250488,5.878393650054932,-0.2722984850406647,-0.27875232696533203,5.884696965006914,-0.0462888320848309,5.925198554992676,-0.700506329536438,-1.4402581453323364,-0.700506329536438,-1.4402581453323364,-0.19829560816287994,-203.1067352294922,-0.1871110498905182,-192.37692260742188,-0.5650855600833762,-559.2811584472527,-0.0842739,-2.25,2.25
4.78,22.13908576965332,22.13908576965332,0.1022462397813797,0.1022462397813797,-0.020847352221608162,-0.020847352221608162,3.919334650039673,-13.853124618530273,0.0,1.4754665,1.5041440725326538,5.863614559173584,-0.29063254594802856,-0.29707059264183044,5.870812803634319,-0.04952489478981304,5.894453048706055,-0.7603678107261658,-1.5400848388671875,-0.7603678107261658,-1.5400848388671875,-0.20959731936454773,-214.2923583984375,-0.19829560816287994,-203.1067352294922,-0.5702435970306517,-579.459381103528,-0.089128576,-2.25,2.25
4.8,22.255285263061523,22.255285263061523,0.09984546154737473,0.09984546154737473,-0.019693538546562195,-0.019693538546562195,3.933518171310425,-13.736686706542969,0.0,1.4648213,1.4979809522628784,5.847799777984619,-0.30936339497566223,-0.3156156539916992,5.855977113475413,-0.052853258930312265,5.862152099609375,-0.8215072154998779,-1.6419379711151123,-0.8215072154998779,-1.6419379711151123,-0.22100219130516052,-225.8815460205078,-0.20959731936454773,-214.2923583984375,-0.5747593939304219,-596.8032836913925,-0.09397022,-2.25,2.25
4.82,22.371156692504883,22.371156692504883,0.09758904576301575,0.09758904576301575,-0.01847102865576744,-0.01847102865576744,3.9487831592559814,-13.620692253112793,0.0,1.4536507,1.491450548171997,5.830929756164551,-0.32845833897590637,-0.3343299925327301,5.840173516409251,-0.05627088668112792,5.828132152557373,-0.8842321038246155,-1.7455267906188965,-0.8842321038246155,-1.7455267906188965,-0.23249737918376923,-237.81761169433594,-0.22100219130516052,-225.8815460205078,-0.578366965055478,-598.3154296875127,-0.09879819,-2.25,2.25
4.84,22.486682891845703,22.486682891845703,0.09548429399728775,0.09548429399728775,-0.01718774437904358,-0.01718774437904358,3.965158700942993,-13.50517463684082,0.0,1.4419665,1.4845548868179321,5.8129801750183105,-0.34789183735847473,-0.35316166281700134,5.8233810836709425,-0.059776116146005163,5.792295455932617,-0.9488029479980469,-1.8505820035934448,-0.9488029479980469,-1.8505820035934448,-0.24406471848487854,-249.78392028808594,-0.23249737918376923,-237.81761169433594,-0.5799368023872241,-625.4112243652199,-0.10361179,-2.25,2.25
4.86,22.601839065551758,22.601839065551758,0.09353745728731155,0.09353745728731155,-0.01585135981440544,-0.01585135981440544,3.9827377796173096,-13.39018440246582,0.0,1.4297554,1.477271556854248,5.793928146362305,-0.3676398694515228,-0.372061163187027,5.805580284417714,-0.06336765788705036,5.75471305847168,-1.0153043270111084,-1.9568324089050293,-1.0153043270111084,-1.9568324089050293,-0.2556634545326233,-262.2921447753906,-0.24406471848487854,-249.78392028808594,-0.5805626511573915,-669.2443847656392,-0.10840996,-2.25,2.25
4.88,22.716609954833984,22.716609954833984,0.09175387769937515,0.09175387769937515,-0.014467224478721619,-0.014467224478721619,4.0015387535095215,-13.2757568359375,0.0,1.4170339,1.4696091413497925,5.773753643035889,-0.38766786456108093,-0.39097076654434204,5.786753623896869,-0.06704249919349646,5.715212821960449,-1.0837334394454956,-2.0639514923095703,-1.0837334394454956,-2.0639514923095703,-0.2672747075557709,-275.6770324707031,-0.2556634545326233,-262.2921447753906,-0.5808979272842273,-696.7590332031089,-0.11319208,-2.25,2.25
4.9,22.830974578857422,22.830974578857422,0.09013815969228745,0.09013815969228745,-0.013040512800216675,-0.013040512800216675,4.021570682525635,-13.161930084228516,0.0,1.4038206,1.4615780115127563,5.752425193786621,-0.4079427719116211,-0.4098376929759979,5.766872021751999,-0.07079813172344451,5.673543930053711,-1.154350757598877,-2.1716132164001465,-1.154350757598877,-2.1716132164001465,-0.2788926661014557,-289.6122131347656,-0.2672747075557709,-275.6770324707031,-0.5810797214508181,-726.1840820312655,-0.11795727,-2.25,2.25
4.92,22.94491195678711,22.94491195678711,0.08869412541389465,0.08869412541389465,-0.011577211320400238,-0.011577211320400238,4.04288911819458,-13.048749923706055,0.0,1.3901161,1.4531720876693726,5.729903697967529,-0.428437739610672,-0.42862001061439514,5.745898997085197,-0.07463335874143513,5.629688262939453,-1.2274693250656128,-2.279515504837036,-1.2274693250656128,-2.279515504837036,-0.2905142605304718,-304.1358947753906,-0.2788926661014557,-289.6122131347656,-0.5809992551803455,-759.0774536132637,-0.12270466,-2.25,2.25
4.94,23.05840301513672,23.05840301513672,0.08742447197437286,0.08742447197437286,-0.010129600763320923,-0.010129600763320923,4.065572738647461,-12.936273574829102,0.0,1.375996,1.4444141387939453,5.70614767074585,-0.44912993907928467,-0.44728538393974304,5.72379585087865,-0.07854789402657708,5.583618640899658,-1.3032662868499756,-2.3873744010925293,-1.3032662868499756,-2.3873744010925293,-0.302134245634079,-319.31744384765625,-0.2905142605304718,-304.1358947753906,-0.5805581808090333,-780.3848266601728,-0.125,-2.25,2.25
4.96,23.171457290649414,23.171457290649414,0.08630936592817307,0.08630936592817307,-0.009096063673496246,-0.009096063673496246,4.08958101272583,-12.82453727722168,0.0,1.3618642,1.435309648513794,5.681117057800293,-0.4699971079826355,-0.46580711007118225,5.700525265792749,-0.0825417313392461,5.53528356552124,-1.3818422555923462,-2.4949116706848145,-1.3818422555923462,-2.4949116706848145,-0.3137454092502594,-334.9251403808594,-0.302134245634079,-319.31744384765625,-0.5799502134322986,-775.3265380859197,-0.125,-2.25,2.25
4.98,23.2840576171875,23.2840576171875,0.08529352396726608,0.08529352396726608,-0.008567549288272858,-0.008567549288272858,4.1149444580078125,-12.71358871459961,0.0,1.3477892,1.425836205482483,5.654771327972412,-0.4910150468349457,-0.484161376953125,5.676049202383397,-0.08661474008158379,5.484749794006348,-1.4631789922714233,-2.6018447875976562,-1.4631789922714233,-2.6018447875976562,-0.32534441351890564,-350.4316711425781,-0.3137454092502594,-334.9251403808594,-0.5787804722786073,-752.6519775390785,-0.125,-2.25,2.25
5.0,23.39617919921875,23.39617919921875,0.08431915938854218,0.08431915938854218,-0.008543379604816437,-0.008543379604816437,4.141719818115234,-12.603485107421875,0.0,1.3337739,1.41599702835083,5.62708044052124,-0.5121576189994812,-0.5023286938667297,5.650339787198282,-0.09076649453804354,5.432295322418213,-1.547009825706482,-2.7078895568847656,-1.547009825706482,-2.7078895568847656,-0.33692002296447754,-365.4847106933594,-0.32534441351890564,-350.4316711425781,-0.5771636962890492,-719.1101074218584,-0.125,-2.25,2.25
5.0200000000000005,23.507797241210938,23.507797241210938,0.08332937210798264,0.08332937210798264,-0.009020857512950897,-0.009020857512950897,4.169948101043701,-12.494284629821777,0.0,1.3198217,1.405795931816101,5.598031520843506,-0.5333908200263977,-0.5202885866165161,5.623385339388178,-0.09499507122898111,5.378271102905273,-1.6327438354492188,-2.812737464904785,-1.6327438354492188,-2.812737464904785,-0.3484632968902588,-379.8669128417969,-0.33692002296447754,-365.4847106933594,-0.5752488970756653,-681.790161132827,-0.125,-2.25,2.25
5.04,23.618881225585938,23.618881225585938,0.08226846158504486,0.08226846158504486,-0.009995445609092712,-0.009995445609092712,4.1996049880981445,-12.38603687286377,0.0,1.3059362,1.395237922668457,5.567628860473633,-0.5546741485595703,-0.538020670413971,5.595190304096833,-0.0992971956834796,5.323026180267334,-1.7196292877197266,-2.916063070297241,-1.7196292877197266,-2.916063070297241,-0.35996827483177185,-393.5027160644531,-0.3484632968902588,-379.8669128417969,-0.5729869008064138,-324.86419677733625,-0.125,-2.25,2.25
5.0600000000000005,23.729412078857422,23.729412078857422,0.08108217269182205,0.08108217269182205,-0.011461101472377777,-0.011461101472377777,4.230711460113525,-12.278791427612305,0.0,1.2921197,1.3843271732330322,5.535892486572266,-0.5759625434875488,-0.5555055737495422,5.565773843266353,-0.10366851314174157,5.266850471496582,-1.8069144487380981,-3.017535448074341,-1.8069144487380981,-3.017535448074341,-0.3714280128479004,-400.0,-0.35996827483177185,-393.5027160644531,-0.5704194307327393,0.0,-0.125,-2.25,2.25
5.08,23.839365005493164,23.839365005493164,0.0797179713845253,0.0797179713845253,-0.013407930731773376,-0.013407930731773376,4.263281345367432,-12.172608375549316,0.0,1.2783757,1.373068928718567,5.502908229827881,-0.5971999168395996,-0.5727280974388123,5.535218760499051,-0.10810135373860613,5.21284818649292,-1.8922643661499023,-3.1167938709259033,-1.8922643661499023,-3.1167938709259033,-0.38283640146255493,-400.0,-0.3714280128479004,-400.0,-0.5673840641975272,0.0,-0.125,-2.25,2.25
5.1000000000000005,23.9487247467041,23.9487247467041,0.0781257152557373,0.0781257152557373,-0.015818947926163673,-0.015818947926163673,4.297373294830322,-12.067554473876953,0.0,1.2647058,1.3614685535430908,5.468878746032715,-0.6183100342750549,-0.5896735191345215,5.5037207448501215,-0.11258167687169743,5.162954807281494,-1.9717072248458862,-3.2134172916412354,-1.9717072248458862,-3.2134172916412354,-0.39418408274650574,-400.0,-0.38283640146255493,-400.0,-0.29079616069794323,0.0,-0.125,-2.25,2.25
5.12,24.057472229003906,24.057472229003906,0.07625825703144073,0.07625825703144073,-0.018674006685614586,-0.018674006685614586,4.33296012878418,-11.963666915893555,0.0,1.2511123,1.3495312929153442,5.434012413024902,-0.6392098069190979,-0.6063171625137329,5.471478783854533,-0.1170931759048792,5.115691661834717,-2.0433156490325928,-3.306993007659912,-2.0433156490325928,-3.306993007659912,-0.4000000059604645,-400.0,-0.39418408274650574,-400.0,0.0,0.0,-0.125,-2.25,2.25
5.14,24.16560173034668,24.16560173034668,0.07409197092056274,0.07409197092056274,-0.021495109423995018,-0.021495109423995018,4.370016574859619,-11.860983848571777,0.0,1.2375962,1.3372862339019775,5.399670124053955,-0.6575829386711121,-0.6200537085533142,5.439563656198187,-0.12118531430783855,5.070565223693848,-2.0766499042510986,-3.387049913406372,-2.0766499042510986,-3.387049913406372,-0.4000000059604645,-400.0,-0.4000000059604645,-400.0,0.0,0.0,-0.125,-2.25,2.25
5.16,24.273134231567383,24.273134231567383,0.07165379822254181,0.07165379822254181,-0.023838140070438385,-0.023838140070438385,4.4084906578063965,-11.75949478149414,0.0,1.2241546,1.3248087167739868,5.366917610168457,-0.6716129779815674,-0.6287540793418884,5.408776999149583,-0.12449227113034922,5.028107166290283,-2.0625247955322266,-3.4451301097869873,-2.0625247955322266,-3.4451301097869873,-0.4000000059604645,-400.0,-0.4000000059604645,-400.0,0.0,0.0,-0.125,-2.25,2.25
5.18,24.380090713500977,24.380090713500977,0.06899292767047882,0.06899292767047882,-0.02582211047410965,-0.02582211047410965,4.448313236236572,-11.659180641174316,0.0,1.210785,1.3121892213821411,5.335227966308594,-0.6824682354927063,-0.6336554884910583,5.378700618638098,-0.12722642561979805,4.988792419433594,-2.0355281829833984,-3.4860775470733643,-2.0355281829833984,-3.4860775470733643,-0.4000000059604645,-400.0,-0.4000000059604645,-400.0,0.0,0.0,-0.125,-2.25,2.25
5.2,24.486486434936523,24.486486434936523,0.06614577770233154,0.06614577770233154,-0.027546823024749756,-0.027546823024749756,4.489422798156738,-11.560035705566406,0.0,1.1974854,1.2994953393936157,5.304251670837402,-0.6910728812217712,-0.6357789039611816,5.349080997212655,-0.12955682427173368,4.95247745513916,-2.008892774581909,-3.5138111114501953,-2.008892774581909,-3.5138111114501953,-0.4000000059604645,-400.0,-0.4000000059604645,-400.0,0.0,0.0,-0.125,-2.25,2.25
5.22,24.59233283996582,24.59233283996582,0.06313862651586533,0.06313862651586533,-0.029087334871292114,-0.029087334871292114,4.531776428222656,-11.462055206298828,0.0,1.1842548,1.2867761850357056,5.273765563964844,-0.6981086730957031,-0.6359036564826965,5.319770572413144,-0.1316086942521867,4.918773651123047,-1.9865189790725708,-3.5313010215759277,-1.9865189790725708,-3.5313010215759277,-0.4000000059604645,-400.0,-0.4000000059604645,-400.0,0.0,0.0,-0.125,-2.25,2.25
5.24,24.697633743286133,24.697633743286133,0.059990376234054565,0.059990376234054565,-0.03049694560468197,-0.03049694560468197,4.575345993041992,-11.365250587463379,0.0,1.1710922,1.2740665674209595,5.243630886077881,-0.704060435295105,-0.6346011757850647,5.290686719696965,-0.13347137191053937,4.887228488922119,-1.9686393737792969,-3.5407369136810303,-1.9686393737792969,-3.5407369136810303,-0.4000000059604645,-400.0,-0.4000000059604645,-400.0,0.0,0.0,-0.125,-2.25,2.25
5.26,24.802396774291992,24.802396774291992,0.056714802980422974,0.056714802980422974,-0.031812213361263275,-0.031812213361263275,4.620063781738281,-11.269611358642578,0.0,1.1579968,1.2613917589187622,5.213762283325195,-0.7092652916908264,-0.6322819590568542,5.261784336232494,-0.13520716061712984,4.857416152954102,-1.95432710647583,-3.5437183380126953,-1.95432710647583,-3.5437183380126953,-0.4000000059604645,-400.0,-0.4000000059604645,-400.0,0.0,0.0,-0.125,-2.25,2.25
5.28,24.906625747680664,24.906625747680664,0.05332217738032341,0.05332217738032341,-0.03305749595165253,-0.03305749595165253,4.665894985198975,-11.175142288208008,0.0,1.1449682,1.2487695217132568,5.184108734130859,-0.7139543294906616,-0.6292380690574646,5.233040622037088,-0.1368588608408664,4.828967094421387,-1.9425028562545776,-3.5414183139801025,-1.9425028562545776,-3.5414183139801025,-0.4000000059604645,-400.0,-0.4000000059604645,-400.0,0.0,0.0,-0.125,-2.25,2.25
5.3,25.01032829284668,25.01032829284668,0.04982047528028488,0.04982047528028488,-0.03424856439232826,-0.03424856439232826,4.712805271148682,-11.081843376159668,0.0,1.1320053,1.2362122535705566,5.15463924407959,-0.7182835936546326,-0.6256763935089111,5.20444397198383,-0.13845545192305128,4.801576137542725,-1.932274580001831,-3.5347039699554443,-1.932274580001831,-3.5347039699554443,-0.4000000059604645,-400.0,-0.4000000059604645,-400.0,0.0,0.0,-0.125,-2.25,2.25
5.32,25.113506317138672,25.113506317138672,0.04621618613600731,0.04621618613600731,-0.03539515659213066,-0.03539515659213066,4.7607622146606445,-10.989718437194824,0.0,1.1191081,1.2237292528152466,5.125336647033691,-0.7223572731018066,-0.6217435002326965,5.17599031832843,-0.14001628431922017,4.775001525878906,-1.92300283908844,-3.524228811264038,-1.92300283908844,-3.524228811264038,-0.4000000059604645,-400.0,-0.4000000059604645,-400.0,0.0,0.0,-0.125,-2.25,2.25
5.34,25.21615982055664,25.21615982055664,0.042514875531196594,0.042514875531196594,-0.03650303930044174,-0.03650303930044174,4.809731960296631,-10.898777961730957,0.0,1.1062764,1.2113274335861206,5.096189498901367,-0.726243793964386,-0.6175436973571777,5.147676899047215,-0.14155411262536802,4.749050617218018,-1.9142645597457886,-3.5104942321777344,-1.9142645597457886,-3.5104942321777344,-0.4000000059604645,-400.0,-0.4000000059604645,-400.0,0.0,0.0,-0.125,-2.25,2.25
5.36,25.318294525146484,25.318294525146484,0.038721561431884766,0.038721561431884766,-0.037575215101242065,-0.037575215101242065,4.859683990478516,-10.809019088745117,0.0,1.0935096,1.1990114450454712,5.067192077636719,-0.7299870848655701,-0.6131517291069031,5.119503559500165,-0.14307708513629305,4.723577499389648,-1.905801773071289,-3.4938952922821045,-1.905801773071289,-3.4938952922821045,-0.4000000059604645,-400.0,-0.4000000059604645,-400.0,0.0,0.0,-0.125,-2.25,2.25
5.38,25.41991424560547,25.41991424560547,0.034840963780879974,0.034840963780879974,-0.038612913340330124,-0.038612913340330124,4.910589694976807,-10.720444679260254,0.0,1.0808072,1.186784267425537,5.038338661193848,-0.7336142659187317,-0.6086214780807495,5.091467996171644,-0.1445902662726167,4.698468208312988,-1.8974635601043701,-3.4747517108917236,-1.8974635601043701,-3.4747517108917236,-0.4000000059604645,-400.0,-0.4000000059604645,-400.0,0.0,0.0,-0.125,-2.25,2.25
5.4,25.52102279663086,25.52102279663086,0.03087765723466873,0.03087765723466873,-0.039616167545318604,-0.039616167545318604,4.962417125701904,-10.633058547973633,0.0,1.0681684,1.1746487617492676,5.009627342224121,-0.7371411323547363,-0.6039924025535583,5.063570198680841,-0.14609651455376238,4.673635482788086,-1.8891730308532715,-3.4533278942108154,-1.8891730308532715,-3.4533278942108154,-0.4000000059604645,-400.0,-0.4000000059604645,-400.0,0.0,0.0,-0.125,-2.25,2.25
5.42,25.62162208557129,25.62162208557129,0.026836179196834564,0.026836179196834564,-0.040584344416856766,-0.040584344416856766,5.015137672424316,-10.546859741210938,0.0,1.0555938,1.1626063585281372,4.981054782867432,-0.7405762076377869,-0.5992936491966248,5.035807767304634,-0.1475973663848156,4.649013519287109,-1.8808966875076294,-3.429849147796631,-1.8808966875076294,-3.429849147796631,-0.4000000059604645,-400.0,-0.4000000059604645,-400.0,0.0,0.0,-0.125,-2.25,2.25
5.44,25.721717834472656,25.721717834472656,0.02272108756005764,0.02272108756005764,-0.04151638224720955,-0.04151638224720955,5.068722248077393,-10.4618501663208,0.0,1.0430815,1.150658369064331,4.95261812210083,-0.7439227104187012,-0.5945470333099365,5.008178038212924,-0.14909333427699287,4.624551773071289,-1.8726249933242798,-3.404510974884033,-1.8726249933242798,-3.404510974884033,-0.4000000059604645,-400.0,-0.4000000059604645,-400.0,0.0,0.0,-0.125,-2.25,2.25
5.46,25.821311950683594,25.821311950683594,0.018536999821662903,0.018536999821662903,-0.04241088405251503,-0.04241088405251503,5.123140335083008,-10.37802791595459,0.0,1.0306325,1.1388055086135864,4.924315452575684,-0.7471806406974792,-0.5897690653800964,4.980678827861595,-0.15058427833589458,4.600211143493652,-1.864363193511963,-3.37748646736145,-1.864363193511963,-3.37748646736145,-0.4000000059604645,-400.0,-0.4000000059604645,-400.0,0.0,0.0,-0.125,-2.25,2.25
5.48,25.920406341552734,25.920406341552734,0.01428859494626522,0.01428859494626522,-0.04326649755239487,-0.04326649755239487,5.178361892700195,-10.295395851135254,0.0,1.0182457,1.1270489692687988,4.896143913269043,-0.7503480911254883,-0.5849727392196655,4.953306721504046,-0.15206970738220343,4.575963497161865,-1.856123447418213,-3.348931074142456,-1.856123447418213,-3.348931074142456,-0.4000000059604645,-400.0,-0.4000000059604645,-400.0,0.0,0.0,-0.125,-2.25,2.25
5.5,26.019004821777344,26.019004821777344,0.00998063012957573,0.00998063012957573,-0.04408179223537445,-0.04408179223537445,5.23436164855957,-10.213947296142578,0.0,1.0059206,1.1153876781463623,4.868100166320801,-0.7534217834472656,-0.5801680088043213,4.926057613660793,-0.15354886391453065,4.551787376403809,-1.8479191064834595,-3.3189871311187744,-1.8479191064834595,-3.3189871311187744,-0.4000000059604645,-400.0,-0.4000000059604645,-400.0,0.0,0.0,-0.125,-2.25,2.25
5.5200000000000005,26.117111206054688,26.117111206054688,0.005617931485176086,0.005617931485176086,-0.044855400919914246,-0.044855400919914246,5.29110860824585,-10.133683204650879,0.0,0.9936573,1.1038227081298828,4.840181350708008,-0.7563977241516113,-0.5753629207611084,4.898927742357845,-0.15502082002615947,4.5276641845703125,-1.8397632837295532,-3.2877843379974365,-1.8397632837295532,-3.2877843379974365,-0.4000000059604645,-400.0,-0.4000000059604645,-400.0,0.0,0.0,-0.125,-2.25,2.25
5.54,26.214725494384766,26.214725494384766,0.0012053833343088627,0.0012053833343088627,-0.04558609798550606,-0.04558609798550606,5.34857177734375,-10.054603576660156,0.0,0.98145574,1.0923542976379395,4.812384128570557,-0.7592717409133911,-0.5705642104148865,4.871912825314863,-0.15648461155482998,4.503581523895264,-1.8316704034805298,-3.255443572998047,-1.8316704034805298,-3.255443572998047,-0.4000000059604645,-400.0,-0.4000000059604645,-400.0,0.0,0.0,-0.125,-2.25,2.25
5.5600000000000005,26.311853408813477,26.311853408813477,-0.0032520825043320656,-0.0032520825043320656,-0.04627270996570587,-0.04627270996570587,5.406729221343994,-9.976699829101562,0.0,0.9693145,1.0809810161590576,4.784705638885498,-0.7620394825935364,-0.5657772421836853,4.8450090014172424,-0.1579392070473379,4.47952938079834,-1.8236513137817383,-3.222076654434204,-1.8236513137817383,-3.222076654434204,-0.4000000059604645,-400.0,-0.4000000059604645,-400.0,0.0,0.0,-0.125,-2.25,2.25
5.58,26.40849494934082,26.40849494934082,-0.007749498821794987,-0.007749498821794987,-0.046914175152778625,-0.046914175152778625,5.465548038482666,-9.899971961975098,0.0,0.9572346,1.0697036981582642,4.757142543792725,-0.7646967172622681,-0.5610066652297974,4.818211935080731,-0.15938359787315506,4.455500602722168,-1.815717339515686,-3.187788486480713,-1.815717339515686,-3.187788486480713,-0.4000000059604645,-400.0,-0.4000000059604645,-400.0,0.0,0.0,-0.125,-2.25,2.25
5.6000000000000005,26.504653930664062,26.504653930664062,-0.012281875126063824,-0.012281875126063824,-0.04750968515872955,-0.04750968515872955,5.525001049041748,-9.82441520690918,0.0,0.9452146,1.0585217475891113,4.729691028594971,-0.7672393918037415,-0.5562564134597778,4.7915168277182465,-0.16081681198874131,4.431488990783691,-1.8078771829605103,-3.152676582336426,-1.8078771829605103,-3.152676582336426,-0.4000000059604645,-400.0,-0.4000000059604645,-400.0,0.0,0.0,-0.125,-2.25,2.25
5.62,26.600330352783203,26.600330352783203,-0.016844220459461212,-0.016844220459461212,-0.04805845394730568,-0.04805845394730568,5.5850629806518555,-9.75002384185791,0.0,0.9332549,1.0474343299865723,4.7023468017578125,-0.7696637511253357,-0.5515298843383789,4.764918439364755,-0.1622379404472062,4.407490253448486,-1.8001365661621094,-3.1168315410614014,-1.8001365661621094,-3.1168315410614014,-0.4000000059604645,-400.0,-0.4000000059604645,-400.0,0.0,0.0,-0.125,-2.25,2.25
5.64,26.695526123046875,26.695526123046875,-0.021431541070342064,-0.021431541070342064,-0.048559755086898804,-0.048559755086898804,5.6457037925720215,-9.67679500579834,0.0,0.92135537,1.0364415645599365,4.675107955932617,-0.7719661593437195,-0.5468300580978394,4.7384138855524585,-0.1636460042903558,4.383502006530762,-1.7925024032592773,-3.080338954925537,-1.7925024032592773,-3.080338954925537,-0.4000000059604645,-400.0,-0.4000000059604645,-400.0,0.0,0.0,-0.125,-2.25,2.25
5.66,26.790245056152344,26.790245056152344,-0.026038864627480507,-0.026038864627480507,-0.04901309311389923,-0.04901309311389923,5.706899166107178,-9.604723930358887,0.0,0.90951574,1.0255428552627563,4.647969722747803,-0.7741433382034302,-0.5421594977378845,4.711997501237138,-0.16504018192676334,4.35952091217041,-1.7849797010421753,-3.0432794094085693,-1.7849797010421753,-3.0432794094085693,-0.4000000059604645,-400.0,-0.4000000059604645,-400.0,0.0,0.0,-0.125,-2.25,2.25
5.68,26.88448715209961,26.88448715209961,-0.030661242082715034,-0.030661242082715034,-0.04941809922456741,-0.04941809922456741,5.768650531768799,-9.533821105957031,0.0,0.89773566,1.0147367715835571,4.6209282875061035,-0.776192307472229,-0.5375205874443054,4.68566459922743,-0.16641967033707902,4.335545539855957,-1.7775720357894897,-3.0057270526885986,-1.7775720357894897,-3.0057270526885986,-0.4000000059604645,-400.0,-0.4000000059604645,-400.0,0.0,0.0,-0.125,-2.25,2.25
5.7,26.978254318237305,26.978254318237305,-0.03529376536607742,-0.03529376536607742,-0.049774423241615295,-0.049774423241615295,5.830902576446533,-9.464066505432129,0.0,0.8860146,1.004023790359497,4.59398078918457,-0.7781103253364563,-0.5329155325889587,4.659411461739786,-0.16778367152258875,4.311574935913086,-1.7702823877334595,-2.9677515029907227,-1.7702823877334595,-2.9677515029907227,-0.4000000059604645,-400.0,-0.4000000059604645,-400.0,0.0,0.0,-0.125,-2.25,2.25
5.72,27.071552276611328,27.071552276611328,-0.039931584149599075,-0.039931584149599075,-0.05008189380168915,-0.05008189380168915,5.8936357498168945,-9.3954439163208,0.0,0.8743523,0.9934018850326538,4.567122936248779,-0.7798947095870972,-0.5283461809158325,4.633232961210953,-0.16913143979385542,4.2876081466674805,-1.763113260269165,-2.929417371749878,-1.763113260269165,-2.929417371749878,-0.4000000059604645,-400.0,-0.4000000059604645,-400.0,0.0,0.0,-0.125,-2.25,2.25
5.74,27.16437530517578,27.16437530517578,-0.04456990212202072,-0.04456990212202072,-0.050340354442596436,-0.050340354442596436,5.956818103790283,-9.327957153320312,0.0,0.86274946,0.982871413230896,4.540350914001465,-0.7815432548522949,-0.5238142609596252,4.60712451334659,-0.1704623043101585,4.263645648956299,-1.7560657262802124,-2.8907856941223145,-1.7560657262802124,-2.8907856941223145,-0.4000000059604645,-400.0,-0.4000000059604645,-400.0,0.0,0.0,-0.125,-2.25,2.25
5.76,27.256729125976562,27.256729125976562,-0.049203984439373016,-0.049203984439373016,-0.05054975301027298,-0.05054975301027298,6.020430088043213,-9.261590003967285,0.0,0.85120547,0.9724308848381042,4.5136613845825195,-0.7830537557601929,-0.5193214416503906,4.581081998729288,-0.17177556779994393,4.239686012268066,-1.7491401433944702,-2.851912260055542,-1.7491401433944702,-2.851912260055542,-0.4000000059604645,-400.0,-0.4000000059604645,-400.0,0.0,0.0,-0.125,-2.25,2.25
5.78,27.34861183166504,27.34861183166504,-0.05382916331291199,-0.05382916331291199,-0.05071012303233147,-0.05071012303233147,6.084442138671875,-9.196338653564453,0.0,0.83972,0.9620801210403442,4.487050533294678,-0.7844241261482239,-0.514869213104248,4.555100843891764,-0.1730705669053167,4.2157301902771,-1.742337703704834,-2.8128488063812256,-1.742337703704834,-2.8128488063812256,-0.4000000059604645,-400.0,-0.4000000059604645,-400.0,0.0,0.0,-0.125,-2.25,2.25
5.8,27.440025329589844,27.440025329589844,-0.058440856635570526,-0.058440856635570526,-0.05082157626748085,-0.05082157626748085,6.148832321166992,-9.132194519042969,0.0,0.82829297,0.95181804895401,4.460514545440674,-0.7856525182723999,-0.5104588866233826,4.529176513402363,-0.17434668138518444,4.19177770614624,-1.7356581687927246,-2.773643970489502,-1.7356581687927246,-2.773643970489502,-0.4000000059604645,-400.0,-0.4000000059604645,-400.0,0.0,0.0,-0.125,-2.25,2.25
5.82,27.530969619750977,27.530969619750977,-0.06303456425666809,-0.06303456425666809,-0.05088422819972038,-0.05088422819972038,6.213615417480469,-9.069188117980957,0.0,0.8169251,0.9416441917419434,4.4340500831604,-0.7867372035980225,-0.5060917139053345,4.503304960526212,-0.17560329063646704,4.1678290367126465,-1.7291007041931152,-2.7343413829803467,-1.7291007041931152,-2.7343413829803467,-0.4000000059604645,-400.0,-0.4000000059604645,-400.0,0.0,0.0,-0.125,-2.25,2.25
5.84,27.62144660949707,27.62144660949707,-0.0676058679819107,-0.0676058679819107,-0.05089828372001648,-0.05089828372001648,6.278731346130371,-9.007269859313965,0.0,0.8056155,0.9315569996833801,4.407654762268066,-0.7876765131950378,-0.5017688870429993,4.477483086822714,-0.17683974105279107,4.143884658813477,-1.7226674556732178,-2.6949827671051025,-1.7226674556732178,-2.6949827671051025,-0.4000000059604645,-400.0,-0.4000000059604645,-400.0,0.0,0.0,-0.125,-2.25,2.25
5.86,27.711454391479492,27.711454391479492,-0.07215044647455215,-0.07215044647455215,-0.05086398124694824,-0.05086398124694824,6.344152927398682,-8.946436882019043,0.0,0.79436463,0.9215561151504517,4.381324768066406,-0.7884689569473267,-0.4974915683269501,4.4517064165712625,-0.17805546488011958,4.119945049285889,-1.7163585424423218,-2.6556060314178467,-1.7163585424423218,-2.6556060314178467,-0.4000000059604645,-400.0,-0.4000000059604645,-400.0,0.0,0.0,-0.125,-2.25,2.25
5.88,27.800994873046875,27.800994873046875,-0.07666407525539398,-0.07666407525539398,-0.050781622529029846,-0.050781622529029846,6.409862518310547,-8.886670112609863,0.0,0.78317213,0.9116399884223938,4.355055809020996,-0.7891129851341248,-0.4932607114315033,4.425969995717867,-0.17924989307929845,4.096010208129883,-1.710172176361084,-2.6162455081939697,-1.710172176361084,-2.6162455081939697,-0.4000000059604645,-400.0,-0.4000000059604645,-400.0,0.0,0.0,-0.125,-2.25,2.25
5.9,27.89006805419922,27.89006805419922,-0.0811426118016243,-0.0811426118016243,-0.05065158009529114,-0.05065158009529114,6.475832462310791,-8.82796859741211,0.0,0.772038,0.9018083810806274,4.328845500946045,-0.7896072268486023,-0.4890773594379425,4.400270780730699,-0.1804224118473944,4.072080612182617,-1.7041081190109253,-2.5769336223602295,-1.7041081190109253,-2.5769336223602295,-0.4000000059604645,-400.0,-0.4000000059604645,-400.0,0.0,0.0,-0.125,-2.25,2.25
5.92,27.978673934936523,27.978673934936523,-0.08558203279972076,-0.08558203279972076,-0.05047421157360077,-0.05047421157360077,6.542089939117432,-8.770369529724121,0.0,0.7609621,0.8920603394508362,4.302690505981445,-0.7899502515792847,-0.4849424660205841,4.3746047810325726,-0.1815724230970345,4.048157215118408,-1.6981655359268188,-2.5376992225646973,-1.6981655359268188,-2.5376992225646973,-0.4000000059604645,-400.0,-0.4000000059604645,-400.0,0.0,0.0,-0.125,-2.25,2.25
5.94,28.06681251525879,28.06681251525879,-0.0899784192442894,-0.0899784192442894,-0.05024994909763336,-0.05024994909763336,6.608569622039795,-8.713811874389648,0.0,0.7499447,0.8823940753936768,4.276587009429932,-0.790140688419342,-0.48085689544677734,4.348967550663104,-0.18269935308087376,4.024239540100098,-1.69234299659729,-2.4985687732696533,-1.69234299659729,-2.4985687732696533,-0.4000000059604645,-400.0,-0.4000000059604645,-400.0,0.0,0.0,-0.125,-2.25,2.25
5.96,28.154483795166016,28.154483795166016,-0.09432794153690338,-0.09432794153690338,-0.049979135394096375,-0.049979135394096375,6.675245761871338,-8.658287048339844,0.0,0.73898596,0.8728094100952148,4.250532627105713,-0.7901772856712341,-0.4768214523792267,4.32335607565245,-0.18380258645376804,4.000328063964844,-1.6866406202316284,-2.459567070007324,-1.6866406202316284,-2.459567070007324,-0.4000000059604645,-400.0,-0.4000000059604645,-400.0,0.0,0.0,-0.125,-2.25,2.25
5.98,28.24168586730957,28.24168586730957,-0.09862687438726425,-0.09862687438726425,-0.049662306904792786,-0.049662306904792786,6.742099761962891,-8.603782653808594,0.0,0.7280856,0.863304853439331,4.224523544311523,-0.7900587916374207,-0.47283703088760376,4.2977659394953065,-0.18488155814846177,3.9764230251312256,-1.6810580492019653,-2.420715808868408,-1.6810580492019653,-2.420715808868408,-0.4000000059604645,-400.0,-0.4000000059604645,-400.0,0.0,0.0,-0.125,-2.25,2.25
6.0,28.328418731689453,28.328418731689453,-0.1028716117143631,-0.1028716117143631,-0.049299851059913635,-0.049299851059913635,6.8091559410095215,-8.550341606140137,0.0,0.7172439,0.8538796305656433,4.1985578536987305,-0.789783775806427,-0.4689043164253235,4.272194572275747,-0.18593557091335744,3.9525251388549805,-1.6755934953689575,-2.3820345401763916,-1.6755934953689575,-2.3820345401763916,-0.4000000059604645,-400.0,-0.4000000059604645,-400.0,0.0,0.0,-0.125,-2.25,2.25
6.0200000000000005,28.414682388305664,28.414682388305664,-0.10705864429473877,-0.10705864429473877,-0.048892319202423096,-0.048892319202423096,6.87635612487793,-8.497909545898438,0.0,0.70646095,0.8445327281951904,4.172631740570068,-0.7893509864807129,-0.46502405405044556,4.2466375666250205,-0.1869640385945451,3.928633689880371,-1.6702483892440796,-2.343541383743286,-1.6702483892440796,-2.343541383743286,-0.4000000059604645,-400.0,-0.4000000059604645,-400.0,0.0,0.0,-0.125,-2.25,2.25
6.04,28.50047492980957,28.50047492980957,-0.11118456721305847,-0.11118456721305847,-0.04844018816947937,-0.04844018816947937,6.94366979598999,-8.446467399597168,0.0,0.6957371,0.8352632522583008,4.14674186706543,-0.7887592315673828,-0.46119701862335205,4.221091000849905,-0.18796635827207714,3.9047489166259766,-1.6650205850601196,-2.30525279045105,-1.6650205850601196,-2.30525279045105,-0.4000000059604645,-400.0,-0.4000000059604645,-400.0,0.0,0.0,-0.125,-2.25,2.25
6.0600000000000005,28.585800170898438,28.585800170898438,-0.11524609476327896,-0.11524609476327896,-0.04794396460056305,-0.04794396460056305,7.011101722717285,-8.396016120910645,0.0,0.68507123,0.8260690569877625,4.120886325836182,-0.7880070805549622,-0.4574239253997803,4.195552319953641,-0.18894179647782963,3.8808703422546387,-1.6599113941192627,-2.2671828269958496,-1.6599113941192627,-2.2671828269958496,-0.4000000059604645,-400.0,-0.4000000059604645,-400.0,0.0,0.0,-0.125,-2.25,2.25
6.08,28.6706485748291,28.6706485748291,-0.11924004554748535,-0.11924004554748535,-0.0474042184650898,-0.0474042184650898,7.078648567199707,-8.346588134765625,0.0,0.67446524,0.8169507384300232,4.095061302185059,-0.7870933413505554,-0.45370540022850037,4.170017145846281,-0.18988974679534823,3.8569986820220947,-1.6549201011657715,-2.2293450832366943,-1.6549201011657715,-2.2293450832366943,-0.4000000059604645,-400.0,-0.4000000059604645,-400.0,0.0,0.0,-0.125,-2.25,2.25
6.1000000000000005,28.755029678344727,28.755029678344727,-0.12316334992647171,-0.12316334992647171,-0.04682137072086334,-0.04682137072086334,7.14625883102417,-8.29810905456543,0.0,0.66391754,0.8079055547714233,4.069265365600586,-0.7860165238380432,-0.45004215836524963,4.144483392586212,-0.1908094121790751,3.8331329822540283,-1.6500473022460938,-2.1917505264282227,-1.6500473022460938,-2.1917505264282227,-0.4000000059604645,-400.0,-0.4000000059604645,-400.0,0.0,0.0,-0.125,-2.25,2.25
6.12,28.83893394470215,28.83893394470215,-0.12701304256916046,-0.12701304256916046,-0.04619605839252472,-0.04619605839252472,7.213909149169922,-8.250578880310059,0.0,0.65342975,0.7989338040351868,4.043494701385498,-0.7847754955291748,-0.4464348554611206,4.118946707413882,-0.19170017311466053,3.8092734813690186,-1.6452945470809937,-2.154409885406494,-1.6452945470809937,-2.154409885406494,-0.4000000059604645,-400.0,-0.4000000059604645,-400.0,0.0,0.0,-0.125,-2.25,2.25
6.140000000000001,28.922361373901367,28.922361373901367,-0.1307862401008606,-0.1307862401008606,-0.045528843998909,-0.045528843998909,7.281641960144043,-8.204052925109863,0.0,0.643001,0.7900334596633911,4.017746448516846,-0.7833688855171204,-0.4428841769695282,4.093403636995265,-0.19256129643382391,3.7854199409484863,-1.640660047531128,-2.1173317432403564,-1.640660047531128,-2.1173317432403564,-0.4000000059604645,-400.0,-0.4000000059604645,-400.0,0.0,0.0,-0.125,-2.25,2.25
6.16,29.005311965942383,29.005311965942383,-0.13448017835617065,-0.13448017835617065,-0.04482024908065796,-0.04482024908065796,7.349377632141113,-8.158446311950684,0.0,0.6326322,0.7812039852142334,3.992017984390259,-0.7817952036857605,-0.43939071893692017,4.06785094714658,-0.19339199306811036,3.7615721225738525,-1.6361441612243652,-2.08052396774292,-1.6361441612243652,-2.08052396774292,-0.4000000059604645,-400.0,-0.4000000059604645,-400.0,0.0,0.0,-0.125,-2.25,2.25
6.18,29.087785720825195,29.087785720825195,-0.13809220492839813,-0.13809220492839813,-0.044070810079574585,-0.044070810079574585,7.417105197906494,-8.113752365112305,0.0,0.6223232,0.7724438905715942,3.966306447982788,-0.7800530791282654,-0.43595510721206665,4.042285200918823,-0.19419149643961406,3.737729072570801,-1.6317464113235474,-2.0439934730529785,-1.6317464113235474,-2.0439934730529785,-0.4000000059604645,-400.0,-0.4000000059604645,-400.0,0.0,0.0,-0.125,-2.25,2.25
6.2,29.169782638549805,29.169782638549805,-0.14161978662014008,-0.14161978662014008,-0.04328106343746185,-0.04328106343746185,7.484866142272949,-8.070028305053711,0.0,0.61207336,0.7637512683868408,3.9406094551086426,-0.7781410813331604,-0.4325779676437378,4.0167034269597215,-0.1949589849395366,3.713890314102173,-1.6274687051773071,-2.0077457427978516,-1.6274687051773071,-2.0077457427978516,-0.4000000059604645,-400.0,-0.4000000059604645,-400.0,0.0,0.0,-0.125,-2.25,2.25
6.22,29.251293182373047,29.251293182373047,-0.14506052434444427,-0.14506052434444427,-0.042451608926057816,-0.042451608926057816,7.552574157714844,-8.027188301086426,0.0,0.6018845,0.7551264762878418,3.914923906326294,-0.776057779788971,-0.4292599856853485,3.9911019618516534,-0.19569365217322496,3.6900556087493896,-1.6233121156692505,-1.9717856645584106,-1.6233121156692505,-1.9717856645584106,-0.4000000059604645,-400.0,-0.4000000059604645,-400.0,0.0,0.0,-0.125,-2.25,2.25
6.24,29.33232307434082,29.33232307434082,-0.14841201901435852,-0.14841201901435852,-0.04158295691013336,-0.04158295691013336,7.620244026184082,-7.985249042510986,0.0,0.5917559,0.7465675473213196,3.889247179031372,-0.7738016843795776,-0.42600175738334656,3.9654776088577472,-0.1963946343918974,3.666224241256714,-1.619276523590088,-1.93611741065979,-1.619276523590088,-1.93611741065979,-0.4000000059604645,-400.0,-0.4000000059604645,-400.0,0.0,0.0,-0.125,-2.25,2.25
6.26,29.41286849975586,29.41286849975586,-0.15167208015918732,-0.15167208015918732,-0.040675606578588486,-0.040675606578588486,7.687877178192139,-7.944223403930664,0.0,0.5816875,0.7380729913711548,3.8635764122009277,-0.7713712453842163,-0.4228039085865021,3.939826936696711,-0.19706104343323308,3.64239501953125,-1.6153627634048462,-1.900744080543518,-1.6153627634048462,-1.900744080543518,-0.4000000059604645,-400.0,-0.4000000059604645,-400.0,0.0,0.0,-0.125,-2.25,2.25
6.28,29.4929256439209,29.4929256439209,-0.15483851730823517,-0.15483851730823517,-0.03973016142845154,-0.03973016142845154,7.755410194396973,-7.9040398597717285,0.0,0.57168067,0.729642391204834,3.83790922164917,-0.7687649130821228,-0.4196670949459076,3.9141469933059363,-0.1976919448286454,3.618567705154419,-1.6115731000900269,-1.8656680583953857,-1.6115731000900269,-1.8656680583953857,-0.4000000059604645,-400.0,-0.4000000059604645,-400.0,0.0,0.0,-0.125,-2.25,2.25
6.3,29.572494506835938,29.572494506835938,-0.1579093337059021,-0.1579093337059021,-0.03874712064862251,-0.03874712064862251,7.8228912353515625,-7.864768981933594,0.0,0.5617343,0.7212736010551453,3.8122427463531494,-0.765981137752533,-0.4165918827056885,3.8884343713781346,-0.1982864038574824,3.5947413444519043,-1.6079078912734985,-1.8308912515640259,-1.6079078912734985,-1.8308912515640259,-0.4000000059604645,-400.0,-0.4000000059604645,-400.0,0.0,0.0,-0.125,-2.25,2.25
6.32,29.651573181152344,29.651573181152344,-0.16088256239891052,-0.16088256239891052,-0.03772692382335663,-0.03772692382335663,7.890255928039551,-7.826330184936523,0.0,0.55184984,0.7129659652709961,3.786574125289917,-0.7630181312561035,-0.41357898712158203,3.862685629835886,-0.19884340063612516,3.5709147453308105,-1.6043685674667358,-1.7964147329330444,-1.6043685674667358,-1.7964147329330444,-0.4000000059604645,-400.0,-0.4000000059604645,-400.0,0.0,0.0,-0.125,-2.25,2.25
6.34,29.730159759521484,29.730159759521484,-0.1637563556432724,-0.1637563556432724,-0.03667011857032776,-0.03667011857032776,7.9575066566467285,-7.7887396812438965,0.0,0.5420263,0.7047181129455566,3.7609009742736816,-0.7598744034767151,-0.410629004240036,3.836897867724892,-0.1993619393084247,3.5470869541168213,-1.6009571552276611,-1.7622393369674683,-1.6009571552276611,-1.7622393369674683,-0.4000000059604645,-400.0,-0.4000000059604645,-400.0,0.0,0.0,-0.125,-2.25,2.25
6.36,29.808250427246094,29.808250427246094,-0.16652897000312805,-0.16652897000312805,-0.035577237606048584,-0.035577237606048584,8.024640083312988,-7.752000331878662,0.0,0.532265,0.6965287327766418,3.735219955444336,-0.7565481662750244,-0.40774258971214294,3.811067205317126,-0.19984096931458886,3.52325701713562,-1.5976749658584595,-1.728365421295166,-1.5976749658584595,-1.728365421295166,-0.4000000059604645,-400.0,-0.4000000059604645,-400.0,0.0,0.0,-0.125,-2.25,2.25
6.38,29.88584327697754,29.88584327697754,-0.16919875144958496,-0.16919875144958496,-0.034448668360710144,-0.034448668360710144,8.091612815856934,-7.716050624847412,0.0,0.5225657,0.6883963942527771,3.709528684616089,-0.753037691116333,-0.4049204885959625,3.7851907252120585,-0.2002793760395758,3.4994239807128906,-1.5945231914520264,-1.6947922706604004,-1.5945231914520264,-1.6947922706604004,-0.4000000059604645,-400.0,-0.4000000059604645,-400.0,0.0,0.0,-0.125,-2.25,2.25
6.4,29.962936401367188,29.962936401367188,-0.17176415026187897,-0.17176415026187897,-0.03328494727611542,-0.03328494727611542,8.15845775604248,-7.680963039398193,0.0,0.51292944,0.680320143699646,3.683823823928833,-0.7493411302566528,-0.40216323733329773,3.75926456840164,-0.20067603209266505,3.475586175918579,-1.591503381729126,-1.6615190505981445,-1.591503381729126,-1.6615190505981445,-0.4000000059604645,-400.0,-0.4000000059604645,-400.0,0.0,0.0,-0.125,-2.25,2.25
6.42,30.039527893066406,30.039527893066406,-0.1742236465215683,-0.1742236465215683,-0.03208637237548828,-0.03208637237548828,8.225101470947266,-7.6466193199157715,0.0,0.5033553,0.6722986698150635,3.6581032276153564,-0.7454566359519958,-0.39947158098220825,3.7332860618997246,-0.2010297133765065,3.45174241065979,-1.5886176824569702,-1.628544569015503,-1.5886176824569702,-1.628544569015503,-0.4000000059604645,-400.0,-0.4000000059604645,-400.0,0.0,0.0,-0.125,-2.25,2.25
6.44,30.11561393737793,30.11561393737793,-0.17657586932182312,-0.17657586932182312,-0.030853375792503357,-0.030853375792503357,8.291601181030273,-7.613131999969482,0.0,0.49384454,0.6643304228782654,3.632363796234131,-0.7413824200630188,-0.3968462347984314,3.707251629033417,-0.20133922611187038,3.427891731262207,-1.58586847782135,-1.5958671569824219,-1.58586847782135,-1.5958671569824219,-0.4000000059604645,-400.0,-0.4000000059604645,-400.0,0.0,0.0,-0.125,-2.25,2.25
6.46,30.191192626953125,30.191192626953125,-0.17881949245929718,-0.17881949245929718,-0.02958635985851288,-0.02958635985851288,8.357873916625977,-7.580362796783447,0.0,0.48439732,0.656414270401001,3.606602430343628,-0.7371164560317993,-0.3942878842353821,3.6811576657776346,-0.20160327655527532,3.404031991958618,-1.5832573175430298,-1.5634846687316895,-1.5832573175430298,-1.5634846687316895,-0.4000000059604645,-400.0,-0.4000000059604645,-400.0,0.0,0.0,-0.125,-2.25,2.25
6.48,30.26626205444336,30.26626205444336,-0.18095329403877258,-0.18095329403877258,-0.028285682201385498,-0.028285682201385498,8.423973083496094,-7.548417568206787,0.0,0.47501352,0.6485483646392822,3.5808162689208984,-0.7326567769050598,-0.3917972445487976,3.6550008350906698,-0.2018205336203219,3.380162000656128,-1.5807870626449585,-1.5313947200775146,-1.5807870626449585,-1.5313947200775146,-0.4000000059604645,-400.0,-0.4000000059604645,-400.0,0.0,0.0,-0.125,-2.25,2.25
6.5,30.340818405151367,30.340818405151367,-0.1829761415719986,-0.1829761415719986,-0.026951683685183525,-0.026951683685183525,8.489821434020996,-7.517171382904053,0.0,0.46569416,0.6407321095466614,3.555002450942993,-0.7280013561248779,-0.3893750309944153,3.628777810879353,-0.20198960779553332,3.3562798500061035,-1.57845938205719,-1.499594807624817,-1.57845938205719,-1.499594807624817,-0.4000000059604645,-400.0,-0.4000000059604645,-400.0,0.0,0.0,-0.125,-2.25,2.25
6.5200000000000005,30.414859771728516,30.414859771728516,-0.18488696217536926,-0.18488696217536926,-0.02558465488255024,-0.02558465488255024,8.555473327636719,-7.486728668212891,0.0,0.45643878,0.6329631805419922,3.5291576385498047,-0.7231481075286865,-0.3870220184326172,3.602484812342275,-0.20210907490958557,3.3323841094970703,-1.5762771368026733,-1.4680815935134888,-1.5762771368026733,-1.4680815935134888,-0.4000000059604645,-400.0,-0.4000000059604645,-400.0,0.0,0.0,-0.125,-2.25,2.25
6.54,30.488380432128906,30.488380432128906,-0.1866847723722458,-0.1866847723722458,-0.024184778332710266,-0.024184778332710266,8.620848655700684,-7.45695686340332,0.0,0.44724867,0.6252412796020508,3.503278970718384,-0.7180948257446289,-0.3847389221191406,3.5761185278789163,-0.20217740430698145,3.3084726333618164,-1.5742419958114624,-1.4368516206741333,-1.5742419958114624,-1.4368516206741333,-0.4000000059604645,-400.0,-0.4000000059604645,-400.0,0.0,0.0,-0.125,-2.25,2.25
6.5600000000000005,30.561384201049805,30.561384201049805,-0.18836864829063416,-0.18836864829063416,-0.02275225520133972,-0.02275225520133972,8.686003684997559,-7.427972793579102,0.0,0.43812335,0.6175642013549805,3.477363348007202,-0.7128393054008484,-0.38252654671669006,3.549675440006906,-0.2021930274151601,3.284543514251709,-1.5723572969436646,-1.405901551246643,-1.5723572969436646,-1.405901551246643,-0.4000000059604645,-400.0,-0.4000000059604645,-400.0,0.0,33.969116210938225,-0.125,-2.25,2.25
6.58,30.63386344909668,30.63386344909668,-0.18993772566318512,-0.18993772566318512,-0.0212872177362442,-0.0212872177362442,8.750869750976562,-7.399643421173096,0.0,0.42906326,0.6099303364753723,3.4514079093933105,-0.7073792219161987,-0.38038575649261475,3.5231522704279286,-0.20215427517390608,3.260594606399536,-1.5706262588500977,-1.3752273321151733,-1.5706262588500977,-1.3752273321151733,-0.4000000059604645,-399.32061767578125,-0.4000000059604645,-400.0,0.0,71.51794433593585,-0.125,-2.25,2.25
6.6000000000000005,30.705810546875,30.705810546875,-0.1913912147283554,-0.1913912147283554,-0.01978914625942707,-0.01978914625942707,8.815474510192871,-7.372056007385254,0.0,0.42006993,0.602339506149292,3.4254190921783447,-0.7017118334770203,-0.37831762433052063,3.4965547978405254,-0.20205876985555196,3.2368977069854736,-1.5687536001205444,-1.3448227643966675,-1.5687536001205444,-1.3448227643966675,-0.4000000059604645,-397.8902587890625,-0.4000000059604645,-399.32061767578125,0.0,107.8552246093773,-0.125,-2.25,2.25
6.62,30.77722930908203,30.77722930908203,-0.19272831082344055,-0.19272831082344055,-0.01825590617954731,-0.01825590617954731,8.879781723022461,-7.345130920410156,0.0,0.41114253,0.5947891473770142,3.3994221687316895,-0.6958329677581787,-0.37632399797439575,3.4699070016765026,-0.2019025616789183,3.2136270999908447,-1.5661582946777344,-1.314677119255066,-1.5661582946777344,-1.314677119255066,-0.4000000059604645,-395.733154296875,-0.4000000059604645,-397.8902587890625,0.0,142.7947998046842,-0.125,-2.25,2.25
6.640000000000001,30.848115921020508,30.848115921020508,-0.19394806027412415,-0.19394806027412415,-0.01668444275856018,-0.01668444275856018,8.943791389465332,-7.318882942199707,0.0,0.40228188,0.5872783064842224,3.373450994491577,-0.6897377967834473,-0.3744075298309326,3.443241182454098,-0.20168089104842757,3.190873622894287,-1.5623416900634766,-1.2847789525985718,-1.5623416900634766,-1.2847789525985718,-0.4000000059604645,-392.87725830078125,-0.4000000059604645,-395.733154296875,0.0,176.2374877929725,-0.125,-2.25,2.25
6.66,30.918468475341797,30.918468475341797,-0.195049449801445,-0.195049449801445,-0.015071660280227661,-0.015071660280227661,9.0075044631958,-7.293314456939697,0.0,0.39348796,0.5798047184944153,3.3475420475006104,-0.683421790599823,-0.37257176637649536,3.4165923233027446,-0.20138878690411532,3.1686856746673584,-1.5569853782653809,-1.2551194429397583,-1.5569853782653809,-1.2551194429397583,-0.4000000059604645,-389.3525085449219,-0.4000000059604645,-392.87725830078125,0.0,208.15582275391068,-0.125,-2.25,2.25
6.68,30.988285064697266,30.988285064697266,-0.19603124260902405,-0.19603124260902405,-0.013414084911346436,-0.013414084911346436,9.070879936218262,-7.268351078033447,0.0,0.38476077,0.572367787361145,3.321732759475708,-0.6768805384635925,-0.3708215355873108,3.389996429013586,-0.20102111291510502,3.1470892429351807,-1.5499290227890015,-1.2256946563720703,-1.5499290227890015,-1.2256946563720703,-0.4000000059604645,-385.18939208984375,-0.4000000059604645,-389.3525085449219,0.0,238.56658935546324,-0.125,-2.25,2.25
6.7,31.057567596435547,31.057567596435547,-0.19689208269119263,-0.19689208269119263,-0.011708572506904602,-0.011708572506904602,9.133962631225586,-7.244088172912598,0.0,0.37610036,0.5649648308753967,3.2960591316223145,-0.6701107621192932,-0.3691624701023102,3.3634884023375116,-0.20057300615890747,3.1260972023010254,-1.541121006011963,-1.1965059041976929,-1.541121006011963,-1.1965059041976929,-0.4000000059604645,-380.4180603027344,-0.4000000059604645,-385.18939208984375,0.0,267.5262451171932,-0.125,-2.25,2.25
6.72,31.12631607055664,31.12631607055664,-0.19763047993183136,-0.19763047993183136,-0.009952157735824585,-0.009952157735824585,9.196700096130371,-7.2204084396362305,0.0,0.36750695,0.5575940608978271,3.2705554962158203,-0.6631093621253967,-0.3676009178161621,3.337101628654102,-0.20003963065143682,3.105715751647949,-1.5305770635604858,-1.167559027671814,-1.5305770635604858,-1.167559027671814,-0.4000000059604645,-375.0675354003906,-0.4000000059604645,-380.4180603027344,0.0,295.0958251953057,-0.125,-2.25,2.25
6.74,31.19453239440918,31.19453239440918,-0.19824481010437012,-0.19824481010437012,-0.008141979575157166,-0.008141979575157166,9.259100914001465,-7.197332382202148,0.0,0.3589796,0.5502539873123169,3.2452547550201416,-0.6558739542961121,-0.3661437928676605,3.31086832551596,-0.19941633176651083,3.0859463214874268,-1.518354058265686,-1.1388640403747559,-1.518354058265686,-1.1388640403747559,-0.4000000059604645,-369.1656188964844,-0.4000000059604645,-375.0675354003906,0.0,322.6928710937569,-0.125,-2.25,2.25
6.76,31.262216567993164,31.262216567993164,-0.1987333595752716,-0.1987333595752716,-0.006275475025177002,-0.006275475025177002,9.321170806884766,-7.174886226654053,0.0,0.35051936,0.5429424047470093,3.2201876640319824,-0.6484025120735168,-0.3647982180118561,3.2848187787527947,-0.19869858927665912,3.0667879581451416,-1.504530906677246,-1.1104339361190796,-1.504530906677246,-1.1104339361190796,-0.4000000059604645,-362.7117614746094,-0.4000000059604645,-369.1656188964844,0.0,351.60522460936687,-0.125,-2.25,2.25
6.78,31.329374313354492,31.329374313354492,-0.19909429550170898,-0.19909429550170898,-0.004350141156464815,-0.004350141156464815,9.382890701293945,-7.152981281280518,0.0,0.3421247,0.535656213760376,3.195383310317993,-0.6406934261322021,-0.3635713756084442,3.258981829674384,-0.19788202088225493,3.0482499599456787,-1.4891835451126099,-1.0822842121124268,-1.4891835451126099,-1.0822842121124268,-0.4000000059604645,-355.6796569824219,-0.4000000059604645,-362.7117614746094,0.0,379.4067382812581,-0.125,-2.25,2.25
6.8,31.396007537841797,31.396007537841797,-0.19932571053504944,-0.19932571053504944,-0.0023635178804397583,-0.0023635178804397583,9.444263458251953,-7.13165283203125,0.0,0.33379525,0.5283938646316528,3.170870542526245,-0.6327449679374695,-0.36247050762176514,3.2333861804478095,-0.19696214806753357,3.030355453491211,-1.4723572731018066,-1.0544313192367554,-1.4723572731018066,-1.0544313192367554,-0.4000000059604645,-348.0915222167969,-0.4000000059604645,-355.6796569824219,0.0,406.12945556639687,-0.125,-2.25,2.25
6.82,31.46211814880371,31.46211814880371,-0.19942563772201538,-0.19942563772201538,-0.0003133267455268651,-0.0003133267455268651,9.505292892456055,-7.110897541046143,0.0,0.32553178,0.5211526155471802,3.1466782093048096,-0.624555766582489,-0.3615027964115143,3.2080607317326715,-0.19593453545236458,3.013115644454956,-1.4540799856185913,-1.026892900466919,-1.4540799856185913,-1.026892900466919,-0.4000000059604645,-339.96893310546875,-0.4000000059604645,-348.0915222167969,0.0,431.81915283204046,-0.125,-2.25,2.25
6.84,31.527713775634766,31.527713775634766,-0.19939199090003967,-0.19939199090003967,0.0018027275800704956,0.0018027275800704956,9.565962791442871,-7.090647220611572,0.0,0.31733194,0.5139293670654297,3.122833728790283,-0.6161242723464966,-0.36067521572113037,3.183033084440802,-0.19479472743755136,2.9965364933013916,-1.4343940019607544,-0.9996870756149292,-1.4343940019607544,-0.9996870756149292,-0.4000000059604645,-331.3325500488281,-0.4000000059604645,-339.96893310546875,0.0,456.5185546874895,-0.125,-2.25,2.25
6.86,31.592798233032227,31.592798233032227,-0.1992226094007492,-0.1992226094007492,0.003986746072769165,0.003986746072769165,9.6262788772583,-7.070915222167969,0.0,0.3091966,0.5067217350006104,3.0993640422821045,-0.6074493527412415,-0.3599947392940521,3.1583306006080205,-0.1935383858084148,2.980621576309204,-1.4133524894714355,-0.9728330969810486,-1.4133524894714355,-0.9728330969810486,-0.4000000059604645,-322.2021789550781,-0.4000000059604645,-331.3325500488281,0.0,480.2871704101665,-0.125,-2.25,2.25
6.88,31.65737533569336,31.65737533569336,-0.1989152431488037,-0.1989152431488037,0.006240636110305786,0.006240636110305786,9.686253547668457,-7.051727294921875,0.0,0.3011245,0.4995264410972595,3.0762939453125,-0.5985298752784729,-0.3594680428504944,3.1339786932216387,-0.19216127905430244,2.9653730392456055,-1.391018033027649,-0.9463512301445007,-1.391018033027649,-0.9463512301445007,-0.4000000059604645,-312.596435546875,-0.4000000059604645,-322.2021789550781,0.0,503.17230224608215,-0.125,-2.25,2.25
6.9,31.721452713012695,31.721452713012695,-0.19846764206886292,-0.19846764206886292,0.008565993048250675,0.008565993048250675,9.745871543884277,-7.033003807067871,0.0,0.29311466,0.4923400282859802,3.053647041320801,-0.5893651247024536,-0.3591015636920929,3.1100018493857555,-0.19065937027179533,2.9507923126220703,-1.3674578666687012,-0.9202623963356018,-1.3674578666687012,-0.9202623963356018,-0.4000000059604645,-302.5329895019531,-0.4000000059604645,-312.596435546875,0.0,525.2319335937611,-0.125,-2.25,2.25
6.92,31.785036087036133,31.785036087036133,-0.197877436876297,-0.197877436876297,0.010964377783238888,0.010964377783238888,9.80512809753418,-7.014734268188477,0.0,0.2851669,0.48516005277633667,3.0314455032348633,-0.5799545645713806,-0.35890135169029236,3.0864233565812147,-0.18902877555582237,2.9368813037872314,-1.342738151550293,-0.8945884704589844,-1.342738151550293,-0.8945884704589844,-0.4000000059604645,-292.0283508300781,-0.4000000059604645,-302.5329895019531,0.0,546.5133666992061,-0.125,-2.25,2.25
6.94,31.84813117980957,31.84813117980957,-0.19714228808879852,-0.19714228808879852,0.013436914421617985,0.013436914421617985,9.864048957824707,-6.996963024139404,0.0,0.27727976,0.47798243165016174,3.0097107887268066,-0.5702980160713196,-0.3588731288909912,3.063266044422753,-0.18726579506606975,2.923640727996826,-1.3169244527816772,-0.8693519234657288,-1.3169244527816772,-0.8693519234657288,-0.4000000059604645,-281.09808349609375,-0.4000000059604645,-292.0283508300781,0.0,567.071533203137,-0.125,-2.25,2.25
6.96,31.910749435424805,31.910749435424805,-0.1962597817182541,-0.1962597817182541,0.015984416007995605,0.015984416007995605,9.922625541687012,-6.979637145996094,0.0,0.26945254,0.47080400586128235,2.988462209701538,-0.5603956580162048,-0.3590221703052521,3.040550883037088,-0.18536701998214897,2.911072254180908,-1.2900792360305786,-0.8445764780044556,-1.2900792360305786,-0.8445764780044556,-0.4000000059604645,-269.75665283203125,-0.4000000059604645,-281.09808349609375,0.0,586.361694335924,-0.125,-2.25,2.25
6.98,31.9728946685791,31.9728946685791,-0.19522753357887268,-0.19522753357887268,0.018607378005981445,0.018607378005981445,9.980852127075195,-6.9627251625061035,0.0,0.26168442,0.4636211395263672,2.9677183628082275,-0.5502483248710632,-0.35935327410697937,3.0182984444836727,-0.183329362586197,2.899176836013794,-1.2622588872909546,-0.820286750793457,-1.2622588872909546,-0.820286750793457,-0.4000000059604645,-258.0294189453125,-0.4000000059604645,-269.75665283203125,0.0,608.5952758789192,-0.125,-2.25,2.25
7.0,32.03457260131836,32.03457260131836,-0.1940431296825409,-0.1940431296825409,0.021305905655026436,0.021305905655026436,10.038732528686523,-6.946214199066162,0.0,0.2539746,0.45643049478530884,2.9474971294403076,-0.5398573279380798,-0.35987064242362976,2.9965288689727814,-0.18115002199213628,2.8879494667053223,-1.2335224151611328,-0.7965089082717896,-1.2335224151611328,-0.7965089082717896,-0.4000000059604645,-245.85751342773438,-0.4000000059604645,-258.0294189453125,0.0,631.0981750488136,-0.125,-2.25,2.25
7.0200000000000005,32.09579849243164,32.09579849243164,-0.1927041858434677,-0.1927041858434677,0.0240796972066164,0.0240796972066164,10.09628963470459,-6.9301347732543945,0.0,0.24632166,0.4492276608943939,2.9278156757354736,-0.5292249917984009,-0.36057770252227783,2.9752619587233635,-0.17882668413771083,2.8774161338806152,-1.2038923501968384,-0.7732710838317871,-1.2038923501968384,-0.7732710838317871,-0.4000000059604645,-233.2355499267578,-0.4000000059604645,-245.85751342773438,0.0,652.9762268066545,-0.125,-2.25,2.25
7.04,32.156578063964844,32.156578063964844,-0.1912083625793457,-0.1912083625793457,0.026927977800369263,0.026927977800369263,10.153518676757812,-6.914453029632568,0.0,0.23872395,0.442009299993515,2.9086923599243164,-0.5183544158935547,-0.3614771366119385,2.954519004027295,-0.17635735850600207,2.8675930500030518,-1.1733410358428955,-0.7506035566329956,-1.1733410358428955,-0.7506035566329956,-0.4000000059604645,-220.176025390625,-0.4000000059604645,-233.2355499267578,0.0,674.5910644531094,-0.125,-2.25,2.25
7.0600000000000005,32.216922760009766,32.216922760009766,-0.189553365111351,-0.189553365111351,0.02984936535358429,0.02984936535358429,10.210424423217773,-6.899131774902344,0.0,0.23118082,0.4347709119319916,2.8901474475860596,-0.5072505474090576,-0.3625706136226654,2.934323667667731,-0.1737407270098885,2.8584847450256348,-1.1418431997299194,-0.728541374206543,-1.1418431997299194,-0.728541374206543,-0.4000000059604645,-206.6842041015625,-0.4000000059604645,-220.176025390625,0.0,697.1969604492336,-0.125,-2.25,2.25
7.08,32.27683639526367,32.27683639526367,-0.18773701786994934,-0.18773701786994934,0.032841503620147705,0.032841503620147705,10.26700496673584,-6.884161949157715,0.0,0.22369182,0.42750978469848633,2.8722002506256104,-0.4959205687046051,-0.3638582229614258,2.9146992109235077,-0.1709764894992877,2.850090265274048,-1.1093729734420776,-0.7071269154548645,-1.1093729734420776,-0.7071269154548645,-0.4000000059604645,-192.74026489257812,-0.4000000059604645,-206.6842041015625,0.0,719.1589355468584,-0.125,-2.25,2.25
7.1000000000000005,32.336334228515625,32.336334228515625,-0.18575723469257355,-0.18575723469257355,0.03590071573853493,0.03590071573853493,10.32327938079834,-6.869528293609619,0.0,0.21625468,0.42022085189819336,2.854871988296509,-0.48437556624412537,-0.3653375804424286,2.895671555742187,-0.1680658119898927,2.8424062728881836,-1.0758764743804932,-0.6864154934883118,-1.0758764743804932,-0.6864154934883118,-0.4000000059604645,-178.35708618164062,-0.4000000059604645,-192.74026489257812,0.0,740.4426574707189,-0.125,-2.25,2.25
7.12,32.39542770385742,32.39542770385742,-0.18361219763755798,-0.18361219763755798,0.03902074694633484,0.03902074694633484,10.379257202148438,-6.855266094207764,0.0,0.2088679,0.41290101408958435,2.8381869792938232,-0.4726336896419525,-0.36700165271759033,2.8772709177304736,-0.16501241443126866,2.8353991508483887,-1.0412462949752808,-0.6664872169494629,-1.0412462949752808,-0.6664872169494629,-0.4000000059604645,-163.54823303222656,-0.4000000059604645,-178.35708618164062,0.0,760.9725952148261,-0.125,-2.25,2.25
7.140000000000001,32.45412063598633,32.45412063598633,-0.18130047619342804,-0.18130047619342804,0.04219081997871399,0.04219081997871399,10.434941291809082,-6.841330528259277,0.0,0.20153143,0.40554678440093994,2.8221752643585205,-0.4607270359992981,-0.3688339591026306,2.859535386117434,-0.16182491224987752,2.828981399536133,-1.0052636861801147,-0.6474732756614685,-1.0052636861801147,-0.6474732756614685,-0.4000000059604645,-148.3287811279297,-0.4000000059604645,-163.54823303222656,0.0,782.4218750000167,-0.125,-2.25,2.25
7.16,32.512428283691406,32.512428283691406,-0.17882128059864044,-0.17882128059864044,0.04539155960083008,0.04539155960083008,10.490336418151855,-6.827699661254883,0.0,0.19424301,0.3981553018093109,2.8068792819976807,-0.44871461391448975,-0.3707999885082245,2.8425193241996167,-0.15852114791929167,2.8229682445526123,-0.9675195813179016,-0.6296051740646362,-0.9675195813179016,-0.6296051740646362,-0.4000000059604645,-132.6803436279297,-0.4000000059604645,-148.3287811279297,0.0,807.7087402343922,-0.125,-2.25,2.25
7.18,32.57037353515625,32.57037353515625,-0.1761751025915146,-0.1761751025915146,0.04859205707907677,0.04859205707907677,10.545466423034668,-6.8143630027771,0.0,0.18699959,0.3907231092453003,2.7923457622528076,-0.43668943643569946,-0.3728460669517517,2.8262859939973772,-0.15513147379134426,2.8171422481536865,-0.9277052879333496,-0.6132318377494812,-0.9277052879333496,-0.6132318377494812,-0.4000000059604645,-116.52616882324219,-0.4000000059604645,-132.6803436279297,0.0,831.861877441387,-0.125,-2.25,2.25
7.2,32.62796401977539,32.62796401977539,-0.17336410284042358,-0.17336410284042358,0.05175736919045448,0.05175736919045448,10.600339889526367,-6.801315784454346,0.0,0.17980078,0.3832497000694275,2.778599739074707,-0.42475298047065735,-0.3749253749847412,2.8108773727085175,-0.1516915390088423,2.8115031719207764,-0.8862981796264648,-0.5986952185630798,-0.8862981796264648,-0.5986952185630798,-0.4000000059604645,-99.88893127441406,-0.4000000059604645,-116.52616882324219,0.0,854.8854827881041,-0.125,-2.25,2.25
7.22,32.685218811035156,32.685218811035156,-0.17039209604263306,-0.17039209604263306,0.05485866963863373,0.05485866963863373,10.654973030090332,-6.7885518074035645,0.0,0.17264393,0.37573421001434326,2.765639305114746,-0.4129844605922699,-0.37701717019081116,2.796304155610806,-0.1482316354433201,2.8062474727630615,-0.8441553115844727,-0.5862030982971191,-0.8441553115844727,-0.5862030982971191,-0.4000000059604645,-82.79122161865234,-0.4000000059604645,-99.88893127441406,0.0,876.704406738261,-0.125,-2.25,2.25
7.24,32.742149353027344,32.742149353027344,-0.16726413369178772,-0.16726413369178772,0.0578753799200058,0.0578753799200058,10.709382057189941,-6.776092529296875,0.0,0.16552787,0.36817699670791626,2.7534637451171875,-0.4014388620853424,-0.3791165351867676,2.782573584951015,-0.1447741149486819,2.801588535308838,-0.8016881942749023,-0.5758389830589294,-0.8016881942749023,-0.5758389830589294,-0.4000000059604645,-65.25713348388672,-0.4000000059604645,-82.79122161865234,0.0,897.1864700317574,-0.125,-2.25,2.25
7.26,32.79877853393555,32.79877853393555,-0.16398604214191437,-0.16398604214191437,0.06079287827014923,0.06079287827014923,10.763586044311523,-6.763927936553955,0.0,0.15844917,0.36057722568511963,2.742081642150879,-0.3901549279689789,-0.38122302293777466,2.769699008924858,-0.14133553819721043,2.7976748943328857,-0.7588501572608948,-0.5676091313362122,-0.7588501572608948,-0.5676091313362122,-0.4000000059604645,-47.31340408325195,-0.4000000059604645,-65.25713348388672,0.0,921.9406127929475,-0.125,-2.25,2.25
7.28,32.85512161254883,32.85512161254883,-0.16056407988071442,-0.16056407988071442,0.06360042095184326,0.06360042095184326,10.817597389221191,-6.75203800201416,0.0,0.15140593,0.35293495655059814,2.7315096855163574,-0.3791608512401581,-0.38333606719970703,2.757699786630668,-0.13792862396597502,2.7945995330810547,-0.7154242992401123,-0.5614742040634155,-0.7154242992401123,-0.5614742040634155,-0.4000000059604645,-28.874591827392578,-0.4000000059604645,-47.31340408325195,0.0,945.1779365539752,-0.125,-2.25,2.25
7.3,32.91118621826172,32.91118621826172,-0.15700481832027435,-0.15700481832027435,0.06628984957933426,0.06628984957933426,10.87142562866211,-6.740423202514648,0.0,0.1443982,0.3452511131763458,2.721771240234375,-0.3684777617454529,-0.3854544460773468,2.74660054341142,-0.13456348471491045,2.7924625873565674,-0.6711376309394836,-0.5573689937591553,-0.6711376309394836,-0.5573689937591553,-0.4000000059604645,-9.971033096313477,-0.4000000059604645,-28.874591827392578,0.0,966.4970397948996,-0.125,-2.25,2.25
7.32,32.96699523925781,32.96699523925781,-0.15331490337848663,-0.15331490337848663,0.06885503977537155,0.06885503977537155,10.925091743469238,-6.729083061218262,0.0,0.1374221,0.3375251889228821,2.712894916534424,-0.3581220209598541,-0.3875765800476074,2.7364301946248673,-0.13124846731184822,2.7913222312927246,-0.6257455348968506,-0.5552146434783936,-0.6257455348968506,-0.5552146434783936,-0.4000000059604645,9.358907699584961,-0.4000000059604645,-9.971033096313477,0.0,985.8146667480679,-0.125,-2.25,2.25
7.34,33.02256774902344,33.02256774902344,-0.14950110018253326,-0.14950110018253326,0.07129082083702087,0.07129082083702087,10.978611946105957,-6.718018531799316,0.0,0.13047534,0.32975712418556213,2.704909563064575,-0.34810686111450195,-0.38970085978507996,2.727217287110285,-0.1279909421366247,2.791215658187866,-0.5791155099868774,-0.5549265146255493,-0.5791155099868774,-0.5549265146255493,-0.4000000059604645,29.0752010345459,-0.4000000059604645,9.358907699584961,0.0,1003.0787467956311,-0.125,-2.25,2.25
7.36,33.07792663574219,33.07792663574219,-0.14557011425495148,-0.14557011425495148,0.07359299063682556,0.07359299063682556,11.032014846801758,-6.7072272300720215,0.0,0.12355568,0.3219458758831024,2.697843551635742,-0.33844321966171265,-0.3918260633945465,2.718989452358641,-0.12479758932842207,2.7921712398529053,-0.5312076807022095,-0.5564182996749878,-0.5312076807022095,-0.5564182996749878,-0.4000000059604645,49.136775970458984,-0.4000000059604645,29.0752010345459,0.0,1012.2972488403536,-0.125,-2.25,2.25
7.38,33.133087158203125,33.133087158203125,-0.1415286660194397,-0.1415286660194397,0.07575774192810059,0.07575774192810059,11.085308074951172,-6.696713924407959,0.0,0.116660416,0.314092755317688,2.691723585128784,-0.32914021611213684,-0.3939515948295593,2.711772324624783,-0.1216745798519489,2.794210910797119,-0.4820481538772583,-0.559604823589325,-0.4820481538772583,-0.559604823589325,-0.4000000059604645,69.38272094726562,-0.4000000059604645,49.136775970458984,0.0,1016.635131835914,-0.125,-2.25,2.25
7.4,33.188072204589844,33.188072204589844,-0.13738343119621277,-0.13738343119621277,0.0777818113565445,0.0777818113565445,11.138518333435059,-6.686476707458496,0.0,0.10978727,0.30619683861732483,2.6865715980529785,-0.3202054798603058,-0.39607712626457214,2.7055865354479987,-0.11862778310503207,2.7973105907440186,-0.4317735433578491,-0.5644030570983887,-0.4317735433578491,-0.5644030570983887,-0.4000000059604645,89.71542358398438,-0.4000000059604645,69.38272094726562,0.0,1014.0239715576388,-0.125,-2.25,2.25
7.42,33.24290466308594,33.24290466308594,-0.13314098119735718,-0.13314098119735718,0.07966215163469315,0.07966215163469315,11.191670417785645,-6.676549434661865,0.0,0.102933206,0.2982582449913025,2.682403326034546,-0.3116455376148224,-0.3982028067111969,2.700446360259064,-0.11566291009523806,2.8014473915100098,-0.38062092661857605,-0.5707330107688904,-0.38062092661857605,-0.5707330107688904,-0.4000000059604645,109.99590301513672,-0.4000000059604645,89.71542358398438,0.0,1008.6704254150158,-0.125,-2.25,2.25
7.44,33.29759979248047,33.29759979248047,-0.1288079023361206,-0.1288079023361206,0.08139592409133911,0.08139592409133911,11.244773864746094,-6.666903495788574,0.0,0.09609628,0.2902776002883911,2.679227352142334,-0.30346551537513733,-0.40032896399497986,2.6963587527422086,-0.11278537971096396,2.806581497192383,-0.32888510823249817,-0.5785173177719116,-0.32888510823249817,-0.5785173177719116,-0.4000000059604645,130.1693115234375,-0.4000000059604645,109.99590301513672,0.0,1001.8882751465057,-0.125,-2.25,2.25
7.46,33.35218811035156,33.35218811035156,-0.12439075112342834,-0.12439075112342834,0.08298075199127197,0.08298075199127197,11.297860145568848,-6.657540321350098,0.0,0.089272715,0.2822537422180176,2.677046298980713,-0.2956693470478058,-0.4024560749530792,2.6933245719129375,-0.11000028088426446,2.8126919269561768,-0.27685829997062683,-0.5876806974411011,-0.27685829997062683,-0.5876806974411011,-0.4000000059604645,150.2070770263672,-0.4000000059604645,130.1693115234375,0.0,993.7324523925552,-0.125,-2.25,2.25
7.48,33.40668487548828,33.40668487548828,-0.1198960691690445,-0.1198960691690445,0.0844147726893425,0.0844147726893425,11.35094165802002,-6.648464679718018,0.0,0.08246057,0.27418744564056396,2.6758596897125244,-0.2882595360279083,-0.4045845866203308,2.691341420024489,-0.10731211542206316,2.8197710514068604,-0.22476716339588165,-0.5981489419937134,-0.22476716339588165,-0.5981489419937134,-0.4000000059604645,170.08172607421875,-0.4000000059604645,150.2070770263672,0.0,991.9631958008024,-0.125,-2.25,2.25
7.5,33.46110916137695,33.46110916137695,-0.11533034592866898,-0.11533034592866898,0.08569682389497757,0.08569682389497757,11.404037475585938,-6.6396803855896,0.0,0.075657584,0.2660790979862213,2.6756651401519775,-0.28123706579208374,-0.4067147672176361,2.690404844888561,-0.10472468166462318,2.8278143405914307,-0.17277047038078308,-0.6098478436470032,-0.17277047038078308,-0.6098478436470032,-0.4000000059604645,189.92098999023438,-0.4000000059604645,170.08172607421875,0.0,1007.0549011230236,-0.125,-2.25,2.25
7.5200000000000005,33.51548767089844,33.51548767089844,-0.11070004105567932,-0.11070004105567932,0.08682672679424286,0.08682672679424286,11.457172393798828,-6.631191730499268,0.0,0.06886033,0.25792789459228516,2.676462173461914,-0.2746012210845947,-0.4088468849658966,2.690512143922347,-0.10224083750231198,2.8368728160858154,-0.1208939477801323,-0.6227033734321594,-0.1208939477801323,-0.6227033734321594,-0.4000000059604645,210.0620880126953,-0.4000000059604645,189.92098999023438,0.0,1020.0050354004123,-0.125,-2.25,2.25
7.54,33.56983947753906,33.56983947753906,-0.10601149499416351,-0.10601149499416351,0.08780553191900253,0.08780553191900253,11.51036548614502,-6.6230034828186035,0.0,0.062066503,0.24973413348197937,2.678260564804077,-0.2683493196964264,-0.4109814763069153,2.6916706727172603,-0.09986208862312718,2.8470942974090576,-0.06886319071054459,-0.6366398930549622,-0.06886319071054459,-0.6366398930549622,-0.4000000059604645,230.46218872070312,-0.4000000059604645,210.0620880126953,0.0,1030.950164794898,-0.125,-2.25,2.25
7.5600000000000005,33.624183654785156,33.624183654785156,-0.1012708842754364,-0.1012708842754364,0.08863562345504761,0.08863562345504761,11.563634872436523,-6.615120887756348,0.0,0.055273436,0.24149776995182037,2.6810801029205322,-0.2624768912792206,-0.41311904788017273,2.6938976663436893,-0.09758870084699013,2.858532190322876,-0.016318680718541145,-0.6515817046165466,-0.016318680718541145,-0.6515817046165466,-0.4000000059604645,251.08119201660156,-0.4000000059604645,230.46218872070312,0.0,1039.812469482444,-0.125,-2.25,2.25
7.58,33.678550720214844,33.678550720214844,-0.09648416191339493,-0.09648416191339493,0.08932001143693924,0.08932001143693924,11.617011070251465,-6.607548713684082,0.0,0.048477326,0.2332177758216858,2.684941291809082,-0.2569786608219147,-0.4152604341506958,2.6972111101245386,-0.09542042968708894,2.871211051940918,0.036930836737155914,-0.6674578785896301,0.036930836737155914,-0.6674578785896301,-0.4000000059604645,271.87744140625,-0.4000000059604645,251.08119201660156,0.0,1023.8937377929451,-0.125,-2.25,2.25
7.6000000000000005,33.73295211791992,33.73295211791992,-0.09165706485509872,-0.09165706485509872,0.08986183255910873,0.08986183255910873,11.670496940612793,-6.600294589996338,0.0,0.04167739,0.22489605844020844,2.6898632049560547,-0.2518491744995117,-0.41740715503692627,2.701627670141195,-0.09335682388029896,2.885145425796509,0.09093485027551651,-0.6842044591903687,0.09093485027551651,-0.6842044591903687,-0.4000000059604645,292.3553161621094,-0.4000000059604645,271.87744140625,0.0,992.6574707031461,-0.125,-2.25,2.25
7.62,33.787418365478516,33.787418365478516,-0.08679510653018951,-0.08679510653018951,0.09026367962360382,0.09026367962360382,11.724130630493164,-6.593362808227539,0.0,0.03486907,0.2165306657552719,2.695852279663086,-0.2470836639404297,-0.41956081986427307,2.7071516120732664,-0.0913979120532006,2.9001805782318115,0.14538027346134186,-0.7017667293548584,0.14538027346134186,-0.7017667293548584,-0.4000000059604645,312.2084655761719,-0.4000000059604645,292.3553161621094,0.0,961.2472534179466,-0.125,-2.25,2.25
7.640000000000001,33.84196853637695,33.84196853637695,-0.08190374076366425,-0.08190374076366425,0.09052743762731552,0.09052743762731552,11.777926445007324,-6.586786270141602,0.0,0.028050454,0.20812207460403442,2.7028942108154297,-0.2426784783601761,-0.42172327637672424,2.713766747294022,-0.08954457523597388,2.9161598682403564,0.19958387315273285,-0.7201013565063477,0.19958387315273285,-0.7201013565063477,-0.4000000059604645,331.43341064453125,-0.4000000059604645,312.2084655761719,0.0,929.182434082051,-0.125,-2.25,2.25
7.66,33.89662551879883,33.89662551879883,-0.0769883468747139,-0.0769883468747139,0.09065446257591248,0.09065446257591248,11.831902503967285,-6.580550670623779,0.0,0.02121811,0.19967055320739746,2.7109620571136475,-0.238630473613739,-0.4238966107368469,2.721444428616351,-0.08779798219334434,2.9330198764801025,0.2529051601886749,-0.7391707301139832,0.2529051601886749,-0.7391707301139832,-0.4000000059604645,350.0170593261719,-0.4000000059604645,331.43341064453125,0.0,896.6003417968941,-0.125,-2.25,2.25
7.68,33.951412200927734,33.951412200927734,-0.07205435633659363,-0.07205435633659363,0.09064654260873795,0.09064654260873795,11.886082649230957,-6.574659824371338,0.0,0.014369752,0.19117508828639984,2.720024824142456,-0.2349356859922409,-0.42608267068862915,2.730151977547009,-0.08615879544219256,2.9507219791412354,0.3049370348453522,-0.7589370608329773,0.3049370348453522,-0.7589370608329773,-0.4000000059604645,367.9490661621094,-0.4000000059604645,350.0170593261719,0.0,863.6093139648239,-0.125,-2.25,2.25
7.7,34.006351470947266,34.006351470947266,-0.0671072006225586,-0.0671072006225586,0.0905061587691307,0.0905061587691307,11.940485954284668,-6.569123268127441,0.0,0.007502326,0.18263542652130127,2.730050802230835,-0.2315889447927475,-0.4282824397087097,2.7398559856516993,-0.08462693157926413,2.969233274459839,0.3554498553276062,-0.7793601155281067,0.3554498553276062,-0.7793601155281067,-0.4000000059604645,385.22125244140625,-0.4000000059604645,367.9490661621094,0.0,830.2886962890802,-0.125,-2.25,2.25
7.72,34.06145477294922,34.06145477294922,-0.06215230002999306,-0.06215230002999306,0.09023626893758774,0.09023626893758774,11.995123863220215,-6.563949108123779,0.0,0.00061468943,0.1740521639585495,2.741006851196289,-0.22858384251594543,-0.43049630522727966,2.750521610779372,-0.08320159477453763,2.9885218143463135,0.4043194353580475,-0.800398051738739,0.4043194353580475,-0.800398051738739,-0.4000000059604645,401.8270263671875,-0.4000000059604645,385.22125244140625,0.0,796.7117309570128,-0.125,-2.25,2.25
7.74,34.11674880981445,34.11674880981445,-0.05719505995512009,-0.05719505995512009,0.08984053879976273,0.08984053879976273,12.050018310546875,-6.559146404266357,0.0,-0.0062973527,0.16542452573776245,2.7528603076934814,-0.22591301798820496,-0.43272385001182556,2.7621145098222826,-0.08188134699861312,3.0085549354553223,0.4514787793159485,-0.8220072388648987,0.4514787793159485,-0.8220072388648987,-0.4000000059604645,417.7612609863281,-0.4000000059604645,401.8270263671875,0.0,762.944030761735,-0.125,-2.25,2.25
7.76,34.17224884033203,34.17224884033203,-0.05224083364009857,-0.05224083364009857,0.08932293951511383,0.08932293951511383,12.105184555053711,-6.554726600646973,0.0,-0.013234942,0.15675224363803864,2.765578508377075,-0.22356842458248138,-0.43496426939964294,2.7746003904107455,-0.08066424956056119,3.029299736022949,0.49688720703125,-0.844144344329834,0.49688720703125,-0.844144344329834,-0.4000000059604645,433.0201416015625,-0.4000000059604645,417.7612609863281,0.0,729.0451049804519,-0.125,-2.25,2.25
7.78,34.22797775268555,34.22797775268555,-0.04729491472244263,-0.04729491472244263,0.08868782222270966,0.08868782222270966,12.160642623901367,-6.5506978034973145,0.0,-0.020200754,0.14803467690944672,2.779128074645996,-0.22154155373573303,-0.4372164011001587,2.7879443171120193,-0.07954799282003767,3.050722122192383,0.5405219793319702,-0.8667667508125305,0.5405219793319702,-0.8667667508125305,-0.4000000059604645,447.6010437011719,-0.4000000059604645,433.0201416015625,0.0,695.082092285171,-0.125,-2.25,2.25
7.8,34.2839469909668,34.2839469909668,-0.042362552136182785,-0.042362552136182785,0.08793963491916656,0.08793963491916656,12.216397285461426,-6.547072887420654,0.0,-0.027197072,0.1392725110054016,2.7934751510620117,-0.21982353925704956,-0.43947896361351013,2.802110955692587,-0.07852995318905219,3.072787284851074,0.5823657512664795,-0.8898330926895142,0.5823657512664795,-0.8898330926895142,-0.4000000059604645,461.502685546875,-0.4000000059604645,447.6010437011719,0.0,661.1114501952973,-0.125,-2.25,2.25
7.82,34.34017562866211,34.34017562866211,-0.03744891285896301,-0.03744891285896301,0.08708325773477554,0.08708325773477554,12.272470474243164,-6.543875217437744,0.0,-0.034225415,0.13046473264694214,2.8085861206054688,-0.2184053659439087,-0.44175052642822266,2.817065299337374,-0.07760727402769779,3.0954601764678955,0.6224094033241272,-0.9133037328720093,0.6224094033241272,-0.9133037328720093,-0.4000000059604645,474.72491455078125,-0.4000000059604645,461.502685546875,0.0,627.1987915039197,-0.125,-2.25,2.25
7.84,34.39667510986328,34.39667510986328,-0.0325591005384922,-0.0325591005384922,0.08612342178821564,0.08612342178821564,12.328866004943848,-6.541128158569336,0.0,-0.041288085,0.12161222845315933,2.824427604675293,-0.21727785468101501,-0.4440295994281769,2.8327726629905543,-0.07677688672107304,3.1187045574188232,0.660645067691803,-0.9371408820152283,0.660645067691803,-0.9371408820152283,-0.4000000059604645,487.2688903808594,-0.4000000059604645,474.72491455078125,0.0,592.6696777343614,-0.125,-2.25,2.25
7.86,34.45347213745117,34.45347213745117,-0.027698136866092682,-0.027698136866092682,0.0850650742650032,0.0850650742650032,12.38560962677002,-6.538819313049316,0.0,-0.048387744,0.11271298676729202,2.840965509414673,-0.21643194556236267,-0.44631457328796387,2.849197748971398,-0.07603566083934554,3.142484664916992,0.6970676183700562,-0.9613087773323059,0.6970676183700562,-0.9613087773323059,-0.4000000059604645,499.1222839355469,-0.4000000059604645,487.2688903808594,0.0,566.9708251953246,-0.125,-2.25,2.25
7.88,34.51057052612305,34.51057052612305,-0.02287096530199051,-0.02287096530199051,0.08391319215297699,0.08391319215297699,12.442702293395996,-6.536959648132324,0.0,-0.055525154,0.10376840084791183,2.8581655025482178,-0.2158585637807846,-0.448604017496109,2.8663051057963473,-0.0753803648387099,3.166757583618164,0.7316669821739197,-0.9857738614082336,0.7316669821739197,-0.9857738614082336,-0.4000000059604645,510.4617004394531,-0.4000000059604645,499.1222839355469,0.0,541.2002563476437,-0.125,-2.25,2.25
7.9,34.567989349365234,34.567989349365234,-0.018082447350025177,-0.018082447350025177,0.08267281204462051,0.08267281204462051,12.500153541564941,-6.535561561584473,0.0,-0.06270223,0.09477810561656952,2.8759968280792236,-0.21554845571517944,-0.45089656114578247,2.8840629139952814,-0.0748075317131558,3.1915483474731445,0.7645325064659119,-1.0105034112930298,0.7645325064659119,-1.0105034112930298,-0.4000000059604645,521.2857055664062,-0.4000000059604645,510.4617004394531,0.0,515.3533935546985,-0.125,-2.25,2.25
7.92,34.62574005126953,34.62574005126953,-0.013337346725165844,-0.013337346725165844,0.08134926110506058,0.08134926110506058,12.55798053741455,-6.534636974334717,0.0,-0.06992124,0.08574144542217255,2.894432783126831,-0.21549203991889954,-0.45319071412086487,2.9024434456691384,-0.07431342375661477,3.216843366622925,0.7958196997642517,-1.035464882850647,0.7958196997642517,-1.035464882850647,-0.4000000059604645,531.5927734375,-0.4000000059604645,521.2857055664062,0.0,489.4531249999887,-0.125,-2.25,2.25
7.94,34.68383026123047,34.68383026123047,-0.008640293031930923,-0.008640293031930923,0.07994788140058517,0.07994788140058517,12.616181373596191,-6.534197807312012,0.0,-0.07718258,0.07665953785181046,2.9134483337402344,-0.21567977964878082,-0.4554849863052368,2.9214207092993463,-0.07389424796272887,3.242617130279541,0.8256365060806274,-1.0606281757354736,0.8256365060806274,-1.0606281757354736,-0.4000000059604645,541.3818359375,-0.4000000059604645,531.5927734375,0.0,463.5223388671974,-0.125,-2.25,2.25
7.96,34.742279052734375,34.742279052734375,-0.00399579294025898,-0.00399579294025898,0.07847387343645096,0.07847387343645096,12.674766540527344,-6.534287452697754,0.0,-0.08448854,0.06753164529800415,2.9330191612243652,-0.21610254049301147,-0.4577779769897461,2.94096951839301,-0.07354631892319685,3.2688405513763428,0.8540387153625488,-1.0859659910202026,0.8540387153625488,-1.0859659910202026,-0.4000000059604645,550.6522827148438,-0.4000000059604645,541.3818359375,0.0,437.6037597656149,-0.125,-2.25,2.25
7.98,34.80110168457031,34.80110168457031,0.0005917705129832029,0.0005917705129832029,0.07693225890398026,0.07693225890398026,12.733750343322754,-6.534913063049316,0.0,-0.0918414,0.058356985449790955,2.9531192779541016,-0.2167515754699707,-0.46006840467453003,2.96106310559111,-0.07326612332762732,3.295482873916626,0.8810503482818604,-1.1114542484283447,0.8810503482818604,-1.1114542484283447,-0.4000000059604645,559.4043579101562,-0.4000000059604645,550.6522827148438,0.0,415.49682617188387,-0.125,-2.25,2.25
8.0,34.860294342041016,34.860294342041016,0.005118128843605518,0.005118128843605518,0.0753277912735939,0.0753277912735939,12.793124198913574,-6.5360636711120605,0.0,-0.099240415,0.04913764446973801,2.9737234115600586,-0.21761853992938995,-0.4623551666736603,2.9816754949828783,-0.0730502728080805,3.3225128650665283,0.9066788554191589,-1.1370718479156494,0.9066788554191589,-1.1370718479156494,-0.4000000059604645,567.7142944335938,-0.4000000059604645,559.4043579101562,0.0,395.7031250000084,-0.125,-2.25,2.25
8.02,34.91987991333008,34.91987991333008,0.009579124860465527,0.009579124860465527,0.07366518676280975,0.07366518676280975,12.852907180786133,-6.537753105163574,0.0,-0.1066886,0.039872050285339355,2.994807481765747,-0.21869535744190216,-0.4646373391151428,3.00278196214889,-0.07289545572158931,3.3499271869659424,0.9309682846069336,-1.162799596786499,0.9309682846069336,-1.162799596786499,-0.4000000059604645,575.6283569335938,-0.4000000059604645,567.7142944335938,0.0,375.82092285153715,-0.125,-2.25,2.25
8.040000000000001,34.979862213134766,34.979862213134766,0.013970724307000637,0.013970724307000637,0.07194908708333969,0.07194908708333969,12.913097381591797,-6.539993762969971,0.0,-0.11418636,0.03056105226278305,3.016350269317627,-0.21997396647930145,-0.4669141471385956,3.024360675108238,-0.07279832197349888,3.377723455429077,0.9540126919746399,-1.188618779182434,0.9540126919746399,-1.188618779182434,-0.4000000059604645,583.144775390625,-0.4000000059604645,575.6283569335938,0.0,355.85937500000756,-0.125,-2.25,2.25
8.06,35.04025650024414,35.04025650024414,0.018289022147655487,0.018289022147655487,0.07018421590328217,0.07018421590328217,12.973701477050781,-6.542815685272217,0.0,-0.121735625,0.02120414562523365,3.038332462310791,-0.2214464396238327,-0.46918466687202454,3.046391747158206,-0.07275555644096261,3.405883312225342,0.9759004712104797,-1.2145124673843384,0.9759004712104797,-1.2145124673843384,-0.4000000059604645,590.261962890625,-0.4000000059604645,583.144775390625,0.0,335.83679199219466,-0.125,-2.25,2.25
8.08,35.1010627746582,35.1010627746582,0.022530250251293182,0.022530250251293182,0.06837495416402817,0.06837495416402817,13.034713745117188,-6.546263217926025,0.0,-0.12933636,0.011802218854427338,3.060734748840332,-0.22310513257980347,-0.4714481234550476,3.068855340830216,-0.07276398029424834,3.4343836307525635,0.9966838359832764,-1.240465760231018,0.9966838359832764,-1.240465760231018,-0.4000000059604645,596.9786987304688,-0.4000000059604645,590.261962890625,0.0,315.7836914062567,-0.125,-2.25,2.25
8.1,35.16229248046875,35.16229248046875,0.0266907699406147,0.0266907699406147,0.06652548909187317,0.06652548909187317,13.096138954162598,-6.550302505493164,0.0,-0.13699007,0.002355635166168213,3.0835375785827637,-0.22494281828403473,-0.4737037718296051,3.0917314356246433,-0.07282060295514002,3.463198661804199,1.016388177871704,-1.2664657831192017,1.016388177871704,-1.2664657831192017,-0.4000000059604645,603.2943725585938,-0.4000000059604645,596.9786987304688,0.0,295.73059082029255,-0.125,-2.25,2.25
8.120000000000001,35.223960876464844,35.223960876464844,0.030767060816287994,0.030767060816287994,0.06463988125324249,0.06463988125324249,13.157986640930176,-6.554945945739746,0.0,-0.14469872,-0.007136240601539612,3.106721878051758,-0.2269526869058609,-0.4759508967399597,3.1150005376659617,-0.07292260583799327,3.492302894592285,1.035019040107727,-1.2925018072128296,1.035019040107727,-1.2925018072128296,-0.4000000059604645,609.208984375,-0.4000000059604645,603.2943725585938,0.0,277.1148681640684,-0.125,-2.25,2.25
8.14,35.28607177734375,35.28607177734375,0.034755729138851166,0.034755729138851166,0.06272193044424057,0.06272193044424057,13.220259666442871,-6.560206890106201,0.0,-0.15246268,-0.016673391684889793,3.130267381668091,-0.22912825644016266,-0.47818902134895325,3.1386420054913104,-0.0730673529750592,3.521669864654541,1.0525763034820557,-1.3185648918151855,1.0525763034820557,-1.3185648918151855,-0.4000000059604645,614.7512817382812,-0.4000000059604645,609.208984375,0.0,259.616088867193,-0.125,-2.25,2.25
8.16,35.348628997802734,35.348628997802734,0.03865349665284157,0.03865349665284157,0.06077525019645691,0.06077525019645691,13.282939910888672,-6.566166877746582,0.0,-0.16028228,-0.026254713535308838,3.1541550159454346,-0.23146332800388336,-0.4804176092147827,3.16263642185193,-0.07325232128338413,3.5512847900390625,1.0690717697143555,-1.3446470499038696,1.0690717697143555,-1.3446470499038696,-0.4000000059604645,619.943603515625,-0.4000000059604645,614.7512817382812,0.0,242.12036132813017,-0.125,-2.25,2.25
8.18,35.41164779663086,35.41164779663086,0.04245720058679581,0.04245720058679581,0.05880337953567505,0.05880337953567505,13.346047401428223,-6.572781085968018,0.0,-0.16815948,-0.0358814112842083,3.1783668994903564,-0.2339518666267395,-0.4826362431049347,3.1869655824426593,-0.07347506420594488,3.581134796142578,1.0845394134521484,-1.3707407712936401,1.0845394134521484,-1.3707407712936401,-0.4000000059604645,624.7860107421875,-0.4000000059604645,619.943603515625,0.0,224.64294433594227,-0.125,-2.25,2.25
8.2,35.47512435913086,35.47512435913086,0.046163804829120636,0.046163804829120636,0.056809790432453156,0.056809790432453156,13.409566879272461,-6.580050945281982,0.0,-0.17609426,-0.04555124044418335,3.2028846740722656,-0.23658794164657593,-0.484844446182251,3.211610824732593,-0.07373323311679282,3.6111996173858643,1.0990164279937744,-1.3968394994735718,1.0990164279937744,-1.3968394994735718,-0.4000000059604645,629.2788696289062,-0.4000000059604645,624.7860107421875,0.0,205.52978515623613,-0.125,-2.25,2.25
8.22,35.53907775878906,35.53907775878906,0.04977039247751236,0.04977039247751236,0.054797641932964325,0.054797641932964325,13.47351360321045,-6.588004112243652,0.0,-0.18408853,-0.05526629462838173,3.227691888809204,-0.23936590552330017,-0.4870416820049286,3.236555416768222,-0.07402457889205158,3.6414570808410645,1.1125242710113525,-1.422937035560608,1.1125242710113525,-1.422937035560608,-0.4000000059604645,633.3894653320312,-0.4000000059604645,629.2788696289062,0.0,185.02502441406645,-0.125,-2.25,2.25
8.24,35.60350799560547,35.60350799560547,0.05327415466308594,0.05327415466308594,0.052770067006349564,0.052770067006349564,13.537864685058594,-6.59671688079834,0.0,-0.19214226,-0.06502516567707062,3.252769947052002,-0.24228034913539886,-0.48922741413116455,3.261780510092893,-0.07434702991301877,3.6718716621398926,1.125057339668274,-1.4490282535552979,1.125057339668274,-1.4490282535552979,-0.4000000059604645,637.0899658203125,-0.4000000059604645,633.3894653320312,0.0,165.14282226562852,-0.125,-2.25,2.25
8.26,35.66841506958008,35.66841506958008,0.056672416627407074,0.056672416627407074,0.05072985589504242,0.05072985589504242,13.602624893188477,-6.606125831604004,0.0,-0.20025551,-0.07482696324586868,3.278099775314331,-0.24532626569271088,-0.49140119552612305,3.2872668150843185,-0.07469870177632365,3.7024035453796387,1.1365736722946167,-1.4751096963882446,1.1365736722946167,-1.4751096963882446,-0.4000000059604645,640.392822265625,-0.4000000059604645,637.0899658203125,0.0,145.9106445312531,-0.125,-2.25,2.25
8.28,35.73381042480469,35.73381042480469,0.059962593019008636,0.059962593019008636,0.04867962747812271,0.04867962747812271,13.667799949645996,-6.616245269775391,0.0,-0.20842977,-0.08467260748147964,3.3036603927612305,-0.24849900603294373,-0.49356257915496826,3.3129931703368554,-0.07507791261765033,3.733024835586548,1.1470317840576172,-1.50117826461792,1.1470317840576172,-1.50117826461792,-0.4000000059604645,643.31103515625,-0.4000000059604645,640.392822265625,0.0,127.3345947265539,-0.125,-2.25,2.25
8.3,35.79969787597656,35.79969787597656,0.06314221024513245,0.06314221024513245,0.046621862798929214,0.046621862798929214,13.73336410522461,-6.627161502838135,0.0,-0.2166658,-0.0945608913898468,3.3294317722320557,-0.2517940104007721,-0.4957111179828644,3.3389393749545664,-0.07548303471341197,3.7637133598327637,1.1564172506332397,-1.527230978012085,1.1564172506332397,-1.527230978012085,-0.4000000059604645,645.8577270507812,-0.4000000059604645,643.31103515625,0.0,109.42077636718983,-0.125,-2.25,2.25
8.32,35.86608123779297,35.86608123779297,0.06620888411998749,0.06620888411998749,0.04455896466970444,0.04455896466970444,13.799331665039062,-6.638835906982422,0.0,-0.22496398,-0.10449250787496567,3.355393886566162,-0.25520679354667664,-0.49784648418426514,3.365085235395673,-0.07591251167123897,3.7944486141204834,1.1647372245788574,-1.5532642602920532,1.1647372245788574,-1.5532642602920532,-0.4000000059604645,648.046142578125,-0.4000000059604645,645.8577270507812,0.0,92.16003417968946,-0.125,-2.25,2.25
8.34,35.93296432495117,35.93296432495117,0.0691603347659111,0.0691603347659111,0.042493246495723724,0.042493246495723724,13.865693092346191,-6.651256084442139,0.0,-0.23332432,-0.11446626484394073,3.3815276622772217,-0.2587328255176544,-0.49996811151504517,3.391411506400602,-0.07636480165968376,3.825211763381958,1.1720129251480103,-1.5792739391326904,1.1720129251480103,-1.5792739391326904,-0.4000000059604645,649.8893432617188,-0.4000000059604645,648.046142578125,0.0,75.5523681640641,-0.125,-2.25,2.25
8.36,36.00035095214844,36.00035095214844,0.07199441641569138,0.07199441641569138,0.04042694717645645,0.04042694717645645,13.932427406311035,-6.664515972137451,0.0,-0.24174759,-0.12448222935199738,3.4078149795532227,-0.26236769556999207,-0.5020754337310791,3.4178999023590553,-0.07683842626107223,3.855984687805176,1.178275227546692,-1.605255365371704,1.178275227546692,-1.605255365371704,-0.4000000059604645,651.400390625,-0.4000000059604645,649.8893432617188,0.0,59.58557128905848,-0.125,-2.25,2.25
8.38,36.06824493408203,36.06824493408203,0.07470908015966415,0.07470908015966415,0.03836224600672722,0.03836224600672722,13.999541282653809,-6.678574085235596,0.0,-0.25023416,-0.1345403492450714,3.4342377185821533,-0.2661069929599762,-0.5041677951812744,3.444532136507737,-0.07733195621483446,3.886749267578125,1.1835566759109497,-1.631203532218933,1.1835566759109497,-1.631203532218933,-0.4000000059604645,652.5921020507812,-0.4000000059604645,651.400390625,0.0,44.253540039063445,-0.125,-2.25,2.25
8.4,36.136653900146484,36.136653900146484,0.07730239629745483,0.07730239629745483,0.03630121797323227,0.03630121797323227,14.067035675048828,-6.693416595458984,0.0,-0.25878555,-0.14464032649993896,3.4607791900634766,-0.2699463665485382,-0.5062445402145386,3.4712913509512813,-0.07784399633320573,3.917489767074585,1.1878910064697266,-1.6571131944656372,1.1878910064697266,-1.6571131944656372,-0.4000000059604645,653.4771728515625,-0.4000000059604645,652.5921020507812,0.0,29.53796386718813,-0.125,-2.25,2.25
8.42,36.2055778503418,36.2055778503418,0.07977253198623657,0.07977253198623657,0.03424592316150665,0.03424592316150665,14.13487434387207,-6.709166526794434,0.0,-0.26740104,-0.15478193759918213,3.4874229431152344,-0.2738814353942871,-0.5083049535751343,3.498160920372326,-0.078373185867033,3.948190212249756,1.1913145780563354,-1.6829787492752075,1.1913145780563354,-1.6829787492752075,-0.4000000059604645,654.0679321289062,-0.4000000059604645,653.4771728515625,0.0,15.432739257812829,-0.125,-2.25,2.25
8.44,36.27501678466797,36.27501678466797,0.08211781084537506,0.08211781084537506,0.03219820559024811,0.03219820559024811,14.203073501586914,-6.725726127624512,0.0,-0.27608088,-0.16496439278125763,3.514153003692627,-0.2779080867767334,-0.510348379611969,3.5251247124120044,-0.07891827727772896,3.978835344314575,1.193861722946167,-1.7087947130203247,1.193861722946167,-1.7087947130203247,-0.4000000059604645,654.3765869140625,-0.4000000059604645,654.0679321289062,0.0,1.9195556640623703,-0.125,-2.25,2.25
8.46,36.344974517822266,36.344974517822266,0.08433666080236435,0.08433666080236435,0.030159972608089447,0.030159972608089447,14.271613121032715,-6.743152141571045,0.0,-0.28482562,-0.1751875877380371,3.54095458984375,-0.28202223777770996,-0.512374222278595,3.5521677817829307,-0.07947804980730676,4.009411334991455,1.1955671310424805,-1.7345556020736694,1.1955671310424805,-1.7345556020736694,-0.4000000059604645,654.4149780273438,-0.4000000059604645,654.3765869140625,0.0,-11.007690429687734,-0.125,-2.25,2.25
8.48,36.41545486450195,36.41545486450195,0.08642762154340744,0.08642762154340744,0.028132982552051544,0.028132982552051544,14.340476989746094,-6.761480808258057,0.0,-0.29363558,-0.18545126914978027,3.567812919616699,-0.28621986508369446,-0.5143818259239197,3.5792751836862675,-0.08005134343501205,4.039904594421387,1.1964654922485352,-1.7602555751800537,1.1964654922485352,-1.7602555751800537,-0.4000000059604645,654.19482421875,-0.4000000059604645,654.4149780273438,0.0,-22.637939453125483,-0.125,-2.25,2.25
8.5,36.4864616394043,36.4864616394043,0.08838938176631927,0.08838938176631927,0.0261189267039299,0.0261189267039299,14.409682273864746,-6.780651569366455,0.0,-0.3025115,-0.19575554132461548,3.594714879989624,-0.2904970347881317,-0.5163705945014954,3.606433639433771,-0.08063702837676572,4.0703020095825195,1.1965887546539307,-1.7858887910842896,1.1965887546539307,-1.7858887910842896,-0.4000000059604645,653.7420654296875,-0.4000000059604645,654.19482421875,0.0,-20.761108398437944,-0.125,-2.25,2.25
8.52,36.55799102783203,36.55799102783203,0.09022074937820435,0.09022074937820435,0.024119466543197632,0.024119466543197632,14.479168891906738,-6.8007965087890625,0.0,-0.31145257,-0.2060990333557129,3.6216471195220947,-0.2948499321937561,-0.518339991569519,3.633629637271436,-0.08123405406680388,4.100597858428955,1.195975422859192,-1.8114498853683472,1.195975422859192,-1.8114498853683472,-0.4000000059604645,653.3268432617188,-0.4000000059604645,653.7420654296875,0.0,-19.09484863281121,-0.125,-2.25,2.25
8.540000000000001,36.63004684448242,36.63004684448242,0.09192066639661789,0.09192066639661789,0.022136365994811058,0.022136365994811058,14.548973083496094,-6.821806907653809,0.0,-0.3204597,-0.21648213267326355,3.648602247238159,-0.2992745041847229,-0.5202897787094116,3.6608555813370125,-0.081841211181257,4.130885124206543,1.1947985887527466,-1.836931586265564,1.1947985887527466,-1.836931586265564,-0.4000000059604645,652.9449462890625,-0.4000000059604645,653.3268432617188,0.0,-17.681884765625377,-0.125,-2.25,2.25
8.56,36.7026252746582,36.7026252746582,0.09348822385072708,0.09348822385072708,0.020171672105789185,0.020171672105789185,14.619043350219727,-6.843778610229492,0.0,-0.329532,-0.22690334916114807,3.675579309463501,-0.3037659525871277,-0.5222192406654358,3.688110222608233,-0.08245698548864333,4.161198616027832,1.1933209896087646,-1.8623237609863281,1.1933209896087646,-1.8623237609863281,-0.4000000059604645,652.59130859375,-0.4000000059604645,652.9449462890625,0.0,-16.54663085937535,-0.125,-2.25,2.25
8.58,36.77573013305664,36.77573013305664,0.09492270648479462,0.09492270648479462,0.01822754740715027,0.01822754740715027,14.689390182495117,-6.866671085357666,0.0,-0.33866987,-0.23736253380775452,3.7025814056396484,-0.3083193302154541,-0.524127721786499,3.715396328088429,-0.08307977712083432,4.1915507316589355,1.1917355060577393,-1.887616515159607,1.1917355060577393,-1.887616515159607,-0.4000000059604645,652.2603759765625,-0.4000000059604645,652.59130859375,0.0,-15.692138671875334,-0.125,-2.25,2.25
8.6,36.849369049072266,36.849369049072266,0.09622355550527573,0.09622355550527573,0.01630605012178421,0.01630605012178421,14.75999927520752,-6.890529632568359,0.0,-0.34787482,-0.2478606253862381,3.729611396789551,-0.3129301071166992,-0.5260143280029297,3.7427164497197185,-0.08370814709616718,4.221945285797119,1.1901499032974243,-1.9128023386001587,1.1901499032974243,-1.9128023386001587,-0.4000000059604645,651.946533203125,-0.4000000059604645,652.2603759765625,0.0,-15.11535644531148,-0.125,-2.25,2.25
8.620000000000001,36.92353820800781,36.92353820800781,0.09739045798778534,0.09739045798778534,0.014409073628485203,0.014409073628485203,14.830853462219238,-6.915352821350098,0.0,-0.3571458,-0.25839632749557495,3.756671905517578,-0.3175942301750183,-0.5278787612915039,3.7700729304279426,-0.08434082750511322,4.252382278442383,1.188612461090088,-1.9378759860992432,1.188612461090088,-1.9378759860992432,-0.4000000059604645,651.6442260742188,-0.4000000059604645,651.946533203125,0.0,-14.801025390625316,-0.125,-2.25,2.25
8.64,36.99823760986328,36.99823760986328,0.09842322021722794,0.09842322021722794,0.01253832783550024,0.01253832783550024,14.901937484741211,-6.9411492347717285,0.0,-0.36648354,-0.26896846294403076,3.7837653160095215,-0.32230815291404724,-0.5297208428382874,3.797467907971244,-0.08497672343044158,4.28286075592041,1.1871368885040283,-1.9628345966339111,1.1871368885040283,-1.9628345966339111,-0.4000000059604645,651.3482055664062,-0.4000000059604645,651.6442260742188,0.0,-14.730834960937814,-0.125,-2.25,2.25
8.66,37.07347106933594,37.07347106933594,0.09932183474302292,0.09932183474302292,0.010695450007915497,0.010695450007915497,14.973237037658691,-6.967939853668213,0.0,-0.37588757,-0.27957719564437866,3.8108932971954346,-0.3270688056945801,-0.5315409302711487,3.8249028388009503,-0.08561490990858225,4.313379764556885,1.1857177019119263,-1.9876781702041626,1.1857177019119263,-1.9876781702041626,-0.4000000059604645,651.0535888671875,-0.4000000059604645,651.3482055664062,0.0,-15.03295898437532,-0.125,-2.25,2.25
8.68,37.14924240112305,37.14924240112305,0.10008642822504044,0.10008642822504044,0.008881799876689911,0.008881799876689911,15.044746398925781,-6.995728969573975,0.0,-0.38535914,-0.290222704410553,3.838056802749634,-0.3318735361099243,-0.5333394408226013,3.8523784945281334,-0.08625461111306218,4.343936920166016,1.184343695640564,-2.0124077796936035,1.184343695640564,-2.0124077796936035,-0.4000000059604645,650.7529296875,-0.4000000059604645,651.0535888671875,0.0,-16.488647460936388,-0.125,-2.25,2.25
8.700000000000001,37.225547790527344,37.225547790527344,0.10071731358766556,0.10071731358766556,0.007098771631717682,0.007098771631717682,15.116445541381836,-7.024527072906494,0.0,-0.39489707,-0.3009035289287567,3.8652572631835938,-0.3367198407649994,-0.5351170301437378,3.879896127702175,-0.08689510018256626,4.3745293617248535,1.1829949617385864,-2.0370256900787354,1.1829949617385864,-2.0370256900787354,-0.4000000059604645,650.4231567382812,-0.4000000059604645,650.7529296875,0.0,-18.060302734375384,-0.125,-2.25,2.25
8.72,37.30239486694336,37.30239486694336,0.1012149378657341,0.1012149378657341,0.005347542464733124,0.005347542464733124,15.18831729888916,-7.054356098175049,0.0,-0.4045032,-0.3116198480129242,3.8924946784973145,-0.34160563349723816,-0.536874532699585,3.9074555955208194,-0.08753580823128608,4.405146598815918,1.1816442012786865,-2.0615358352661133,1.1816442012786865,-2.0615358352661133,-0.4000000059604645,650.0619506835938,-0.4000000059604645,650.4231567382812,0.0,-19.72961425781292,-0.125,-2.25,2.25
8.74,37.379783630371094,37.379783630371094,0.10157986730337143,0.10157986730337143,0.003629229962825775,0.003629229962825775,15.260363578796387,-7.085198879241943,0.0,-0.41417646,-0.3223714232444763,3.9197683334350586,-0.3465289771556854,-0.5386129021644592,3.9350560504024363,-0.08817623611408754,4.4357829093933105,1.1802582740783691,-2.0859427452087402,1.1802582740783691,-2.0859427452087402,-0.4000000059604645,649.6673583984375,-0.4000000059604645,650.0619506835938,0.0,-21.48742675781296,-0.125,-2.25,2.25
8.76,37.45771408081055,37.45771408081055,0.10181283205747604,0.10181283205747604,0.0019449293613433838,0.0019449293613433838,15.332541465759277,-7.117115497589111,0.0,-0.42391798,-0.33315712213516235,3.947077512741089,-0.35148802399635315,-0.5403328537940979,3.9626966478143695,-0.08881592162848811,4.466434478759766,1.178810954093933,-2.110250473022461,1.178810954093933,-2.110250473022461,-0.4000000059604645,649.2376098632812,-0.4000000059604645,649.6673583984375,0.0,-23.315429687500497,-0.125,-2.25,2.25
8.78,37.536190032958984,37.536190032958984,0.10191468149423599,0.10191468149423599,0.0002955571108032018,0.0002955571108032018,15.404878616333008,-7.150034427642822,0.0,-0.43372738,-0.3439773619174957,3.9744203090667725,-0.35648104548454285,-0.5420353412628174,3.990375361906718,-0.08945447240540777,4.497096538543701,1.1772832870483398,-2.1344637870788574,1.1772832870483398,-2.1344637870788574,-0.4000000059604645,648.7713012695312,-0.4000000059604645,649.2376098632812,0.0,-25.2075195312483,-0.125,-2.25,2.25
8.8,37.61521530151367,37.61521530151367,0.10188638418912888,0.10188638418912888,-0.0013178810477256775,-0.0013178810477256775,15.477306365966797,-7.184086322784424,0.0,-0.44360545,-0.3548322319984436,4.001795291900635,-0.3615063428878784,-0.5437212586402893,4.018090640369659,-0.09009150494857246,4.527766704559326,1.1756622791290283,-2.1585874557495117,1.1756622791290283,-2.1585874557495117,-0.4000000059604645,648.2671508789062,-0.4000000059604645,648.7713012695312,0.0,-27.15454101562558,-0.125,-2.25,2.25
8.82,37.694786071777344,37.694786071777344,0.10172905027866364,0.10172905027866364,-0.0028945282101631165,-0.0028945282101631165,15.54985523223877,-7.219160556793213,0.0,-0.45355177,-0.3657200038433075,4.029201030731201,-0.36656227707862854,-0.5453912615776062,4.045840932244179,-0.09072666200037997,4.558440685272217,1.1739394664764404,-2.1826257705688477,1.1739394664764404,-2.1826257705688477,-0.4000000059604645,647.7240600585938,-0.4000000059604645,648.2671508789062,0.0,-29.14733886718812,-0.125,-2.25,2.25
8.84,37.774906158447266,37.774906158447266,0.10144393146038055,0.10144393146038055,-0.004433468449860811,-0.004433468449860811,15.622480392456055,-7.255337715148926,0.0,-0.46356708,-0.3766409456729889,4.05663537979126,-0.3716472089290619,-0.5470461845397949,4.073623970432094,-0.0913596131196199,4.589115619659424,1.1721073389053345,-2.206583023071289,1.1721073389053345,-2.206583023071289,-0.4000000059604645,647.14111328125,-0.4000000059604645,647.7240600585938,0.0,-31.173706054688164,-0.125,-2.25,2.25
8.86,37.8555793762207,37.8555793762207,0.10103239119052887,0.10103239119052887,-0.00593385798856616,-0.00593385798856616,15.695175170898438,-7.292608737945557,0.0,-0.47365105,-0.38759490847587585,4.084097385406494,-0.37675946950912476,-0.548686683177948,4.101438668485604,-0.09199000438839912,4.619787693023682,1.1701602935791016,-2.2304632663726807,1.1701602935791016,-2.2304632663726807,-0.4000000059604645,646.5176391601562,-0.4000000059604645,647.14111328125,0.0,-33.227539062497755,-0.125,-2.25,2.25
8.88,37.936805725097656,37.936805725097656,0.10049592703580856,0.10049592703580856,-0.007394939661026001,-0.007394939661026001,15.767948150634766,-7.330941677093506,0.0,-0.4838044,-0.3985818028450012,4.111584186553955,-0.3818974792957306,-0.5503132939338684,4.129282045079142,-0.09261755648239967,4.650454521179199,1.1680943965911865,-2.254270076751709,1.1680943965911865,-2.254270076751709,-0.4000000059604645,645.8530883789062,-0.4000000059604645,646.5176391601562,0.0,-35.30273437500075,-0.125,-2.25,2.25
8.9,38.01858901977539,38.01858901977539,0.09983617067337036,0.09983617067337036,-0.008815906941890717,-0.008815906941890717,15.840725898742676,-7.370445728302002,0.0,-0.4940272,-0.409601092338562,4.13909387588501,-0.38705968856811523,-0.5519265532493591,4.15715206793103,-0.09324198525770391,4.681111812591553,1.165907859802246,-2.2780067920684814,1.165907859802246,-2.2780067920684814,-0.4000000059604645,645.1470336914062,-0.4000000059604645,645.8530883789062,0.0,-37.396240234375796,-0.125,-2.25,2.25
8.92,38.100929260253906,38.100929260253906,0.09905487298965454,0.09905487298965454,-0.01019604504108429,-0.01019604504108429,15.913545608520508,-7.41103458404541,0.0,-0.5043197,-0.42065271735191345,4.166624546051025,-0.39224448800086975,-0.5535271167755127,4.185046695811407,-0.09386300129139577,4.711756229400635,1.1635974645614624,-2.3016769886016846,1.1635974645614624,-2.3016769886016846,-0.4000000059604645,644.3991088867188,-0.4000000059604645,645.1470336914062,0.0,-39.49584960937584,-0.125,-2.25,2.25
8.94,38.18382263183594,38.18382263183594,0.09815391898155212,0.09815391898155212,-0.011534586548805237,-0.011534586548805237,15.986376762390137,-7.452728748321533,0.0,-0.5146814,-0.43173593282699585,4.194173336029053,-0.3974502682685852,-0.5551153421401978,4.2129629346107285,-0.09448034550356162,4.742384433746338,1.16116201877594,-2.3252837657928467,1.16116201877594,-2.3252837657928467,-0.4000000059604645,643.6091918945312,-0.4000000059604645,644.3991088867188,0.0,-41.59545898437219,-0.125,-2.25,2.25
8.96,38.26728057861328,38.26728057861328,0.09713532030582428,0.09713532030582428,-0.01283082365989685,-0.01283082365989685,16.059167861938477,-7.49560546875,0.0,-0.5251138,-0.44285091757774353,4.221739768981934,-0.4026756286621094,-0.5566918253898621,4.240900180259146,-0.0950937630818382,4.772993087768555,1.1585968732833862,-2.348829984664917,1.1585968732833862,-2.348829984664917,-0.4000000059604645,642.7772827148438,-0.4000000059604645,643.6091918945312,0.0,-43.69812011718843,-0.125,-2.25,2.25
8.98,38.35129928588867,38.35129928588867,0.09600121527910233,0.09600121527910233,-0.01408413052558899,-0.01408413052558899,16.131946563720703,-7.53959321975708,0.0,-0.5356161,-0.45399725437164307,4.249320983886719,-0.4079189896583557,-0.5582569241523743,4.268855435151662,-0.09570301801705507,4.803579807281494,1.1559008359909058,-2.372318744659424,1.1559008359909058,-2.372318744659424,-0.4000000059604645,641.9033203125,-0.4000000059604645,642.7772827148438,0.0,-45.79162597656347,-0.125,-2.25,2.25
9.0,38.435882568359375,38.435882568359375,0.09475386887788773,0.09475386887788773,-0.015293889679014683,-0.015293889679014683,16.204694747924805,-7.5847063064575195,0.0,-0.546189,-0.46517500281333923,4.276914119720459,-0.4131789207458496,-0.5598111748695374,4.296825713013379,-0.09630791676663666,4.834141254425049,1.1530739068984985,-2.3957526683807373,1.1530739068984985,-2.3957526683807373,-0.4000000059604645,640.9874877929688,-0.4000000059604645,641.9033203125,0.0,-47.87597656250102,-0.125,-2.25,2.25
9.02,38.521026611328125,38.521026611328125,0.0933956652879715,0.0933956652879715,-0.016459420323371887,-0.016459420323371887,16.2773380279541,-7.631028175354004,0.0,-0.55683196,-0.47638314962387085,4.30451774597168,-0.4184539318084717,-0.5613548755645752,4.324809443019551,-0.09690822683636957,4.864673614501953,1.1501158475875854,-2.4191336631774902,1.1501158475875854,-2.4191336631774902,-0.4000000059604645,640.0299682617188,-0.4000000059604645,640.9874877929688,0.0,-49.94201660155913,-0.125,-2.25,2.25
9.040000000000001,38.60674285888672,38.60674285888672,0.091929130256176,0.091929130256176,-0.017580168321728706,-0.017580168321728706,16.349918365478516,-7.678493022918701,0.0,-0.56754667,-0.48762306571006775,4.332128524780273,-0.42374250292778015,-0.5628884434700012,4.352803150155358,-0.09750375850387215,4.895174980163574,1.1470273733139038,-2.4424641132354736,1.1470273733139038,-2.4424641132354736,-0.4000000059604645,639.0311279296875,-0.4000000059604645,640.0299682617188,0.0,-51.98974609375111,-0.125,-2.25,2.25
9.06,38.693031311035156,38.693031311035156,0.09035690873861313,0.09035690873861313,-0.018655553460121155,-0.018655553460121155,16.422409057617188,-7.727107048034668,0.0,-0.57833266,-0.4988938570022583,4.359745502471924,-0.4290432333946228,-0.5644121766090393,4.380805741235952,-0.09809430263364428,4.925641059875488,1.1438069343566895,-2.4657464027404785,1.1438069343566895,-2.4657464027404785,-0.4000000059604645,637.9913330078125,-0.4000000059604645,639.0311279296875,0.0,-54.01916503906365,-0.125,-2.25,2.25
9.08,38.779876708984375,38.779876708984375,0.08868176490068436,0.08868176490068436,-0.01968502253293991,-0.01968502253293991,16.494762420654297,-7.776905536651611,0.0,-0.58918804,-0.5101937055587769,4.387365818023682,-0.4343547821044922,-0.5659264922142029,4.408814228100301,-0.09867971212203987,4.956069469451904,1.140453577041626,-2.4889824390411377,1.140453577041626,-2.4889824390411377,-0.4000000059604645,636.9109497070312,-0.4000000059604645,637.9913330078125,0.0,-56.018066406251194,-0.125,-2.25,2.25
9.1,38.86729049682617,38.86729049682617,0.08690658211708069,0.08690658211708069,-0.020668059587478638,-0.020668059587478638,16.56696128845215,-7.827900409698486,0.0,-0.60011476,-0.5215234160423279,4.414987564086914,-0.4396756887435913,-0.5674316883087158,4.436826557610096,-0.09925979716314118,4.986457824707031,1.1369688510894775,-2.512174129486084,1.1369688510894775,-2.512174129486084,-0.4000000059604645,635.7905883789062,-0.4000000059604645,636.9109497070312,0.0,-57.992553710933585,-0.125,-2.25,2.25
9.120000000000001,38.95527648925781,38.95527648925781,0.08503438532352448,0.08503438532352448,-0.02160414308309555,-0.02160414308309555,16.639007568359375,-7.880064010620117,0.0,-0.6111132,-0.5328829288482666,4.44260835647583,-0.4450046122074127,-0.5689281821250916,4.464840211464991,-0.09983441101925575,5.0168023109436035,1.1333527565002441,-2.535322904586792,1.1333527565002441,-2.535322904586792,-0.4000000059604645,634.6307373046875,-0.4000000059604645,635.7905883789062,0.0,-59.93652343750128,-0.125,-2.25,2.25
9.14,39.0438346862793,39.0438346862793,0.08306831866502762,0.08306831866502762,-0.022492796182632446,-0.022492796182632446,16.71088409423828,-7.933405876159668,0.0,-0.622183,-0.5442724227905273,4.470225811004639,-0.4503401517868042,-0.5704161524772644,4.492852663251204,-0.10040339871110338,5.047101974487305,1.129605770111084,-2.5584304332733154,1.129605770111084,-2.5584304332733154,-0.4000000059604645,633.4320068359375,-0.4000000059604645,634.6307373046875,0.0,-63.65051269531386,-0.125,-2.25,2.25
9.16,39.13298416137695,39.13298416137695,0.08101163804531097,0.08101163804531097,-0.02333357185125351,-0.02333357185125351,16.782577514648438,-7.987956523895264,0.0,-0.63332665,-0.5556935667991638,4.497837543487549,-0.4556810259819031,-0.5718960165977478,4.520861396354242,-0.10096663659839092,5.077352523803711,1.125731110572815,-2.581498146057129,1.125731110572815,-2.581498146057129,-0.4000000059604645,632.1589965820312,-0.4000000059604645,633.4320068359375,0.0,-71.61254882812652,-0.125,-2.25,2.25
9.18,39.22270584106445,39.22270584106445,0.07886773347854614,0.07886773347854614,-0.02412601374089718,-0.02412601374089718,16.854026794433594,-8.043736457824707,0.0,-0.64454204,-0.5671440362930298,4.525440692901611,-0.46102583408355713,-0.5733680725097656,4.548863405803944,-0.10152398985724426,5.107537269592285,1.1217145919799805,-2.604526996612549,1.1217145919799805,-2.604526996612549,-0.4000000059604645,630.7267456054688,-0.4000000059604645,632.1589965820312,0.0,-84.06372070311933,-0.125,-2.25,2.25
9.200000000000001,39.3129997253418,39.3129997253418,0.07664011418819427,0.07664011418819427,-0.024869831278920174,-0.024869831278920174,16.925243377685547,-8.100703239440918,0.0,-0.6558287,-0.5786231756210327,4.553030490875244,-0.4663734436035156,-0.5748324990272522,4.576853814547529,-0.10207542914051473,5.137609481811523,1.1174933910369873,-2.6275196075439453,1.1174933910369873,-2.6275196075439453,-0.4000000059604645,629.0454711914062,-0.4000000059604645,630.7267456054688,0.0,-96.48437500000206,-0.125,-2.25,2.25
9.22,39.403865814208984,39.403865814208984,0.07433238625526428,0.07433238625526428,-0.025564834475517273,-0.025564834475517273,16.99620246887207,-8.158868789672852,0.0,-0.66718674,-0.5901308059692383,4.580598831176758,-0.47172313928604126,-0.5762897729873657,4.604824467047116,-0.10262109245405282,5.167505741119385,1.1129382848739624,-2.6504788398742676,1.1129382848739624,-2.6504788398742676,-0.4000000059604645,627.1157836914062,-0.4000000059604645,629.0454711914062,0.0,-112.5457763671899,-0.125,-2.25,2.25
9.24,39.49531936645508,39.49531936645508,0.07194824516773224,0.07194824516773224,-0.02621113695204258,-0.02621113695204258,17.066896438598633,-8.218243598937988,0.0,-0.6786187,-0.6016685366630554,4.608132839202881,-0.4770744740962982,-0.5777406692504883,4.632762493110808,-0.10316128175987331,5.197185039520264,1.107904314994812,-2.6734085083007812,1.107904314994812,-2.6734085083007812,-0.4000000059604645,624.8648681640625,-0.4000000059604645,627.1157836914062,0.0,-128.35693359375273,-0.125,-2.25,2.25
9.26,39.58734893798828,39.58734893798828,0.06949149072170258,0.06949149072170258,-0.02680893987417221,-0.02680893987417221,17.137290954589844,-8.278824806213379,0.0,-0.69012237,-0.6132348775863647,4.635618686676025,-0.4824272692203522,-0.5791858434677124,4.660654104130381,-0.10369637595942313,5.226590633392334,1.1022523641586304,-2.696312665939331,1.1022523641586304,-2.696312665939331,-0.4000000059604645,622.2977294921875,-0.4000000059604645,624.8648681640625,0.0,-146.92993164062813,-0.125,-2.25,2.25
9.28,39.679954528808594,39.679954528808594,0.0669659674167633,0.0669659674167633,-0.027358539402484894,-0.027358539402484894,17.20734214782715,-8.340646743774414,0.0,-0.7016981,-0.6248298287391663,4.663039207458496,-0.4877814054489136,-0.5806261897087097,4.6884822010749785,-0.10422683766056093,5.255685329437256,1.0958595275878906,-2.719195604324341,1.0958595275878906,-2.719195604324341,-0.4000000059604645,619.359130859375,-0.4000000059604645,622.2977294921875,0.0,-173.72741699217576,-0.125,-2.25,2.25
9.3,39.77314758300781,39.77314758300781,0.06437557190656662,0.06437557190656662,-0.0278603658080101,-0.0278603658080101,17.277053833007812,-8.403692245483398,0.0,-0.7133471,-0.6364542841911316,4.690375804901123,-0.49313676357269287,-0.5820624232292175,4.7162282661878026,-0.1047531576059541,5.284416198730469,1.0886186361312866,-2.7420594692230225,1.0886186361312866,-2.7420594692230225,-0.4000000059604645,615.8845825195312,-0.4000000059604645,619.359130859375,0.0,-199.72229003906676,-0.125,-2.25,2.25
9.32,39.866912841796875,39.866912841796875,0.06172426789999008,0.06172426789999008,-0.02831503003835678,-0.02831503003835678,17.346399307250977,-8.467949867248535,0.0,-0.72506773,-0.6481068134307861,4.717606067657471,-0.4984932541847229,-0.5834951996803284,4.743869995485359,-0.10527591360718554,5.3126749992370605,1.080372929573059,-2.764906406402588,1.080372929573059,-2.764906406402588,-0.4000000059604645,611.89013671875,-0.4000000059604645,615.8845825195312,0.0,-224.7955322265673,-0.125,-2.25,2.25
9.34,39.96125030517578,39.96125030517578,0.059016041457653046,0.059016041457653046,-0.028723306953907013,-0.028723306953907013,17.41535758972168,-8.533421516418457,0.0,-0.7368601,-0.6597875356674194,4.744702339172363,-0.5038509964942932,-0.5849249362945557,4.771379896216187,-0.10579583896608423,5.340396881103516,1.070935845375061,-2.787738084793091,1.070935845375061,-2.787738084793091,-0.4000000059604645,607.3942260742188,-0.4000000059604645,611.89013671875,0.0,-248.84338378906781,-0.125,-2.25,2.25
9.36,40.056175231933594,40.056175231933594,0.05625489726662636,0.05625489726662636,-0.029086066409945488,-0.029086066409945488,17.48391342163086,-8.600117683410645,0.0,-0.74872565,-0.6714980602264404,4.771637439727783,-0.5092101097106934,-0.5863523483276367,4.798730956413736,-0.10631365107112574,5.367537975311279,1.0601797103881836,-2.810554265975952,1.0601797103881836,-2.810554265975952,-0.4000000059604645,602.4173583984375,-0.4000000059604645,607.3942260742188,0.0,-271.80786132810664,-0.125,-2.25,2.25
9.38,40.151676177978516,40.151676177978516,0.05344484746456146,0.05344484746456146,-0.029404304921627045,-0.029404304921627045,17.552038192749023,-8.668035507202148,0.0,-0.7606633,-0.6832374930381775,4.798381328582764,-0.514570415019989,-0.5877777338027954,4.8258932941483,-0.10683006401698075,5.394066333770752,1.048041582107544,-2.83335280418396,1.048041582107544,-2.83335280418396,-0.4000000059604645,596.981201171875,-0.4000000059604645,602.4173583984375,0.0,-293.65234375000625,-0.125,-2.25,2.25
9.4,40.24774169921875,40.24774169921875,0.0505899079144001,0.0505899079144001,-0.029678866267204285,-0.029678866267204285,17.619699478149414,-8.737164497375488,0.0,-0.7726714,-0.6950046420097351,4.824907302856445,-0.5199313759803772,-0.589201033115387,4.852840314381497,-0.10734564131081181,5.419958591461182,1.0345138311386108,-2.8561275005340576,1.0345138311386108,-2.8561275005340576,-0.4000000059604645,591.108154296875,-0.4000000059604645,596.981201171875,0.0,-314.3585205078192,-0.125,-2.25,2.25
9.42,40.34436798095703,40.34436798095703,0.047694094479084015,0.047694094479084015,-0.029910625889897346,-0.029910625889897346,17.686872482299805,-8.807504653930664,0.0,-0.78474975,-0.7067995667457581,4.8511881828308105,-0.525291919708252,-0.5906217098236084,4.8795448953922005,-0.10786084621913032,5.445192337036133,1.0196239948272705,-2.878870725631714,1.0196239948272705,-2.878870725631714,-0.4000000059604645,584.8209838867188,-0.4000000059604645,591.108154296875,0.0,-333.9111328125071,-0.125,-2.25,2.25
9.44,40.44156265258789,40.44156265258789,0.04476143792271614,0.04476143792271614,-0.030100347474217415,-0.030100347474217415,17.753538131713867,-8.879058837890625,0.0,-0.796899,-0.7186233401298523,4.877199172973633,-0.5306505560874939,-0.5920388698577881,4.9059822447223205,-0.10837600605731737,5.46975040435791,1.0034173727035522,-2.9015705585479736,1.0034173727035522,-2.9015705585479736,-0.4000000059604645,578.1427612304688,-0.4000000059604645,584.8209838867188,0.0,-352.30712890622624,-0.125,-2.25,2.25
9.46,40.53931427001953,40.53931427001953,0.04179598018527031,0.04179598018527031,-0.030248790979385376,-0.030248790979385376,17.819669723510742,-8.951823234558105,0.0,-0.8091181,-0.7304755449295044,4.902916431427002,-0.5360054969787598,-0.5934512615203857,4.932128488426506,-0.10889137035637517,5.493618011474609,0.985953152179718,-2.9242138862609863,0.985953152179718,-2.9242138862609863,-0.4000000059604645,571.0966186523438,-0.4000000059604645,578.1427612304688,0.0,-369.5495605468829,-0.125,-2.25,2.25
9.48,40.63761901855469,40.63761901855469,0.03880176693201065,0.03880176693201065,-0.03035663068294525,-0.03035663068294525,17.885236740112305,-9.025790214538574,0.0,-0.8214062,-0.7423557043075562,4.928317070007324,-0.5413546562194824,-0.5948575139045715,4.9579606701078305,-0.10940711260265157,5.516782760620117,0.9672976136207581,-2.9467849731445312,0.9672976136207581,-2.9467849731445312,-0.4000000059604645,563.7056274414062,-0.4000000059604645,571.0966186523438,0.0,-385.65063476563324,-0.125,-2.25,2.25
9.5,40.73646926879883,40.73646926879883,0.03578286990523338,0.03578286990523338,-0.03042459301650524,-0.03042459301650524,17.95021629333496,-9.1009521484375,0.0,-0.83376247,-0.7542636394500732,4.953380107879639,-0.5466960668563843,-0.5962557196617126,4.983457743640849,-0.10992339410047096,5.53923225402832,0.947519838809967,-2.9692676067352295,0.947519838809967,-2.9692676067352295,-0.4000000059604645,555.9926147460938,-0.4000000059604645,563.7056274414062,0.0,-400.619506835946,-0.125,-2.25,2.25
9.52,40.83586502075195,40.83586502075195,0.032743360847234726,0.032743360847234726,-0.03045329451560974,-0.03045329451560974,18.01458168029785,-9.177308082580566,0.0,-0.8461867,-0.7661996483802795,4.978085994720459,-0.5520272850990295,-0.5976442694664001,5.008600033375173,-0.11044025563978965,5.560957908630371,0.9266859889030457,-2.9916434288024902,0.9266859889030457,-2.9916434288024902,-0.4000000059604645,547.980224609375,-0.4000000059604645,555.9926147460938,0.0,-414.46838378903453,-0.125,-2.25,2.25
9.540000000000001,40.935794830322266,40.935794830322266,0.02968730963766575,0.02968730963766575,-0.030443362891674042,-0.030443362891674042,18.078306198120117,-9.25484848022461,0.0,-0.85867804,-0.7781636714935303,5.002417087554932,-0.5573459267616272,-0.5990212559700012,5.033369765866535,-0.11095771532523223,5.581953525543213,0.9048643112182617,-3.013895034790039,0.9048643112182617,-3.013895034790039,-0.4000000059604645,539.6908569335938,-0.4000000059604645,547.980224609375,0.0,-427.2125244140716,-0.125,-2.25,2.25
9.56,41.036251068115234,41.036251068115234,0.02661880850791931,0.02661880850791931,-0.03039540909230709,-0.03039540909230709,18.1413631439209,-9.333563804626465,0.0,-0.87123495,-0.7901548743247986,5.026354789733887,-0.5626495480537415,-0.6003848910331726,5.057748213010002,-0.1114758077061156,5.602213382720947,0.8821232318878174,-3.0360028743743896,0.8821232318878174,-3.0360028743743896,-0.4000000059604645,531.1466064453125,-0.4000000059604645,539.6908569335938,0.0,-434.93041992188427,-0.125,-2.25,2.25
9.58,41.137229919433594,41.137229919433594,0.023541947826743126,0.023541947826743126,-0.030310146510601044,-0.030310146510601044,18.203725814819336,-9.413443565368652,0.0,-0.8838575,-0.8021730780601501,5.0498833656311035,-0.5679359436035156,-0.6017331480979919,5.081719516316749,-0.11199455829400518,5.621733665466309,0.8585296869277954,-3.057948112487793,0.8585296869277954,-3.057948112487793,-0.4000000059604645,522.447998046875,-0.4000000059604645,531.1466064453125,0.0,-441.33911132813444,-0.125,-2.25,2.25
9.6,41.23872375488281,41.23872375488281,0.0204608216881752,0.0204608216881752,-0.03018803708255291,-0.03018803708255291,18.265369415283203,-9.494483947753906,0.0,-0.896544,-0.8142185807228088,5.072990417480469,-0.5732025504112244,-0.6030641794204712,5.105271093648857,-0.11251385586252478,5.6405463218688965,0.8341783881187439,-3.079711437225342,0.8341783881187439,-3.079711437225342,-0.4000000059604645,513.6212158203125,-0.4000000059604645,522.447998046875,0.0,-446.76361083981357,-0.125,-2.25,2.25
9.620000000000001,41.340721130371094,41.340721130371094,0.0173795185983181,0.0173795185983181,-0.030029617249965668,-0.030029617249965668,18.326263427734375,-9.576664924621582,0.0,-0.90929395,-0.8262900114059448,5.095664024353027,-0.5784467458724976,-0.6043761968612671,5.128390828212702,-0.1130335745763122,5.658673286437988,0.8091949224472046,-3.1012728214263916,0.8091949224472046,-3.1012728214263916,-0.4000000059604645,504.6859436035156,-0.4000000059604645,513.6212158203125,0.0,-451.2603759765721,-0.125,-2.25,2.25
9.64,41.44321823120117,41.44321823120117,0.014302141964435577,0.014302141964435577,-0.029835330322384834,-0.029835330322384834,18.386384963989258,-9.659981727600098,0.0,-0.9221059,-0.8383877277374268,5.117896556854248,-0.5836659669876099,-0.6056671738624573,5.151070871933345,-0.11355351307782324,5.67612886428833,0.7837005853652954,-3.1226117610931396,0.7837005853652954,-3.1226117610931396,-0.4000000059604645,495.6607360839844,-0.4000000059604645,504.6859436035156,0.0,-454.88128662110347,-0.125,-2.25,2.25
9.66,41.54620361328125,41.54620361328125,0.011232798919081688,0.011232798919081688,-0.029605522751808167,-0.029605522751808167,18.445709228515625,-9.744421005249023,0.0,-0.9349789,-0.850511372089386,5.139680862426758,-0.5888576507568359,-0.6069351434707642,5.173303847682902,-0.11407346635238738,5.692924499511719,0.7577952742576599,-3.1437084674835205,0.7577952742576599,-3.1437084674835205,-0.4000000059604645,486.5631103515625,-0.4000000059604645,495.6607360839844,0.0,-457.667541503916,-0.125,-2.25,2.25
9.68,41.64967727661133,41.64967727661133,0.008175604045391083,0.008175604045391083,-0.029340602457523346,-0.029340602457523346,18.504213333129883,-9.829972267150879,0.0,-0.9479133,-0.8626607656478882,5.161012649536133,-0.5940192341804504,-0.6081783175468445,5.195085217708012,-0.11459317292313283,5.709071636199951,0.7315605282783508,-3.164544105529785,0.7315605282783508,-3.164544105529785,-0.4000000059604645,477.4097595214844,-0.4000000059604645,486.5631103515625,0.0,-459.6603393554377,-0.125,-2.25,2.25
9.700000000000001,41.75361251831055,41.75361251831055,0.005134673789143562,0.005134673789143562,-0.02904094010591507,-0.02904094010591507,18.561864852905273,-9.916611671447754,0.0,-0.96090543,-0.8748339414596558,5.181886672973633,-0.5991483926773071,-0.6093950271606445,5.216409520732584,-0.11511244381021134,5.724579811096191,0.7050657272338867,-3.185100793838501,0.7050657272338867,-3.185100793838501,-0.4000000059604645,468.216552734375,-0.4000000059604645,477.4097595214844,0.0,-458.570861816416,-0.125,-2.25,2.25
9.72,41.85801315307617,41.85801315307617,0.0021141297183930874,0.0021141297183930874,-0.028706936165690422,-0.028706936165690422,18.61863899230957,-10.0043306350708,0.0,-0.97395533,-0.8870311975479126,5.202300071716309,-0.6042430996894836,-0.6105837821960449,5.237273695321056,-0.11563109908733232,5.739460468292236,0.6783691048622131,-3.2053611278533936,0.6783691048622131,-3.2053611278533936,-0.4000000059604645,459.0451354980469,-0.4000000059604645,468.216552734375,0.0,-456.0729980468847,-0.125,-2.25,2.25
9.74,41.962867736816406,41.962867736816406,-0.0008819130598567426,-0.0008819130598567426,-0.028338931500911713,-0.028338931500911713,18.674514770507812,-10.093114852905273,0.0,-0.98706216,-0.89925217628479,5.222250938415527,-0.6093013286590576,-0.6117433309555054,5.2576756245405205,-0.11614894158220486,5.753743648529053,0.6515408158302307,-3.225309371948242,0.6515408158302307,-3.225309371948242,-0.4000000059604645,449.9236755371094,-0.4000000059604645,459.0451354980469,0.0,-452.9800415039159,-0.125,-2.25,2.25
9.76,42.06816482543945,42.06816482543945,-0.0038493438623845577,-0.0038493438623845577,-0.027937285602092743,-0.027937285602092743,18.729469299316406,-10.182945251464844,0.0,-1.0002242,-0.9114958047866821,5.241739273071289,-0.6143210530281067,-0.6128724813461304,5.277615082880854,-0.11666573554379228,5.767460823059082,0.6246669292449951,-3.2449302673339844,0.6246669292449951,-3.2449302673339844,-0.4000000059604645,440.86407470703125,-0.4000000059604645,449.9236755371094,0.0,-449.0493774414158,-0.125,-2.25,2.25
9.78,42.17390060424805,42.17390060424805,-0.0067840516567230225,-0.0067840516567230225,-0.02750226855278015,-0.02750226855278015,18.783475875854492,-10.273812294006348,0.0,-1.0134413,-0.923762321472168,5.260765552520752,-0.6193004250526428,-0.6139702200889587,5.297092335900834,-0.1171812713529403,5.780633449554443,0.5978350639343262,-3.264209508895874,0.5978350639343262,-3.264209508895874,-0.4000000059604645,431.8830871582031,-0.4000000059604645,440.86407470703125,0.0,-444.18334960934504,-0.125,-2.25,2.25
9.8,42.280059814453125,42.280059814453125,-0.009681927971541882,-0.009681927971541882,-0.027034109458327293,-0.027034109458327293,18.836515426635742,-10.365691184997559,0.0,-1.0267113,-0.936050295829773,5.27933406829834,-0.6242374777793884,-0.6150352954864502,5.316111420329701,-0.1176952352110155,5.793282985687256,0.5711178183555603,-3.2831337451934814,0.5711178183555603,-3.2831337451934814,-0.4000000059604645,422.9994201660156,-0.4000000059604645,431.8830871582031,0.0,-438.9129638671969,-0.125,-2.25,2.25
9.82,42.386634826660156,42.386634826660156,-0.012538868933916092,-0.012538868933916092,-0.026533126831054688,-0.026533126831054688,18.888547897338867,-10.458572387695312,0.0,-1.0400332,-0.948358952999115,5.297449111938477,-0.6291307806968689,-0.6160669922828674,5.334676431874571,-0.11820741533677841,5.8054327964782715,0.5445773005485535,-3.3016905784606934,0.5445773005485535,-3.3016905784606934,-0.4000000059604645,414.2211608886719,-0.4000000059604645,422.9994201660156,0.0,-433.28094482422796,-0.125,-2.25,2.25
9.84,42.493621826171875,42.493621826171875,-0.015350774861872196,-0.015350774861872196,-0.025999559089541435,-0.025999559089541435,18.939544677734375,-10.552453994750977,0.0,-1.0534065,-0.9606884717941284,5.315114498138428,-0.6339787244796753,-0.6170645952224731,5.352790968402763,-0.118717577824999,5.817101955413818,0.5182672142982483,-3.319869041442871,0.5182672142982483,-3.319869041442871,-0.4000000059604645,405.5555419921875,-0.4000000059604645,414.2211608886719,0.0,-427.33001708985284,-0.125,-2.25,2.25
9.86,42.60100555419922,42.60100555419922,-0.018113553524017334,-0.018113553524017334,-0.02543361485004425,-0.02543361485004425,18.989500045776367,-10.647294998168945,0.0,-1.0668294,-0.9730376601219177,5.33233642578125,-0.6387799382209778,-0.6180276274681091,5.370461019985822,-0.11922548085503568,5.828308582305908,0.4922311007976532,-3.3376595973968506,0.4922311007976532,-3.3376595973968506,-0.4000000059604645,397.0089416503906,-0.4000000059604645,405.5555419921875,0.0,-421.0968017577841,-0.125,-2.25,2.25
9.88,42.708770751953125,42.708770751953125,-0.020823121070861816,-0.020823121070861816,-0.02483557164669037,-0.02483557164669037,19.03839111328125,-10.743073463439941,0.0,-1.0803,-0.9854046106338501,5.349120140075684,-0.6435332298278809,-0.6189554333686829,5.387691647714817,-0.11973093653046597,5.839069843292236,0.46650487184524536,-3.355053663253784,0.46650487184524536,-3.355053663253784,-0.4000000059604645,388.5870056152344,-0.4000000059604645,397.0089416503906,0.0007256865501403964,-414.6118164062588,-0.125,-2.25,2.25
9.9,42.816917419433594,42.816917419433594,-0.02347540482878685,-0.02347540482878685,-0.024205677211284637,-0.024205677211284637,19.086204528808594,-10.839776992797852,0.0,-1.0938183,-0.9977902173995972,5.365472793579102,-0.6482377052307129,-0.6198479533195496,5.40448983911713,-0.12023376870347849,5.849400520324707,0.4411158263683319,-3.372044324874878,0.4411158263683319,-3.372044324874878,-0.39998549222946167,380.2947692871094,-0.4000000059604645,388.5870056152344,0.011932849884033458,-407.9620361328212,-0.125,-2.25,2.25
9.92,42.92544174194336,42.92544174194336,-0.026066293939948082,-0.026066293939948082,-0.023543057963252068,-0.023543057963252068,19.13292121887207,-10.937392234802246,0.0,-1.1073838,-1.0101940631866455,5.381404399871826,-0.6528869867324829,-0.6206989288330078,5.420864758726643,-0.12073273180089823,5.859318256378174,0.4161577522754669,-3.3886020183563232,0.4161577522754669,-3.3886020183563232,-0.399746835231781,372.1355285644531,-0.39998549222946167,380.2947692871094,0.023227930068970223,-402.02484130860233,-0.125,-2.25,2.25
9.94,43.034324645996094,43.034324645996094,-0.028590884059667587,-0.028590884059667587,-0.022831201553344727,-0.022831201553344727,19.178518295288086,-11.035889625549316,0.0,-1.1209943,-1.022613763809204,5.3969645500183105,-0.6573985815048218,-0.6214147210121155,5.436855639900594,-0.12121181286063368,5.868845462799072,0.3927461802959442,-3.4043521881103516,0.3927461802959442,-3.4043521881103516,-0.3992822766304016,364.09503173828125,-0.399746835231781,372.1355285644531,0.03456026315688854,-397.13134765622317,-0.125,-2.25,2.25
9.96,43.1435661315918,43.1435661315918,-0.031042555347085,-0.031042555347085,-0.02205566316843033,-0.02205566316843033,19.222930908203125,-11.135278701782227,0.0,-1.1346495,-1.0350462198257446,5.412195205688477,-0.6617095470428467,-0.6219217777252197,5.452496352050589,-0.12165889565883149,5.87801456451416,0.37123537063598633,-3.418999433517456,0.37123537063598633,-3.418999433517456,-0.3985910713672638,356.15240478515625,-0.3992822766304016,364.09503173828125,0.04769265651702983,-382.74993896485194,-0.125,-2.25,2.25
9.98,43.253150939941406,43.253150939941406,-0.03341318294405937,-0.03341318294405937,-0.02120395004749298,-0.02120395004749298,19.266193389892578,-11.235509872436523,0.0,-1.1483474,-1.0474865436553955,5.427128791809082,-0.6657733917236328,-0.6221640110015869,5.467813194688558,-0.12206517917508078,5.886857509613037,0.3516348600387573,-3.432314395904541,0.3516348600387573,-3.432314395904541,-0.3976372182369232,348.4974060058594,-0.3985910713672638,356.15240478515625,0.06175786256790293,-364.10064697266404,-0.125,-2.25,2.25
10.0,43.363075256347656,43.363075256347656,-0.03569317236542702,-0.03569317236542702,-0.020262248814105988,-0.020262248814105988,19.308292388916016,-11.336564064025879,0.0,-1.1620879,-1.0599287748336792,5.441802501678467,-0.6695432066917419,-0.6220842003822327,5.482837091588722,-0.12242175744635353,5.895493507385254,0.3340737223625183,-3.444061040878296,0.3340737223625183,-3.444061040878296,-0.3964020609855652,341.21539306640625,-0.3976372182369232,348.4974060058594,0.07562190294265908,-347.9309082031324,-0.125,-2.25,2.25
10.02,43.47333526611328,43.47333526611328,-0.03787137567996979,-0.03787137567996979,-0.01921665668487549,-0.01921665668487549,19.34922218322754,-11.438421249389648,0.0,-1.1758704,-1.072366714477539,5.456254482269287,-0.6729775667190552,-0.6216311454772949,5.497600547565345,-0.12272076712320165,5.904053211212158,0.3187240958213806,-3.4540224075317383,0.3187240958213806,-3.4540224075317383,-0.39488962292671204,334.25677490234375,-0.3964020609855652,341.21539306640625,0.08922368288039559,-334.37805175778993,-0.125,-2.25,2.25
10.040000000000001,43.583919525146484,43.583919525146484,-0.03993511572480202,-0.03993511572480202,-0.018054664134979248,-0.018054664134979248,19.38896942138672,-11.541056632995605,0.0,-1.1896938,-1.084791660308838,5.470522403717041,-0.6760480403900146,-0.62076735496521,5.512137182843444,-0.1229567559706077,5.9126129150390625,0.3056323826313019,-3.462034225463867,0.3056323826313019,-3.462034225463867,-0.393105149269104,327.5692138671875,-0.39488962292671204,334.25677490234375,0.10251253843307713,-323.4756469726631,-0.125,-2.25,2.25
10.06,43.69482421875,43.69482421875,-0.04187032952904701,-0.04187032952904701,-0.01676507294178009,-0.01676507294178009,19.427474975585938,-11.644474029541016,0.0,-1.2035568,-1.0971956253051758,5.48463773727417,-0.67873615026474,-0.6194667816162109,5.526475718829146,-0.12312623284010066,5.921219348907471,0.2947353422641754,-3.4679758548736572,0.2947353422641754,-3.4679758548736572,-0.3910548985004425,321.0997009277344,-0.393105149269104,327.5692138671875,0.11543631553650148,-315.1885986328192,-0.125,-2.25,2.25
10.08,43.80604934692383,43.80604934692383,-0.04366167634725571,-0.04366167634725571,-0.015337771736085415,-0.015337771736085415,19.464786529541016,-11.748636245727539,0.0,-1.2174598,-1.1095703840255737,5.498627662658691,-0.6810315847396851,-0.6177127361297607,5.5406416769150875,-0.12322728235185498,5.929892063140869,0.28589144349098206,-3.4717612266540527,0.28589144349098206,-3.4717612266540527,-0.3887461721897125,314.7959289550781,-0.3910548985004425,321.0997009277344,0.12794584035873685,-309.44061279297534,-0.125,-2.25,2.25
10.1,43.91758346557617,43.91758346557617,-0.04529266059398651,-0.04529266059398651,-0.01376364380121231,-0.01376364380121231,19.50090980529785,-11.853515625,0.0,-1.2314017,-1.121906042098999,5.512515544891357,-0.6829307675361633,-0.6154959201812744,5.55465769115581,-0.1232592813394805,5.93863582611084,0.27890530228614807,-3.4733335971832275,0.27890530228614807,-3.4733335971832275,-0.38618725538253784,308.60711669921875,-0.3887461721897125,314.7959289550781,0.1399964094161893,-306.11114501951056,-0.125,-2.25,2.25
10.120000000000001,44.029422760009766,44.029422760009766,-0.04674571380019188,-0.04674571380019188,-0.01203443855047226,-0.01203443855047226,19.53584098815918,-11.959092140197754,0.0,-1.2453814,-1.1341935396194458,5.526317596435547,-0.6844350099563599,-0.612813413143158,5.568539975570538,-0.12322262964019932,5.947444438934326,0.2735534608364105,-3.4726593494415283,0.2735534608364105,-3.4726593494415283,-0.38338732719421387,302.4848937988281,-0.38618725538253784,308.60711669921875,0.15154927968979204,-305.06439208985023,-0.125,-2.25,2.25
10.14,44.14155578613281,44.14155578613281,-0.04800225421786308,-0.04800225421786308,-0.010142728686332703,-0.010142728686332703,19.569536209106445,-12.065352439880371,0.0,-1.259398,-1.1464225053787231,5.540046215057373,-0.6855498552322388,-0.6096672415733337,5.582301556614482,-0.12311854953316628,5.956303119659424,0.26960107684135437,-3.469723701477051,0.26960107684135437,-3.469723701477051,-0.3803563416004181,296.38360595703125,-0.38338732719421387,302.4848937988281,0.1625716686248814,-306.1477661132878,-0.125,-2.25,2.25
10.16,44.253990173339844,44.253990173339844,-0.04904281347990036,-0.04904281347990036,-0.00808185338973999,-0.00808185338973999,19.602018356323242,-12.172282218933105,0.0,-1.2734524,-1.1585853099822998,5.553709030151367,-0.6862841248512268,-0.6060634255409241,5.59595120525614,-0.12294892905139504,5.965188503265381,0.26680988073349,-3.464528799057007,0.26680988073349,-3.464528799057007,-0.37710490822792053,290.2606506347656,-0.3803563416004181,296.38360595703125,0.17303526401520145,-309.2010498046941,-0.125,-2.25,2.25
10.18,44.36671447753906,44.36671447753906,-0.0498470738530159,-0.0498470738530159,-0.005845748353749514,-0.005845748353749514,19.633316040039062,-12.279850959777832,0.0,-1.287543,-1.1706727743148804,5.567309856414795,-0.6866488456726074,-0.602011501789093,5.609494244100518,-0.12271610421194182,5.974073886871338,0.2649427056312561,-3.4570882320404053,0.2649427056312561,-3.4570882320404053,-0.3736442029476166,284.0766296386719,-0.37710490822792053,290.2606506347656,0.18291026353834824,-314.0624999999788,-0.125,-2.25,2.25
10.200000000000001,44.4797248840332,44.4797248840332,-0.05039395019412041,-0.05039395019412041,-0.003429114818572998,-0.003429114818572998,19.663436889648438,-12.388040542602539,0.0,-1.3016691,-1.1826756000518799,5.580846309661865,-0.6866570711135864,-0.5975237488746643,5.622930149430699,-0.1224228743322421,5.982926845550537,0.2637729048728943,-3.4474267959594727,0.2637729048728943,-3.4474267959594727,-0.36998599767684937,277.7953796386719,-0.3736442029476166,284.0766296386719,0.19218027591705733,-320.56427001953807,-0.125,-2.25,2.25
10.22,44.59300231933594,44.59300231933594,-0.05066164955496788,-0.05066164955496788,-0.0008271783590316772,-0.0008271783590316772,19.69232749938965,-12.496829986572266,0.0,-1.3158288,-1.1945841312408447,5.5943145751953125,-0.6863232254981995,-0.5926145911216736,5.636257192153403,-0.12207227725028263,5.99171257019043,0.26308324933052063,-3.4355781078338623,0.26308324933052063,-3.4355781078338623,-0.3661423921585083,271.38409423828125,-0.36998599767684937,277.7953796386719,0.20082443952560852,-328.54461669922574,-0.125,-2.25,2.25
10.24,44.7065544128418,44.7065544128418,-0.05062774568796158,-0.05062774568796158,0.001964174211025238,0.001964174211025238,19.72002601623535,-12.606209754943848,0.0,-1.3300228,-1.2063913345336914,5.607706546783447,-0.6856626868247986,-0.5873003005981445,5.649469535712334,-0.12166757472098728,6.000393867492676,0.2626657783985138,-3.4215822219848633,0.2626657783985138,-3.4215822219848633,-0.3621259033679962,264.8132019042969,-0.3661423921585083,271.38409423828125,0.20882934331894365,-337.83721923828847,-0.125,-2.25,2.25
10.26,44.82036590576172,44.82036590576172,-0.050269246101379395,-0.050269246101379395,0.00494847446680069,0.00494847446680069,19.74656867980957,-12.716143608093262,0.0,-1.3442495,-1.2180887460708618,5.621009349822998,-0.6846917271614075,-0.5815984606742859,5.662556743383755,-0.12121224831060015,6.008930683135986,0.2623264193534851,-3.4054856300354004,0.2623264193534851,-3.4054856300354004,-0.35794931650161743,258.05645751953125,-0.3621259033679962,264.8132019042969,0.21618455648422702,-348.28491210938245,-0.125,-2.25,2.25
10.28,44.93443298339844,44.93443298339844,-0.04956265911459923,-0.04956265911459923,0.00812876969575882,0.00812876969575882,19.771957397460938,-12.826619148254395,0.0,-1.3585075,-1.229669451713562,5.634210586547852,-0.6834270358085632,-0.5755282044410706,5.675508915228833,-0.12070980028028326,6.017282009124756,0.26188379526138306,-3.3873400688171387,0.26188379526138306,-3.3873400688171387,-0.353625625371933,251.09075927734375,-0.35794931650161743,258.05645751953125,0.22287815809248374,-359.7351074218507,-0.125,-2.25,2.25
10.3,45.048744201660156,45.048744201660156,-0.048484042286872864,-0.048484042286872864,0.011507488787174225,0.011507488787174225,19.796127319335938,-12.937633514404297,0.0,-1.3727965,-1.2411255836486816,5.6472930908203125,-0.6818856596946716,-0.5691094994544983,5.6883114635649195,-0.12016385363395761,6.0254082679748535,0.26116788387298584,-3.367201805114746,0.26116788387298584,-3.367201805114746,-0.349168062210083,243.89605712890625,-0.353625625371933,251.09075927734375,0.22892355918884766,-372.0077514648517,-0.125,-2.25,2.25
10.32,45.163291931152344,45.163291931152344,-0.047009095549583435,-0.047009095549583435,0.0150790736079216,0.0150790736079216,19.819168090820312,-13.049150466918945,0.0,-1.3870832,-1.2524261474609375,5.660237789154053,-0.6800848245620728,-0.5623631477355957,5.700947921036219,-0.11957805742376672,6.033265590667725,0.26002371311187744,-3.345130443572998,0.26002371311187744,-3.345130443572998,-0.34458959102630615,236.45590209960938,-0.349168062210083,243.89605712890625,0.23520588874817397,-383.55331420899256,-0.12372708,-2.25,2.25
10.34,45.278038024902344,45.278038024902344,-0.0451258160173893,-0.0451258160173893,0.018492011353373528,0.018492011353373528,19.841100692749023,-13.16114330291748,0.0,-1.4010131,-1.2635655403137207,5.673023700714111,-0.6780416369438171,-0.5553103685379028,5.713399895884541,-0.1189560335735893,6.0408124923706055,0.2583106458187103,-3.3211894035339355,0.2583106458187103,-3.3211894035339355,-0.3398854732513428,228.7848358154297,-0.34458959102630615,236.45590209960938,0.24219751358032743,-393.5661315918053,-0.11894599,-2.25,2.25
10.36,45.392974853515625,45.392974853515625,-0.04286408796906471,-0.04286408796906471,0.02155546098947525,0.02155546098947525,19.861886978149414,-13.273606300354004,0.0,-1.4144067,-1.274551510810852,5.685630798339844,-0.6757660508155823,-0.5479648113250732,5.725649075036424,-0.11830009730031604,6.048019886016846,0.2559860348701477,-3.295412063598633,0.2559860348701477,-3.295412063598633,-0.33504152297973633,220.91351318359375,-0.3398854732513428,228.7848358154297,0.24988651275633078,-402.0996093749729,-0.11415696,-2.25,2.25
10.38,45.50809860229492,45.50809860229492,-0.0402623750269413,-0.0402623750269413,0.024271219968795776,0.024271219968795776,19.881559371948242,-13.386523246765137,0.0,-1.4272678,-1.2853857278823853,5.698043346405029,-0.6732586026191711,-0.5403299331665039,5.737680291155246,-0.11761081068846367,6.054874897003174,0.25310418009757996,-3.267791986465454,0.25310418009757996,-3.267791986465454,-0.3300437927246094,212.87152099609375,-0.33504152297973633,220.91351318359375,0.25828033685684754,-409.9586486816494,-0.109360136,-2.25,2.25
10.4,45.62339782714844,45.62339782714844,-0.03735917806625366,-0.03735917806625366,0.026642464101314545,0.026642464101314545,19.900163650512695,-13.499863624572754,0.0,-1.4396043,-1.296074628829956,5.710248947143555,-0.6705132722854614,-0.5324015617370605,5.749480940629774,-0.11688751601573702,6.061375617980957,0.24975459277629852,-3.238292932510376,0.24975459277629852,-3.238292932510376,-0.32487818598747253,204.67234802246094,-0.3300437927246094,212.87152099609375,0.2673134207725582,-416.4901733398526,-0.104556,-2.25,2.25
10.42,45.73886489868164,45.73886489868164,-0.034192830324172974,-0.034192830324172974,0.028673755005002022,0.028673755005002022,19.917686462402344,-13.61361026763916,0.0,-1.4514029,-1.30660080909729,5.722236156463623,-0.6675185561180115,-0.5241698026657104,5.761038765110112,-0.11612858193898964,6.067522048950195,0.24603600800037384,-3.206854820251465,0.24603600800037384,-3.206854820251465,-0.3195319175720215,196.34254455566406,-0.32487818598747253,204.67234802246094,0.27694851160050027,-421.80404663086836,-0.09974488,-2.25,2.25
10.44,45.85449981689453,45.85449981689453,-0.030801381915807724,-0.030801381915807724,0.03037063218653202,0.03037063218653202,19.934118270874023,-13.727747917175293,0.0,-1.4626507,-1.3169482946395874,5.733994960784912,-0.6642599105834961,-0.5156212449073792,5.772342630086606,-0.11533182327255034,6.073319435119629,0.24203383922576904,-3.173403024673462,0.24203383922576904,-3.173403024673462,-0.3139929473400116,187.90646362304688,-0.3195319175720215,196.34254455566406,0.28713494539258927,-426.0208129882525,-0.09492675,-2.25,2.25
10.46,45.970298767089844,45.970298767089844,-0.027222460135817528,-0.027222460135817528,0.03173941746354103,0.03173941746354103,19.949527740478516,-13.842260360717773,0.0,-1.4733663,-1.3271321058273315,5.745515823364258,-0.6607205867767334,-0.506740152835846,5.783381689835079,-0.11449466776835292,6.078780651092529,0.23782074451446533,-3.1378512382507324,0.23782074451446533,-3.1378512382507324,-0.3082502484321594,179.38604736328125,-0.3139929473400116,187.90646362304688,0.29781609773636497,-429.2617797851654,-0.0901018,-2.25,2.25
10.48,46.08625793457031,46.08625793457031,-0.02349318191409111,-0.02349318191409111,0.03278703987598419,0.03278703987598419,19.963918685913086,-13.957122802734375,0.0,-1.4835417,-1.3371403217315674,5.756790637969971,-0.6568829417228699,-0.49750977754592896,5.794146498712748,-0.11361436436908655,6.083918571472168,0.23345620930194855,-3.1001086235046387,0.23345620930194855,-3.1001086235046387,-0.30229392647743225,170.80081176757812,-0.3082502484321594,179.38604736328125,0.30892938375473683,-431.63528442383733,-0.08527017,-2.25,2.25
10.5,46.20237731933594,46.20237731933594,-0.01965007185935974,-0.01965007185935974,0.03352097421884537,0.03352097421884537,19.977272033691406,-14.072325706481934,0.0,-1.4931526,-1.346943736076355,5.767811298370361,-0.6527291536331177,-0.48791319131851196,5.804627681566786,-0.11268813407703357,6.088747501373291,0.2289823293685913,-3.0600810050964355,0.2289823293685913,-3.0600810050964355,-0.29611533880233765,162.16810607910156,-0.30229392647743225,170.80081176757812,0.3204077482223579,-433.25042724610296,-0.080431856,-2.25,2.25
10.52,46.31865310668945,46.31865310668945,-0.015728991478681564,-0.015728991478681564,0.03394905477762222,0.03394905477762222,19.989660263061523,-14.187845230102539,0.0,-1.5022246,-1.356562614440918,5.778571128845215,-0.6482414603233337,-0.47793397307395935,5.8148173902544515,-0.11171318148959032,6.093280792236328,0.22442470490932465,-3.0176756381988525,0.22442470490932465,-3.0176756381988525,-0.2897071838378906,153.5030975341797,-0.29611533880233765,162.16810607910156,0.33218264579770707,-434.1934204101269,-0.075587034,-2.25,2.25
10.540000000000001,46.43508529663086,46.43508529663086,-0.01176509540528059,-0.01176509540528059,0.03407920151948929,0.03407920151948929,20.001100540161133,-14.30366325378418,0.0,-1.5107523,-1.3659862279891968,5.789061069488525,-0.6434032320976257,-0.4675569534301758,5.8247056393728,-0.11068694950437459,6.097531318664551,0.2197887897491455,-2.972801923751831,0.2197887897491455,-2.972801923751831,-0.28306353092193604,144.81922912597656,-0.2897071838378906,153.5030975341797,0.34417957067490357,-434.54895019532177,-0.07073569,-2.25,2.25
10.56,46.551673889160156,46.551673889160156,-0.007792792748659849,-0.007792792748659849,0.0339195616543293,0.0339195616543293,20.011573791503906,-14.419767379760742,0.0,-1.5187056,-1.3751790523529053,5.7992730140686035,-0.6381989121437073,-0.45676860213279724,5.834283618677254,-0.10960704049552392,6.101510047912598,0.21506763994693756,-2.92537522315979,0.21506763994693756,-2.92537522315979,-0.2761799395084381,136.1282501220703,-0.28306353092193604,144.81922912597656,0.35632699728012845,-434.3837738037202,-0.06587783,-2.25,2.25
10.58,46.66841506958008,46.66841506958008,-0.0038457298651337624,-0.0038457298651337624,0.033478282392024994,0.033478282392024994,20.021156311035156,-14.536139488220215,0.0,-1.5261134,-1.3841639757156372,5.809197425842285,-0.6326146721839905,-0.4455573260784149,5.843541396779447,-0.10847136959682573,6.105226039886475,0.21023991703987122,-2.875317096710205,0.21023991703987122,-2.875317096710205,-0.2690533995628357,127.4405746459961,-0.2761799395084381,136.1282501220703,0.3685474395752032,-433.7532043457124,-0.06101362,-2.25,2.25
10.6,46.785308837890625,46.785308837890625,4.323249595472589e-05,4.323249595472589e-05,0.03276347741484642,0.03276347741484642,20.029870986938477,-14.65275764465332,0.0,-1.5329698,-1.3929282426834106,5.818824291229248,-0.6266380548477173,-0.43391385674476624,5.852468828108604,-0.10727808077720753,6.108684539794922,0.20527033507823944,-2.822557210922241,0.20527033507823944,-2.822557210922241,-0.2616824507713318,118.76551055908203,-0.2690533995628357,127.4405746459961,0.38077086210248284,-432.69882202145516,-0.056143045,-2.25,2.25
10.620000000000001,46.9023551940918,46.9023551940918,0.0038420273922383785,0.0038420273922383785,0.031783029437065125,0.031783029437065125,20.03770637512207,-14.769617080688477,0.0,-1.5392455,-1.4014369249343872,5.828143119812012,-0.620258629322052,-0.42183151841163635,5.861055620983353,-0.10602565397208928,6.111888885498047,0.20010928809642792,-2.7670347690582275,0.20010928809642792,-2.7670347690582275,-0.2540670335292816,110.11153411865234,-0.2616824507713318,118.76551055908203,0.39292573928833846,-431.24961853028265,-0.051266115,-2.25,2.25
10.64,47.019554138183594,47.019554138183594,0.007519363425672054,0.007519363425672054,0.030544646084308624,0.030544646084308624,20.044742584228516,-14.886693000793457,0.0,-1.5449697,-1.4097120761871338,5.837141036987305,-0.6134680509567261,-0.40930619835853577,5.869289440402976,-0.10471294446772607,6.114841461181641,0.19469964504241943,-2.7086989879608154,0.19469964504241943,-2.7086989879608154,-0.24620851874351501,101.48654174804688,-0.2540670335292816,110.11153411865234,0.4030182957649317,-431.75621032715765,-0.046382826,-2.25,2.25
10.66,47.136905670166016,47.136905670166016,0.011044721119105816,0.011044721119105816,0.029055774211883545,0.029055774211883545,20.050996780395508,-15.003979682922363,0.0,-1.5501325,-1.417737603187561,5.845805644989014,-0.6062595844268799,-0.39633673429489136,5.877158694700601,-0.10333904504486945,6.117539882659912,0.18897873163223267,-2.647510528564453,0.18897873163223267,-2.647510528564453,-0.23814815282821655,92.8514175415039,-0.24620851874351501,101.48654174804688,0.40665566921234997,-434.76181030274364,-0.041493177,-2.25,2.25
10.68,47.25440216064453,47.25440216064453,0.014388195239007473,0.014388195239007473,0.027320681139826775,0.027320681139826775,20.056486129760742,-15.121453285217285,0.0,-1.5547111,-1.425484299659729,5.854117393493652,-0.5986442565917969,-0.382942259311676,5.8846465826551775,-0.10190614586952317,6.119959354400635,0.18275681138038635,-2.5835111141204834,0.18275681138038635,-2.5835111141204834,-0.23001503944396973,84.15618133544922,-0.23814815282821655,92.8514175415039,0.40880367159840686,-429.0763854980179,-0.03659749,-2.25,2.25
10.700000000000001,47.37205123901367,47.37205123901367,0.017519844695925713,0.017519844695925713,0.02533438801765442,0.02533438801765442,20.06127166748047,-15.239110946655273,0.0,-1.5587323,-1.4329731464385986,5.862044811248779,-0.5906816720962524,-0.3691974878311157,5.8917293052922215,-0.10042479244903625,6.1220479011535645,0.17557723820209503,-2.516969919204712,0.17557723820209503,-2.516969919204712,-0.22183896601200104,75.57465362548828,-0.23001503944396973,84.15618133544922,0.4083573818206874,-406.69822692871963,-0.031695444,-2.25,2.25
10.72,47.48984146118164,47.48984146118164,0.020409032702445984,0.020409032702445984,0.02309153974056244,0.02309153974056244,20.06537628173828,-15.356928825378418,0.0,-1.5621793,-1.4401832818984985,5.8695597648620605,-0.5824262499809265,-0.3551722466945648,5.898385556230994,-0.09890450326254473,6.123830795288086,0.16728025674819946,-2.4481465816497803,0.16728025674819946,-2.4481465816497803,-0.21367181837558746,67.44068908691406,-0.22183896601200104,75.57465362548828,0.4082135856151668,-382.5778961181722,-0.02678752,-2.25,2.25
10.74,47.60776901245117,47.60776901245117,0.023024342954158783,0.023024342954158783,0.020584844052791595,0.020584844052791595,20.068828582763672,-15.474898338317871,0.0,-1.5650417,-1.4471014738082886,5.876641750335693,-0.5739374160766602,-0.34094229340553284,5.90460180023694,-0.09735543166671332,6.125449180603027,0.15794450044631958,-2.3773365020751953,0.15794450044631958,-2.3773365020751953,-0.2055075466632843,59.78913116455078,-0.21367181837558746,67.44068908691406,0.40857940912247576,-357.851409912117,-0.02187387,-2.25,2.25
10.76,47.725830078125,47.725830078125,0.02533355914056301,0.02533355914056301,0.01780928112566471,0.01780928112566471,20.071680068969727,-15.593002319335938,0.0,-1.5673405,-1.4537473917007446,5.883286476135254,-0.5652544498443604,-0.3265610635280609,5.910378359576045,-0.0957840039520409,6.126992702484131,0.14794883131980896,-2.304757595062256,0.14794883131980896,-2.304757595062256,-0.19733595848083496,52.632102966308594,-0.2055075466632843,59.78913116455078,0.4090741276741115,-330.8219909668039,-0.01695466,-2.25,2.25
10.78,47.84402084350586,47.84402084350586,0.02730395831167698,0.02730395831167698,0.014762066304683685,0.014762066304683685,20.073949813842773,-15.711231231689453,0.0,-1.5690507,-1.460094928741455,5.889496803283691,-0.5564000010490417,-0.31206372380256653,5.915720882281059,-0.09419369789748591,6.128515720367432,0.137697234749794,-2.2305612564086914,0.137697234749794,-2.2305612564086914,-0.1891544759273529,46.015663146972656,-0.19733595848083496,52.632102966308594,0.4104226827621183,-304.9684524535927,-0.0120300455,-2.25,2.25
10.8,47.96232986450195,47.96232986450195,0.02890252135694027,0.02890252135694027,0.011441588401794434,0.011441588401794434,20.075681686401367,-15.829571723937988,0.0,-1.5701787,-1.4661508798599243,5.895284175872803,-0.5473876595497131,-0.2974759638309479,5.920642597229087,-0.0925863178747637,6.130073547363281,0.12751656770706177,-2.15486478805542,0.12751656770706177,-2.15486478805542,-0.18094602227210999,39.91629409790039,-0.1891544759273529,46.015663146972656,0.41260570287705345,-280.30300140381456,-0.0071005025,-2.25,2.25
10.82,48.08075714111328,48.08075714111328,0.030096137896180153,0.030096137896180153,0.007848069071769714,0.007848069071769714,20.07691192626953,-15.948015213012695,0.0,-1.5707381,-1.471928596496582,5.90066385269165,-0.5382185578346252,-0.2828103005886078,5.925159332748737,-0.09096151644301882,6.131692409515381,0.11767011880874634,-2.0777335166931152,0.11767011880874634,-2.0777335166931152,-0.1726939082145691,34.31023406982422,-0.18094602227210999,39.91629409790039,0.4154197871685117,-256.9439888000543,-0.0021660328,-2.25,2.25
10.84,48.19929122924805,48.19929122924805,0.030852247029542923,0.030852247029542923,0.004044435918331146,0.004044435918331146,20.077667236328125,-16.06654930114746,0.0,-1.5707964,-1.477434515953064,5.905652046203613,-0.5288849472999573,-0.26806992292404175,5.929287088538503,-0.08931745089712287,6.133386135101318,0.10832902789115906,-1.9991950988769531,0.10832902789115906,-1.9991950988769531,-0.16438551247119904,29.171354293823242,-0.1726939082145691,34.31023406982422,0.4174217581749051,-233.85639190674326,-0.0,-2.25,2.25
10.86,48.317909240722656,48.317909240722656,0.031165653839707375,0.031165653839707375,0.0004743710160255432,0.0004743710160255432,20.07798194885254,-16.185169219970703,0.0,-1.5707964,-1.482670545578003,5.910266876220703,-0.5193743109703064,-0.2532532215118408,5.933043419952993,-0.08765146492896368,6.135159015655518,0.09957185387611389,-1.9192558526992798,0.09957185387611389,-1.9192558526992798,-0.1560370773077011,24.494226455688477,-0.16438551247119904,29.171354293823242,0.4183508455753044,-206.4603805541853,-0.0,-2.25,2.25
10.88,48.43659591674805,48.43659591674805,0.03107069618999958,0.03107069618999958,-0.0027755871415138245,-0.0027755871415138245,20.0778865814209,-16.303855895996094,0.0,-1.5707964,-1.487609624862671,5.914522171020508,-0.5096816420555115,-0.23836803436279297,5.936442359506369,-0.08596224283163369,6.137018203735352,0.09137619286775589,-1.8379579782485962,0.09137619286775589,-1.8379579782485962,-0.14767006039619446,20.365018844604492,-0.1560370773077011,24.494226455688477,0.418439507484445,-168.3408737182653,-0.0,-2.25,2.25
10.9,48.55534744262695,48.55534744262695,0.030604984611272812,0.030604984611272812,-0.0057040974497795105,-0.0057040974497795105,20.077421188354492,-16.422609329223633,0.0,-1.5707964,-1.492250680923462,5.91843318939209,-0.49980953335762024,-0.22343093156814575,5.939500062036617,-0.08424973386371211,6.139012336730957,0.08371874690055847,-1.7553796768188477,0.08371874690055847,-1.7553796768188477,-0.13930127024650574,16.998201370239258,-0.14767006039619446,20.365018844604492,0.4178039729595273,-133.59794616699503,-0.0,-2.25,2.25
10.92,48.67416000366211,48.67416000366211,0.02980636991560459,0.02980636991560459,-0.008310794830322266,-0.008310794830322266,20.076622009277344,-16.541419982910156,0.0,-1.5707964,-1.4965927600860596,5.922017574310303,-0.48976367712020874,-0.20846231281757355,5.942235320976979,-0.08251438420788691,6.141270160675049,0.07669270038604736,-1.671616792678833,0.07669270038604736,-1.671616792678833,-0.13094519078731537,14.326242446899414,-0.13930127024650574,16.998201370239258,0.41560903191567355,-86.95206642151064,-0.0,-2.25,2.25
10.94,48.79302215576172,48.79302215576172,0.028712840750813484,0.028712840750813484,-0.010595686733722687,-0.010595686733722687,20.075529098510742,-16.660282135009766,0.0,-1.5707964,-1.5006353855133057,5.925299644470215,-0.4795505702495575,-0.1934838593006134,5.944673634959747,-0.08075669744466661,6.143848419189453,0.07045836746692657,-1.5867729187011719,0.07045836746692657,-1.5867729187011719,-0.12263301014900208,12.587201118469238,-0.13094519078731537,14.326242446899414,0.40749832987782586,-42.45676994323444,-0.0,-2.25,2.25
10.96,48.91192626953125,48.91192626953125,0.027362389490008354,0.027362389490008354,-0.012560524046421051,-0.012560524046421051,20.07417869567871,-16.779184341430664,0.0,-1.5707964,-1.5043784379959106,5.928308010101318,-0.4691840708255768,-0.1785258650779724,5.946845344798191,-0.07897837614434511,6.146895885467529,0.06520247459411621,-1.500988483428955,0.06520247459411621,-1.500988483428955,-0.11448304355144501,11.738065719604492,-0.12263301014900208,12.587201118469238,0.3983359783887948,-4.3255805969239205,-0.0,-2.25,2.25
10.98,49.03086853027344,49.03086853027344,0.025792483240365982,0.025792483240365982,-0.014214865863323212,-0.014214865863323212,20.072608947753906,-16.89812660217285,0.0,-1.5707964,-1.5078233480453491,5.9310736656188965,-0.4587183892726898,-0.16366440057754517,5.948786211291754,-0.0771878825004997,6.150494575500488,0.061073169112205505,-1.4145928621292114,0.061073169112205505,-1.4145928621292114,-0.10651632398366928,11.651554107666016,-0.11448304355144501,11.738065719604492,0.3881096839904868,28.68614196777405,-0.0,-2.25,2.25
11.0,49.149845123291016,49.149845123291016,0.024039505049586296,0.024039505049586296,-0.015568315982818604,-0.015568315982818604,20.07085609436035,-17.01710319519043,0.0,-1.5707964,-1.5109723806381226,5.933633327484131,-0.4482000768184662,-0.14896726608276367,5.950536763510539,-0.07539235059641168,6.154651165008545,0.058236878365278244,-1.3278920650482178,0.058236878365278244,-1.3278920650482178,-0.09875413030385971,12.225276947021484,-0.10651632398366928,11.651554107666016,0.37484318017960394,45.64008712768652,-0.0,-2.25,2.25
11.02,49.26885223388672,49.26885223388672,0.022138722240924835,0.022138722240924835,-0.01663091778755188,-0.01663091778755188,20.068954467773438,-17.136112213134766,0.0,-1.5707964,-1.513829231262207,5.936023235321045,-0.437669962644577,-0.1344965547323227,5.952136326267454,-0.07359800029931987,6.159337520599365,0.05677011236548424,-1.241176724433899,0.05677011236548424,-1.241176724433899,-0.09125726670026779,13.138078689575195,-0.09875413030385971,12.225276947021484,0.35944543778893906,52.98986434936166,-0.0,-2.25,2.25
11.040000000000001,49.38788986206055,49.38788986206055,0.020124075934290886,0.020124075934290886,-0.01741597428917885,-0.01741597428917885,20.066940307617188,-17.255149841308594,0.0,-1.5707964,-1.5163993835449219,5.938275337219238,-0.42717981338500977,-0.12032697349786758,5.9536204593163236,-0.07181297594591342,6.16441011428833,0.05656369775533676,-1.1547949314117432,0.05656369775533676,-1.1547949314117432,-0.08406835794448853,14.1978759765625,-0.09125726670026779,13.138078689575195,0.3424789756536557,58.785152435303985,-0.0,-2.25,2.25
11.06,49.506954193115234,49.506954193115234,0.018027858808636665,0.018027858808636665,-0.017938533797860146,-0.017938533797860146,20.064844131469727,-17.37421417236328,0.0,-1.5707964,-1.5186891555786133,5.9404144287109375,-0.41678208112716675,-0.10653391480445862,5.955017286959442,-0.07004565602315421,6.169705390930176,0.05735233798623085,-1.0691072940826416,0.05735233798623085,-1.0691072940826416,-0.07721877843141556,15.373579025268555,-0.08406835794448853,14.1978759765625,0.3205239772796699,61.39211654663217,-0.0,-2.25,2.25
11.08,49.62604522705078,49.62604522705078,0.015880554914474487,0.015880554914474487,-0.018214548006653786,-0.018214548006653786,20.06269645690918,-17.493305206298828,0.0,-1.5707964,-1.520707130432129,5.942458629608154,-0.4065254330635071,-0.09318769723176956,5.956347663823183,-0.06830388859525259,6.175116062164307,0.05884438753128052,-0.9844655394554138,0.05884438753128052,-0.9844655394554138,-0.0708082988858223,16.601421356201172,-0.07721877843141556,15.373579025268555,0.297445431351668,62.1396064758314,-0.0,-2.25,2.25
11.1,49.74516296386719,49.74516296386719,0.01371048204600811,0.01371048204600811,-0.018265705555677414,-0.018265705555677414,20.06052589416504,-17.612422943115234,0.0,-1.5707964,-1.5224624872207642,5.944421768188477,-0.3964824378490448,-0.08038381487131119,5.957629434736247,-0.06659959199451114,6.1805524826049805,0.0607694536447525,-0.9013354182243347,0.0607694536447525,-0.9013354182243347,-0.06485939025878906,17.844213485717773,-0.0708082988858223,16.601421356201172,0.27384236454961836,61.48090362548413,-0.0,-2.25,2.25
11.120000000000001,49.86430740356445,49.86430740356445,0.011543402448296547,0.011543402448296547,-0.018113503232598305,-0.018113503232598305,20.058359146118164,-17.731565475463867,0.0,-1.5707964,-1.5239671468734741,5.946315765380859,-0.38671398162841797,-0.06820251047611237,5.958877317515763,-0.06494276128484014,6.185944557189941,0.06295358389616013,-0.8201392292976379,0.06295358389616013,-0.8201392292976379,-0.059382542967796326,19.07383155822754,-0.06485939025878906,17.844213485717773,0.2500407397747093,59.68017578125127,-0.0,-2.25,2.25
11.14,49.98347473144531,49.98347473144531,0.0094025619328022,0.0094025619328022,-0.017778800800442696,-0.017778800800442696,20.05621910095215,-17.85073471069336,0.0,-1.5707964,-1.5252338647842407,5.948153018951416,-0.3772682845592499,-0.05670745670795441,5.960105342642454,-0.06334127588152377,6.191240310668945,0.06528505682945251,-0.741246223449707,0.06528505682945251,-0.741246223449707,-0.054381728172302246,20.26743507385254,-0.059382542967796326,19.07383155822754,0.22635422646999842,56.907463073731684,-0.0,-2.25,2.25
11.16,50.10266876220703,50.10266876220703,0.0073087639175355434,0.0073087639175355434,-0.017281798645853996,-0.017281798645853996,20.05412483215332,-17.969928741455078,0.0,-1.5707964,-1.52627694606781,5.949943542480469,-0.3681824505329132,-0.045947328209877014,5.961324221646182,-0.061801189331374205,6.196402549743652,0.0676892101764679,-0.6649759411811829,0.0676892101764679,-0.6649759411811829,-0.049854643642902374,21.40558433532715,-0.054381728172302246,20.26743507385254,0.2004709094762845,41.995239257813395,-0.0,-2.25,2.25
11.18,50.221885681152344,50.221885681152344,0.005280452314764261,0.005280452314764261,-0.016641885042190552,-0.016641885042190552,20.052095413208008,-18.08914566040039,0.0,-1.5707964,-1.527111291885376,5.951696872711182,-0.3594835698604584,-0.03595694527029991,5.962543425555882,-0.06032689132626853,6.201403617858887,0.0701146200299263,-0.5916000604629517,0.0701146200299263,-0.5916000604629517,-0.04584522545337677,22.2454891204834,-0.049854643642902374,21.40558433532715,0.17576310783623464,28.709793090818376,-0.0,-2.25,2.25
11.200000000000001,50.341129302978516,50.341129302978516,0.003333645174279809,0.003333645174279809,-0.01588105410337448,-0.01588105410337448,20.05014991760254,-18.20838737487793,0.0,-1.5707964,-1.5277527570724487,5.953418731689453,-0.35120952129364014,-0.026780834421515465,5.9637691708078515,-0.05892462188448401,6.206124305725098,0.07244450598955154,-0.5214332342147827,0.07244450598955154,-0.5214332342147827,-0.04232996329665184,22.819684982299805,-0.04584522545337677,22.2454891204834,0.1525092869997057,17.123508453369507,-0.0,-2.25,2.25
11.22,50.46039962768555,50.46039962768555,0.0014818458585068583,0.0014818458585068583,-0.015019223093986511,-0.015019223093986511,20.048297882080078,-18.327659606933594,0.0,-1.5707964,-1.5282177925109863,5.955110549926758,-0.3433811664581299,-0.01844199188053608,5.9650022872859925,-0.05759781556982884,6.210507392883301,0.07451704144477844,-0.45470893383026123,0.07451704144477844,-0.45470893383026123,-0.03927977755665779,23.162155151367188,-0.04232996329665184,22.819684982299805,0.13089720159769339,7.263469696045076,-0.0,-2.25,2.25
11.24,50.57969665527344,50.57969665527344,-0.0002637083234731108,-0.0002637083234731108,-0.014074325561523438,-0.014074325561523438,20.046552658081055,-18.44695472717285,0.0,-1.5707964,-1.5285230875015259,5.956771373748779,-0.33600562810897827,-0.010944935493171215,5.966240439442063,-0.05634762854072521,6.214533805847168,0.07621204107999802,-0.3915891945362091,0.07621204107999802,-0.3915891945362091,-0.03666183352470398,23.307424545288086,-0.03927977755665779,23.162155151367188,0.11103991419077157,-0.900077819824238,-0.0,-2.25,2.25
11.26,50.69902038574219,50.69902038574219,-0.0018938195426017046,-0.0018938195426017046,-0.013062386773526669,-0.013062386773526669,20.044921875,-18.5662784576416,0.0,-1.5707964,-1.5286853313446045,5.958399295806885,-0.3290787637233734,-0.0042787594720721245,5.967479786392718,-0.05517333829061226,6.218207836151123,0.07746753096580505,-0.3321731388568878,0.07746753096580505,-0.3321731388568878,-0.034441035240888596,23.2894229888916,-0.03666183352470398,23.307424545288086,0.09297616779804428,-7.434082031250158,-0.0,-2.25,2.25
11.28,50.8183708190918,50.8183708190918,-0.0034011059906333685,-0.0034011059906333685,-0.011997625231742859,-0.011997625231742859,20.043415069580078,-18.685630798339844,0.0,-1.5707964,-1.5287212133407593,5.959992408752441,-0.3225875198841095,0.001579910865984857,5.968716128311993,-0.05407272966504738,6.221547603607178,0.07826848328113556,-0.27650511264801025,0.07826848328113556,-0.27650511264801025,-0.03258151188492775,23.1407413482666,-0.034441035240888596,23.2894229888916,0.07669348269700486,-12.437725067137832,-0.0,-2.25,2.25
11.3,50.937744140625,50.937744140625,-0.004779796581715345,-0.004779796581715345,-0.010892551392316818,-0.010892551392316818,20.042036056518555,-18.805002212524414,0.0,-1.5707964,-1.528646469116211,5.961548328399658,-0.3165121376514435,0.006664120592176914,5.969944589786864,-0.05304246959512898,6.224579811096191,0.07863451540470123,-0.22458307445049286,0.07863451540470123,-0.22458307445049286,-0.03104764223098755,22.891986846923828,-0.03258151188492775,23.1407413482666,0.06213486194610728,-16.02144241333042,-0.0,-2.25,2.25
11.32,51.05714797973633,51.05714797973633,-0.006025535054504871,-0.006025535054504871,-0.009758152067661285,-0.009758152067661285,20.040790557861328,-18.924406051635742,0.0,-1.5707964,-1.5284761190414429,5.963067054748535,-0.31082797050476074,0.011014101095497608,5.971162594225305,-0.052078387167824085,6.227336883544922,0.07860525697469711,-0.17636585235595703,0.07860525697469711,-0.17636585235595703,-0.02980494499206543,22.571557998657227,-0.03104764223098755,22.891986846923828,0.04917057231068716,-19.477844238281666,-0.0,-2.25,2.25
11.34,51.17657470703125,51.17657470703125,-0.007135209161788225,-0.007135209161788225,-0.008604031056165695,-0.008604031056165695,20.03968048095703,-19.043832778930664,0.0,-1.5707964,-1.5282245874404907,5.964548587799072,-0.30550718307495117,0.014675022102892399,5.972367578701624,-0.05117578107530968,6.229853630065918,0.07823529839515686,-0.13178065419197083,0.07823529839515686,-0.13178065419197083,-0.028821533545851707,22.1820011138916,-0.02980494499206543,22.571557998657227,0.03759982064366421,-25.74634552002008,-0.0,-2.25,2.25
11.36,51.29602813720703,51.29602813720703,-0.008106796070933342,-0.008106796070933342,-0.007438622415065765,-0.007438622415065765,20.03870964050293,-19.163288116455078,0.0,-1.5707964,-1.5279053449630737,5.965992450714111,-0.3005203604698181,0.017694709822535515,5.973556596286226,-0.05032969332680195,6.232154846191406,0.07757672667503357,-0.0907309502363205,0.07757672667503357,-0.0907309502363205,-0.02806953713297844,21.66707420349121,-0.028821533545851707,22.1820011138916,0.02754041925072484,-30.342483520505763,-0.0,-2.25,2.25
11.38,51.41550827026367,51.41550827026367,-0.008939236402511597,-0.008939236402511597,-0.006269414443522692,-0.006269414443522692,20.03787612915039,-19.28277015686035,0.0,-1.5707964,-1.527530550956726,5.967397689819336,-0.2958383560180664,0.020121287554502487,5.974726397196161,-0.049535218175286444,6.234232425689697,0.07665250450372696,-0.053105030208826065,0.07665250450372696,-0.053105030208826065,-0.027518728747963905,21.060224533081055,-0.02806953713297844,21.66707420349121,0.018855370581150457,-33.409881591797586,-0.0,-2.25,2.25
11.4,51.535011291503906,51.535011291503906,-0.009632314555346966,-0.009632314555346966,-0.005102827679365873,-0.005102827679365873,20.03718376159668,-19.402271270751953,0.0,-1.5707964,-1.5271118879318237,5.9687628746032715,-0.291431188583374,0.02200418896973133,5.975873358005625,-0.04878731761810722,6.236098766326904,0.07546085119247437,-0.01877242513000965,0.07546085119247437,-0.01877242513000965,-0.027141621336340904,20.392026901245117,-0.027518728747963905,21.060224533081055,0.011413730680942778,-35.10503768920973,-0.0,-2.25,2.25
11.42,51.654537200927734,51.654537200927734,-0.010186536237597466,-0.010186536237597466,-0.003944315016269684,-0.003944315016269684,20.03662872314453,-19.52179527282715,0.0,-1.5707964,-1.526659607887268,5.970086574554443,-0.28726911544799805,0.02339281514286995,5.976993998019864,-0.04808099679258288,6.237774848937988,0.07401119917631149,0.012409965507686138,0.07401119917631149,0.012409965507686138,-0.026913346722722054,19.689926147460938,-0.027141621336340904,20.392026901245117,0.005083624273538698,-35.58187484741287,-0.0,-2.25,2.25
11.44,51.774085998535156,51.774085998535156,-0.010603026486933231,-0.010603026486933231,-0.002798568457365036,-0.002798568457365036,20.036212921142578,-19.641345977783203,0.0,-1.5707964,-1.5261834859848022,5.971367359161377,-0.2833235263824463,0.024335520341992378,5.978085007647491,-0.047411453411580005,6.239287376403809,0.07233427464962006,0.04059330001473427,0.07233427464962006,0.04059330001473427,-0.026811674237251282,18.978288650512695,-0.026913346722722054,19.689926147460938,-0.0002570450305938547,-35.00204086303474,-0.0,-2.25,2.25
11.46,51.893653869628906,51.893653869628906,-0.010883442126214504,-0.010883442126214504,-0.0016695596277713776,-0.0016695596277713776,20.035932540893555,-19.76091194152832,0.0,-1.5707964,-1.5256917476654053,5.972604751586914,-0.2795673608779907,0.024878816679120064,5.979144205314576,-0.04677413987998353,6.240664005279541,0.07047402858734131,0.06593316048383713,0.07047402858734131,0.06593316048383713,-0.02681681513786316,18.278247833251953,-0.026811674237251282,18.978288650512695,-0.004723761230707269,-33.52432250976634,-0.0,-2.25,2.25
11.48,52.01324462890625,52.01324462890625,-0.011029890738427639,-0.011029890738427639,-0.0005606897175312042,-0.0005606897175312042,20.035785675048828,-19.880504608154297,0.0,-1.5707964,-1.525192141532898,5.973799228668213,-0.2759755551815033,0.025066817179322243,5.980170543679726,-0.04616483822763208,6.241932392120361,0.06848307698965073,0.08858677744865417,0.06848307698965073,0.08858677744865417,-0.026911290362477303,17.60776138305664,-0.02681681513786316,18.278247833251953,-0.008421763777733028,-31.29320144653387,-0.0,-2.25,2.25
11.5,52.13285446166992,52.13285446166992,-0.011044860817492008,-0.011044860817492008,0.0005251765251159668,0.0005251765251159668,20.035770416259766,-20.0001163482666,0.0,-1.5707964,-1.5246915817260742,5.974952220916748,-0.27252501249313354,0.024940887466073036,5.981164094444522,-0.04557965524367118,6.243120193481445,0.0664183646440506,0.10871070623397827,0.0664183646440506,0.10871070623397827,-0.02707972563803196,16.981897354125977,-0.026911290362477303,17.60776138305664,-0.011443905532360322,-28.515529632568967,-0.0,-2.25,2.25
11.52,52.25248718261719,52.25248718261719,-0.010931173339486122,-0.010931173339486122,0.001585591584444046,0.001585591584444046,20.035884857177734,-20.11974334716797,0.0,-1.5707964,-1.524195671081543,5.9760661125183105,-0.2691950500011444,0.02453942969441414,5.982126056523285,-0.045015097183704,6.244251251220703,0.0643349215388298,0.12645909190177917,0.0643349215388298,0.12645909190177917,-0.02730860374867916,16.41158676147461,-0.02707972563803196,16.981897354125977,-0.013683643192051918,-28.711891174314466,-0.0,-2.25,2.25
11.540000000000001,52.372135162353516,52.372135162353516,-0.010691924951970577,-0.010691924951970577,0.0026184991002082825,0.0026184991002082825,20.036123275756836,-20.239391326904297,0.0,-1.5707964,-1.523709774017334,5.977144241333008,-0.2659669816493988,0.023897835984826088,5.983058725854864,-0.04446800007349716,6.245346546173096,0.06228301301598549,0.14198243618011475,0.06228301301598549,0.14198243618011475,-0.027582276612520218,15.837348937988281,-0.02730860374867916,16.41158676147461,-0.015292316675186483,-30.933618545532887,-0.0,-2.25,2.25
11.56,52.49180221557617,52.49180221557617,-0.010330436751246452,-0.010330436751246452,0.0036224238574504852,0.0036224238574504852,20.03648567199707,-20.35906219482422,0.0,-1.5707964,-1.5232386589050293,5.978188991546631,-0.2628227770328522,0.0230500977486372,5.983963521845415,-0.04393531981381912,6.246397495269775,0.060284726321697235,0.1554335653781891,0.060284726321697235,0.1554335653781891,-0.02788812294602394,15.218676567077637,-0.027582276612520218,15.837348937988281,-0.01641698181629216,-32.104921340943065,-0.0,-2.25,2.25
11.58,52.611488342285156,52.611488342285156,-0.009850189089775085,-0.009850189089775085,0.004596296232193708,0.004596296232193708,20.03696632385254,-20.47874641418457,0.0,-1.5707964,-1.5227857828140259,5.979200839996338,-0.25974589586257935,0.022027799859642982,5.984840065985921,-0.04341427770272469,6.247381687164307,0.05832025036215782,0.16696284711360931,0.05832025036215782,0.16696284711360931,-0.028216462582349777,14.576578140258789,-0.02788812294602394,15.218676567077637,-0.017134286463261015,-32.363080978394244,-0.0,-2.25,2.25
11.6,52.7311897277832,52.7311897277832,-0.009254781529307365,-0.009254781529307365,0.005539290141314268,0.005539290141314268,20.037561416625977,-20.598447799682617,0.0,-1.5707964,-1.5223546028137207,5.980180740356445,-0.2567218840122223,0.02085946314036846,5.985688583033781,-0.04290244170172855,6.248295307159424,0.056352805346250534,0.17671403288841248,0.056352805346250534,0.17671403288841248,-0.02855914831161499,13.929316520690918,-0.028216462582349777,14.576578140258789,-0.017513986676930198,-31.843852996824022,-0.0,-2.25,2.25
11.620000000000001,52.85091018676758,52.85091018676758,-0.008547908626496792,-0.008547908626496792,0.0064507462084293365,0.0064507462084293365,20.038267135620117,-20.718168258666992,0.0,-1.5707964,-1.5219478607177734,5.981127738952637,-0.25373849272727966,0.019570698961615562,5.986507517105461,-0.04239776309384607,6.249143600463867,0.05436098948121071,0.1848232001066208,0.05436098948121071,0.1848232001066208,-0.028909428045153618,13.292439460754395,-0.02855914831161499,13.929316520690918,-0.017619319260120767,-30.676889419556318,-0.0,-2.25,2.25
11.64,52.97064208984375,52.97064208984375,-0.00773334177210927,-0.00773334177210927,0.007330160588026047,0.007330160588026047,20.03908348083496,-20.837900161743164,0.0,-1.5707964,-1.521567702293396,5.982041358947754,-0.2507854998111725,0.018184326589107513,5.987295899408767,-0.04189852884485517,6.249938488006592,0.052344825118780136,0.19141848385334015,0.052344825118780136,0.19141848385334015,-0.029261814430356026,12.678901672363281,-0.028909428045153618,13.292439460754395,-0.017497129738331216,-28.99813652038636,-0.0,-2.25,2.25
11.66,53.090389251708984,53.090389251708984,-0.006814911495894194,-0.006814911495894194,0.008177153766155243,0.008177153766155243,20.040000915527344,-20.957645416259766,0.0,-1.5707964,-1.5212159156799316,5.982922554016113,-0.2478545606136322,0.016720518469810486,5.98805428921379,-0.041403330084951236,6.250691890716553,0.05032055452466011,0.19661997258663177,0.05032055452466011,0.19661997258663177,-0.029611757025122643,12.098938941955566,-0.029261814430356026,12.678901672363281,-0.0171958468854431,-26.921224594116786,-0.0,-2.25,2.25
11.68,53.21015167236328,53.21015167236328,-0.00579648744314909,-0.00579648744314909,0.008991479873657227,0.008991479873657227,20.041019439697266,-21.077407836914062,0.0,-1.5707964,-1.5208938121795654,5.9837727546691895,-0.24493901431560516,0.015196994878351688,5.988783808107887,-0.04091103666049758,6.251417636871338,0.04831001162528992,0.20054012537002563,0.04831001162528992,0.20054012537002563,-0.029955673962831497,11.560514450073242,-0.029611757025122643,12.098938941955566,-0.01675104722380525,-24.556589126585255,-0.0,-2.25,2.25
11.700000000000001,53.32992935180664,53.32992935180664,-0.004681974183768034,-0.004681974183768034,0.00977291539311409,0.00977291539311409,20.042133331298828,-21.197189331054688,0.0,-1.5707964,-1.5206027030944824,5.984591960906982,-0.2420337051153183,0.013629207387566566,5.989484222615862,-0.04042078016271901,6.252127647399902,0.04634111002087593,0.20328383147716522,0.04634111002087593,0.20328383147716522,-0.030290694907307625,11.069382667541504,-0.029955673962831497,11.560514450073242,-0.016197748482227672,-21.999359130859844,-0.0,-2.25,2.25
11.72,53.4497184753418,53.4497184753418,-0.0034752965439110994,-0.0034752965439110994,0.010521371848881245,0.010521371848881245,20.0433406829834,-21.31697654724121,0.0,-1.5707964,-1.5203430652618408,5.985383987426758,-0.23913483321666718,0.012030545622110367,5.990159175297615,-0.039931893353671415,6.252832889556885,0.04444200173020363,0.2049488127231598,0.04444200173020363,0.2049488127231598,-0.03061464987695217,10.629395484924316,-0.030290694907307625,11.069382667541504,-0.015558861196041439,-19.331932067871506,-0.0,-2.25,2.25
11.74,53.56951904296875,53.56951904296875,-0.0021803942508995533,-0.0021803942508995533,0.011236786842346191,0.011236786842346191,20.044635772705078,-21.436777114868164,0.0,-1.5707964,-1.520115613937378,5.986149311065674,-0.23623968660831451,0.010412517935037613,5.990809024155322,-0.039443913936669524,6.253542900085449,0.042636439204216,0.20562590658664703,0.042636439204216,0.20562590658664703,-0.030925827100872993,10.242756843566895,-0.03061464987695217,10.629395484924316,-0.014856550842523892,-16.62797927856481,-0.0,-2.25,2.25
11.76,53.689334869384766,53.689334869384766,-0.000801211514044553,-0.000801211514044553,0.011919159442186356,0.011919159442186356,20.0460147857666,-21.556594848632812,0.0,-1.5707964,-1.5199207067489624,5.986891269683838,-0.23334656655788422,0.008784990757703781,5.991437030891746,-0.03895653035638656,6.254265785217285,0.040946055203676224,0.2053995132446289,0.040946055203676224,0.2053995132446289,-0.031222958117723465,9.910197257995605,-0.030925827100872993,10.242756843566895,-0.0141095370054248,-13.942623138428031,-0.0,-2.25,2.25
11.78,53.80915832519531,53.80915832519531,0.0006583081558346748,0.0006583081558346748,0.01256854459643364,0.01256854459643364,20.047473907470703,-21.67641830444336,0.0,-1.5707964,-1.5197582244873047,5.987612724304199,-0.23045457899570465,0.0071563562378287315,5.992046015279726,-0.03846956951669116,6.255006790161133,0.03938688710331917,0.20434801280498505,0.03938688710331917,0.20434801280498505,-0.031505148857831955,9.63134479522705,-0.031222958117723465,9.910197257995605,-0.013330206274985367,-11.326456069945525,-0.0,-2.25,2.25
11.8,53.92899703979492,53.92899703979492,0.002194227883592248,0.002194227883592248,0.013185050338506699,0.013185050338506699,20.049009323120117,-21.796255111694336,0.0,-1.5707964,-1.5196284055709839,5.988316535949707,-0.22756356000900269,0.005533705931156874,5.992638826808493,-0.03798298107335948,6.255771636962891,0.037969429045915604,0.20254406332969666,0.037969429045915604,0.20254406332969666,-0.03177175298333168,9.404815673828125,-0.031505148857831955,9.63134479522705,-0.012532807886600762,-8.81824493408222,-0.0,-2.25,2.25
11.82,54.04884338378906,54.04884338378906,0.003802622901275754,0.003802622901275754,0.013768784701824188,0.013768784701824188,20.05061912536621,-21.91610336303711,0.0,-1.5707964,-1.5195307731628418,5.9890055656433105,-0.22467383742332458,0.003923038486391306,5.993218333961234,-0.0374967976262134,6.256565093994141,0.03670196980237961,0.20005516707897186,0.03670196980237961,0.20005516707897186,-0.03202240914106369,9.228450775146484,-0.03177175298333168,9.404815673828125,-0.011721625924110662,-6.449699401855606,-0.0,-2.25,2.25
11.84,54.168701171875,54.168701171875,0.005479583982378244,0.005479583982378244,0.014319919049739838,0.014319919049739838,20.052295684814453,-22.03595733642578,0.0,-1.5707964,-1.5194653272628784,5.989681720733643,-0.2217862457036972,0.002329363953322172,5.993786470543814,-0.03701114305630489,6.257387638092041,0.03558950498700142,0.19694381952285767,0.03558950498700142,0.19694381952285767,-0.0322568416595459,9.099456787109375,-0.03202240914106369,9.228450775146484,-0.010906159877777332,-4.245662689209075,-0.0,-2.25,2.25
11.86,54.288570404052734,54.288570404052734,0.007221222389489412,0.007221222389489412,0.014838661067187786,0.014838661067187786,20.05403709411621,-22.15583038330078,0.0,-1.5707964,-1.519431471824646,5.990348815917969,-0.21890194714069366,0.00075688207289204,5.994347086950488,-0.03652618486362359,6.258242130279541,0.03463156521320343,0.19326820969581604,0.03463156521320343,0.19326820969581604,-0.03247496485710144,9.014543533325195,-0.0322568416595459,9.099456787109375,-0.010090693831443105,-2.2227287292478968,-0.0,-2.25,2.25
11.88,54.408447265625,54.408447265625,0.009023676626384258,0.009023676626384258,0.015325251966714859,0.015325251966714859,20.05583953857422,-22.27570343017578,0.0,-1.5707964,-1.5194289684295654,5.991009712219238,-0.21602238714694977,-0.0007909138803370297,5.994903088762479,-0.03604214466636311,6.259128093719482,0.033824775367975235,0.18908235430717468,0.033824775367975235,0.18908235430717468,-0.032676778733730316,8.970088958740234,-0.03247496485710144,9.014543533325195,-0.009278580546379287,-0.39310455322266463,-0.0,-2.25,2.25
11.9,54.52833557128906,54.52833557128906,0.01088311243802309,0.01088311243802309,0.015779945999383926,0.015779945999383926,20.05769920349121,-22.395593643188477,0.0,-1.5707964,-1.5194571018218994,5.991666316986084,-0.21314913034439087,-0.0023111277259886265,5.995456430153768,-0.03555927047002186,6.260046482086182,0.03316336125135422,0.18443650007247925,0.03316336125135422,0.18443650007247925,-0.0328623503446579,8.962226867675781,-0.032676778733730316,8.970088958740234,-0.008472800254821958,1.2339115142822528,-0.0,-2.25,2.25
11.92,54.648231506347656,54.648231506347656,0.012795730493962765,0.012795730493962765,0.01620304584503174,0.01620304584503174,20.059612274169922,-22.515491485595703,0.0,-1.5707964,-1.5195155143737793,5.992321968078613,-0.21028393507003784,-0.0038013646844774485,5.99601049886223,-0.03507783474306922,6.260995388031006,0.032640691846609116,0.1793774515390396,0.032640691846609116,0.1793774515390396,-0.033031806349754333,8.986905097961426,-0.0328623503446579,8.962226867675781,-0.007673725485801861,2.6497364044190017,-0.0,-2.25,2.25
11.94,54.76814270019531,54.76814270019531,0.01475776731967926,0.01475776731967926,0.01659487932920456,0.01659487932920456,20.061573028564453,-22.63540267944336,0.0,-1.5707964,-1.5196033716201782,5.992977619171143,-0.20742857456207275,-0.005259648896753788,5.996566297259713,-0.034598127179657406,6.261974811553955,0.03224795684218407,0.17394880950450897,0.03224795684218407,0.17394880950450897,-0.03318528085947037,9.039899826049805,-0.033031806349754333,8.986905097961426,-0.006885640323161614,3.8594245910641924,-0.0,-2.25,2.25
11.96,54.888057708740234,54.888057708740234,0.016765499487519264,0.016765499487519264,0.01695580594241619,0.01695580594241619,20.063581466674805,-22.75531768798828,0.0,-1.5707964,-1.5197200775146484,5.993636131286621,-0.20458486676216125,-0.006684339605271816,5.997126732192054,-0.034120434286872336,6.262982368469238,0.03197536617517471,0.1681913584470749,0.03197536617517471,0.1681913584470749,-0.03332299366593361,9.117088317871094,-0.03318528085947037,9.039899826049805,-0.0061064958572389,4.858303070068463,-0.0,-2.25,2.25
11.98,55.007991790771484,55.007991790771484,0.01881525106728077,0.01881525106728077,0.017286216840147972,0.017286216840147972,20.065631866455078,-22.87525177001953,0.0,-1.5707964,-1.5198651552200317,5.994298458099365,-0.201754629611969,-0.008074114099144936,5.997692801014594,-0.03364505408334397,6.264016151428223,0.03181236982345581,0.16214311122894287,0.03181236982345581,0.16214311122894287,-0.033445123583078384,9.214254379272461,-0.03332299366593361,9.117088317871094,-0.005336664617061729,5.648803710937621,-0.0,-2.25,2.25
12.0,55.1279296875,55.1279296875,0.020903389900922775,0.020903389900922775,0.017586538568139076,0.017586538568139076,20.067718505859375,-22.99519157409668,0.0,-1.5707964,-1.5200375318527222,5.994966506958008,-0.19893962144851685,-0.009427877143025398,5.99826644894426,-0.03317226957749668,6.265073299407959,0.03174781799316406,0.1558396816253662,0.03174781799316406,0.1558396816253662,-0.03355185687541962,9.327230453491211,-0.033445123583078384,9.214254379272461,-0.004577264189720251,6.239986419677868,-0.0,-2.25,2.25
12.02,55.24788284301758,55.24788284301758,0.02302633784711361,0.02302633784711361,0.017857227474451065,0.017857227474451065,20.069841384887695,-23.115142822265625,0.0,-1.5707964,-1.520236849784851,5.995641708374023,-0.19614149630069733,-0.010744730941951275,5.998849138106847,-0.032702349488499725,6.266150951385498,0.03176937252283096,0.14931444823741913,0.03176937252283096,0.14931444823741913,-0.03364340215921402,9.452030181884766,-0.03355185687541962,9.327230453491211,-0.0038303434848782816,6.635141372680216,-0.0,-2.25,2.25
12.040000000000001,55.36784362792969,55.36784362792969,0.025180572643876076,0.025180572643876076,0.018098754808306694,0.018098754808306694,20.071996688842773,-23.2351016998291,0.0,-1.5707964,-1.5204620361328125,5.99632453918457,-0.19336189329624176,-0.012023954652249813,5.999441374078603,-0.032235565509548376,6.267246723175049,0.031864143908023834,0.14259864389896393,0.031864143908023834,0.14259864389896393,-0.03372000902891159,9.584733009338379,-0.03364340215921402,9.452030181884766,-0.003092549741268224,6.8377494812013175,-0.0,-2.25,2.25
12.06,55.487815856933594,55.487815856933594,0.027362627908587456,0.027362627908587456,0.018311625346541405,0.018311625346541405,20.07417869567871,-23.355077743530273,0.0,-1.5707964,-1.5207126140594482,5.997015953063965,-0.19060233235359192,-0.013264983892440796,6.0000441323712215,-0.031772166976317094,6.2683563232421875,0.03202070668339729,0.13572151958942413,0.03202070668339729,0.13572151958942413,-0.033781860023736954,9.721487998962402,-0.03372000902891159,9.584733009338379,-0.0023653730750084426,6.85939788818374,-0.0,-2.25,2.25
12.08,55.60780334472656,55.60780334472656,0.029569100588560104,0.029569100588560104,0.018496382981538773,0.018496382981538773,20.076385498046875,-23.475061416625977,0.0,-1.5707964,-1.520987629890442,5.997716426849365,-0.1878642439842224,-0.01446736603975296,6.000657906518791,-0.03131239099144468,6.2694783210754395,0.03222624957561493,0.12871059775352478,0.03222624957561493,0.12871059775352478,-0.03382916748523712,9.858675956726074,-0.033781860023736954,9.721487998962402,-0.0016486272215843552,6.70418739318862,-0.0,-2.25,2.25
12.1,55.72779846191406,55.72779846191406,0.0317966565489769,0.0317966565489769,0.01865357905626297,0.01865357905626297,20.07861328125,-23.595062255859375,0.0,-1.5707964,-1.5212862491607666,5.99842643737793,-0.1851489096879959,-0.015630748122930527,6.001283183069529,-0.03085644985943096,6.270607948303223,0.03246964514255524,0.12159161269664764,0.03246964514255524,0.12159161269664764,-0.03386214002966881,9.992759704589844,-0.03382916748523712,9.858675956726074,-0.0009408220648764929,6.383752822875546,-0.0,-2.25,2.25
12.120000000000001,55.847808837890625,55.847808837890625,0.03404201939702034,0.03404201939702034,0.01878379099071026,0.01878379099071026,20.08085823059082,-23.715068817138672,0.0,-1.5707964,-1.5216079950332642,5.9991455078125,-0.1824575811624527,-0.016754871234297752,6.0019194923649675,-0.030404555773135444,6.271742343902588,0.03273877501487732,0.11438877135515213,0.03273877501487732,0.11438877135515213,-0.03388095647096634,10.120434761047363,-0.03386214002966881,9.992759704589844,-0.00024437904357910677,5.904865264892704,-0.0,-2.25,2.25
12.14,55.967830657958984,55.967830657958984,0.03630198910832405,0.03630198910832405,0.01888761855661869,0.01888761855661869,20.083118438720703,-23.8350887298584,0.0,-1.5707964,-1.5219517946243286,5.999873638153076,-0.17979130148887634,-0.01783953234553337,6.002566833105258,-0.029956883535916495,6.2728776931762695,0.03302336111664772,0.10712482780218124,0.03302336111664772,0.10712482780218124,-0.03388584405183792,10.238532066345215,-0.03388095647096634,10.120434761047363,0.00044181942939759244,5.2779674530030425,-0.0,-2.25,2.25
12.16,56.08786392211914,56.08786392211914,0.038573432713747025,0.038573432713747025,0.01896568387746811,0.01896568387746811,20.085390090942383,-23.95512580871582,0.0,-1.5707964,-1.5223170518875122,6.000609874725342,-0.17715106904506683,-0.018884621560573578,6.003224247845077,-0.02951360507881461,6.27401065826416,0.033312369138002396,0.0998210608959198,0.033312369138002396,0.0998210608959198,-0.03387700766324997,10.344091415405273,-0.03388584405183792,10.238532066345215,0.0011187046766281366,4.507827758789158,-0.0,-2.25,2.25
12.18,56.20791244506836,56.20791244506836,0.04085329547524452,0.04085329547524452,0.019018622115254402,0.019018622115254402,20.087669372558594,-24.075176239013672,0.0,-1.5707964,-1.5227028131484985,6.001355171203613,-0.174537792801857,-0.01989009603857994,6.003892681589877,-0.029074867814200885,6.275136947631836,0.03359413519501686,0.09249743074178696,0.03359413519501686,0.09249743074178696,-0.03385463356971741,10.434247970581055,-0.03387700766324997,10.344091415405273,0.0017842277884482134,3.6064147949216316,-0.0,-2.25,2.25
12.200000000000001,56.32797622680664,56.32797622680664,0.043138597160577774,0.043138597160577774,0.01904710941016674,0.01904710941016674,20.089954376220703,-24.19523811340332,0.0,-1.5707964,-1.5231083631515503,6.002107620239258,-0.1719522327184677,-0.02085595764219761,6.004570214034559,-0.028640808160567376,6.276254653930664,0.03385918587446213,0.08517265319824219,0.03385918587446213,0.08517265319824219,-0.03381894901394844,10.506376266479492,-0.03385463356971741,10.434247970581055,0.0024376437067986055,2.5832176208496644,-0.0,-2.25,2.25
12.22,56.44805145263672,56.44805145263672,0.04542643576860428,0.04542643576860428,0.019051818177103996,0.019051818177103996,20.092243194580078,-24.315311431884766,0.0,-1.5707964,-1.5235329866409302,6.002866268157959,-0.1693950593471527,-0.02178226225078106,6.0052558746084985,-0.028211542518000843,6.2773590087890625,0.03409885987639427,0.07786419987678528,0.03409885987639427,0.07786419987678528,-0.03377019613981247,10.558040618896484,-0.03381894901394844,10.506376266479492,0.0030806288123131453,1.4443874359131168,-0.0,-2.25,2.25
12.24,56.568138122558594,56.568138122558594,0.0477139949798584,0.0477139949798584,0.01903343014419079,0.01903343014419079,20.09453010559082,-24.43539810180664,0.0,-1.5707964,-1.5239757299423218,6.003630638122559,-0.16686689853668213,-0.022669140249490738,6.005949167353244,-0.027787177274852668,6.278446674346924,0.03430284932255745,0.07058834284543991,0.03430284932255745,0.07058834284543991,-0.03370858356356621,10.586928367614746,-0.03377019613981247,10.558040618896484,0.0037111341953278377,0.19855499267578547,-0.0,-2.25,2.25
12.26,56.6882438659668,56.6882438659668,0.04999854043126106,0.04999854043126106,0.01899264194071293,0.01899264194071293,20.09681510925293,-24.55550193786621,0.0,-1.5707964,-1.5244358777999878,6.004399299621582,-0.16436827182769775,-0.023516755551099777,6.006648639472744,-0.027367805583241724,6.279514312744141,0.034463874995708466,0.0633603185415268,0.034463874995708466,0.0633603185415268,-0.03363436087965965,10.590899467468262,-0.03370858356356621,10.586928367614746,0.004331022500991529,-1.147699356079024,-0.0,-2.25,2.25
12.280000000000001,56.8083610534668,56.8083610534668,0.05227741226553917,0.05227741226553917,0.018930142745375633,0.018930142745375633,20.099092483520508,-24.67561912536621,0.0,-1.5707964,-1.524912714958191,6.005171298980713,-0.1618996262550354,-0.024325337260961533,6.007353312323425,-0.026953505581329903,6.280558109283447,0.034572456032037735,0.056194230914115906,0.034572456032037735,0.056194230914115906,-0.033547740429639816,10.56794548034668,-0.03363436087965965,10.590899467468262,0.004936195909977064,-2.5800228118897035,-0.0,-2.25,2.25
12.3,56.928489685058594,56.928489685058594,0.05454804003238678,0.05454804003238678,0.018846649676561356,0.018846649676561356,20.101364135742188,-24.795747756958008,0.0,-1.5707964,-1.5254054069519043,6.005943775177002,-0.15946128964424133,-0.025095129385590553,6.008060297091099,-0.026544343669397927,6.2815752029418945,0.034622274339199066,0.049103252589702606,0.034622274339199066,0.049103252589702606,-0.03344901651144028,10.516345024108887,-0.033547740429639816,10.56794548034668,0.005528144538402675,-4.097938537597743,-0.0,-2.25,2.25
12.32,57.04863357543945,57.04863357543945,0.05680793151259422,0.05680793151259422,0.0187428817152977,0.0187428817152977,20.10362434387207,-24.915895462036133,0.0,-1.5707964,-1.525913119316101,6.006716251373291,-0.15705358982086182,-0.025826459750533104,6.008769088140068,-0.02614037504719299,6.282561302185059,0.034606896340847015,0.042099468410015106,0.034606896340847015,0.042099468410015106,-0.033338453620672226,10.434386253356934,-0.03344901651144028,10.516345024108887,0.006107240915298592,-5.689048767089965,-0.0,-2.25,2.25
12.34,57.16879653930664,57.16879653930664,0.05905468389391899,0.05905468389391899,0.018619565293192863,0.018619565293192863,20.105871200561523,-25.036054611206055,0.0,-1.5707964,-1.526435136795044,6.007486820220947,-0.15467678010463715,-0.02651970274746418,6.009477747810697,-0.025741648480361656,6.28351354598999,0.03451763838529587,0.035194069147109985,0.03451763838529587,0.035194069147109985,-0.03321630880236626,10.320605278015137,-0.033338453620672226,10.434386253356934,0.006672739982605123,-7.351636886596836,-0.0,-2.25,2.25
12.36,57.288970947265625,57.288970947265625,0.061285972595214844,0.061285972595214844,0.01847742311656475,0.01847742311656475,20.10810089111328,-25.156232833862305,0.0,-1.5707964,-1.5269707441329956,6.00825309753418,-0.15233100950717926,-0.02717524580657482,6.0101838591249885,-0.025348196860941946,6.284429550170898,0.03435080498456955,0.0283973291516304,0.03435080498456955,0.0283973291516304,-0.03308285400271416,10.173572540283203,-0.03321630880236626,10.320605278015137,0.00722128897905301,-9.072542190551145,-0.0,-2.25,2.25
12.38,57.40916061401367,57.40916061401367,0.0634995698928833,0.0634995698928833,0.018317166715860367,0.018317166715860367,20.110315322875977,-25.27642250061035,0.0,-1.5707964,-1.5275191068649292,6.009014129638672,-0.1500164270401001,-0.027793530374765396,6.010886435342052,-0.024960046507274295,6.285304069519043,0.034100789576768875,0.021718697622418404,0.034100789576768875,0.021718697622418404,-0.03293842822313309,9.992121696472168,-0.03308285400271416,10.173572540283203,0.007756240665912794,-10.848665237426989,-0.0,-2.25,2.25
12.4,57.529361724853516,57.529361724853516,0.06569333374500275,0.06569333374500275,0.01813952811062336,0.01813952811062336,20.11250877380371,-25.39661979675293,0.0,-1.5707964,-1.528079628944397,6.009767532348633,-0.1477331519126892,-0.028375061228871346,6.011583059148882,-0.024577224384154567,6.286136150360107,0.03376162797212601,0.015166730619966984,0.03376162797212601,0.015166730619966984,-0.032783303409814835,9.775148391723633,-0.03293842822313309,9.992121696472168,0.008273497223854242,-12.671852111816676,-0.0,-2.25,2.25
12.42,57.64958190917969,57.64958190917969,0.06786518543958664,0.06786518543958664,0.017945222556591034,0.017945222556591034,20.114681243896484,-25.5168399810791,0.0,-1.5707964,-1.528651475906372,6.010509967803955,-0.1454811990261078,-0.028920359909534454,6.012270357555519,-0.024199743354389562,6.286920547485352,0.03332987800240517,0.008749195374548435,0.03332987800240517,0.008749195374548435,-0.03261783346533775,9.521711349487305,-0.032783303409814835,9.775148391723633,0.00877454876899738,-14.536094665527653,-0.0,-2.25,2.25
12.44,57.769813537597656,57.769813537597656,0.07001315802335739,0.07001315802335739,0.017734961584210396,0.017734961584210396,20.11682891845703,-25.63707160949707,0.0,-1.5707964,-1.5292338132858276,6.011240482330322,-0.14326056838035583,-0.029430005699396133,6.012947341101496,-0.02382760355180251,6.287654876708984,0.03280112147331238,0.0024730623699724674,0.03280112147331238,0.0024730623699724674,-0.03244234248995781,9.230989456176758,-0.03261783346533775,9.521711349487305,0.009258650243281694,-16.43633842468151,-0.0,-2.25,2.25
12.46,57.89005661010742,57.89005661010742,0.07213536649942398,0.07213536649942398,0.017509451135993004,0.017509451135993004,20.11895179748535,-25.75731658935547,0.0,-1.5707964,-1.5298261642456055,6.011957168579102,-0.14107123017311096,-0.029904618859291077,6.013612066704353,-0.023460803688748175,6.288335800170898,0.03217078000307083,-0.003655457403510809,0.03217078000307083,-0.003655457403510809,-0.03225716948509216,8.902262687683105,-0.03244234248995781,9.230989456176758,0.009726174175739496,-18.367958068848047,-0.0,-2.25,2.25
12.48,58.01031494140625,58.01031494140625,0.07422997802495956,0.07422997802495956,0.017269382253289223,0.017269382253289223,20.12104606628418,-25.877574920654297,0.0,-1.5707964,-1.5304276943206787,6.0126566886901855,-0.13891318440437317,-0.030344849452376366,6.014261162341738,-0.02309935251811422,6.288961410522461,0.0314357690513134,-0.009630871005356312,0.0314357690513134,-0.009630871005356312,-0.03206264600157738,8.534903526306152,-0.03225716948509216,8.902262687683105,0.010175071656704166,-20.321607589722113,-0.0,-2.25,2.25
12.5,58.13058853149414,58.13058853149414,0.07629527151584625,0.07629527151584625,0.01701546646654606,0.01701546646654606,20.123111724853516,-25.99785041809082,0.0,-1.5707964,-1.53103768825531,6.013338088989258,-0.1367862969636917,-0.030751369893550873,6.0148936369254296,-0.022743226755282984,6.289527416229248,0.0305931456387043,-0.015448294579982758,0.0305931456387043,-0.015448294579982758,-0.0318591445684433,8.128471374511719,-0.03206264600157738,8.534903526306152,0.010607205331325757,-22.2952604293828,-0.0,-2.25,2.25
12.52,58.25087356567383,58.25087356567383,0.07832960039377213,0.07832960039377213,0.016748368740081787,0.016748368740081787,20.125144958496094,-26.118131637573242,0.0,-1.5707964,-1.5316556692123413,6.013997554779053,-0.13469046354293823,-0.03112490102648735,6.015505640414431,-0.022392418583686388,6.2900309562683105,0.029640085995197296,-0.02110358513891697,0.029640085995197296,-0.02110358513891697,-0.03164700046181679,7.682566165924072,-0.0318591445684433,8.128471374511719,0.011018291115760059,-24.28231239318684,-0.0,-2.25,2.25
12.540000000000001,58.37117004394531,58.37117004394531,0.08033140003681183,0.08033140003681183,0.016468774527311325,0.016468774527311325,20.127147674560547,-26.238431930541992,0.0,-1.5707964,-1.532280683517456,6.014633655548096,-0.13262556493282318,-0.03146618232131004,6.01609570659623,-0.022046908184969877,6.290470600128174,0.028574729338288307,-0.0265931598842144,0.028574729338288307,-0.0265931598842144,-0.03142663463950157,7.196919918060303,-0.03164700046181679,7.682566165924072,0.011412985622883086,-26.28023624420222,-0.0,-2.25,2.25
12.56,58.49148178100586,58.49148178100586,0.08229919523000717,0.08229919523000717,0.016177335754036903,0.016177335754036903,20.129114151000977,-26.35874366760254,0.0,-1.5707964,-1.5329123735427856,6.0152435302734375,-0.13059145212173462,-0.03177598491311073,6.016660939081054,-0.021706675737526167,6.290842056274414,0.02739611640572548,-0.031914133578538895,0.02739611640572548,-0.031914133578538895,-0.031198374927043915,6.6713151931762695,-0.03142663463950157,7.196919918060303,0.011784769594669594,-28.27849388122619,-0.0,-2.25,2.25
12.58,58.61180114746094,58.61180114746094,0.08423155546188354,0.08423155546188354,0.015874702483415604,0.015874702483415604,20.13104820251465,-26.479061126708984,0.0,-1.5707964,-1.5335499048233032,6.015825271606445,-0.12858794629573822,-0.03205510973930359,6.0171993949370925,-0.021371692562950677,6.291143417358398,0.026100654155015945,-0.0370640903711319,0.026100654155015945,-0.0370640903711319,-0.030962679535150528,6.105745315551758,-0.031198374927043915,6.6713151931762695,0.012141373008489867,-30.281901359558752,-0.0,-2.25,2.25
12.6,58.73213577270508,58.73213577270508,0.0861271545290947,0.0861271545290947,0.015561508014798164,0.015561508014798164,20.13294219970703,-26.599397659301758,0.0,-1.5707964,-1.5341929197311401,6.01637601852417,-0.12661491334438324,-0.03230440244078636,6.017708179411324,-0.021041940462573128,6.2913713455200195,0.02468840405344963,-0.04204131290316582,0.02468840405344963,-0.04204131290316582,-0.030719852074980736,5.500107288360596,-0.030962679535150528,6.105745315551758,0.012475810945033186,-32.27868080138942,-0.0,-2.25,2.25
12.620000000000001,58.85247802734375,58.85247802734375,0.08798474073410034,0.08798474073410034,0.01523837074637413,0.01523837074637413,20.13479995727539,-26.71973991394043,0.0,-1.5707964,-1.5348405838012695,6.016892910003662,-0.12467211484909058,-0.03252469003200531,6.018184396200675,-0.0207173834343881,6.291524887084961,0.023158196359872818,-0.046844445168972015,0.023158196359872818,-0.046844445168972015,-0.030470335856080055,4.854533672332764,-0.030719852074980736,5.500107288360596,0.012789666652679716,-34.265589714051025,-0.0,-2.25,2.25
12.64,58.97283172607422,58.97283172607422,0.08980313688516617,0.08980313688516617,0.01490589790046215,0.01490589790046215,20.136619567871094,-26.840089797973633,0.0,-1.5707964,-1.5354924201965332,6.017373561859131,-0.1227593719959259,-0.032716844230890274,6.018625627697247,-0.020397993315821202,6.291599273681641,0.021510815247893333,-0.05147269368171692,0.021510815247893333,-0.05147269368171692,-0.030214542523026466,4.169221878051758,-0.030470335856080055,4.854533672332764,0.013085640966892522,-36.24479770660478,-0.0,-2.25,2.25
12.66,59.09319305419922,59.09319305419922,0.09158122539520264,0.09158122539520264,0.014564684592187405,0.014564684592187405,20.138397216796875,-26.96044921875,0.0,-1.5707964,-1.536147952079773,6.017816543579102,-0.12087647616863251,-0.032881759107112885,6.019030409847193,-0.020083733486764153,6.291593551635742,0.019744422286748886,-0.05592578276991844,0.019744422286748886,-0.05592578276991844,-0.02995282970368862,3.4443259239196777,-0.030214542523026466,4.169221878051758,0.01336196437478094,-38.207507133484704,-0.0,-2.25,2.25
12.68,59.213565826416016,59.213565826416016,0.09331794828176498,0.09331794828176498,0.01421528123319149,0.01421528123319149,20.140132904052734,-27.08082389831543,0.0,-1.5707964,-1.536806583404541,6.018218517303467,-0.11902319639921188,-0.03302032873034477,6.019395371903679,-0.01977456977163941,6.291505336761475,0.01785869151353836,-0.06020378693938255,0.01785869151353836,-0.06020378693938255,-0.02968559041619301,2.68017578125,-0.02995282970368862,3.4443259239196777,0.014278106391428937,-38.016569614407835,-0.0,-2.25,2.25
12.700000000000001,59.33393859863281,59.33393859863281,0.09501234441995621,0.09501234441995621,0.013858260586857796,0.013858260586857796,20.141828536987305,-27.201196670532227,0.0,-1.5707964,-1.5374675989151,6.018577575683594,-0.11719930171966553,-0.033133454620838165,6.019718574056846,-0.01947046288407267,6.291332244873047,0.015854697674512863,-0.06430722028017044,0.015854697674512863,-0.06430722028017044,-0.02940002828836441,1.919844388961792,-0.02968559041619301,2.68017578125,0.015881098806858403,-35.47475337982253,-0.0,-2.25,2.25
12.72,59.45433044433594,59.45433044433594,0.09666355699300766,0.09666355699300766,0.013495063409209251,0.013495063409209251,20.14348030090332,-27.32158851623535,0.0,-1.5707964,-1.538130760192871,6.01889181137085,-0.11539938300848007,-0.03321615234017372,6.019997977955292,-0.019170513364198002,6.291090488433838,0.013748083263635635,-0.06821340322494507,0.013748083263635635,-0.06821340322494507,-0.02908240631222725,1.2103493213653564,-0.02940002828836441,1.919844388961792,0.01734783872962035,-33.1644207239158,-0.0,-2.25,2.25
12.74,59.57472229003906,59.57472229003906,0.09827093034982681,0.09827093034982681,0.0131280068308115,0.0131280068308115,20.14508628845215,-27.441986083984375,0.0,-1.5707964,-1.5387952327728271,6.019160747528076,-0.1136138066649437,-0.033258549869060516,6.020232902608307,-0.018873115633904695,6.290812015533447,0.01158689521253109,-0.0718797966837883,0.01158689521253109,-0.0718797966837883,-0.02873544953763485,0.5470609068870544,-0.02908240631222725,1.2103493213653564,0.01866566017270128,-31.12367354333467,-0.0,-2.25,2.25
12.76,59.69511413574219,59.69511413574219,0.09983408451080322,0.09983408451080322,0.012758995406329632,0.012758995406329632,20.146650314331055,-27.562376022338867,0.0,-1.5707964,-1.5394601821899414,6.01938533782959,-0.11183623969554901,-0.03325450420379639,6.020424170254707,-0.01857720809620847,6.2905120849609375,0.0094263581559062,-0.0752774178981781,0.0094263581559062,-0.0752774178981781,-0.028362136334180832,-0.0754125639796257,-0.02873544953763485,0.5470609068870544,0.0198351219296442,-29.371118918059274,-0.0,-2.25,2.25
12.780000000000001,59.81550979614258,59.81550979614258,0.10135282576084137,0.10135282576084137,0.012389637529850006,0.012389637529850006,20.148168563842773,-27.682767868041992,0.0,-1.5707964,-1.540124535560608,6.019567012786865,-0.11006283015012741,-0.033200789242982864,6.0205731328514265,-0.018282140110632873,6.2902021408081055,0.007308030501008034,-0.07838791608810425,0.007308030501008034,-0.07838791608810425,-0.02796543389558792,-0.6628349423408508,-0.028362136334180832,-0.0754125639796257,0.020855665206909624,-27.9189258813864,-0.0,-2.25,2.25
12.8,59.93592071533203,59.93592071533203,0.10282719135284424,0.10282719135284424,0.01202128641307354,0.01202128641307354,20.149642944335938,-27.803176879882812,0.0,-1.5707964,-1.5407874584197998,6.019707679748535,-0.10829155892133713,-0.03309638425707817,6.020681656702761,-0.017987564362938628,6.2898850440979,0.0052603320218622684,-0.08120129257440567,0.0052603320218622684,-0.08120129257440567,-0.027548320591449738,-1.221213459968567,-0.02796543389558792,-0.6628349423408508,0.02432577311992697,-23.968327045441185,-0.0,-2.25,2.25
12.82,60.056331634521484,60.056331634521484,0.10425733774900436,0.10425733774900436,0.011655056849122047,0.011655056849122047,20.151073455810547,-27.923593521118164,0.0,-1.5707964,-1.5414478778839111,6.019808292388916,-0.10652182251214981,-0.032941948622465134,6.020750682081568,-0.017693371842197513,6.289563179016113,0.00329575571231544,-0.08371414244174957,0.00329575571231544,-0.08371414244174957,-0.02706180512905121,-1.7005800008773804,-0.027548320591449738,-1.221213459968567,0.029575359076262152,-18.062752485275652,-0.0,-2.25,2.25
12.84,60.17674255371094,60.17674255371094,0.10564373433589935,0.10564373433589935,0.011295488104224205,0.011295488104224205,20.1524600982666,-28.044002532958984,0.0,-1.5707964,-1.542104721069336,6.019872665405273,-0.10473352670669556,-0.03271620720624924,6.020783671525661,-0.017396208726039815,6.2892584800720215,0.0014424629043787718,-0.08583518862724304,0.0014424629043787718,-0.08583518862724304,-0.026470297947525978,-2.0618350505828857,-0.02706180512905121,-1.7005800008773804,0.03434438258409574,-12.53021955490139,-0.0,-2.25,2.25
12.86,60.29715347290039,60.29715347290039,0.10698748379945755,0.10698748379945755,0.010949144139885902,0.010949144139885902,20.1538028717041,-28.164413452148438,0.0,-1.5707964,-1.5427560806274414,6.019904136657715,-0.10289739072322845,-0.03238751366734505,6.020783477884446,-0.01709119765141734,6.28900671005249,-0.00025096614263020456,-0.08742805570363998,-0.00025096614263020456,-0.08742805570363998,-0.025783410295844078,-2.312439441680908,-0.026470297947525978,-2.0618350505828857,0.038606394082305207,-7.448208332061265,-0.0,-2.25,2.25
12.88,60.417564392089844,60.417564392089844,0.10829043388366699,0.10829043388366699,0.010621320456266403,0.010621320456266403,20.155105590820312,-28.284822463989258,0.0,-1.5707964,-1.5433998107910156,6.0199079513549805,-0.10099504888057709,-0.03193661943078041,6.020755080775609,-0.01677526896730937,6.288830757141113,-0.0017390747088938951,-0.08840145915746689,-0.0017390747088938951,-0.08840145915746689,-0.025011282414197922,-2.4614036083221436,-0.025783410295844078,-2.312439441680908,0.04235319793224425,-2.873623371124329,-0.0,-2.25,2.25
12.9,60.5379753112793,60.5379753112793,0.10955502092838287,0.10955502092838287,0.010316249914467335,0.010316249914467335,20.156370162963867,-28.405231475830078,0.0,-1.5707964,-1.544033408164978,6.019888877868652,-0.09901640564203262,-0.03135378658771515,6.020703144191131,-0.01644672844956934,6.288742542266846,-0.0029903752729296684,-0.08869972079992294,-0.0029903752729296684,-0.08869972079992294,-0.024164218455553055,-2.518876075744629,-0.025011282414197922,-2.4614036083221436,0.04558628425002195,1.1573791503906496,-0.0,-2.25,2.25
12.92,60.65838623046875,60.65838623046875,0.1107841432094574,0.1107841432094574,0.010037245228886604,0.010037245228886604,20.15760040283203,-28.52564811706543,0.0,-1.5707964,-1.544654130935669,6.0198516845703125,-0.09695755690336227,-0.0306365005671978,6.020632447846713,-0.0161049107637481,6.2887492179870605,-0.0039894976653158665,-0.08829514682292938,-0.0039894976653158665,-0.08829514682292938,-0.023252492770552635,-2.4957284927368164,-0.024164218455553055,-2.518876075744629,0.04832120612263782,4.625475406646827,-0.0,-2.25,2.25
12.94,60.7787971496582,60.7787971496582,0.11198106408119202,0.11198106408119202,0.009786871261894703,0.009786871261894703,20.158796310424805,-28.64605712890625,0.0,-1.5707964,-1.5452595949172974,6.019801139831543,-0.09481918066740036,-0.029787585139274597,6.020547852159268,-0.015749912341234733,6.288851261138916,-0.004735489375889301,-0.08718197792768478,-0.004735489375889301,-0.08718197792768478,-0.0222860686480999,-2.403218984603882,-0.023252492770552635,-2.4957284927368164,0.05057128146290438,7.5261831283564256,-0.0,-2.25,2.25
12.96,60.899208068847656,60.899208068847656,0.11314930021762848,0.11314930021762848,0.009567072615027428,0.009567072615027428,20.15996551513672,-28.766468048095703,0.0,-1.5707964,-1.545846939086914,6.019742012023926,-0.09260520339012146,-0.028813760727643967,6.020454269822236,-0.015382370057047338,6.289046764373779,-0.005237588658928871,-0.08537143468856812,-0.005237588658928871,-0.08537143468856812,-0.021274643018841743,-2.252695322036743,-0.0222860686480999,-2.403218984603882,0.05236258730292432,9.863972663879604,-0.0,-2.25,2.25
12.98,61.01961898803711,61.01961898803711,0.11429261416196823,0.11429261416196823,0.009379233233630657,0.009379233233630657,20.161108016967773,-28.886877059936523,0.0,-1.5707964,-1.546413779258728,6.019678592681885,-0.09032191336154938,-0.027724498882889748,6.020356169465877,-0.015003315331708424,6.28933048248291,-0.005512143485248089,-0.08288788050413132,-0.005512143485248089,-0.08288788050413132,-0.02022739127278328,-2.0554158687591553,-0.021274643018841743,-2.252695322036743,0.05371766164898987,11.65781021118189,-0.0,-2.25,2.25
13.0,61.140018463134766,61.140018463134766,0.11541490256786346,0.11541490256786346,0.009224290028214455,0.009224290028214455,20.1622314453125,-29.007280349731445,0.0,-1.5707964,-1.546958088874817,6.019614219665527,-0.0879771038889885,-0.026531130075454712,6.0202570812555924,-0.014614032976327991,6.289694786071777,-0.00558273121714592,-0.07976548373699188,-0.00558273121714592,-0.07976548373699188,-0.019153038039803505,-1.8222596645355225,-0.02022739127278328,-2.0554158687591553,0.05466882139444468,12.92575597763089,-0.0,-2.25,2.25
13.02,61.26041030883789,61.26041030883789,0.11652013659477234,0.11652013659477234,0.009102760814130306,0.009102760814130306,20.1633358001709,-29.12767219543457,0.0,-1.5707964,-1.5474777221679688,6.019552230834961,-0.08557954430580139,-0.0252461489289999,6.020160539234293,-0.014215970875244207,6.29013204574585,-0.005474424455314875,-0.07604575902223587,-0.005474424455314875,-0.07604575902223587,-0.018059661611914635,-1.5637445449829102,-0.019153038039803505,-1.8222596645355225,0.05523962900042161,13.69947195053008,-0.0,-2.25,2.25
13.040000000000001,61.380802154541016,61.380802154541016,0.11761234700679779,0.11761234700679779,0.009014843963086605,0.009014843963086605,20.1644287109375,-29.248064041137695,0.0,-1.5707964,-1.5479708909988403,6.019495010375977,-0.08313847333192825,-0.023882629349827766,6.020069118015942,-0.013810658092727588,6.2906317710876465,-0.005214768461883068,-0.07177530229091644,-0.005214768461883068,-0.07177530229091644,-0.016954869031906128,-1.28975510597229,-0.018059661611914635,-1.5637445449829102,0.055462680757046925,14.008814096451104,-0.0,-2.25,2.25
13.06,61.50119400024414,61.50119400024414,0.11869557946920395,0.11869557946920395,0.00896043423563242,0.00896043423563242,20.165512084960938,-29.368453979492188,0.0,-1.5707964,-1.5484362840652466,6.019443511962891,-0.080663301050663,-0.02245386689901352,6.019983950298251,-0.01339965614975909,6.2911834716796875,-0.004831814672797918,-0.06700432300567627,-0.004831814672797918,-0.06700432300567627,-0.015845615416765213,-1.009578824043274,-0.016954869031906128,-1.28975510597229,0.05536805838346599,13.886147737503348,-0.0,-2.25,2.25
13.08,61.621585845947266,61.621585845947266,0.11977384984493256,0.11977384984493256,0.008939185179769993,0.008939185179769993,20.166589736938477,-29.488845825195312,0.0,-1.5707964,-1.548872709274292,6.019400119781494,-0.07816334813833237,-0.020973023027181625,6.019907583262193,-0.012984509057258944,6.291776657104492,-0.004353733267635107,-0.06178510561585426,-0.004353733267635107,-0.06178510561585426,-0.014738254249095917,-0.7318558692932129,-0.015845615416765213,-1.009578824043274,0.05498090758919833,13.367417454719828,-0.0,-2.25,2.25
13.1,61.74197769165039,61.74197769165039,0.12085111439228058,0.12085111439228058,0.008950529620051384,0.008950529620051384,20.167667388916016,-29.609237670898438,0.0,-1.5707964,-1.5492792129516602,6.019365310668945,-0.07564762979745865,-0.019452892243862152,6.019840638021792,-0.012566714878004684,6.292401313781738,-0.00380757637321949,-0.05617090314626694,-0.00380757637321949,-0.05617090314626694,-0.013638636097311974,-0.464507520198822,-0.014738254249095917,-0.7318558692932129,0.054331542924042846,12.489459663628688,-0.0,-2.25,2.25
13.120000000000001,61.862369537353516,61.862369537353516,0.1219312772154808,0.1219312772154808,0.008993721567094326,0.008993721567094326,20.168746948242188,-29.729629516601562,0.0,-1.5707964,-1.5496549606323242,6.0193400382995605,-0.07312477380037308,-0.017905771732330322,6.019784192910865,-0.012147706620774527,6.293045520782471,-0.003220895305275917,-0.050215255469083786,-0.003220895305275917,-0.050215255469083786,-0.012552005238831043,-0.21471832692623138,-0.013638636097311974,-0.464507520198822,0.053444132208825296,11.291961418465021,-0.0,-2.25,2.25
13.14,61.98276138305664,61.98276138305664,0.12301811575889587,0.12301811575889587,0.009067842736840248,0.009067842736840248,20.16983413696289,-29.850019454956055,0.0,-1.5707964,-1.5499995946884155,6.019323348999023,-0.0706029087305069,-0.016343291848897934,6.019737398801216,-0.01172883845836942,6.293699264526367,-0.002619002014398575,-0.04397112876176834,-0.002619002014398575,-0.04397112876176834,-0.01148312259465456,0.011120901443064213,-0.012552005238831043,-0.21471832692623138,0.052347267046571895,9.805679274723143,-0.0,-2.25,2.25
13.16,62.103153228759766,62.103153228759766,0.12411529570817947,0.12411529570817947,0.009171837940812111,0.009171837940812111,20.170930862426758,-29.97041130065918,0.0,-1.5707964,-1.550313115119934,6.019315242767334,-0.06808963418006897,-0.014776384457945824,6.019700340556326,-0.011311374707914277,6.294353008270264,-0.0020239055156707764,-0.037490542978048325,-0.0020239055156707764,-0.037490542978048325,-0.010436177253723145,0.2072344869375229,-0.01148312259465456,0.011120901443064213,0.05106166936457266,8.068159967661076,-0.0,-2.25,2.25
13.18,62.22354507446289,62.22354507446289,0.12522637844085693,0.12522637844085693,0.009304552339017391,0.009304552339017391,20.172042846679688,-30.090803146362305,0.0,-1.5707964,-1.5505954027175903,6.019315242767334,-0.06559194624423981,-0.013215177692472935,6.0196726069798245,-0.010896480346349869,6.294996738433838,-0.0014576173853129148,-0.030823949724435806,-0.0014576173853129148,-0.030823949724435806,-0.009414943866431713,0.36859768629074097,-0.010436177253723145,0.2072344869375229,0.04961332306265496,6.113734841346328,-0.0,-2.25,2.25
13.200000000000001,62.343936920166016,62.343936920166016,0.12635473906993866,0.12635473906993866,0.009464721195399761,0.009464721195399761,20.17317008972168,-30.21119499206543,0.0,-1.5707964,-1.5508464574813843,6.019321918487549,-0.06311628222465515,-0.011669027619063854,6.019652815857945,-0.010485229077364027,6.295620441436768,-0.0009396709501743317,-0.024020107463002205,-0.0009396709501743317,-0.024020107463002205,-0.008422677405178547,0.4908723831176758,-0.009414943866431713,0.36859768629074097,0.048020877875388696,3.973695635795678,-0.0,-2.25,2.25
13.22,62.46432876586914,62.46432876586914,0.12750361859798431,0.12750361859798431,0.00965100061148405,0.00965100061148405,20.174320220947266,-30.331584930419922,0.0,-1.5707964,-1.5510668754577637,6.019334316253662,-0.06066847965121269,-0.010146467946469784,6.019640045322655,-0.01007859378704821,6.2962164878845215,-0.000488735968247056,-0.017125647515058517,-0.000488735968247056,-0.017125647515058517,-0.0074622598476707935,0.5703462958335876,-0.008422677405178547,0.4908723831176758,0.04630826879292825,1.679873466491735,-0.0,-2.25,2.25
13.24,62.584720611572266,62.584720611572266,0.12867611646652222,0.12867611646652222,0.009861965663731098,0.009861965663731098,20.175491333007812,-30.451976776123047,0.0,-1.5707964,-1.5512570142745972,6.019350051879883,-0.058253832161426544,-0.008655238896608353,6.019631928617217,-0.00967745904377478,6.296775817871094,-0.0001202336570713669,-0.010185100138187408,-0.0001202336570713669,-0.010185100138187408,-0.006536094471812248,0.6039437651634216,-0.0074622598476707935,0.5703462958335876,0.04449018742889261,-0.7387638092041173,-0.0,-2.25,2.25
13.26,62.70511245727539,62.70511245727539,0.12987512350082397,0.12987512350082397,0.010096137411892414,0.010096137411892414,20.17669105529785,-30.57237434387207,0.0,-1.5707964,-1.551417589187622,6.019367218017578,-0.05587705597281456,-0.0072022732347249985,6.019626562398108,-0.009282612112284925,6.297291278839111,0.00015286472626030445,-0.003240514313802123,0.00015286472626030445,-0.003240514313802123,-0.005646290723234415,0.5891684889793396,-0.006536094471812248,0.6039437651634216,0.04258695989846896,-3.253602981567163,-0.0,-2.25,2.25
13.280000000000001,62.825504302978516,62.825504302978516,0.13110333681106567,0.13110333681106567,0.010352002456784248,0.010352002456784248,20.177919387817383,-30.692766189575195,0.0,-1.5707964,-1.5515495538711548,6.019383907318115,-0.0535423643887043,-0.005793761927634478,6.01962203202698,-0.008894756203313847,6.297755718231201,0.00031792576191946864,0.003668406279757619,0.00031792576191946864,0.003668406279757619,-0.004794551525264978,0.5240964293479919,-0.005646290723234415,0.5891684889793396,0.04061595536768523,-5.8392450213433555,-0.0,-2.25,2.25
13.3,62.94589614868164,62.94589614868164,0.13236330449581146,0.13236330449581146,0.010628005489706993,0.010628005489706993,20.17917823791504,-30.81315803527832,0.0,-1.5707964,-1.5516538619995117,6.019398212432861,-0.05125347897410393,-0.004435162991285324,6.0196164129408505,-0.008514512345956437,6.298162460327148,0.0003649661084637046,0.010504478588700294,0.0003649661084637046,0.010504478588700294,-0.003982232417911291,0.4073115289211273,-0.004794551525264978,0.5240964293479919,0.03858768614009105,-8.47315862774867,-0.0,-2.25,2.25
13.32,63.066287994384766,63.066287994384766,0.13365739583969116,0.13365739583969116,0.010922562330961227,0.010922562330961227,20.18047332763672,-30.933547973632812,0.0,-1.5707964,-1.5517313480377197,6.019406318664551,-0.049013618379831314,-0.0031312033534049988,6.019605864503539,-0.008142420131757715,6.298505783081055,0.0002858972584363073,0.01723315566778183,0.0002858972584363073,0.01723315566778183,-0.0032104786951094866,0.23784835636615753,-0.003982232417911291,0.4073115289211273,0.03652158193290311,-11.134595610201597,-0.0,-2.25,2.25
13.34,63.18667984008789,63.18667984008789,0.1349877417087555,0.1349877417087555,0.011234073899686337,0.011234073899686337,20.18180274963379,-31.053939819335938,0.0,-1.5707964,-1.5517833232879639,6.019406318664551,-0.04682562127709389,-0.0018859795527532697,6.019588446728456,-0.007778952655590783,6.2987799644470215,7.423631905112416e-05,0.023822257295250893,7.423631905112416e-05,0.023822257295250893,-0.00248004705645144,0.015156444162130356,-0.0032104786951094866,0.23784835636615753,0.03442569286562576,-13.801736943424043,-0.0,-2.25,2.25
13.36,63.307071685791016,63.307071685791016,0.13635630905628204,0.13635630905628204,0.011560938321053982,0.011560938321053982,20.18317222595215,-31.174331665039062,0.0,-1.5707964,-1.5518109798431396,6.019395351409912,-0.044691890478134155,-0.0007029318949207664,6.019561259896752,-0.007424511379777539,6.298980236053467,-0.00027496807160787284,0.030242234468460083,-0.00027496807160787284,0.030242234468460083,-0.0017915331991389394,-0.2608782947063446,-0.00248004705645144,0.015156444162130356,0.03231621230952224,-16.459740698336443,-0.0,-2.25,2.25
13.38,63.427459716796875,63.427459716796875,0.1377648562192917,0.1377648562192917,0.011901544407010078,0.011901544407010078,20.184579849243164,-31.29471778869629,0.0,-1.5707964,-1.551815390586853,6.019371509552002,-0.04261447489261627,0.0004150631430093199,6.019522353432764,-0.007079437263352363,6.299101829528809,-0.0007664999575354159,0.03646596148610115,-0.0007664999575354159,0.03646596148610115,-0.001145208952948451,-0.5900731086730957,-0.0017915331991389394,-0.2608782947063446,0.03019773575943028,-19.08856928348582,-0.0,-2.25,2.25
13.4,63.54783248901367,63.54783248901367,0.13921496272087097,0.13921496272087097,0.012254297733306885,0.012254297733306885,20.186031341552734,-31.415090560913086,0.0,-1.5707964,-1.5517979860305786,6.019331455230713,-0.04059504717588425,0.0014657056890428066,6.019468342452272,-0.006744010033740707,6.299140930175781,-0.001403941074386239,0.04246887192130089,-0.001403941074386239,0.04246887192130089,-0.0005412542377598584,-0.971844494342804,-0.001145208952948451,-0.5900731086730957,0.028086786460335734,-21.674636006355747,-0.0,-2.25,2.25
13.42,63.66820526123047,63.66820526123047,0.14070801436901093,0.14070801436901093,0.012617598287761211,0.012617598287761211,20.187524795532227,-31.535463333129883,0.0,-1.5707964,-1.5517603158950806,6.019271373748779,-0.0386350154876709,0.0024471816141158342,6.019395362929175,-0.006418465382651839,6.299094200134277,-0.0021877174731343985,0.048228587955236435,-0.0021877174731343985,0.048228587955236435,2.0481491446844302e-05,-1.4053372144699097,-0.0005412542377598584,-0.971844494342804,0.025991430902650436,-24.209177494049587,-0.0,-2.25,2.25
13.44,63.788578033447266,63.788578033447266,0.14224520325660706,0.14224520325660706,0.01298986654728651,0.01298986654728651,20.18906021118164,-31.65583610534668,0.0,-1.5707964,-1.5517034530639648,6.019190311431885,-0.03673546016216278,0.0033581831958144903,6.0193024096874215,-0.0061029809945802775,6.298958778381348,-0.003118608146905899,0.053725238889455795,-0.003118608146905899,0.053725238889455795,0.0005403101094998419,-1.8895207643508911,2.0481491446844302e-05,-1.4053372144699097,0.023914701887404795,-26.676267385480987,-0.0,-2.25,2.25
13.46,63.90895080566406,63.90895080566406,0.14382751286029816,0.14382751286029816,0.013369563035666943,0.013369563035666943,20.190643310546875,-31.776208877563477,0.0,-1.5707964,-1.5516290664672852,6.0190839767456055,-0.03489718958735466,0.004197866655886173,6.01918513861775,-0.005797692592223507,6.298732280731201,-0.004194574896246195,0.058941248804330826,-0.004194574896246195,0.058941248804330826,0.00101860414724797,-2.423046112060547,0.0005403101094998419,-1.8895207643508911,0.021866703173146117,-29.070031642914437,-0.0,-2.25,2.25
13.48,64.0293197631836,64.0293197631836,0.1454557627439499,0.1454557627439499,0.013755152001976967,0.013755152001976967,20.192272186279297,-31.896575927734375,0.0,-1.5707964,-1.5515384674072266,6.018950462341309,-0.033120788633823395,0.004965765401721001,6.019041589386003,-0.0055026959508865415,6.2984113693237305,-0.005415503401309252,0.06386115401983261,-0.005415503401309252,0.06386115401983261,0.0014559382107108831,-3.0044467449188232,0.00101860414724797,-2.423046112060547,0.019855314167216843,-31.380069255829525,-0.0,-2.25,2.25
13.5,64.14967346191406,64.14967346191406,0.1471305936574936,0.1471305936574936,0.014145135879516602,0.014145135879516602,20.193946838378906,-32.016929626464844,0.0,-1.5707964,-1.5514332056045532,6.018786907196045,-0.03140661492943764,0.005661789793521166,6.018868848022513,-0.005218049810747573,6.297995090484619,-0.0067799706012010574,0.06847164779901505,-0.0067799706012010574,0.06847164779901505,0.0018530444940552115,-3.6320481300354004,0.0014559382107108831,-3.0044467449188232,0.017883925465867305,-33.60030651092601,-0.0,-2.25,2.25
13.52,64.27002716064453,64.27002716064453,0.14885243773460388,0.14885243773460388,0.014538059011101723,0.014538059011101723,20.195669174194336,-32.13728713989258,0.0,-1.5707964,-1.5513145923614502,6.018590450286865,-0.029754823073744774,0.00628621457144618,6.018664001070371,-0.004943778930809749,6.297482490539551,-0.008283545263111591,0.07276145368814468,-0.008283545263111591,0.07276145368814468,0.00221072300337255,-4.304054260253906,0.0018530444940552115,-3.6320481300354004,0.015960459131746405,-35.72559356689212,-0.0,-2.25,2.25
13.540000000000001,64.390380859375,64.390380859375,0.15062156319618225,0.15062156319618225,0.014932495541870594,0.014932495541870594,20.197437286376953,-32.25764083862305,0.0,-1.5707964,-1.5511839389801025,6.01835823059082,-0.02816540189087391,0.006839618552476168,6.01842413606618,-0.004679880324830555,6.296871185302734,-0.009921916760504246,0.0767212063074112,-0.009921916760504246,0.0767212063074112,0.0025299321860074997,-5.018566131591797,0.00221072300337255,-4.304054260253906,0.014086987357586922,-37.75088787078938,-0.0,-2.25,2.25
13.56,64.51073455810547,64.51073455810547,0.15243807435035706,0.15243807435035706,0.015327073633670807,0.015327073633670807,20.19925308227539,-32.37799835205078,0.0,-1.5707964,-1.551042914390564,6.018088340759277,-0.026638135313987732,0.007322883699089289,6.018147295259211,-0.004426316105419955,6.296159744262695,-0.011693273670971394,0.08034360408782959,-0.011693273670971394,0.08034360408782959,0.002811671933159232,-5.773583889007568,0.0025299321860074997,-5.018566131591797,0.01226515742018845,-39.671397209168326,-0.0,-2.25,2.25
13.58,64.63108825683594,64.63108825683594,0.15430191159248352,0.15430191159248352,0.01572045497596264,0.01572045497596264,20.20111846923828,-32.49835205078125,0.0,-1.5707964,-1.5508928298950195,6.017777442932129,-0.025172680616378784,0.007737141568213701,6.017830092027538,-0.004183028374406465,6.295348644256592,-0.013592425733804703,0.0836229994893074,-0.013592425733804703,0.0836229994893074,0.003056975081562996,-6.567011833190918,0.002811671933159232,-5.773583889007568,0.010502908844501004,-41.48674011230557,-0.0,-2.25,2.25
13.6,64.7514419555664,64.7514419555664,0.15621286630630493,0.15621286630630493,0.016111355274915695,0.016111355274915695,20.20302963256836,-32.61869812011719,0.0,-1.5707964,-1.5507351160049438,6.0174241065979,-0.023768579587340355,0.008083732798695564,6.017471048874364,-0.00394993863712717,6.294436931610107,-0.015614737756550312,0.0865553691983223,-0.015614737756550312,0.0865553691983223,0.0032670332584530115,-7.396746635437012,0.003056975081562996,-6.567011833190918,0.008801149670034054,-43.19157600402541,-0.0,-2.25,2.25
13.620000000000001,64.87175750732422,64.87175750732422,0.15817055106163025,0.15817055106163025,0.016498524695634842,0.016498524695634842,20.204986572265625,-32.739017486572266,0.0,-1.5707964,-1.5505708456039429,6.017026901245117,-0.02242523618042469,0.008364224806427956,6.017068690111919,-0.003726945669117331,6.2934250831604,-0.017756018787622452,0.08913839608430862,-0.017756018787622452,0.08913839608430862,0.0034430562518537045,-8.260578155517578,0.0032670332584530115,-7.396746635437012,0.00716095091775075,-44.788217544556616,-0.0,-2.25,2.25
13.64,64.99207305908203,64.99207305908203,0.1601744294166565,0.1601744294166565,0.016880782321095467,0.016880782321095467,20.20699119567871,-32.859336853027344,0.0,-1.5707964,-1.5504016876220703,6.016582012176514,-0.021141940727829933,0.008580372668802738,6.016619157874605,-0.003513930943978121,6.2923126220703125,-0.02001030556857586,0.09137126803398132,-0.02001030556857586,0.09137126803398132,0.0035862752702087164,-9.156342506408691,0.0034430562518537045,-8.260578155517578,0.005586491897702336,-46.276664733887706,-0.0,-2.25,2.25
13.66,65.11238861083984,65.11238861083984,0.16222384572029114,0.16222384572029114,0.017256993800401688,0.017256993800401688,20.20903968811035,-32.97964859008789,0.0,-1.5707964,-1.5502285957336426,6.016088008880615,-0.01991790346801281,0.008734091185033321,6.016120980621624,-0.0033107611897051454,6.29110050201416,-0.022371266037225723,0.09325458109378815,-0.022371266037225723,0.09325458109378815,0.0036980051081627607,-10.081875801086426,0.0035862752702087164,-9.156342506408691,0.004077074117958632,-47.65696525573832,-0.0,-2.25,2.25
13.68,65.23269653320312,65.23269653320312,0.16431798040866852,0.16431798040866852,0.017626073211431503,0.017626073211431503,20.21113395690918,-33.09995651245117,0.0,-1.5707964,-1.5500530004501343,6.015543460845947,-0.018752234056591988,0.008827443234622478,6.015572688914045,-0.0031172866486869,6.289789199829102,-0.024832703173160553,0.09479030966758728,-0.024832703173160553,0.09479030966758728,0.0037795465905219316,-11.035015106201172,0.0036980051081627607,-10.081875801086426,0.0026337453164158474,-48.92692565917638,-0.0,-2.25,2.25
13.700000000000001,65.35297393798828,65.35297393798828,0.1664559245109558,0.1664559245109558,0.01798698678612709,0.01798698678612709,20.213272094726562,-33.22023391723633,0.0,-1.5707964,-1.5498759746551514,6.0149455070495605,-0.017643975093960762,0.008862600661814213,6.014971385021945,-0.002933347354059095,6.28837776184082,-0.027389664202928543,0.0959816500544548,-0.027389664202928543,0.0959816500544548,0.003832221496850252,-12.013553619384766,0.0037795465905219316,-11.035015106201172,0.0004872097633779153,-58.395671844483665,-0.0,-2.25,2.25
13.72,65.47325134277344,65.47325134277344,0.16863657534122467,0.16863657534122467,0.018338769674301147,0.018338769674301147,20.215452194213867,-33.340511322021484,0.0,-1.5707964,-1.549698829650879,6.014293193817139,-0.016592107713222504,0.008841834031045437,6.014316080755444,-0.0027587723254081254,6.286868095397949,-0.030036162585020065,0.09683295339345932,-0.030036162585020065,0.09683295339345932,0.0038419656921178102,-13.181467056274414,0.003832221496850252,-12.013553619384766,-0.0013467390090227413,-66.29757881164691,-0.0,-2.25,2.25
13.74,65.59351348876953,65.59351348876953,0.1708587408065796,0.1708587408065796,0.01867946796119213,0.01867946796119213,20.217674255371094,-33.46077346801758,0.0,-1.5707964,-1.5495225191116333,6.013583660125732,-0.015601432882249355,0.008760555647313595,6.013603897999865,-0.0025943594969536766,6.285188674926758,-0.032818861305713654,0.09732283651828766,-0.032818861305713654,0.09732283651828766,0.003815030911937356,-14.507418632507324,0.0038419656921178102,-13.181467056274414,-0.0028814538381994386,-72.52717018127596,-0.0,-2.25,2.25
13.76,65.71375274658203,65.71375274658203,0.17312099039554596,0.17312099039554596,0.019007636234164238,0.019007636234164238,20.21993637084961,-33.58101272583008,0.0,-1.5707964,-1.5493483543395996,6.012809753417969,-0.014673251658678055,0.008617940358817577,6.012827657193618,-0.0024403270905022107,6.283307075500488,-0.03583317622542381,0.09744525700807571,-0.03583317622542381,0.09744525700807571,0.0037574018351733685,-15.957962036132812,0.003815030911937356,-14.507418632507324,-0.004161475226282792,-77.2850990295358,-0.0,-2.25,2.25
13.780000000000001,65.83399200439453,65.83399200439453,0.17542172968387604,0.17542172968387604,0.019322238862514496,0.019322238862514496,20.222238540649414,-33.70125198364258,0.0,-1.5707964,-1.549177646636963,6.011964797973633,-0.013806507922708988,0.008416030555963516,6.011980651310778,-0.0022965010799620936,6.281215667724609,-0.03914925456047058,0.09720505774021149,-0.03914925456047058,0.09720505774021149,0.003674172330647707,-17.503664016723633,0.0037574018351733685,-15.957962036132812,-0.006204599048942459,-79.26254272461107,-0.0,-2.25,2.25
13.8,65.95419311523438,65.95419311523438,0.17775925993919373,0.17775925993919373,0.019622527062892914,0.019622527062892914,20.22457504272461,-33.82145309448242,0.0,-1.5707964,-1.5490113496780396,6.011041164398193,-0.012998786754906178,0.008158707059919834,6.011055219222885,-0.0021624816961319866,6.278919219970703,-0.04279160872101784,0.09661396592855453,-0.04279160872101784,0.09661396592855453,0.0035500803496688604,-19.08891487121582,0.003674172330647707,-17.503664016723633,-0.020541215781122883,-77.1631240844743,-0.0,-2.25,2.25
13.82,66.07438659667969,66.07438659667969,0.1801317185163498,0.1801317185163498,0.01990661397576332,0.01990661397576332,20.226947784423828,-33.94164276123047,0.0,-1.5707964,-1.548850655555725,6.0100321769714355,-0.012254600413143635,0.00784228928387165,6.0100446706712,-0.0020390212679427663,6.2764410972595215,-0.04673786088824272,0.095653235912323,-0.04673786088824272,0.095653235912323,0.0031392560340464115,-20.632177352905273,0.0035500803496688604,-19.08891487121582,-0.03506125649437383,-74.29800033569494,-0.0,-2.25,2.25
13.84,66.19454956054688,66.19454956054688,0.18253618478775024,0.18253618478775024,0.020155716687440872,0.020155716687440872,20.229352951049805,-34.06180953979492,0.0,-1.5707964,-1.5486979484558105,6.008937835693359,-0.01167396828532219,0.007355671375989914,6.008949175584923,-0.0019427649140946344,6.273825645446777,-0.05086062476038933,0.093869149684906,-0.05086062476038933,0.093869149684906,0.00243803090415895,-22.11813735961914,0.0031392560340464115,-20.632177352905273,-0.047974352492020554,-69.76270675659329,-0.0,-2.25,2.25
13.86,66.314697265625,66.314697265625,0.18496756255626678,0.18496756255626678,0.020352942869067192,0.020352942869067192,20.231782913208008,-34.18195724487305,0.0,-1.5707964,-1.548556923866272,6.007760047912598,-0.011333653703331947,0.006614364217966795,6.007770738385499,-0.0018865001544490962,6.2710981369018555,-0.055019307881593704,0.09089551866054535,-0.055019307881593704,0.09089551866054535,0.0014785438543185592,-23.513391494750977,0.00243803090415895,-22.11813735961914,-0.06002331356284735,-64.08443450927302,-0.0,-2.25,2.25
13.88,66.43482208251953,66.43482208251953,0.18741898238658905,0.18741898238658905,0.020485196262598038,0.020485196262598038,20.234235763549805,-34.30208206176758,0.0,-1.5707964,-1.5484334230422974,6.006502628326416,-0.011279054917395115,0.005569534841924906,6.006513218263319,-0.0018778051651852988,6.268285274505615,-0.059102170169353485,0.08649692684412003,-0.059102170169353485,0.08649692684412003,0.0002780775830615312,-24.795080184936523,0.0014785438543185592,-23.513391494750977,-0.07868661341490392,-61.29932403564584,-0.0,-2.25,2.25
13.9,66.5549087524414,66.5549087524414,0.18988202512264252,0.18988202512264252,0.02054150588810444,0.02054150588810444,20.236698150634766,-34.42216491699219,0.0,-1.5707964,-1.5483335256576538,6.00516939163208,-0.011538025923073292,0.004192464519292116,6.005180475908864,-0.0019213465887118713,6.26540994644165,-0.06302009522914886,0.08051296323537827,-0.06302009522914886,0.08051296323537827,-0.0012956546852365136,-26.021066665649414,0.0002780775830615312,-24.795080184936523,-0.09813983342610509,-61.29379272461068,-0.0,-2.25,2.25
13.92,66.67497253417969,66.67497253417969,0.19234660267829895,0.19234660267829895,0.020502276718616486,0.020502276718616486,20.23916244506836,-34.542232513427734,0.0,-1.5707964,-1.5482646226882935,6.003767013549805,-0.012184043414890766,0.002403151709586382,6.003779376684546,-0.0020293969870785657,6.262460231781006,-0.06671331822872162,0.07257473468780518,-0.06671331822872162,0.07257473468780518,-0.0032584513537585735,-27.2469425201416,-0.0012956546852365136,-26.021066665649414,-0.11922090779990212,-65.32764434814592,-0.0,-2.25,2.25
13.94,66.79501342773438,66.79501342773438,0.1948002725839615,0.1948002725839615,0.02034829929471016,0.02034829929471016,20.241615295410156,-34.66227340698242,0.0,-1.5707964,-1.5482357740402222,6.002298831939697,-0.013279159553349018,0.0001347202342003584,6.002313520966986,-0.0022123420143497527,6.259399890899658,-0.07019627839326859,0.062355898320674896,-0.07019627839326859,0.062355898320674896,-0.005642869509756565,-28.553495407104492,-0.0032584513537585735,-27.2469425201416,-0.14220792800187104,-90.59419631957397,-0.0,-2.25,2.25
13.96,66.91502380371094,66.91502380371094,0.19722826778888702,0.19722826778888702,0.02005932666361332,0.02005932666361332,20.244043350219727,-34.78228759765625,0.0,-1.5707964,-1.548256754875183,6.000766277313232,-0.014883716590702534,-0.0026774629950523376,6.000784735345809,-0.002480297578999745,6.256166934967041,-0.07356224209070206,0.04953170567750931,-0.07356224209070206,0.04953170567750931,-0.008487028069794178,-30.365379333496094,-0.005642869509756565,-28.553495407104492,-0.165676604956392,-123.86550903320577,-0.0,-2.25,2.25
13.98,67.03500366210938,67.03500366210938,0.1996132880449295,0.1996132880449295,0.019613642245531082,0.019613642245531082,20.246429443359375,-34.90226364135742,0.0,-1.5707964,-1.5483391284942627,5.999161243438721,-0.01705906167626381,-0.006099348422139883,5.999185497745714,-0.0028435667929022812,6.252533435821533,-0.07709593325853348,0.03376765549182892,-0.07709593325853348,0.03376765549182892,-0.011800560168921947,-32.842689514160156,-0.008487028069794178,-30.365379333496094,-0.19027097150683808,-166.4230346679723,-0.0,-2.25,2.25
14.0,67.15495300292969,67.15495300292969,0.2019355297088623,0.2019355297088623,0.018989890813827515,0.018989890813827515,20.248750686645508,-35.022212982177734,0.0,-1.5707964,-1.5484956502914429,5.997462272644043,-0.019856611266732216,-0.010185737162828445,5.997495143541148,-0.0033108234468032112,6.248279571533203,-0.08128787577152252,0.014769432134926319,-0.08128787577152252,0.014769432134926319,-0.015605979599058628,-36.17115020751953,-0.011800560168921947,-32.842689514160156,-0.21406584419310548,-210.27183532715293,-0.0,-2.25,2.25
14.02,67.27486419677734,67.27486419677734,0.2041725367307663,0.2041725367307663,0.018165912479162216,0.018165912479162216,20.250988006591797,-35.14212417602539,0.0,-1.5707964,-1.5487399101257324,5.99563455581665,-0.023326216265559196,-0.014989029616117477,5.995679931356242,-0.0038905137327823265,6.243173599243164,-0.08672036975622177,-0.007752649951726198,-0.08672036975622177,-0.007752649951726198,-0.019887296482920647,-40.3765869140625,-0.015605979599058628,-36.17115020751953,-0.23703621700404476,-254.32739257810783,-0.0,-2.25,2.25
14.040000000000001,67.39474487304688,67.39474487304688,0.2062993347644806,0.2062993347644806,0.017121214419603348,0.017121214419603348,20.253114700317383,-35.262001037597656,0.0,-1.5707964,-1.5490866899490356,5.993631839752197,-0.027501914650201797,-0.02054261974990368,5.993694935997389,-0.004588490313479111,6.237040996551514,-0.09397051483392715,-0.03401768207550049,-0.09397051483392715,-0.03401768207550049,-0.02462802082300186,-45.463134765625,-0.019887296482920647,-40.3765869140625,-0.2603473141789492,-294.0568923950258,-0.0,-2.25,2.25
14.06,67.51458740234375,67.51458740234375,0.2082885205745697,0.2082885205745697,0.01583668403327465,0.01583668403327465,20.255104064941406,-35.38184356689453,0.0,-1.5707964,-1.549551010131836,5.991401195526123,-0.032405998557806015,-0.026865137740969658,5.991488832877383,-0.005408698482666361,6.2297492027282715,-0.10352275520563126,-0.06418868154287338,-0.10352275520563126,-0.06418868154287338,-0.029834967106580734,-51.34427261352539,-0.02462802082300186,-45.463134765625,-0.2825288102030814,-333.32080841065164,-0.0,-2.25,2.25
14.08,67.63438415527344,67.63438415527344,0.21011047065258026,0.21011047065258026,0.014292695559561253,0.014292695559561253,20.256925582885742,-35.501644134521484,0.0,-1.5707964,-1.550148367881775,5.988883972167969,-0.03806131333112717,-0.033974286168813705,5.989004916984363,-0.0063552409908170186,6.221229076385498,-0.11573407053947449,-0.09842559695243835,-0.11573407053947449,-0.09842559695243835,-0.03548554331064224,-58.01068878173828,-0.029834967106580734,-51.34427261352539,-0.3035999834537571,-375.2452850341877,-0.0,-2.25,2.25
14.1,67.75413513183594,67.75413513183594,0.21173326671123505,0.21173326671123505,0.012471222318708897,0.012471222318708897,20.258548736572266,-35.621395111083984,0.0,-1.5707964,-1.550894856452942,5.986019611358643,-0.04447910189628601,-0.04187335819005966,5.986184859998543,-0.0074303604420766925,6.211414337158203,-0.13083283603191376,-0.1368294656276703,-0.13083283603191376,-0.1368294656276703,-0.041557542979717255,-65.51559448242188,-0.03548554331064224,-58.01068878173828,-0.3234177827834865,-416.4962768554406,-0.0,-2.25,2.25
14.120000000000001,67.87382507324219,67.87382507324219,0.21312297880649567,0.21312297880649567,0.010355731472373009,0.010355731472373009,20.259939193725586,-35.741085052490234,0.0,-1.5707964,-1.5518057346343994,5.982747554779053,-0.051661524921655655,-0.05055472254753113,5.982970601412977,-0.008634868923451887,6.2002153396606445,-0.14899757504463196,-0.17945151031017303,-0.14899757504463196,-0.17945151031017303,-0.04802589863538742,-73.84552001953125,-0.041557542979717255,-65.51559448242188,-0.3419309854507519,-456.3396453857519,-0.0,-2.25,2.25
14.14,67.99345397949219,67.99345397949219,0.21424387395381927,0.21424387395381927,0.007931188680231571,0.007931188680231571,20.261058807373047,-35.860713958740234,0.0,-1.5707964,-1.5528968572616577,5.979002952575684,-0.05960238352417946,-0.0600009523332119,5.979300021827848,-0.009968285652208574,6.187556743621826,-0.1703856885433197,-0.22629477083683014,-0.1703856885433197,-0.22629477083683014,-0.05486451834440231,-82.9723129272461,-0.04802589863538742,-73.84552001953125,-0.3591204062104302,-494.42596435547927,-0.0,-2.25,2.25
14.16,68.11300659179688,68.11300659179688,0.2150585949420929,0.2150585949420929,0.005184066016227007,0.005184066016227007,20.26187515258789,-35.98027038574219,0.0,-1.5707964,-1.5541832447052002,5.974722385406494,-0.06828843057155609,-0.07018639147281647,5.975112625919899,-0.01142905942488769,6.173376083374023,-0.19511176645755768,-0.2773188352584839,-0.19511176645755768,-0.2773188352584839,-0.062046926468610764,-92.86083221435547,-0.05486451834440231,-82.9723129272461,-0.3753324970603069,-530.7312011718864,-0.0,-2.25,2.25
14.18,68.2324447631836,68.2324447631836,0.21553122997283936,0.21553122997283936,0.0022614188492298126,0.0022614188492298126,20.262338638305664,-36.09974670410156,0.0,-1.5710096,-1.5557334423065186,5.9698405265808105,-0.07770062237977982,-0.0810786634683609,5.970346162453636,-0.013014792419038976,6.1576247215271,-0.22324387729167938,-0.33244457840919495,-0.22324387729167938,-0.33244457840919495,-0.06955357640981674,-103.47545623779297,-0.062046926468610764,-92.86083221435547,-0.3925282508134577,-564.780044555626,-0.004154285,-2.25,2.25
14.200000000000001,68.35164642333984,68.35164642333984,0.21566437184810638,0.21566437184810638,-0.00043433348764665425,-0.00043433348764665425,20.26240348815918,-36.219120025634766,0.0,-1.5718076,-1.5575189590454102,5.964294910430908,-0.08781801164150238,-0.09264324605464935,5.964941389633322,-0.014722891409811006,6.140261173248291,-0.25481319427490234,-0.3915717601776123,-0.25481319427490234,-0.3915717601776123,-0.07740414142608643,-114.77105712890625,-0.06955357640981674,-103.47545623779297,-0.41044987738133354,-596.7319488525518,-0.00912102,-2.25,2.25
14.22,68.47061157226562,68.47061157226562,0.21548673510551453,0.21548673510551453,-0.0029004265088588,-0.0029004265088588,20.262033462524414,-36.33838653564453,0.0,-1.5731791,-1.5595262050628662,5.9580206871032715,-0.09863433986902237,-0.10486213862895966,5.958837071186956,-0.016553371634122717,6.121251583099365,-0.28985604643821716,-0.45465442538261414,-0.28985604643821716,-0.45465442538261414,-0.08561313897371292,-126.70569610595703,-0.07740414142608643,-114.77105712890625,-0.4251942038536162,-610.1001739502083,-0.014077902,-2.25,2.25
14.24,68.58932495117188,68.58932495117188,0.21502545475959778,0.21502545475959778,-0.0051553258672356606,-0.0051553258672356606,20.26117515563965,-36.45751953125,0.0,-1.5751499,-1.5617974996566772,5.950955867767334,-0.11015203595161438,-0.11772705614566803,5.951975236099252,-0.018507860068164003,6.100564479827881,-0.3283967673778534,-0.5216771364212036,-0.3283967673778534,-0.5216771364212036,-0.09411702305078506,-138.90769958496094,-0.08561313897371292,-126.70569610595703,-0.4350498318672273,-593.1182861328251,-0.019024292,-2.25,2.25
14.26,68.707763671875,68.707763671875,0.21430568397045135,0.21430568397045135,-0.007213059812784195,-0.007213059812784195,20.259790420532227,-36.57650375366211,0.0,-1.5776967,-1.564326286315918,5.9430460929870605,-0.12234700471162796,-0.13119937479496002,5.944305312896594,-0.02058367432087116,6.078312873840332,-0.3702442944049835,-0.5924966931343079,-0.3702442944049835,-0.5924966931343079,-0.10281801968812943,-150.7700653076172,-0.09411702305078506,-138.90769958496094,-0.444553792476624,-575.3219604491799,-0.02395924,-2.25,2.25
14.280000000000001,68.82592010498047,68.82592010498047,0.2133512943983078,0.2133512943983078,-0.009081047959625721,-0.009081047959625721,20.257844924926758,-36.695308685302734,0.0,-1.5808073,-1.5671160221099854,5.9342570304870605,-0.13516037166118622,-0.14520041644573212,5.935796056971019,-0.02277235487622108,6.054808139801025,-0.41478806734085083,-0.6667994856834412,-0.41478806734085083,-0.6667994856834412,-0.1117090955376625,-162.27650451660156,-0.10281801968812943,-150.7700653076172,-0.45369341969491017,-557.0709228515743,-0.028882423,-2.25,2.25
14.3,68.94377899169922,68.94377899169922,0.21218523383140564,0.21218523383140564,-0.010767485946416855,-0.010767485946416855,20.255268096923828,-36.81393051147461,0.0,-1.5845122,-1.5702122449874878,5.924571990966797,-0.1485448181629181,-0.1596643179655075,5.926433905743936,-0.025067414679410555,6.030240058898926,-0.46131765842437744,-0.7443065047264099,-0.46131765842437744,-0.7443065047264099,-0.12078296393156052,-173.4179229736328,-0.1117090955376625,-162.27650451660156,-0.46261362731457745,-527.2171020507925,-0.03379321,-2.25,2.25
14.32,69.06133270263672,69.06133270263672,0.21082940697669983,0.21082940697669983,-0.012280978262424469,-0.012280978262424469,20.25204086303711,-36.932350158691406,0.0,-1.588771,-1.5735881328582764,5.913984298706055,-0.16246111690998077,-0.1745348423719406,5.91621533582487,-0.027463763981888146,6.004724502563477,-0.5092405676841736,-0.824761688709259,-0.5092405676841736,-0.824761688709259,-0.13003523647785187,-183.96226501464844,-0.12078296393156052,-173.4179229736328,-0.47130286693574003,-482.00302124024466,-0.038691282,-2.25,2.25
14.34,69.17855072021484,69.17855072021484,0.20930470526218414,0.20930470526218414,-0.013630644418299198,-0.013630644418299198,20.248119354248047,-37.05052185058594,0.0,-1.5935854,-1.5772583484649658,5.902496337890625,-0.1768776923418045,-0.18976423144340515,5.905145953899903,-0.02995762564536715,5.978430271148682,-0.5580511093139648,-0.9079323410987854,-0.5580511093139648,-0.9079323410987854,-0.13946129381656647,-193.60232543945312,-0.13003523647785187,-183.96226501464844,-0.4795007407665355,-437.84255981446245,-0.043575365,-2.25,2.25
14.36,69.2954330444336,69.2954330444336,0.20763087272644043,0.20763087272644043,-0.01482591312378645,-0.01482591312378645,20.24343490600586,-37.16844940185547,0.0,-1.5989726,-1.5812523365020752,5.89012336730957,-0.19176878035068512,-0.20531079173088074,5.893244314233326,-0.03254618841982362,5.95159387588501,-0.6072078347206116,-0.9936035871505737,-0.6072078347206116,-0.9936035871505737,-0.14905130863189697,-202.3591766357422,-0.13946129381656647,-193.60232543945312,-0.48722252249714426,-395.09277343747334,-0.048445463,-2.25,2.25
14.38,69.41197204589844,69.41197204589844,0.205826535820961,0.205826535820961,-0.015875888988375664,-0.015875888988375664,20.237974166870117,-37.28609848022461,0.0,-1.6048987,-1.585547685623169,5.876889705657959,-0.20711050927639008,-0.2211347371339798,5.880538017521969,-0.03522693842815049,5.924360752105713,-0.6561803221702576,-1.0815620422363281,-0.6561803221702576,-1.0815620422363281,-0.15879575908184052,-210.2610321044922,-0.14905130863189697,-202.3591766357422,-0.494485348463069,-354.00924682617944,-0.053301256,-2.25,2.25
14.4,69.52812957763672,69.52812957763672,0.20390917360782623,0.20390917360782623,-0.016789283603429794,-0.016789283603429794,20.231687545776367,-37.4034309387207,0.0,-1.6113639,-1.5901559591293335,5.862828254699707,-0.22288043797016144,-0.23719841241836548,5.867063220533335,-0.03799755885126494,5.896820068359375,-0.7045809030532837,-1.1715954542160034,-0.7045809030532837,-1.1715954542160034,-0.16868546605110168,-217.34121704101562,-0.15879575908184052,-210.2610321044922,-0.5013130605220901,-314.76287841797546,-0.058141153,-2.25,2.25
14.42,69.6439437866211,69.6439437866211,0.20189516246318817,0.20189516246318817,-0.01757442206144333,-0.01757442206144333,20.22450065612793,-37.52046585083008,0.0,-1.6183863,-1.5951048135757446,5.847970962524414,-0.2390572875738144,-0.25346657633781433,5.852855095188234,-0.040855924610796325,5.869030475616455,-0.7521756291389465,-1.2634921073913574,-0.7521756291389465,-1.2634921073913574,-0.17871172726154327,-223.636474609375,-0.16868546605110168,-217.34121704101562,-0.507727265357982,-277.43377685547466,-0.06296674,-2.25,2.25
14.44,69.75935363769531,69.75935363769531,0.19979991018772125,0.19979991018772125,-0.018239106982946396,-0.018239106982946396,20.216413497924805,-37.63712692260742,0.0,-1.6259298,-1.6003689765930176,5.832352638244629,-0.2556205987930298,-0.26990699768066406,5.837951625987182,-0.04380001165569637,5.841034412384033,-0.7988621592521667,-1.3570420742034912,-0.7988621592521667,-1.3570420742034912,-0.1888662725687027,-229.18515014648438,-0.17871172726154327,-223.636474609375,-0.5137503147124898,-242.06237792967116,-0.06777549,-2.25,2.25
14.46,69.8743667602539,69.8743667602539,0.19763779640197754,0.19763779640197754,-0.018790915608406067,-0.018790915608406067,20.20738410949707,-37.75341033935547,0.0,-1.6339897,-1.6059527397155762,5.816003799438477,-0.2725503146648407,-0.28649064898490906,5.8223864410657855,-0.0468278691580941,5.812867641448975,-0.8446344137191772,-1.4520357847213745,-0.8446344137191772,-1.4520357847213745,-0.19914127886295319,-234.02639770507812,-0.1888662725687027,-229.18515014648438,-0.5186438560485951,-198.1224060058636,-0.0725677,-2.25,2.25
14.48,69.98898315429688,69.98898315429688,0.1954222172498703,0.1954222172498703,-0.019236749038100243,-0.019236749038100243,20.197317123413086,-37.86930465698242,0.0,-1.642591,-1.6118903160095215,5.79895544052124,-0.2898261547088623,-0.3031919300556183,5.8061935380336935,-0.049937475720014744,5.784563064575195,-0.8895487785339355,-1.5482642650604248,-0.8895487785339355,-1.5482642650604248,-0.20951415598392487,-237.9888458251953,-0.19914127886295319,-234.02639770507812,-0.5225829780101887,-117.48580932617438,-0.07734338,-2.25,2.25
14.5,70.10318756103516,70.10318756103516,0.1931658238172531,0.1931658238172531,-0.019581830129027367,-0.019581830129027367,20.186220169067383,-37.98476791381836,0.0,-1.651698,-1.6181542873382568,5.7812395095825195,-0.3074205815792084,-0.31998109817504883,5.789407368732695,-0.05312551288373827,5.756247520446777,-0.9335889220237732,-1.6454885005950928,-0.9335889220237732,-1.6454885005950928,-0.21996581554412842,-240.33856201171875,-0.20951415598392487,-237.9888458251953,-0.5263350903987997,-41.310882568360256,-0.082101904,-2.25,2.25
14.52,70.21697235107422,70.21697235107422,0.19088055193424225,0.19088055193424225,-0.01982968859374523,-0.01982968859374523,20.17406463623047,-38.09977722167969,0.0,-1.6613038,-1.6247458457946777,5.762897968292236,-0.3253004252910614,-0.33682772517204285,5.772071842903666,-0.05638753001287851,5.728358745574951,-0.9764445424079895,-1.7434489727020264,-0.9764445424079895,-1.7434489727020264,-0.2304925173521042,-241.16477966308594,-0.21996581554412842,-240.33856201171875,-0.5277656018733622,43.58673095702831,-0.08684293,-2.25,2.25
14.540000000000001,70.33032989501953,70.33032989501953,0.18857795000076294,0.18857795000076294,-0.019983183592557907,-0.019983183592557907,20.160781860351562,-38.21430587768555,0.0,-1.6714139,-1.6316782236099243,5.743988513946533,-0.3434329628944397,-0.35370853543281555,5.754246279779148,-0.05971888664161665,5.701184272766113,-1.0176259279251099,-1.8418943881988525,-1.0176259279251099,-1.8418943881988525,-0.24104782938957214,-240.2930450439453,-0.2304925173521042,-241.16477966308594,-0.5273669958114736,133.65249633789347,-0.09156617,-2.25,2.25
14.56,70.4432601928711,70.4432601928711,0.18626922369003296,0.18626922369003296,-0.020040880888700485,-0.020040880888700485,20.146324157714844,-38.32833480834961,0.0,-1.6820271,-1.6389566659927368,5.724582195281982,-0.36176609992980957,-0.370584636926651,5.736001745257571,-0.06311127193030143,5.67503547668457,-1.056504487991333,-1.9404960870742798,-1.056504487991333,-1.9404960870742798,-0.2515951693058014,-237.6199951171875,-0.24104782938957214,-240.2930450439453,-0.5271077156067007,215.53115844727023,-0.0962716,-2.25,2.25
14.58,70.5557632446289,70.5557632446289,0.18396581709384918,0.18396581709384918,-0.019998200237751007,-0.019998200237751007,20.130693435668945,-38.44184494018555,0.0,-1.6931217,-1.6465656757354736,5.704763412475586,-0.38023728132247925,-0.3874109089374542,5.717421270330497,-0.06655415366549583,5.650207996368408,-1.0924296379089355,-2.038888931274414,-1.0924296379089355,-2.038888931274414,-0.2621373236179352,-233.3093719482422,-0.2515951693058014,-237.6199951171875,-0.526981055736553,289.19372558594364,-0.10095922,-2.25,2.25
14.6,70.6678237915039,70.6678237915039,0.18167953193187714,0.18167953193187714,-0.019851066172122955,-0.019851066172122955,20.113861083984375,-38.55479431152344,0.0,-1.7046909,-1.6545037031173706,5.684621810913086,-0.3987938165664673,-0.40415719151496887,5.698592952759516,-0.0700383489609215,5.626873016357422,-1.1249858140945435,-2.136763334274292,-1.1249858140945435,-2.136763334274292,-0.272676944732666,-227.52549743652344,-0.2621373236179352,-233.3093719482422,-0.526654720306361,351.7478942870856,-0.10562841,-2.25,2.25
14.620000000000001,70.77945709228516,70.77945709228516,0.17942242324352264,0.17942242324352264,-0.01959587261080742,-0.01959587261080742,20.095760345458984,-38.667179107666016,0.0,-1.7167403,-1.662781000137329,5.664242744445801,-0.41739094257354736,-0.42080453038215637,5.67960043198017,-0.07355580106435528,5.605112552642822,-1.1539920568466187,-2.2338595390319824,-1.1539920568466187,-2.2338595390319824,-0.28321003913879395,-220.49053955078125,-0.272676944732666,-227.52549743652344,-0.5250677466392629,378.2661437988362,-0.1102798,-2.25,2.25
14.64,70.89064025878906,70.89064025878906,0.1772068440914154,0.1772068440914154,-0.01922893524169922,-0.01922893524169922,20.07636070251465,-38.7789421081543,0.0,-1.729266,-1.6713961362838745,5.643710136413574,-0.4359879791736603,-0.4373389780521393,5.660525560567787,-0.07709888601431647,5.584914684295654,-1.1794511079788208,-2.329953193664551,-1.1794511079788208,-2.329953193664551,-0.293711394071579,-212.9252166748047,-0.28321003913879395,-220.49053955078125,-0.522756576538097,378.43551635742995,-0.11491243,-2.25,2.25
14.66,71.00139617919922,71.00139617919922,0.175045445561409,0.175045445561409,-0.018745148554444313,-0.018745148554444313,20.055667877197266,-38.89009475708008,0.0,-1.7422506,-1.6803367137908936,5.623097896575928,-0.4545399844646454,-0.45374035835266113,5.641439227001718,-0.08065906671207852,5.565983295440674,-1.2015917301177979,-2.424814224243164,-1.2015917301177979,-2.424814224243164,-0.3041665256023407,-205.35650634765625,-0.293711394071579,-212.9252166748047,-0.5204334855079762,364.11285400391404,-0.11952726,-2.25,2.25
14.68,71.11172485351562,71.11172485351562,0.172951340675354,0.172951340675354,-0.018139630556106567,-0.018139630556106567,20.03365135192871,-39.000606536865234,0.0,-1.7556887,-1.6895997524261475,5.60245943069458,-0.4730062484741211,-0.46998903155326843,5.6223915359635175,-0.08422856988733715,5.54790735244751,-1.2210420370101929,-2.518244743347168,-1.2210420370101929,-2.518244743347168,-0.3145751953125,-198.07424926757812,-0.3041665256023407,-205.35650634765625,-0.5186915397643693,348.8632202148202,-0.12412429,-2.25,2.25
14.700000000000001,71.22163391113281,71.22163391113281,0.17093601822853088,0.17093601822853088,-0.01753079891204834,-0.01753079891204834,20.010299682617188,-39.11043930053711,0.0,-1.7694082,-1.6991372108459473,5.581824779510498,-0.49135756492614746,-0.4860735833644867,5.60340968748204,-0.08780180033366068,5.530298233032227,-1.238722562789917,-2.6101081371307373,-1.238722562789917,-2.6101081371307373,-0.3249490261077881,-191.09698486328125,-0.3145751953125,-198.07424926757812,-0.5165845155716052,335.00976562500716,-0.125,-2.25,2.25
14.72,71.3311996459961,71.3311996459961,0.16898100078105927,0.16898100078105927,-0.017267242074012756,-0.017267242074012756,19.985549926757812,-39.219573974609375,0.0,-1.7831033,-1.7089946269989014,5.56119966506958,-0.5095789432525635,-0.5019946694374084,5.584497507759889,-0.09137594939110619,5.512890338897705,-1.2556134462356567,-2.700338125228882,-1.2556134462356567,-2.700338125228882,-0.33528071641921997,-184.39678955078125,-0.3249490261077881,-191.09698486328125,-0.5140885710716357,322.94540405274125,-0.125,-2.25,2.25
14.74,71.44042205810547,71.44042205810547,0.16704599559307098,0.16704599559307098,-0.01736217737197876,-0.01736217737197876,19.959402084350586,-39.327999114990234,0.0,-1.7967566,-1.7191702127456665,5.540579319000244,-0.5276569128036499,-0.5177527666091919,5.565648300760899,-0.09494861055085864,5.495516300201416,-1.272452712059021,-2.788883924484253,-1.272452712059021,-2.788883924484253,-0.34556248784065247,-177.93788146972656,-0.33528071641921997,-184.39678955078125,-0.5111947655677904,312.8242492675848,-0.125,-2.25,2.25
14.76,71.54930114746094,71.54930114746094,0.16509129106998444,0.16509129106998444,-0.017810078337788582,-0.017810078337788582,19.93185806274414,-39.43568801879883,0.0,-1.8103664,-1.7296589612960815,5.519954204559326,-0.5455785989761353,-0.5333472490310669,5.5468504962810155,-0.09851755288433729,5.4780778884887695,-1.2897371053695679,-2.8757002353668213,-1.2897371053695679,-2.8757002353668213,-0.35578638315200806,-171.681396484375,-0.34556248784065247,-177.93788146972656,-0.5078881978988304,304.7203063964638,-0.125,-2.25,2.25
14.780000000000001,71.6578369140625,71.6578369140625,0.1630782186985016,0.1630782186985016,-0.01860523223876953,-0.01860523223876953,19.90290069580078,-39.5426139831543,0.0,-1.8239335,-1.7404582500457764,5.499311923980713,-0.563330352306366,-0.5487763285636902,5.528089427918661,-0.10208045778587754,5.460521697998047,-1.3077605962753296,-2.960742950439453,-1.3077605962753296,-2.960742950439453,-0.36594414710998535,-165.5869903564453,-0.35578638315200806,-171.681396484375,-0.5041465163231004,298.648834228522,-0.125,-2.25,2.25
14.8,71.76602935791016,71.76602935791016,0.16096913814544678,0.16096913814544678,-0.019741684198379517,-0.019741684198379517,19.872507095336914,-39.64875411987305,0.0,-1.8374571,-1.751564621925354,5.478639602661133,-0.5808971524238586,-0.5640365481376648,5.5093496347156155,-0.10563477406324383,5.442826271057129,-1.326662540435791,-3.0439651012420654,-1.326662540435791,-3.0439651012420654,-0.37602707743644714,-159.614013671875,-0.36594414710998535,-165.5869903564453,-0.5001232028007614,288.96255493164676,-0.125,-2.25,2.25
14.82,71.8738784790039,71.8738784790039,0.1587274819612503,0.1587274819612503,-0.021213091909885406,-0.021213091909885406,19.840667724609375,-39.75407028198242,0.0,-1.8509387,-1.7629740238189697,5.457925796508789,-0.5982625484466553,-0.5791228413581848,5.490616730119667,-0.10917766754460208,5.424991607666016,-1.3464691638946533,-3.1253159046173096,-1.3464691638946533,-3.1253159046173096,-0.38602954149246216,-153.8347625732422,-0.37602707743644714,-159.614013671875,-0.4956319928169356,280.4145812988341,-0.125,-2.25,2.25
14.84,71.98139190673828,71.98139190673828,0.15631775557994843,0.15631775557994843,-0.02301296591758728,-0.02301296591758728,19.807321548461914,-39.85852813720703,0.0,-1.8643776,-1.7746843099594116,5.437158107757568,-0.6154100298881531,-0.5940298438072205,5.471875162468603,-0.11270631020176612,5.406983852386475,-1.3671754598617554,-3.2047460079193115,-1.3671754598617554,-3.2047460079193115,-0.39594218134880066,-148.22647094726562,-0.38602954149246216,-153.8347625732422,-0.20289123058319525,274.176788330084,-0.125,-2.25,2.25
14.86,72.08856201171875,72.08856201171875,0.15370559692382812,0.15370559692382812,-0.02513439953327179,-0.02513439953327179,19.772499084472656,-39.96211242675781,0.0,-1.8777739,-1.7866908311843872,5.41632604598999,-0.6323214173316956,-0.6087503433227539,5.453110874655486,-0.11621752935942832,5.388787746429443,-1.3887499570846558,-3.282200574874878,-1.3887499570846558,-3.282200574874878,-0.4000000059604645,-142.74293518066406,-0.39594218134880066,-148.22647094726562,0.0,275.02822875974704,-0.125,-2.25,2.25
14.88,72.19539642333984,72.19539642333984,0.15087856352329254,0.15087856352329254,-0.027099942788481712,-0.027099942788481712,19.736215591430664,-40.06479263305664,0.0,-1.8911282,-1.7989672422409058,5.39668083190918,-0.6466818451881409,-0.6206489205360413,5.435288530555843,-0.11926089402391019,5.3707990646362305,-1.3789407014846802,-3.3472554683685303,-1.3789407014846802,-3.3472554683685303,-0.4000000059604645,-137.24237060546875,-0.4000000059604645,-142.74293518066406,0.0,269.3504333496151,-0.125,-2.25,2.25
14.9,72.30193328857422,72.30193328857422,0.14786656200885773,0.14786656200885773,-0.028640083968639374,-0.028640083968639374,19.698505401611328,-40.166595458984375,0.0,-1.904445,-1.811448574066162,5.378775119781494,-0.6575013995170593,-0.6285342574119568,5.418812589446817,-0.12163652631251083,5.353948593139648,-1.3380073308944702,-3.3952033519744873,-1.3380073308944702,-3.3952033519744873,-0.4000000059604645,-131.85536193847656,-0.4000000059604645,-137.24237060546875,0.0,250.4825592041069,-0.125,-2.25,2.25
14.92,72.40818786621094,72.40818786621094,0.14471159875392914,0.14471159875392914,-0.029858209192752838,-0.029858209192752838,19.659423828125,-40.26753616333008,0.0,-1.9177269,-1.8240621089935303,5.362145900726318,-0.6657374501228333,-0.6334285140037537,5.403315187287533,-0.12352294967589,5.338809490203857,-1.2912006378173828,-3.43002986907959,-1.2912006378173828,-3.43002986907959,-0.4000000059604645,-126.84571075439453,-0.4000000059604645,-131.85536193847656,0.0,224.5349884033251,-0.125,-2.25,2.25
14.94,72.5141830444336,72.5141830444336,0.14144493639469147,0.14144493639469147,-0.03083863854408264,-0.03083863854408264,19.6190128326416,-40.36763000488281,0.0,-1.9309766,-1.8367555141448975,5.346475124359131,-0.6721367835998535,-0.6361585259437561,5.388558630214479,-0.1250597911406137,5.325345516204834,-1.2478511333465576,-3.4549031257629395,-1.2478511333465576,-3.4549031257629395,-0.4000000059604645,-122.35501098632812,-0.4000000059604645,-126.84571075439453,0.0,194.70024108885406,-0.125,-2.25,2.25
14.96,72.61993408203125,72.61993408203125,0.13808952271938324,0.13808952271938324,-0.03164463862776756,-0.03164463862776756,19.577306747436523,-40.46686935424805,0.0,-1.9441953,-1.8494898080825806,5.331545829772949,-0.6772491335868835,-0.6373501420021057,5.3743880883234985,-0.12635009934247415,5.313266754150391,-1.210484266281128,-3.4722084999084473,-1.210484266281128,-3.4722084999084473,-0.4000000059604645,-118.46100616455078,-0.4000000059604645,-122.35501098632812,0.0,162.72621154785503,-0.125,-2.25,2.25
14.98,72.72545623779297,72.72545623779297,0.13466216623783112,0.13466216623783112,-0.03232171759009361,-0.03232171759009361,19.53432273864746,-40.56526565551758,0.0,-1.9573855,-1.8622394800186157,5.317205429077148,-0.6814671158790588,-0.6374607086181641,5.360696876809211,-0.12746776252697328,5.30220890045166,-1.1790364980697632,-3.483703374862671,-1.1790364980697632,-3.483703374862671,-0.4000000059604645,-115.20648193359375,-0.4000000059604645,-118.46100616455078,0.0,129.66537475586213,-0.125,-2.25,2.25
15.0,72.83074951171875,72.83074951171875,0.13117532432079315,0.13117532432079315,-0.03290187940001488,-0.03290187940001488,19.49007797241211,-40.662803649902344,0.0,-1.9705476,-1.8749845027923584,5.303345203399658,-0.6850664019584656,-0.6368181109428406,5.347409309330499,-0.12846488788085111,5.29181432723999,-1.152683138847351,-3.4906716346740723,-1.152683138847351,-3.4906716346740723,-0.4000000059604645,-112.61317443847656,-0.4000000059604645,-115.20648193359375,0.0,96.20590209961142,-0.125,-2.25,2.25
15.02,72.93583679199219,72.93583679199219,0.12763842940330505,0.12763842940330505,-0.03340763598680496,-0.03340763598680496,19.444618225097656,-40.75948715209961,0.0,-1.983683,-1.8877123594284058,5.289881229400635,-0.6882388591766357,-0.6356545686721802,5.33446493553439,-0.12937804607320982,5.281772613525391,-1.130552887916565,-3.4940547943115234,-1.130552887916565,-3.4940547943115234,-0.4000000059604645,-110.68905639648438,-0.4000000059604645,-112.61317443847656,0.0,62.856674194331696,-0.125,-2.25,2.25
15.040000000000001,73.04070281982422,73.04070281982422,0.12405874580144882,0.12405874580144882,-0.033854641020298004,-0.033854641020298004,19.397964477539062,-40.855316162109375,0.0,-1.9967917,-1.9004135131835938,5.276744365692139,-0.6911166906356812,-0.6341339349746704,5.321811099704587,-0.13023276716568577,5.271825313568115,-1.111945629119873,-3.4945480823516846,-1.111945629119873,-3.4945480823516846,-0.4000000059604645,-109.43192291259766,-0.4000000059604645,-110.68905639648438,0.0,29.978179931641264,-0.125,-2.25,2.25
15.06,73.14537811279297,73.14537811279297,0.12044212222099304,0.12044212222099304,-0.03425382077693939,-0.03425382077693939,19.350130081176758,-40.95028305053711,0.0,-2.0098758,-1.9130827188491821,5.263876438140869,-0.693790853023529,-0.6323711276054382,5.309401181277765,-0.13104690980718675,5.261769771575928,-1.0963599681854248,-3.492671012878418,-1.0963599681854248,-3.492671012878418,-0.4000000059604645,-108.83235931396484,-0.4000000059604645,-109.43192291259766,0.0,-2.1400451660156707,-0.125,-2.25,2.25
15.08,73.24986267089844,73.24986267089844,0.11679331213235855,0.11679331213235855,-0.034612901508808136,-0.034612901508808136,19.30113410949707,-41.04438781738281,0.0,-2.0229366,-1.925716519355774,5.251224517822266,-0.6963230967521667,-0.6304466724395752,5.297190273309824,-0.13183294639560864,5.2514472007751465,-1.083455204963684,-3.4888174533843994,-1.083455204963684,-3.4888174533843994,-0.4000000059604645,-108.87516021728516,-0.4000000059604645,-108.83235931396484,0.0,-33.28742980957102,-0.125,-2.25,2.25
15.1,73.35415649414062,73.35415649414062,0.11311636865139008,0.11311636865139008,-0.034937452524900436,-0.034937452524900436,19.250999450683594,-41.13762283325195,0.0,-2.0359728,-1.938311219215393,5.238740921020508,-0.6987553834915161,-0.6284167170524597,5.28513628239927,-0.13259965653422945,5.24074125289917,-1.0730020999908447,-3.4832897186279297,-1.0730020999908447,-3.4832897186279297,-0.4000000059604645,-109.54090881347656,-0.4000000059604645,-108.87516021728516,0.0,-63.27629089355042,-0.125,-2.25,2.25
15.120000000000001,73.45825958251953,73.45825958251953,0.10941482335329056,0.10941482335329056,-0.03523143380880356,-0.03523143380880356,19.199745178222656,-41.22996139526367,0.0,-2.0489862,-1.950864315032959,5.226379871368408,-0.7011154294013977,-0.6263206005096436,5.273197265908944,-0.1333532032853589,5.229564189910889,-1.0648382902145386,-3.4763243198394775,-1.0648382902145386,-3.4763243198394775,-0.4000000059604645,-110.80643463134766,-0.4000000059604645,-109.54090881347656,0.0,-91.78848266601759,-0.125,-2.25,2.25
15.14,73.56217193603516,73.56217193603516,0.10569185763597488,0.10569185763597488,-0.03549783676862717,-0.03549783676862717,19.14739227294922,-41.321407318115234,0.0,-2.0619752,-1.963375210762024,5.2140984535217285,-0.7034212946891785,-0.6241852045059204,5.26133293005108,-0.13409794041091136,5.21785306930542,-1.0588405132293701,-3.468108654022217,-1.0588405132293701,-3.468108654022217,-0.4000000059604645,-112.64220428466797,-0.4000000059604645,-110.80643463134766,0.0,-118.81904602051034,-0.125,-2.25,2.25
15.16,73.6658935546875,73.6658935546875,0.10195034742355347,0.10195034742355347,-0.035739026963710785,-0.035739026963710785,19.093952178955078,-41.411949157714844,0.0,-2.0749404,-1.9758424758911133,5.2018561363220215,-0.7056844234466553,-0.6220287680625916,5.249504525999221,-0.13483697497563593,5.205565929412842,-1.0549006462097168,-3.4587926864624023,-1.0549006462097168,-3.4587926864624023,-0.4000000059604645,-115.01858520507812,-0.4000000059604645,-112.64220428466797,0.0,-144.4637298584015,-0.125,-2.25,2.25
15.18,73.76942443847656,73.76942443847656,0.0981929749250412,0.0981929749250412,-0.03595677390694618,-0.03595677390694618,19.03945541381836,-41.50156784057617,0.0,-2.0878816,-1.9882659912109375,5.189615726470947,-0.707911491394043,-0.6198633909225464,5.2376760178615775,-0.13557247617389043,5.192673206329346,-1.052915334701538,-3.4484989643096924,-1.052915334701538,-3.4484989643096924,-0.4000000059604645,-117.9078598022461,-0.4000000059604645,-115.01858520507812,0.0,-168.70193481444173,-0.125,-2.25,2.25
15.200000000000001,73.87276458740234,73.87276458740234,0.09442222863435745,0.09442222863435745,-0.03615259379148483,-0.03615259379148483,18.983909606933594,-41.59026336669922,0.0,-2.1007996,-2.0006461143493652,5.177340507507324,-0.7101063132286072,-0.6176965832710266,5.225811487870886,-0.13630609838013535,5.179154396057129,-1.0527845621109009,-3.4373295307159424,-1.0527845621109009,-3.4373295307159424,-0.4000000059604645,-121.28189849853516,-0.4000000059604645,-117.9078598022461,0.0,-191.52984619141034,-0.125,-2.25,2.25
15.22,73.97591400146484,73.97591400146484,0.09064048528671265,0.09064048528671265,-0.03632787615060806,-0.03632787615060806,18.92732810974121,-41.67801284790039,0.0,-2.1136932,-2.01298189163208,5.16499662399292,-0.7122706174850464,-0.6155324578285217,5.213877593345551,-0.1370390598447159,5.164994239807129,-1.0544028282165527,-3.4253697395324707,-1.0544028282165527,-3.4253697395324707,-0.4000000059604645,-125.11249542236328,-0.4000000059604645,-121.28189849853516,0.0,-212.95967102051236,-0.125,-2.25,2.25
15.24,74.07887268066406,74.07887268066406,0.08684998005628586,0.08684998005628586,-0.03648379445075989,-0.03648379445075989,18.869733810424805,-41.76481628417969,0.0,-2.1265624,-2.0252745151519775,5.152554035186768,-0.7144051790237427,-0.6133725643157959,5.20184465793966,-0.1377723264067782,5.150184154510498,-1.0576660633087158,-3.4126925468444824,-1.0576660633087158,-3.4126925468444824,-0.4000000059604645,-129.37168884277344,-0.4000000059604645,-125.11249542236328,0.0,-233.09020996094247,-0.125,-2.25,2.25
15.26,74.181640625,74.181640625,0.08305283635854721,0.08305283635854721,-0.03662170469760895,-0.03662170469760895,18.8111572265625,-41.85065841674805,0.0,-2.1394086,-2.0375235080718994,5.139982223510742,-0.7165104150772095,-0.6112164258956909,5.1896824982768015,-0.1385068340684929,5.1347150802612305,-1.0624709129333496,-3.3993618488311768,-1.0624709129333496,-3.3993618488311768,-0.4000000059604645,-134.0334930419922,-0.4000000059604645,-129.37168884277344,0.0,-253.27301025388914,-0.125,-2.25,2.25
15.280000000000001,74.28421783447266,74.28421783447266,0.07925102859735489,0.07925102859735489,-0.03674285113811493,-0.03674285113811493,18.75161361694336,-41.935543060302734,0.0,-2.1522307,-2.0497303009033203,5.127253532409668,-0.7185864448547363,-0.6090622544288635,5.177363736916345,-0.13924341118392738,5.118581295013428,-1.068713665008545,-3.385434150695801,-1.068713665008545,-3.385434150695801,-0.4000000059604645,-139.0989532470703,-0.4000000059604645,-134.0334930419922,0.0,-273.0354309082089,-0.125,-2.25,2.25
15.3,74.38660430908203,74.38660430908203,0.07544644176959991,0.07544644176959991,-0.03684857115149498,-0.03684857115149498,18.69111442565918,-42.01945114135742,0.0,-2.165029,-2.061894655227661,5.114342212677002,-0.7206341028213501,-0.6069069504737854,5.164862997071561,-0.13998299554442087,5.101765155792236,-1.076306700706482,-3.370959520339966,-1.076306700706482,-3.370959520339966,-0.4000000059604645,-144.55966186523438,-0.4000000059604645,-139.0989532470703,0.0,-291.5588378906312,-0.125,-2.25,2.25
15.32,74.4887924194336,74.4887924194336,0.07164078950881958,0.07164078950881958,-0.03694034367799759,-0.03694034367799759,18.629688262939453,-42.102378845214844,0.0,-2.1778028,-2.074016571044922,5.101223945617676,-0.7226545214653015,-0.6047468781471252,5.1521563738630265,-0.14072656749500553,5.084249019622803,-1.085181474685669,-3.3559844493865967,-1.085181474685669,-3.3559844493865967,-0.4000000059604645,-150.39083862304688,-0.4000000059604645,-144.55966186523438,0.0,-308.8562011718816,-0.125,-2.25,2.25
15.34,74.59075927734375,74.59075927734375,0.06783566623926163,0.06783566623926163,-0.037019647657871246,-0.037019647657871246,18.56736946105957,-42.18429183959961,0.0,-2.1905484,-2.086092948913574,5.087873935699463,-0.7246494293212891,-0.6025776863098145,5.139219588710489,-0.14147525967217653,5.066022872924805,-1.0952825546264648,-3.340550184249878,-1.0952825546264648,-3.340550184249878,-0.4000000059604645,-156.56796264648438,-0.4000000059604645,-150.39083862304688,0.0,-328.4919738769601,-0.125,-2.25,2.25
15.36,74.6925277709961,74.6925277709961,0.06403250247240067,0.06403250247240067,-0.03708810359239578,-0.03708810359239578,18.504159927368164,-42.26520919799805,0.0,-2.2032697,-2.098127603530884,5.0742692947387695,-0.7266209721565247,-0.6003950834274292,5.126030326939784,-0.14223025940735684,5.047082424163818,-1.1065559387207031,-3.324692964553833,-1.1065559387207031,-3.324692964553833,-0.4000000059604645,-163.13780212402344,-0.4000000059604645,-156.56796264648438,0.0,-348.75793457028897,-0.125,-2.25,2.25
15.38,74.79407501220703,74.79407501220703,0.06023256480693817,0.06023256480693817,-0.03714737296104431,-0.03714737296104431,18.440092086791992,-42.3450927734375,0.0,-2.215963,-2.110116958618164,5.060386657714844,-0.7285717129707336,-0.598194420337677,5.1125658789417585,-0.1429928752519414,5.027397632598877,-1.118970274925232,-3.3084449768066406,-1.118970274925232,-3.3084449768066406,-0.4000000059604645,-170.1129608154297,-0.4000000059604645,-163.13780212402344,0.0,-367.95043945313284,-0.125,-2.25,2.25
15.4,74.89540100097656,74.89540100097656,0.05643697828054428,0.05643697828054428,-0.03719912841916084,-0.03719912841916084,18.37518310546875,-42.4239501953125,0.0,-2.2286284,-2.122063636779785,5.046204090118408,-0.7305042743682861,-0.595971405506134,5.098804979012051,-0.14376441682455235,5.006938934326172,-1.1325279474258423,-3.29183292388916,-1.1325279474258423,-3.29183292388916,-0.4000000059604645,-177.4719696044922,-0.4000000059604645,-170.1129608154297,0.0,-386.06338500977387,-0.125,-2.25,2.25
15.42,74.99649810791016,74.99649810791016,0.0526466965675354,0.0526466965675354,-0.03724510967731476,-0.03724510967731476,18.309459686279297,-42.50176239013672,0.0,-2.2412658,-2.1339645385742188,5.03169584274292,-0.7324215173721313,-0.5937218070030212,5.084722640713658,-0.14454637822028485,4.985692501068115,-1.1472376585006714,-3.2748799324035645,-1.1472376585006714,-3.2748799324035645,-0.4000000059604645,-185.1932373046875,-0.4000000059604645,-177.4719696044922,0.0,-403.1013488769617,-0.125,-2.25,2.25
15.44,75.09736633300781,75.09736633300781,0.048862505704164505,0.048862505704164505,-0.03728708252310753,-0.03728708252310753,18.242937088012695,-42.578529357910156,0.0,-2.253874,-2.1458208560943604,5.016839504241943,-0.734326183795929,-0.5914415717124939,5.070297186115508,-0.14534017065215135,4.963653564453125,-1.1630918979644775,-3.2576026916503906,-1.1630918979644775,-3.2576026916503906,-0.4000000059604645,-193.25526428222656,-0.4000000059604645,-185.1932373046875,0.0,-419.0704345702842,-0.125,-2.25,2.25
15.46,75.19798278808594,75.19798278808594,0.045085031539201736,0.045085031539201736,-0.03732668235898018,-0.03732668235898018,18.17565155029297,-42.65422058105469,0.0,-2.2664514,-2.157630681991577,5.001611709594727,-0.7362204790115356,-0.5891269445419312,5.055505937813846,-0.1461471621162146,4.940823554992676,-1.1800681352615356,-3.2400126457214355,-1.1800681352615356,-3.2400126457214355,-0.4000000059604645,-201.6366729736328,-0.4000000059604645,-193.25526428222656,0.0,-434.001159667978,-0.125,-2.25,2.25
15.48,75.2983627319336,75.2983627319336,0.041314758360385895,0.041314758360385895,-0.0373653843998909,-0.0373653843998909,18.10760498046875,-42.72885513305664,0.0,-2.2789986,-2.169396162033081,4.98599100112915,-0.7381062507629395,-0.5867742300033569,5.0403280747146,-0.146968631066342,4.917208671569824,-1.1981288194656372,-3.2221157550811768,-1.1981288194656372,-3.2221157550811768,-0.4000000059604645,-210.3166961669922,-0.4000000059604645,-201.6366729736328,0.0,-447.91259765625955,-0.125,-2.25,2.25
15.5,75.39847564697266,75.39847564697266,0.03755202889442444,0.03755202889442444,-0.03740468621253967,-0.03740468621253967,18.038846969604492,-42.80238723754883,0.0,-2.2915132,-2.181112289428711,4.969956398010254,-0.7399848699569702,-0.5843799710273743,5.024743198004082,-0.14780578360270605,4.892819881439209,-1.2172235250473022,-3.203913450241089,-1.2172235250473022,-3.203913450241089,-0.4000000059604645,-219.2749481201172,-0.4000000059604645,-210.3166961669922,0.0,-460.8413696289161,-0.125,-2.25,2.25
15.52,75.49832153320312,75.49832153320312,0.03379706293344498,0.03379706293344498,-0.03744584321975708,-0.03744584321975708,17.96938705444336,-42.87482833862305,0.0,-2.3039935,-2.1927802562713623,4.953488826751709,-0.74185711145401,-0.5819407105445862,5.008732727004797,-0.14865968776782332,4.867668628692627,-1.2372926473617554,-3.185401678085327,-1.2372926473617554,-3.185401678085327,-0.4000000059604645,-228.4917755126953,-0.4000000059604645,-219.2749481201172,0.0,-472.8240966796556,-0.125,-2.25,2.25
15.540000000000001,75.59789276123047,75.59789276123047,0.030049988999962807,0.030049988999962807,-0.037489939481019974,-0.037489939481019974,17.89925765991211,-42.946163177490234,0.0,-2.31644,-2.2043988704681396,4.936570167541504,-0.7437227964401245,-0.5794531106948853,4.992278900162277,-0.14953122898918786,4.841768264770508,-1.2582741975784302,-3.1665728092193604,-1.2582741975784302,-3.1665728092193604,-0.4000000059604645,-237.94825744628906,-0.4000000059604645,-228.4917755126953,0.0,-483.89205932618216,-0.125,-2.25,2.25
15.56,75.69718170166016,75.69718170166016,0.026310835033655167,0.026310835033655167,-0.03753802180290222,-0.03753802180290222,17.828475952148438,-43.016387939453125,0.0,-2.328851,-2.2159676551818848,4.919183731079102,-0.7455817461013794,-0.5769141912460327,4.975365385600629,-0.1504212829841988,4.815131664276123,-1.2801024913787842,-3.1474149227142334,-1.2801024913787842,-3.1474149227142334,-0.4000000059604645,-247.6260986328125,-0.4000000059604645,-237.94825744628906,0.0,-494.088745117198,-0.125,-2.25,2.25
15.58,75.79617309570312,75.79617309570312,0.02257954515516758,0.02257954515516758,-0.03759097307920456,-0.03759097307920456,17.757070541381836,-43.085487365722656,0.0,-2.3412254,-2.2274858951568604,4.9013142585754395,-0.747433066368103,-0.5743209719657898,4.957977173204344,-0.15133057312815285,4.787773609161377,-1.3027132749557495,-3.1279141902923584,-1.3027132749557495,-3.1279141902923584,-0.4000000059604645,-257.50787353515625,-0.4000000059604645,-247.6260986328125,0.0,-502.3559570312607,-0.125,-2.25,2.25
15.6,75.89485931396484,75.89485931396484,0.01885600946843624,0.01885600946843624,-0.0376494824886322,-0.0376494824886322,17.685070037841797,-43.1534538269043,0.0,-2.3535607,-2.2389512062072754,4.882946968078613,-0.7492750287055969,-0.5716705322265625,4.940099610504822,-0.15225967334802593,4.75970983505249,-1.3260401487350464,-3.108053684234619,-1.3260401487350464,-3.108053684234619,-0.4000000059604645,-267.55499267578125,-0.4000000059604645,-257.50787353515625,0.0,-503.87725830074726,-0.125,-2.25,2.25
15.620000000000001,75.99322509765625,75.99322509765625,0.01514006033539772,0.01514006033539772,-0.037714194506406784,-0.037714194506406784,17.612504959106445,-43.22027587890625,0.0,-2.3658564,-2.2503623962402344,4.86406946182251,-0.751105785369873,-0.5689602494239807,4.921720393343207,-0.15320909078414577,4.730963706970215,-1.3500139713287354,-3.087815284729004,-1.3500139713287354,-3.087815284729004,-0.4000000059604645,-277.6325378417969,-0.4000000059604645,-267.55499267578125,0.0,-504.80957031251074,-0.125,-2.25,2.25
15.64,76.09127807617188,76.09127807617188,0.011431495659053326,0.011431495659053326,-0.037785567343235016,-0.037785567343235016,17.539392471313477,-43.285953521728516,0.0,-2.3781133,-2.2617197036743164,4.84467077255249,-0.752922773361206,-0.5661877393722534,4.902828530253763,-0.15417917311135038,4.701608180999756,-1.374523639678955,-3.0671775341033936,-1.374523639678955,-3.0671775341033936,-0.4000000059604645,-287.7287292480469,-0.4000000059604645,-277.6325378417969,0.0,-505.23376464844824,-0.125,-2.25,2.25
15.66,76.1889877319336,76.1889877319336,0.007730100303888321,0.007730100303888321,-0.037863634526729584,-0.037863634526729584,17.46576499938965,-43.3504753112793,0.0,-2.3903272,-2.2730209827423096,4.824745178222656,-0.7547224164009094,-0.563351035118103,4.883418061214993,-0.15516992407019184,4.671696186065674,-1.399423360824585,-3.0461175441741943,-1.399423360824585,-3.0461175441741943,-0.4000000059604645,-297.8334045410156,-0.4000000059604645,-287.7287292480469,0.0,-505.2230834961045,-0.125,-2.25,2.25
15.68,76.28634643554688,76.28634643554688,0.004035667981952429,0.004035667981952429,-0.03794842213392258,-0.03794842213392258,17.39165496826172,-43.4138298034668,0.0,-2.402497,-2.284264087677002,4.804288387298584,-0.7565007209777832,-0.560448169708252,4.863484373283411,-0.15618123509930204,4.641265392303467,-1.4245779514312744,-3.024610757827759,-1.4245779514312744,-3.024610757827759,-0.4000000059604645,-307.9378662109375,-0.4000000059604645,-297.8334045410156,0.0,-504.84008789059095,-0.125,-2.25,2.25
15.700000000000001,76.38335418701172,76.38335418701172,0.0003480222658254206,0.0003480222658254206,-0.03803962841629982,-0.03803962841629982,17.317081451416016,-43.476016998291016,0.0,-2.4146228,-2.295449733734131,4.783298492431641,-0.7582532167434692,-0.5574776530265808,4.843025129854338,-0.1572128388036799,4.610345363616943,-1.449879765510559,-3.0026333332061768,-1.449879765510559,-3.0026333332061768,-0.4000000059604645,-318.03466796875,-0.4000000059604645,-307.9378662109375,0.0,-504.133605957042,-0.125,-2.25,2.25
15.72,76.47998046875,76.47998046875,-0.0033329755533486605,-0.0033329755533486605,-0.038136936724185944,-0.038136936724185944,17.242084503173828,-43.53702926635742,0.0,-2.426701,-2.3065736293792725,4.761773586273193,-0.7599751353263855,-0.5544379949569702,4.822037939838656,-0.1582644176398325,4.578960418701172,-1.4752448797225952,-2.9801623821258545,-1.4752448797225952,-2.9801623821258545,-0.4000000059604645,-328.1173400878906,-0.4000000059604645,-318.03466796875,0.0,-503.144836425792,-0.125,-2.25,2.25
15.74,76.57622528076172,76.57622528076172,-0.007007417734712362,-0.007007417734712362,-0.038239963352680206,-0.038239963352680206,17.16668701171875,-43.596858978271484,0.0,-2.4387314,-2.317636489868164,4.7397141456604,-0.7616616487503052,-0.5513283014297485,4.800522747550556,-0.15933557289361197,4.547131061553955,-1.5006098747253418,-2.9571759700775146,-1.5006098747253418,-2.9571759700775146,-0.4000000059604645,-338.18023681640625,-0.4000000059604645,-328.1173400878906,0.0,-501.90582275391694,-0.125,-2.25,2.25
15.76,76.67208862304688,76.67208862304688,-0.010675343684852123,-0.010675343684852123,-0.03834822028875351,-0.03834822028875351,17.090911865234375,-43.6555061340332,0.0,-2.4507143,-2.328636646270752,4.717120170593262,-0.7633076906204224,-0.5481478571891785,4.7784789770781755,-0.16042587859011156,4.514873504638672,-1.5259268283843994,-2.933654308319092,-1.5259268283843994,-2.933654308319092,-0.4000000059604645,-348.2183532714844,-0.4000000059604645,-338.18023681640625,0.0,-500.44555664059124,-0.125,-2.25,2.25
15.780000000000001,76.7675552368164,76.7675552368164,-0.014336737804114819,-0.014336737804114819,-0.03846123814582825,-0.03846123814582825,17.0147647857666,-43.71296310424805,0.0,-2.462648,-2.3395743370056152,4.693991184234619,-0.7649080753326416,-0.5448962450027466,4.755905550090477,-0.16153490574966947,4.482203483581543,-1.5511568784713745,-2.9095795154571533,-1.5511568784713745,-2.9095795154571533,-0.4000000059604645,-358.2272644042969,-0.4000000059604645,-348.2183532714844,0.0,-498.77929687501063,-0.125,-2.25,2.25
15.8,76.86260986328125,76.86260986328125,-0.017991526052355766,-0.017991526052355766,-0.03857850655913353,-0.03857850655913353,16.93829917907715,-43.769229888916016,0.0,-2.4745295,-2.3504467010498047,4.670330047607422,-0.766457736492157,-0.5415734052658081,4.732804688069583,-0.16266214163700482,4.449132442474365,-1.5762732028961182,-2.8849358558654785,-1.5762732028961182,-2.8849358558654785,-0.4000000059604645,-368.2028503417969,-0.4000000059604645,-358.2272644042969,0.0,-496.9238281250106,-0.125,-2.25,2.25
15.82,76.95723724365234,76.95723724365234,-0.02163957990705967,-0.02163957990705967,-0.03869947791099548,-0.03869947791099548,16.861555099487305,-43.82429885864258,0.0,-2.4863584,-2.361250638961792,4.646136283874512,-0.7679513096809387,-0.5381794571876526,4.709175255007604,-0.1638071269654826,4.41567325592041,-1.6012533903121948,-2.8597095012664795,-1.6012533903121948,-2.8597095012664795,-0.4000000059604645,-378.1413269042969,-0.4000000059604645,-368.2028503417969,0.0,-494.8867797851668,-0.125,-2.25,2.25
15.84,77.05143737792969,77.05143737792969,-0.025280700996518135,-0.025280700996518135,-0.03882355988025665,-0.03882355988025665,16.784543991088867,-43.8781852722168,0.0,-2.4981334,-2.371987819671631,4.62141227722168,-0.769383430480957,-0.5347146391868591,4.685018921963274,-0.16496930623368894,4.381836891174316,-1.6260794401168823,-2.833888292312622,-1.6260794401168823,-2.833888292312622,-0.4000000059604645,-388.0390625,-0.4000000059604645,-378.1413269042969,0.0,-492.70324707027925,-0.125,-2.25,2.25
15.860000000000001,77.14518737792969,77.14518737792969,-0.028914639726281166,-0.028914639726281166,-0.03895023092627525,-0.03895023092627525,16.70730209350586,-43.930885314941406,0.0,-2.5098526,-2.3826546669006348,4.5961594581604,-0.7707487344741821,-0.5311794877052307,4.660336401648583,-0.16614815651768042,4.347633361816406,-1.650736689567566,-2.807462215423584,-1.650736689567566,-2.807462215423584,-0.4000000059604645,-397.89312744140625,-0.4000000059604645,-388.0390625,0.0,-105.34362792968975,-0.125,-2.25,2.25
15.88,77.23847961425781,77.23847961425781,-0.03254108130931854,-0.03254108130931854,-0.03907884657382965,-0.03907884657382965,16.629867553710938,-43.98239517211914,0.0,-2.5215137,-2.39324951171875,4.570379734039307,-0.7720416784286499,-0.5275747179985046,4.6351288295524355,-0.1673430994485402,4.313072681427002,-1.6752121448516846,-2.7804226875305176,-1.6752121448516846,-2.7804226875305176,-0.4000000059604645,-400.0,-0.4000000059604645,-397.89312744140625,0.0,0.0,-0.125,-2.25,2.25
15.9,77.331298828125,77.331298828125,-0.03615956753492355,-0.03615956753492355,-0.03920402750372887,-0.03920402750372887,16.552263259887695,-44.032711029052734,0.0,-2.533116,-2.40377140045166,4.544162273406982,-0.7732489109039307,-0.5239061713218689,4.609482036549164,-0.16854870837208827,4.28151273727417,-1.6970090866088867,-2.752730131149292,-1.6970090866088867,-2.752730131149292,-0.4000000059604645,-400.0,-0.4000000059604645,-400.0,0.0,0.0,-0.125,-2.25,2.25
15.92,77.42364501953125,77.42364501953125,-0.03976891562342644,-0.03976891562342644,-0.03931368887424469,-0.03931368887424469,16.474512100219727,-44.08185958862305,0.0,-2.5446591,-2.4142203330993652,4.517689228057861,-0.7743443846702576,-0.520180344581604,4.583571226388917,-0.16975319548008735,4.25266695022583,-1.7128236293792725,-2.7243051528930664,-1.7128236293792725,-2.7243051528930664,-0.4000000059604645,-400.0,-0.4000000059604645,-400.0,0.0,0.0,-0.125,-2.25,2.25
15.94,77.51551055908203,77.51551055908203,-0.04336702823638916,-0.04336702823638916,-0.03939768671989441,-0.03939768671989441,16.396623611450195,-44.129791259765625,0.0,-2.5561426,-2.424593448638916,4.4910969734191895,-0.7753063440322876,-0.5164006948471069,4.557526955680209,-0.1709469581206685,4.225501537322998,-1.7223130464553833,-2.695103883743286,-1.7223130464553833,-2.695103883743286,-0.4000000059604645,-400.0,-0.4000000059604645,-400.0,0.0,0.0,-0.125,-2.25,2.25
15.96,77.60689544677734,77.60689544677734,-0.046951137483119965,-0.046951137483119965,-0.03944992646574974,-0.03944992646574974,16.31863021850586,-44.17655944824219,0.0,-2.5675657,-2.4348909854888916,4.464461803436279,-0.7761234641075134,-0.5125733613967896,4.5314221637229695,-0.1721245726253333,4.199397563934326,-1.7267260551452637,-2.665138006210327,-1.7267260551452637,-2.665138006210327,-0.4000000059604645,-400.0,-0.4000000059604645,-400.0,0.0,0.0,-0.125,-2.25,2.25
15.98,77.69779205322266,77.69779205322266,-0.05051812902092934,-0.05051812902092934,-0.03946685791015625,-0.03946685791015625,16.240568161010742,-44.22217559814453,0.0,-2.578928,-2.4451115131378174,4.437828063964844,-0.7767918109893799,-0.5087080597877502,4.505299484266736,-0.1732832503103367,4.173975944519043,-1.7274987697601318,-2.634456157684326,-1.7274987697601318,-2.634456157684326,-0.4000000059604645,-400.0,-0.4000000059604645,-400.0,0.0,0.0,-0.125,-2.25,2.25
16.0,77.7882080078125,77.7882080078125,-0.054064709693193436,-0.054064709693193436,-0.03944673761725426,-0.03944673761725426,16.16244888305664,-44.26665115356445,0.0,-2.59023,-2.4552550315856934,4.411220550537109,-0.7773119211196899,-0.5048165917396545,4.479183024636937,-0.17442183273938294,4.148997783660889,-1.7258217334747314,-2.603128433227539,-1.7258217334747314,-2.603128433227539,-0.4000000059604645,-400.0,-0.4000000059604645,-400.0,0.0,0.0,-0.125,-2.25,2.25
16.02,77.87813568115234,77.87813568115234,-0.05758754909038544,-0.05758754909038544,-0.03938893601298332,-0.03938893601298332,16.08430290222168,-44.31000900268555,0.0,-2.6014707,-2.4653196334838867,4.384652137756348,-0.7776864171028137,-0.5009109377861023,4.453085506980247,-0.17554003820039327,4.124311923980713,-1.7225676774978638,-2.571232557296753,-1.7225676774978638,-2.571232557296753,-0.4000000059604645,-400.0,-0.4000000059604645,-400.0,0.0,0.0,-0.125,-2.25,2.25
16.04,77.96758270263672,77.96758270263672,-0.0610833466053009,-0.0610833466053009,-0.03929322957992554,-0.03929322957992554,16.006126403808594,-44.352230072021484,0.0,-2.6126516,-2.475306987762451,4.35813045501709,-0.7779181599617004,-0.4970022737979889,4.427014538777309,-0.1766378269092058,4.099820137023926,-1.7183375358581543,-2.538846015930176,-1.7183375358581543,-2.538846015930176,-0.4000000059604645,-400.0,-0.4000000059604645,-400.0,0.0,0.0,-0.125,-2.25,2.25
16.06,78.0565414428711,78.0565414428711,-0.06454885751008987,-0.06454885751008987,-0.039159730076789856,-0.039159730076789856,15.927935600280762,-44.39332580566406,0.0,-2.6237712,-2.4852163791656494,4.331656455993652,-0.7780095934867859,-0.4931003153324127,4.400971095145816,-0.1777153258694554,4.07545804977417,-1.7135289907455444,-2.506042003631592,-1.7135289907455444,-2.506042003631592,-0.4000000059604645,-400.0,-0.4000000059604645,-400.0,0.0,0.0,-0.125,-2.25,2.25
16.080000000000002,78.14501190185547,78.14501190185547,-0.06798090785741806,-0.06798090785741806,-0.03898865357041359,-0.03898865357041359,15.849778175354004,-44.4333381652832,0.0,-2.6348305,-2.495046615600586,4.305230140686035,-0.7779623866081238,-0.4892132580280304,4.374955089969325,-0.17877252919531614,4.051183700561523,-1.7083977460861206,-2.4728870391845703,-1.7083977460861206,-2.4728870391845703,-0.4000000059604645,-400.0,-0.4000000059604645,-400.0,0.0,0.0,-0.125,-2.25,2.25
16.1,78.23300170898438,78.23300170898438,-0.07137639820575714,-0.07137639820575714,-0.03878018260002136,-0.03878018260002136,15.771662712097168,-44.472286224365234,0.0,-2.645829,-2.5047998428344727,4.278851509094238,-0.777777373790741,-0.48534780740737915,4.348966300175119,-0.1798092427542486,4.0269694328308105,-1.7031081914901733,-2.439441204071045,-1.7031081914901733,-2.439441204071045,-0.4000000059604645,-400.0,-0.4000000059604645,-400.0,0.0,0.0,-0.125,-2.25,2.25
16.12,78.32050323486328,78.32050323486328,-0.07473232597112656,-0.07473232597112656,-0.038534462451934814,-0.038534462451934814,15.693601608276367,-44.510169982910156,0.0,-2.6567664,-2.5144762992858887,4.252519130706787,-0.7774544954299927,-0.48150941729545593,4.323002943497901,-0.1808251246308073,4.002797603607178,-1.6977647542953491,-2.4057579040527344,-1.6977647542953491,-2.4057579040527344,-0.4000000059604645,-400.0,-0.4000000059604645,-400.0,0.0,0.0,-0.125,-2.25,2.25
16.14,78.40752410888672,78.40752410888672,-0.07804571837186813,-0.07804571837186813,-0.03825180232524872,-0.03825180232524872,15.615589141845703,-44.546958923339844,0.0,-2.6676443,-2.524076461791992,4.226230144500732,-0.7769933342933655,-0.4777025580406189,4.297061772400183,-0.18181980526320937,3.978656053543091,-1.6924304962158203,-2.371885299682617,-1.6924304962158203,-2.371885299682617,-0.4000000059604645,-400.0,-0.4000000059604645,-400.0,0.0,0.0,-0.125,-2.25,2.25
16.16,78.49404907226562,78.49404907226562,-0.08131371438503265,-0.08131371438503265,-0.03793230652809143,-0.03793230652809143,15.537676811218262,-44.58272171020508,0.0,-2.6784596,-2.533600091934204,4.199981689453125,-0.7763925790786743,-0.47393083572387695,4.2711393829504045,-0.18279270382686036,3.954536199569702,-1.687145709991455,-2.33786678314209,-1.687145709991455,-2.33786678314209,-0.4000000059604645,-400.0,-0.4000000059604645,-400.0,0.0,0.0,-0.125,-2.25,2.25
16.18,78.58009338378906,78.58009338378906,-0.08453349024057388,-0.08453349024057388,-0.0375760942697525,-0.0375760942697525,15.459879875183105,-44.61747741699219,0.0,-2.6892154,-2.54304838180542,4.17377233505249,-0.7756509184837341,-0.47019723057746887,4.245233780629069,-0.18374316731745374,3.9304325580596924,-1.6819353103637695,-2.303739547729492,-1.6819353103637695,-2.303739547729492,-0.4000000059604645,-400.0,-0.4000000059604645,-400.0,0.0,0.0,-0.125,-2.25,2.25
16.2,78.6656494140625,78.6656494140625,-0.08770231157541275,-0.08770231157541275,-0.03718331456184387,-0.03718331456184387,15.38219165802002,-44.651214599609375,0.0,-2.6999097,-2.5524232387542725,4.1475982666015625,-0.7747665643692017,-0.46650418639183044,4.219340542120385,-0.18467052156022598,3.906341791152954,-1.6768144369125366,-2.269538402557373,-1.6768144369125366,-2.269538402557373,-0.4000000059604645,-400.0,-0.4000000059604645,-400.0,0.0,0.0,-0.125,-2.25,2.25
16.22,78.75071716308594,78.75071716308594,-0.09081749618053436,-0.09081749618053436,-0.036754071712493896,-0.036754071712493896,15.304633140563965,-44.68391799926758,0.0,-2.7105434,-2.561723470687866,4.121457099914551,-0.7737375497817993,-0.4628538191318512,4.193456619827896,-0.18557397509760987,3.8822615146636963,-1.6717913150787354,-2.2352941036224365,-1.6717913150787354,-2.2352941036224365,-0.4000000059604645,-400.0,-0.4000000059604645,-400.0,0.0,0.0,-0.125,-2.25,2.25
16.240000000000002,78.83529663085938,78.83529663085938,-0.0938764214515686,-0.0938764214515686,-0.03628857433795929,-0.03628857433795929,15.227231979370117,-44.71567153930664,0.0,-2.7211156,-2.5709521770477295,4.095345973968506,-0.77256178855896,-0.4592479467391968,4.167578477202495,-0.18645271276339312,3.858189344406128,-1.6668720245361328,-2.2010350227355957,-1.6668720245361328,-2.2010350227355957,-0.4000000059604645,-400.0,-0.4000000059604645,-400.0,0.0,0.0,-0.125,-2.25,2.25
16.26,78.91938781738281,78.91938781738281,-0.09687654674053192,-0.09687654674053192,-0.03578692674636841,-0.03578692674636841,15.150005340576172,-44.74646759033203,0.0,-2.7316275,-2.580108404159546,4.069262504577637,-0.7712372541427612,-0.4556882381439209,4.141703059532289,-0.1873058948280207,3.8341245651245117,-1.6620604991912842,-2.1667861938476562,-1.6620604991912842,-2.1667861938476562,-0.4000000059604645,-400.0,-0.4000000059604645,-400.0,0.0,0.0,-0.125,-2.25,2.25
16.28,79.00299072265625,79.00299072265625,-0.09981539100408554,-0.09981539100408554,-0.03524938225746155,-0.03524938225746155,15.072936058044434,-44.77625274658203,0.0,-2.7420774,-2.5891940593719482,4.043203353881836,-0.7697616815567017,-0.4521760642528534,4.115826333463832,-0.18813264941139343,3.8100650310516357,-1.65735924243927,-2.132571220397949,-1.65735924243927,-2.132571220397949,-0.4000000059604645,-400.0,-0.4000000059604645,-400.0,0.0,0.0,-0.125,-2.25,2.25
16.3,79.08609771728516,79.08609771728516,-0.10269054025411606,-0.10269054025411606,-0.034675970673561096,-0.034675970673561096,14.996070861816406,-44.80513000488281,0.0,-2.7524657,-2.598210573196411,4.017166614532471,-0.7681328654289246,-0.4487128257751465,4.089945685197582,-0.18893203432523847,3.7860107421875,-1.6527714729309082,-2.0984110832214355,-1.6527714729309082,-2.0984110832214355,-0.4000000059604645,-400.0,-0.4000000059604645,-400.0,0.0,0.0,-0.125,-2.25,2.25
16.32,79.16871643066406,79.16871643066406,-0.10549964010715485,-0.10549964010715485,-0.034067049622535706,-0.034067049622535706,14.919422149658203,-44.833091735839844,0.0,-2.762793,-2.6071577072143555,3.9911487102508545,-0.7663486003875732,-0.44529974460601807,4.06405686533211,-0.18970316262646839,3.761960506439209,-1.6482971906661987,-2.0643248558044434,-1.6482971906661987,-2.0643248558044434,-0.4000000059604645,-400.0,-0.4000000059604645,-400.0,0.0,0.0,-0.125,-2.25,2.25
16.34,79.25083923339844,79.25083923339844,-0.10824043303728104,-0.10824043303728104,-0.03342272713780403,-0.03342272713780403,14.842981338500977,-44.86008834838867,0.0,-2.7730584,-2.6160359382629395,3.9651474952697754,-0.7644067406654358,-0.44193798303604126,4.038157045536853,-0.19044507490650525,3.7379133701324463,-1.6439385414123535,-2.030330181121826,-1.6439385414123535,-2.030330181121826,-0.4000000059604645,-400.0,-0.4000000059604645,-400.0,0.0,0.0,-0.125,-2.25,2.25
16.36,79.33246612548828,79.33246612548828,-0.11091069877147675,-0.11091069877147675,-0.03274324908852577,-0.03274324908852577,14.76678466796875,-44.8862190246582,0.0,-2.7832623,-2.6248486042022705,3.939159870147705,-0.7623049020767212,-0.4386286437511444,4.012242421179494,-0.19115677534555908,3.7138688564300537,-1.6396968364715576,-1.9964431524276733,-1.6396968364715576,-1.9964431524276733,-0.4000000059604645,-400.0,-0.4000000059604645,-400.0,0.0,0.0,-0.125,-2.25,2.25
16.38,79.4135971069336,79.4135971069336,-0.11350829899311066,-0.11350829899311066,-0.03202885389328003,-0.03202885389328003,14.690835952758789,-44.91146469116211,0.0,-2.7934034,-2.6335949897766113,3.9131836891174316,-0.7600409388542175,-0.43537282943725586,3.9863101752760173,-0.1918372573254075,3.689826250076294,-1.635573148727417,-1.9626781940460205,-1.635573148727417,-1.9626781940460205,-0.4000000059604645,-400.0,-0.4000000059604645,-400.0,0.0,0.0,-0.125,-2.25,2.25
16.4,79.49423217773438,79.49423217773438,-0.11603118479251862,-0.11603118479251862,-0.03127977252006531,-0.03127977252006531,14.615137100219727,-44.93581008911133,0.0,-2.8034828,-2.6422770023345947,3.887216091156006,-0.7576126456260681,-0.4321715533733368,3.960356784451965,-0.19248550869112743,3.6657848358154297,-1.6315693855285645,-1.9290484189987183,-1.6315693855285645,-1.9290484189987183,-0.4000000059604645,-400.0,-0.4000000059604645,-400.0,0.0,0.0,-0.125,-2.25,2.25
16.42,79.5743637084961,79.5743637084961,-0.11847735941410065,-0.11847735941410065,-0.03049623966217041,-0.03049623966217041,14.539727210998535,-44.9593505859375,0.0,-2.8134987,-2.650895118713379,3.8612542152404785,-0.7550178170204163,-0.4290258288383484,3.934378733514434,-0.19310049183358946,3.6417436599731445,-1.6276865005493164,-1.8955659866333008,-1.6276865005493164,-1.8955659866333008,-0.4000000059604645,-400.0,-0.4000000059604645,-400.0,0.0,0.0,-0.125,-2.25,2.25
16.44,79.65399932861328,79.65399932861328,-0.12084490805864334,-0.12084490805864334,-0.029678478837013245,-0.029678478837013245,14.464584350585938,-44.98198318481445,0.0,-2.823454,-2.6594512462615967,3.8352949619293213,-0.7522541284561157,-0.42593663930892944,3.9083722594936763,-0.19368112430109483,3.617701292037964,-1.6239262819290161,-1.862241506576538,-1.6239262819290161,-1.862241506576538,-0.4000000059604645,-400.0,-0.4000000059604645,-400.0,0.0,0.0,-0.125,-2.25,2.25
16.46,79.7331314086914,79.7331314086914,-0.12313197553157806,-0.12313197553157806,-0.02882683277130127,-0.02882683277130127,14.389744758605957,-45.003822326660156,0.0,-2.833345,-2.6679463386535645,3.809335947036743,-0.7493195533752441,-0.42290496826171875,3.882334368708702,-0.19422633513943524,3.5936574935913086,-1.62028968334198,-1.8290845155715942,-1.62028968334198,-1.8290845155715942,-0.4000000059604645,-400.0,-0.4000000059604645,-400.0,0.0,0.0,-0.125,-2.25,2.25
16.48,79.81175231933594,79.81175231933594,-0.12533679604530334,-0.12533679604530334,-0.027941450476646423,-0.027941450476646423,14.315227508544922,-45.02484130859375,0.0,-2.8431726,-2.6763789653778076,3.783374309539795,-0.7462117075920105,-0.4199317693710327,3.856261541782806,-0.19473495736673685,3.569610834121704,-1.616779088973999,-1.796103835105896,-1.616779088973999,-1.796103835105896,-0.4000000059604645,-400.0,-0.4000000059604645,-400.0,0.0,0.0,-0.125,-2.25,2.25
16.5,79.88987731933594,79.88987731933594,-0.12745767831802368,-0.12745767831802368,-0.027022629976272583,-0.027022629976272583,14.241005897521973,-45.045047760009766,0.0,-2.8529387,-2.684755325317383,3.7574074268341064,-0.7429285049438477,-0.41701796650886536,3.830150562926502,-0.19520585636778856,3.545560359954834,-1.6133959293365479,-1.763306975364685,-1.6133959293365479,-1.763306975364685,-0.4000000059604645,-400.0,-0.4000000059604645,-400.0,0.0,0.0,-0.125,-2.25,2.25
16.52,79.96749114990234,79.96749114990234,-0.12949295341968536,-0.12949295341968536,-0.026070594787597656,-0.026070594787597656,14.167130470275879,-45.06449890136719,0.0,-2.8626404,-2.693073272705078,3.7314324378967285,-0.7394675612449646,-0.4141644537448883,3.803997938054317,-0.19563780105385203,3.521505117416382,-1.6101415157318115,-1.7307007312774658,-1.6101415157318115,-1.7307007312774658,-0.4000000059604645,-400.0,-0.4000000059604645,-400.0,0.0,0.0,-0.125,-2.25,2.25
16.54,80.04459381103516,80.04459381103516,-0.13144108653068542,-0.13144108653068542,-0.025085659697651863,-0.025085659697651863,14.093584060668945,-45.083133697509766,0.0,-2.8722782,-2.701334238052368,3.7054460048675537,-0.7358267307281494,-0.41137218475341797,3.7777997660864706,-0.19602961179725753,3.497443437576294,-1.6070178747177124,-1.6982909440994263,-1.6070178747177124,-1.6982909440994263,-0.4000000059604645,-400.0,-0.4000000059604645,-400.0,0.0,0.0,-0.125,-2.25,2.25
16.56,80.12117767333984,80.12117767333984,-0.1333005726337433,-0.1333005726337433,-0.024067938327789307,-0.024067938327789307,14.020410537719727,-45.10106658935547,0.0,-2.8818512,-2.7095391750335693,3.67944598197937,-0.7320036888122559,-0.40864208340644836,3.7515532962679448,-0.19637996603957703,3.473374605178833,-1.6040276288986206,-1.6660829782485962,-1.6040276288986206,-1.6660829782485962,-0.4000000059604645,-400.0,-0.4000000059604645,-400.0,0.0,0.0,-0.125,-2.25,2.25
16.580000000000002,80.19725799560547,80.19725799560547,-0.13507001101970673,-0.13507001101970673,-0.023017704486846924,-0.023017704486846924,13.947571754455566,-45.11818313598633,0.0,-2.891361,-2.717690944671631,3.653428554534912,-0.7279961109161377,-0.4059750437736511,3.7252541578528677,-0.1966875893638619,3.449296236038208,-1.6011712551116943,-1.634081244468689,-1.6011712551116943,-1.634081244468689,-0.4000000059604645,-400.0,-0.4000000059604645,-400.0,0.0,0.0,-0.125,-2.25,2.25
16.6,80.27281188964844,80.27281188964844,-0.13674801588058472,-0.13674801588058472,-0.021935120224952698,-0.021935120224952698,13.87512493133545,-45.1346435546875,0.0,-2.900805,-2.725789785385132,3.627391815185547,-0.723801851272583,-0.4033719599246979,3.698899904131053,-0.19695111551897335,3.4252076148986816,-1.5984528064727783,-1.6022893190383911,-1.5984528064727783,-1.6022893190383911,-0.4000000059604645,-400.0,-0.4000000059604645,-400.0,0.0,0.0,-0.125,-2.25,2.25
16.62,80.34785461425781,80.34785461425781,-0.1383333057165146,-0.1383333057165146,-0.02082034945487976,-0.02082034945487976,13.803043365478516,-45.15031433105469,0.0,-2.9101858,-2.733837127685547,3.601332426071167,-0.719418466091156,-0.40083378553390503,3.6724866470042596,-0.19716913256729557,3.4011070728302,-1.5958749055862427,-1.5707101821899414,-1.5958749055862427,-1.5707101821899414,-0.4000000059604645,-400.0,-0.4000000059604645,-400.0,0.0,0.0,-0.125,-2.25,2.25
16.64,80.42237091064453,80.42237091064453,-0.13982470333576202,-0.13982470333576202,-0.019673585891723633,-0.019673585891723633,13.73137092590332,-45.16535949707031,0.0,-2.9195,-2.741833448410034,3.575247049331665,-0.7148436307907104,-0.3983614146709442,3.646010543078122,-0.1973402163497082,3.376993179321289,-1.5934380292892456,-1.5393463373184204,-1.5934380292892456,-1.5393463373184204,-0.4000000059604645,-400.0,-0.4000000059604645,-400.0,0.0,0.0,-0.125,-2.25,2.25
16.66,80.4963607788086,80.4963607788086,-0.14122100174427032,-0.14122100174427032,-0.018494904041290283,-0.018494904041290283,13.66008186340332,-45.17964553833008,0.0,-2.928749,-2.7497811317443848,3.549133062362671,-0.7100748419761658,-0.39595577120780945,3.6194684382604176,-0.19746280979520642,3.3528635501861572,-1.5911450386047363,-1.5081994533538818,-1.5911450386047363,-1.5081994533538818,-0.4000000059604645,-400.0,-0.4000000059604645,-400.0,0.0,0.0,-0.125,-2.25,2.25
16.68,80.56982421875,80.56982421875,-0.14252112805843353,-0.14252112805843353,-0.017284542322158813,-0.017284542322158813,13.58922290802002,-45.19332504272461,0.0,-2.9379315,-2.757680654525757,3.522986888885498,-0.7051098346710205,-0.39361774921417236,3.592856314717987,-0.19753542220031298,3.328716516494751,-1.5889993906021118,-1.4772710800170898,-1.5889993906021118,-1.4772710800170898,-0.4000000059604645,-400.0,-0.4000000059604645,-400.0,0.0,0.0,-0.125,-2.25,2.25
16.7,80.64276123046875,80.64276123046875,-0.14372403919696808,-0.14372403919696808,-0.01604236662387848,-0.01604236662387848,13.518757820129395,-45.20627975463867,0.0,-2.9470484,-2.765535354614258,3.4968056678771973,-0.6999459266662598,-0.3913482427597046,3.566170800614404,-0.1975563588801763,3.3045499324798584,-1.5870037078857422,-1.4465618133544922,-1.5870037078857422,-1.4465618133544922,-0.4000000059604645,-400.0,-0.4000000059604645,-400.0,0.0,0.0,-0.125,-2.25,2.25
16.72,80.71516418457031,80.71516418457031,-0.14482875168323517,-0.14482875168323517,-0.014768541790544987,-0.014768541790544987,13.448735237121582,-45.21864700317383,0.0,-2.956099,-2.7733442783355713,3.470586061477661,-0.6945808529853821,-0.3891482353210449,3.5394081668348063,-0.197524009884675,3.2803618907928467,-1.5851603746414185,-1.4160720109939575,-1.5851603746414185,-1.4160720109939575,-0.4000000059604645,-400.0,-0.4000000059604645,-400.0,0.0,0.0,-0.125,-2.25,2.25
16.740000000000002,80.78703308105469,80.78703308105469,-0.14583437144756317,-0.14583437144756317,-0.013463065028190613,-0.013463065028190613,13.379141807556152,-45.230342864990234,0.0,-2.9650824,-2.781109571456909,3.4443247318267822,-0.6890119910240173,-0.387018620967865,3.5125646445365977,-0.1974366093864384,3.2561495304107666,-1.5834726095199585,-1.3858013153076172,-1.5834726095199585,-1.3858013153076172,-0.4000000059604645,-400.0,-0.4000000059604645,-400.0,0.0,0.0,-0.125,-2.25,2.25
16.76,80.85836791992188,80.85836791992188,-0.14674001932144165,-0.14674001932144165,-0.012125879526138306,-0.012125879526138306,13.309995651245117,-45.2414436340332,0.0,-2.9739995,-2.7888331413269043,3.418018341064453,-0.6832367777824402,-0.3849603533744812,3.4856365092142823,-0.19729234608508248,3.2319109439849854,-1.581943392753601,-1.3557491302490234,-1.581943392753601,-1.3557491302490234,-0.4000000059604645,-400.0,-0.4000000059604645,-400.0,0.0,0.0,-0.125,-2.25,2.25
16.78,80.92916107177734,80.92916107177734,-0.14754489064216614,-0.14754489064216614,-0.010756924748420715,-0.010756924748420715,13.241297721862793,-45.2519416809082,0.0,-2.9828486,-2.796516180038452,3.3916633129119873,-0.6772526502609253,-0.3829743564128876,3.4586198375130164,-0.19708935700647878,3.207643508911133,-1.580575704574585,-1.3259145021438599,-1.580575704574585,-1.3259145021438599,-0.4000000059604645,-400.0,-0.4000000059604645,-400.0,0.0,0.0,-0.125,-2.25,2.25
16.8,80.9994125366211,80.9994125366211,-0.14824824035167694,-0.14824824035167694,-0.009355992078781128,-0.009355992078781128,13.173055648803711,-45.261837005615234,0.0,-2.99163,-2.8041603565216064,3.3652560710906982,-0.6710569262504578,-0.38106152415275574,3.431510720117528,-0.19682567663860087,3.1833441257476807,-1.5793720483779907,-1.2962960004806519,-1.5793720483779907,-1.2962960004806519,-0.4000000059604645,-400.0,-0.4000000059604645,-400.0,0.0,0.0,-0.125,-2.25,2.25
16.82,81.06910705566406,81.06910705566406,-0.14884930849075317,-0.14884930849075317,-0.007922977209091187,-0.007922977209091187,13.10529613494873,-45.27119827270508,0.0,-3.0003421,-2.811765670776367,3.3387935161590576,-0.6646469235420227,-0.37922289967536926,3.4043057554396667,-0.19649923864415167,3.1590099334716797,-1.5783367156982422,-1.2668919563293457,-1.5783367156982422,-1.2668919563293457,-0.4000000059604645,-400.0,-0.4000000059604645,-400.0,0.0,0.0,-0.125,-2.25,2.25
16.84,81.13826751708984,81.13826751708984,-0.1493474841117859,-0.1493474841117859,-0.006457597017288208,-0.006457597017288208,13.037983894348145,-45.279937744140625,0.0,-3.008987,-2.8193373680114746,3.3122715950012207,-0.6580199003219604,-0.3774593770503998,3.3770006378844015,-0.19610793602872098,3.1346378326416016,-1.5774729251861572,-1.237700343132019,-1.5774729251861572,-1.237700343132019,-0.4000000059604645,-400.0,-0.4000000059604645,-400.0,0.0,0.0,-0.125,-2.25,2.25
16.86,81.20686340332031,81.20686340332031,-0.14974212646484375,-0.14974212646484375,-0.004959568381309509,-0.004959568381309509,12.971179008483887,-45.28816604614258,0.0,-3.0175614,-2.826871395111084,3.285686731338501,-0.6511732339859009,-0.3757718801498413,3.3495915985614633,-0.19564958693036433,3.110224723815918,-1.5767842531204224,-1.2087187767028809,-1.5767842531204224,-1.2087187767028809,-0.4000000059604645,-400.0,-0.4000000059604645,-400.0,0.0,0.0,-0.125,-2.25,2.25
16.88,81.27491760253906,81.27491760253906,-0.1500326246023178,-0.1500326246023178,-0.0034285932779312134,-0.0034285932779312134,12.90484619140625,-45.295875549316406,0.0,-3.0260682,-2.8343749046325684,3.259035348892212,-0.6441042423248291,-0.37416142225265503,3.322074905884848,-0.1951219054408327,3.085766553878784,-1.576274037361145,-1.1799449920654297,-1.576274037361145,-1.1799449920654297,-0.4000000059604645,-400.0,-0.4000000059604645,-400.0,0.0,0.0,-0.125,-2.25,2.25
16.9,81.34239959716797,81.34239959716797,-0.15021847188472748,-0.15021847188472748,-0.0018641799688339233,-0.0018641799688339233,12.839012145996094,-45.30302047729492,0.0,-3.0345035,-2.841845989227295,3.2323131561279297,-0.6368100047111511,-0.3726288676261902,3.2944461327175945,-0.19452248447689255,3.0612597465515137,-1.5759468078613281,-1.151376485824585,-1.5759468078613281,-1.151376485824585,-0.4000000059604645,-400.0,-0.4000000059604645,-400.0,0.0,0.0,-0.125,-2.25,2.25
16.92,81.40930938720703,81.40930938720703,-0.15029916167259216,-0.15029916167259216,-0.00026592615176923573,-0.00026592615176923573,12.773702621459961,-45.309696197509766,0.0,-3.0428674,-2.8492844104766846,3.2055160999298096,-0.6292880177497864,-0.3711751699447632,3.2667012223637277,-0.19384892901580075,3.0366997718811035,-1.5758055448532104,-1.123010277748108,-1.5758055448532104,-1.123010277748108,-0.4000000059604645,-400.0,-0.4000000059604645,-400.0,0.0,0.0,-0.125,-2.25,2.25
16.94,81.47567749023438,81.47567749023438,-0.15027420222759247,-0.15027420222759247,0.0013666749000549316,0.0013666749000549316,12.708873748779297,-45.31588363647461,0.0,-3.051163,-2.856698513031006,3.1786398887634277,-0.6215354204177856,-0.3698011040687561,3.2388358743955967,-0.19309864860558085,3.012082099914551,-1.5758540630340576,-1.094843864440918,-1.5758540630340576,-1.094843864440918,-0.4000000059604645,-400.0,-0.4000000059604645,-400.0,0.0,0.0,-0.125,-2.25,2.25
16.96,81.5414810180664,81.5414810180664,-0.15014319121837616,-0.15014319121837616,0.0030343085527420044,0.0030343085527420044,12.644556999206543,-45.321556091308594,0.0,-3.059389,-2.8640856742858887,3.1516807079315186,-0.6135497093200684,-0.36850762367248535,3.2108463885017073,-0.19226902273063334,2.9874022006988525,-1.576095461845398,-1.0668745040893555,-1.576095461845398,-1.0668745040893555,-0.4000000059604645,-400.0,-0.4000000059604645,-400.0,0.0,0.0,-0.125,-2.25,2.25
16.98,81.6067123413086,81.6067123413086,-0.14990568161010742,-0.14990568161010742,0.004737555980682373,0.004737555980682373,12.580765724182129,-45.3267936706543,0.0,-3.0675428,-2.871447801589966,3.124634265899658,-0.6053283214569092,-0.36729538440704346,3.182728652020485,-0.19135732650891685,2.9626541137695312,-1.5765348672866821,-1.0390995740890503,-1.5765348672866821,-1.0390995740890503,-0.4000000059604645,-400.0,-0.4000000059604645,-400.0,0.0,0.0,-0.125,-2.25,2.25
17.0,81.67134094238281,81.67134094238281,-0.1495613008737564,-0.1495613008737564,0.006477147340774536,0.006477147340774536,12.517525672912598,-45.33160400390625,0.0,-3.075621,-2.878783702850342,3.0974957942962646,-0.5968687534332275,-0.3661651015281677,3.1544781667508786,-0.1903607603983837,2.937833070755005,-1.5771747827529907,-1.0115169286727905,-1.5771747827529907,-1.0115169286727905,-0.4000000059604645,-400.0,-0.4000000059604645,-400.0,0.0,0.0,-0.125,-2.25,2.25
17.02,81.73538970947266,81.73538970947266,-0.14910970628261566,-0.14910970628261566,0.008253827691078186,0.008253827691078186,12.454822540283203,-45.335914611816406,0.0,-3.0836275,-2.8860971927642822,3.070260763168335,-0.5881688594818115,-0.3651174306869507,3.126090811399301,-0.1892764943886082,2.9129321575164795,-1.578019142150879,-0.9841248393058777,-1.578019142150879,-0.9841248393058777,-0.4000000059604645,-400.0,-0.4000000059604645,-400.0,0.0,30.47180175781315,-0.125,-2.25,2.25
17.04,81.79886627197266,81.79886627197266,-0.1485506147146225,-0.1485506147146225,0.01006828248500824,0.01006828248500824,12.392645835876465,-45.33982849121094,0.0,-3.0915623,-2.893392562866211,3.0429248809814453,-0.5792266130447388,-0.3641527593135834,3.0975628000986877,-0.1881015891112669,2.887944459915161,-1.5790705680847168,-0.9569219350814819,-1.5790705680847168,-0.9569219350814819,-0.4000000059604645,-399.39056396484375,-0.4000000059604645,-400.0,0.0,75.1556396484391,-0.125,-2.25,2.25
17.06,81.86174774169922,81.86174774169922,-0.14788369834423065,-0.14788369834423065,0.011922270059585571,0.011922270059585571,12.331028938293457,-45.34335708618164,0.0,-3.0994222,-2.900667667388916,3.015493631362915,-0.5700396299362183,-0.36327192187309265,3.0688999691238097,-0.18683225891944075,2.8631014823913574,-1.5800405740737915,-0.9299049973487854,-1.5800405740737915,-0.9299049973487854,-0.4000000059604645,-397.887451171875,-0.4000000059604645,-399.39056396484375,0.0,125.39520263669915,-0.125,-2.25,2.25
17.080000000000002,81.92404174804688,81.92404174804688,-0.14710861444473267,-0.14710861444473267,0.013819217681884766,0.013819217681884766,12.269957542419434,-45.34648132324219,0.0,-3.107209,-2.9079267978668213,2.987992525100708,-0.5606041550636292,-0.36247676610946655,3.0401276862546927,-0.18546290131911874,2.8386282920837402,-1.5802748203277588,-0.9030655026435852,-1.5802748203277588,-0.9030655026435852,-0.4000000059604645,-395.3795471191406,-0.4000000059604645,-397.887451171875,0.0,174.84588623047247,-0.125,-2.25,2.25
17.1,81.98573303222656,81.98573303222656,-0.14622481167316437,-0.14622481167316437,0.01576407253742218,0.01576407253742218,12.209452629089355,-45.34919357299805,0.0,-3.1149204,-2.9151699542999268,2.960462808609009,-0.550915539264679,-0.36177030205726624,3.0112867635880236,-0.18398647406717022,2.8146846294403076,-1.5790693759918213,-0.8763926029205322,-1.5790693759918213,-0.8763926029205322,-0.4000000059604645,-391.88262939453125,-0.4000000059604645,-395.3795471191406,0.0,222.431945800786,-0.125,-2.25,2.25
17.12,82.04683685302734,82.04683685302734,-0.14523151516914368,-0.14523151516914368,0.01776251383125782,0.01776251383125782,12.149499893188477,-45.3515510559082,0.0,-3.1225584,-2.922400712966919,2.9329540729522705,-0.54096919298172,-0.36115702986717224,2.982426405094115,-0.1823952372363809,2.791356325149536,-1.5758862495422363,-0.8498786091804504,-1.5758862495422363,-0.8498786091804504,-0.4000000059604645,-387.4339904785156,-0.4000000059604645,-391.88262939453125,0.0,268.00842285156824,-0.125,-2.25,2.25
17.14,82.10733795166016,82.10733795166016,-0.14412765204906464,-0.14412765204906464,0.019820211455225945,0.019820211455225945,12.090117454528809,-45.35356903076172,0.0,-3.130121,-2.929619312286377,2.905517101287842,-0.5307615399360657,-0.3606427013874054,2.953597372383617,-0.18068151007657574,2.768685817718506,-1.5704104900360107,-0.8235228657722473,-1.5704104900360107,-0.8235228657722473,-0.4000000059604645,-382.0738220214844,-0.4000000059604645,-387.4339904785156,0.0,311.5341186523504,-0.125,-2.25,2.25
17.16,82.16724395751953,82.16724395751953,-0.14291195571422577,-0.14291195571422577,0.021942511200904846,0.021942511200904846,12.031294822692871,-45.35525894165039,0.0,-3.137609,-2.936829090118408,2.8782031536102295,-0.5202904939651489,-0.3602340817451477,2.924851379397314,-0.17883790242900924,2.746692180633545,-1.5625046491622925,-0.7973338961601257,-1.5625046491622925,-0.7973338961601257,-0.4000000059604645,-375.8431396484375,-0.4000000059604645,-382.0738220214844,0.0,353.04107666016375,-0.125,-2.25,2.25
17.18,82.22655487060547,82.22655487060547,-0.1415829062461853,-0.1415829062461853,0.024134129285812378,0.024134129285812378,11.973038673400879,-45.356597900390625,0.0,3.1381624,-2.9440317153930664,2.8510608673095703,-0.5095559358596802,-0.3599385619163513,2.896238132625464,-0.17685770581444005,2.7253823280334473,-1.5521516799926758,-0.771329939365387,-1.5521516799926758,-0.771329939365387,-0.4000000059604645,-368.7823181152344,-0.4000000059604645,-375.8431396484375,0.0,392.5827026367271,-0.125,-2.25,2.25
17.2,82.28526306152344,82.28526306152344,-0.14013880491256714,-0.14013880491256714,0.0263990331441164,0.0263990331441164,11.91535758972168,-45.35761642456055,0.0,3.130824,-2.951227903366089,2.824136734008789,-0.4985595643520355,-0.3597634434700012,2.867805769501261,-0.17473486599315963,2.7047536373138428,-1.5394002199172974,-0.7455384731292725,-1.5394002199172974,-0.7455384731292725,-0.4000000059604645,-360.9306640625,-0.4000000059604645,-368.7823181152344,0.0,430.24902343750915,-0.125,-2.25,2.25
17.22,82.34339141845703,82.34339141845703,-0.13857781887054443,-0.13857781887054443,0.028740406036376953,0.028740406036376953,11.858227729797363,-45.35834884643555,0.0,3.1235573,-2.958423376083374,2.7974750995635986,-0.487305223941803,-0.3597155809402466,2.8396009075148814,-0.1724641504426164,2.6847984790802,-1.5243362188339233,-0.7199966907501221,-1.5243362188339233,-0.7199966907501221,-0.4000000059604645,-352.32568359375,-0.4000000059604645,-360.9306640625,0.0,466.1270141600834,-0.125,-2.25,2.25
17.240000000000002,82.40091705322266,82.40091705322266,-0.136898010969162,-0.136898010969162,0.03116019070148468,0.03116019070148468,11.801671028137207,-45.35880661010742,0.0,3.116367,-2.9656167030334473,2.771117925643921,-0.47579941153526306,-0.3598007559776306,2.8116684793628086,-0.17004140314282298,2.6655032634735107,-1.5070594549179077,-0.6947514414787292,-1.5070594549179077,-0.6947514414787292,-0.4000000059604645,-343.0031433105469,-0.4000000059604645,-352.32568359375,0.0,500.31585693360444,-0.125,-2.25,2.25
17.26,82.45787048339844,82.45787048339844,-0.135097473859787,-0.135097473859787,0.03365926444530487,0.03365926444530487,11.745654106140137,-45.359004974365234,0.0,3.1092474,-2.9728147983551025,2.745105266571045,-0.46405187249183655,-0.3600230813026428,2.7840522740996203,-0.16746380178052175,2.6468498706817627,-1.4876693487167358,-0.6698611378669739,-1.4876693487167358,-0.6698611378669739,-0.4000000059604645,-332.996826171875,-0.4000000059604645,-343.0031433105469,0.0,532.8979492187614,-0.125,-2.25,2.25
17.28,82.51425170898438,82.51425170898438,-0.133174329996109,-0.133174329996109,0.03623667359352112,0.03623667359352112,11.690184593200684,-45.358951568603516,0.0,3.1022005,-2.980018377304077,2.7194747924804688,-0.45207634568214417,-0.3603843152523041,2.7567945460737566,-0.1647302416510935,2.628812313079834,-1.4662548303604126,-0.6453978419303894,-1.4662548303604126,-0.6453978419303894,-0.4000000059604645,-322.3388671875,-0.4000000059604645,-332.996826171875,0.0,563.952636718762,-0.125,-2.25,2.25
17.3,82.57006072998047,82.57006072998047,-0.13112685084342957,-0.13112685084342957,0.038889288902282715,0.038889288902282715,11.635259628295898,-45.35866165161133,0.0,3.0952244,-2.9872305393218994,2.6942644119262695,-0.4398921728134155,-0.36088281869888306,2.7299387987782646,-0.16184186668849737,2.6113550662994385,-1.4428843259811401,-0.6214513182640076,-1.4428843259811401,-0.6214513182640076,-0.4000000059604645,-311.059814453125,-0.4000000059604645,-322.3388671875,0.0,593.5333251953251,-0.125,-2.25,2.25
17.32,82.62529754638672,82.62529754638672,-0.12895359098911285,-0.12895359098911285,0.041611138731241226,0.041611138731241226,11.58088207244873,-45.35811233520508,0.0,3.0883193,-2.9944517612457275,2.669511079788208,-0.42752599716186523,-0.3615124821662903,2.70352878352742,-0.15880290167027133,2.5944299697875977,-1.4176030158996582,-0.5981355905532837,-1.4176030158996582,-0.5981355905532837,-0.4000000059604645,-299.18914794921875,-0.4000000059604645,-311.059814453125,0.0,621.8948364257946,-0.125,-2.25,2.25
17.34,82.67999267578125,82.67999267578125,-0.12665347754955292,-0.12665347754955292,0.04439231753349304,0.04439231753349304,11.527019500732422,-45.35734558105469,0.0,3.0814826,-3.0016884803771973,2.6452512741088867,-0.4150142967700958,-0.3622615337371826,2.6776092264739204,-0.15562173239801239,2.5779740810394287,-1.3904305696487427,-0.5755950808525085,-1.3904305696487427,-0.5755950808525085,-0.4000000059604645,-286.7512512207031,-0.4000000059604645,-299.18914794921875,0.0,656.5338134765765,-0.125,-2.25,2.25
17.36,82.73413848876953,82.73413848876953,-0.12422606348991394,-0.12422606348991394,0.04721849784255028,0.04721849784255028,11.473673820495605,-45.356380462646484,0.0,3.074714,-3.008941173553467,2.6215224266052246,-0.40240490436553955,-0.36311203241348267,2.652227279147016,-0.1523116121665259,2.561915159225464,-1.3613859415054321,-0.5540080070495605,-1.3613859415054321,-0.5540080070495605,-0.4000000059604645,-273.6205749511719,-0.4000000059604645,-286.7512512207031,0.0,689.8757934570459,-0.125,-2.25,2.25
17.38,82.78775024414062,82.78775024414062,-0.12167169898748398,-0.12167169898748398,0.050071150064468384,0.050071150064468384,11.42083740234375,-45.355220794677734,0.0,3.0680125,-3.0162110328674316,2.5983614921569824,-0.38975584506988525,-0.3640415370464325,2.62743069607752,-0.1488905578289953,2.5462472438812256,-1.3304662704467773,-0.5335772037506104,-1.3304662704467773,-0.5335772037506104,-0.4000000059604645,-259.82305908203125,-0.4000000059604645,-273.6205749511719,0.0,721.8589782713715,-0.125,-2.25,2.25
17.400000000000002,82.84083557128906,82.84083557128906,-0.11899171024560928,-0.11899171024560928,0.05292905867099762,0.05292905867099762,11.36850357055664,-45.3538703918457,0.0,3.0613773,-3.023499011993408,2.5758039951324463,-0.377130389213562,-0.3650273382663727,2.603265939509186,-0.14537974211730056,2.530970335006714,-1.2977246046066284,-0.5145061016082764,-1.2977246046066284,-0.5145061016082764,-0.4000000059604645,-245.38587951660156,-0.4000000059604645,-259.82305908203125,0.0,752.4711608886879,-0.125,-2.25,2.25
17.42,82.89341735839844,82.89341735839844,-0.11618837714195251,-0.11618837714195251,0.05577076971530914,0.05577076971530914,11.316641807556152,-45.35234451293945,0.0,3.0548046,-3.030808448791504,2.553880214691162,-0.36459049582481384,-0.36605051159858704,2.579773319622629,-0.1418012993328361,2.5161237716674805,-1.2633392810821533,-0.49697044491767883,-1.2633392810821533,-0.49697044491767883,-0.4000000059604645,-230.33645629882812,-0.4000000059604645,-245.38587951660156,0.0,782.417297363298,-0.125,-2.25,2.25
17.44,82.94549560546875,82.94549560546875,-0.11326492577791214,-0.11326492577791214,0.05857627093791962,0.05857627093791962,11.265254020690918,-45.35063934326172,0.0,3.0482945,-3.0381381511688232,2.5326154232025146,-0.35219141840934753,-0.3670978248119354,2.55698644443893,-0.1381761848180893,2.501782178878784,-1.2275179624557495,-0.4810994863510132,-1.2275179624557495,-0.4810994863510132,-0.4000000059604645,-214.6881103515625,-0.4000000059604645,-230.33645629882812,0.0,811.582946777361,-0.125,-2.25,2.25
17.46,82.9970932006836,82.9970932006836,-0.11022534966468811,-0.11022534966468811,0.06132815405726433,0.06132815405726433,11.214320182800293,-45.34876251220703,0.0,3.0418446,-3.0454893112182617,2.5120339393615723,-0.339979887008667,-0.36816081404685974,2.534936061535842,-0.1345231017443809,2.488036632537842,-1.1903893947601318,-0.46697238087654114,-1.1903893947601318,-0.46697238087654114,-0.4000000059604645,-198.45645141601562,-0.4000000059604645,-214.6881103515625,0.0,839.1204833984553,-0.125,-2.25,2.25
17.48,83.0482177734375,83.0482177734375,-0.10707425326108932,-0.10707425326108932,0.06401188671588898,0.06401188671588898,11.163834571838379,-45.34671401977539,0.0,3.0354543,-3.052860975265503,2.492161989212036,-0.3279942274093628,-0.369234174489975,2.513653037650017,-0.1308582309289183,2.4749722480773926,-1.1519774198532104,-0.45462512969970703,-1.1519774198532104,-0.45462512969970703,-0.4000000059604645,-181.67404174804688,-0.4000000059604645,-198.45645141601562,0.0,864.939117431659,-0.125,-2.25,2.25
17.5,83.09889221191406,83.09889221191406,-0.10381665825843811,-0.10381665825843811,0.06661510467529297,0.06661510467529297,11.113768577575684,-45.34449768066406,0.0,3.0291202,-3.0602548122406006,2.4730277061462402,-0.3162660002708435,-0.37031421065330505,2.4931687103552083,-0.12719572873295823,2.462655782699585,-1.11225163936615,-0.4440610408782959,-1.11225163936615,-0.4440610408782959,-0.4000000059604645,-164.37525939941406,-0.4000000059604645,-181.67404174804688,0.0,879.2243957519719,-0.125,-2.25,2.25
17.52,83.14912414550781,83.14912414550781,-0.10045792162418365,-0.10045792162418365,0.06912698596715927,0.06912698596715927,11.06412124633789,-45.34211349487305,0.0,3.0228412,-3.06766939163208,2.454660415649414,-0.3048214018344879,-0.37139809131622314,2.4735144719957667,-0.12354819919076362,2.4511406421661377,-1.071173906326294,-0.4352604150772095,-1.071173906326294,-0.4352604150772095,-0.4000000059604645,-146.790771484375,-0.4000000059604645,-164.37525939941406,0.0,925.0091552734572,-0.125,-2.25,2.25
17.54,83.19894409179688,83.19894409179688,-0.09700364619493484,-0.09700364619493484,0.07153796404600143,0.07153796404600143,11.014863014221191,-45.339561462402344,0.0,3.0166132,-3.075106620788574,2.4370853900909424,-0.2936824858188629,-0.3724834620952606,2.454716806695116,-0.11992733855121838,2.4403977394104004,-1.0288416147232056,-0.428188681602478,-1.0288416147232056,-0.428188681602478,-0.4000000059604645,-128.29058837890625,-0.4000000059604645,-146.790771484375,0.0,975.5867004394739,-0.125,-2.25,2.25
17.56,83.24834442138672,83.24834442138672,-0.0934595912694931,-0.0934595912694931,0.07384004443883896,0.07384004443883896,10.965996742248535,-45.33684539794922,0.0,3.0104387,-3.082563638687134,2.4203362464904785,-0.28286755084991455,-0.37356892228126526,2.436809717109534,-0.11634338826037918,2.430671215057373,-0.9850428700447083,-0.42279788851737976,-0.9850428700447083,-0.42279788851737976,-0.4000000059604645,-108.77885437011719,-0.4000000059604645,-128.29058837890625,0.0,1024.3762969969102,-0.125,-2.25,2.25
17.580000000000002,83.29736328125,83.29736328125,-0.08983155339956284,-0.08983155339956284,0.07602745294570923,0.07602745294570923,10.917491912841797,-45.333953857421875,0.0,3.0043116,-3.0900425910949707,2.404466152191162,-0.27239057421684265,-0.37465429306030273,2.41984588392632,-0.11280434080551713,2.422117233276367,-0.9392108917236328,-0.4190274775028229,-0.9392108917236328,-0.4190274775028229,-0.4000000059604645,-88.29132843017578,-0.4000000059604645,-108.77885437011719,0.0,1071.052551269554,-0.125,-2.25,2.25
17.6,83.34602355957031,83.34602355957031,-0.08612524718046188,-0.08612524718046188,0.07809559255838394,0.07809559255838394,10.86932373046875,-45.33089065551758,0.0,2.9982285,-3.097543716430664,2.389535903930664,-0.2622630298137665,-0.3757404088973999,2.403885133067059,-0.10931724953248664,2.414820432662964,-0.8908977508544922,-0.4168131947517395,-0.8908977508544922,-0.4168131947517395,-0.4000000059604645,-66.87027740478516,-0.4000000059604645,-88.29132843017578,0.0,1117.9306030273676,-0.125,-2.25,2.25
17.62,83.39434051513672,83.39434051513672,-0.08234626799821854,-0.08234626799821854,0.08004017174243927,0.08004017174243927,10.821475982666016,-45.327659606933594,0.0,2.992189,-3.105067014694214,2.375605821609497,-0.2524949014186859,-0.3768292963504791,2.388986541382635,-0.10588898845575076,2.4088399410247803,-0.8398702144622803,-0.41609257459640503,-0.8398702144622803,-0.41609257459640503,-0.4000000059604645,-44.51166534423828,-0.4000000059604645,-66.87027740478516,0.0,1166.1797523498783,-0.125,-2.25,2.25
17.64,83.44233703613281,83.44233703613281,-0.07850008457899094,-0.07850008457899094,0.08185718208551407,0.08185718208551407,10.77392578125,-45.32424545288086,0.0,2.9861898,-3.112612724304199,2.362736701965332,-0.24309495091438293,-0.37792423367500305,2.375209438759892,-0.10252626880323429,2.4042418003082275,-0.7860278487205505,-0.41680631041526794,-0.7860278487205505,-0.41680631041526794,-0.4000000059604645,-21.18807029724121,-0.4000000059604645,-44.51166534423828,0.0,1211.0456228256485,-0.125,-2.25,2.25
17.66,83.49002838134766,83.49002838134766,-0.07459200173616409,-0.07459200173616409,0.0835428461432457,0.0835428461432457,10.726669311523438,-45.320655822753906,0.0,2.9802282,-3.120178461074829,2.350989580154419,-0.23407091200351715,-0.37902966141700745,2.3626132137615774,-0.09923568105042228,2.4011032581329346,-0.7293042540550232,-0.41889819502830505,-0.7293042540550232,-0.41889819502830505,-0.4000000059604645,3.0328421592712402,-0.4000000059604645,-21.18807029724121,0.0,1249.6999025345115,-0.125,-2.25,2.25
17.68,83.53746032714844,83.53746032714844,-0.07062718272209167,-0.07062718272209167,0.08509359508752823,0.08509359508752823,10.67965316772461,-45.31687927246094,0.0,2.9742992,-3.1277689933776855,2.340425729751587,-0.2254292219877243,-0.3801509737968445,2.351257308464822,-0.09602352887432025,2.399472951889038,-0.6696914434432983,-0.42231500148773193,-0.6696914434432983,-0.42231500148773193,-0.4000000059604645,28.026840209960938,-0.4000000059604645,3.0328421592712402,0.0,1285.8453750610627,-0.125,-2.25,2.25
17.7,83.58463287353516,83.58463287353516,-0.06661063432693481,-0.06661063432693481,0.0865059420466423,0.0865059420466423,10.632877349853516,-45.31291961669922,0.0,2.9684021,-3.135380983352661,2.3311007022857666,-0.21717539429664612,-0.3812941014766693,2.3411953434271773,-0.09289616491622035,2.399369955062866,-0.6073068976402283,-0.427007257938385,-0.6073068976402283,-0.427007257938385,-0.4000000059604645,53.74374771118164,-0.4000000059604645,28.026840209960938,0.0,1319.4845199585243,-0.125,-2.25,2.25
17.72,83.631591796875,83.631591796875,-0.0625472292304039,-0.0625472292304039,0.08777666091918945,0.08777666091918945,10.586308479309082,-45.30876159667969,0.0,2.9625328,3.140169143676758,2.323065757751465,-0.20931388437747955,-0.3824654519557953,2.332476541582053,-0.08985978645855006,2.4008281230926514,-0.5423333644866943,-0.43292874097824097,-0.5423333644866943,-0.43292874097824097,-0.4000000059604645,80.13343811035156,-0.4000000059604645,53.74374771118164,0.0,1350.61798095682,-0.125,-2.25,2.25
17.740000000000002,83.67835998535156,83.67835998535156,-0.05844171345233917,-0.05844171345233917,0.08890266716480255,0.08890266716480255,10.539913177490234,-45.30440139770508,0.0,2.956687,3.1325089931488037,2.316368579864502,-0.20184795558452606,-0.3836715817451477,2.325146445916287,-0.08692026466497603,2.403883457183838,-0.4749516248703003,-0.44003504514694214,-0.4749516248703003,-0.44003504514694214,-0.4000000059604645,107.14579772949219,-0.4000000059604645,80.13343811035156,0.0,1379.2533874512012,-0.125,-2.25,2.25
17.76,83.72496032714844,83.72496032714844,-0.05429873242974281,-0.05429873242974281,0.08988150954246521,0.08988150954246521,10.493683815002441,-45.299842834472656,0.0,2.9508617,3.124826192855835,2.311053991317749,-0.19477951526641846,-0.384919136762619,2.3192476388590157,-0.08408296503547517,2.408573627471924,-0.4053315222263336,-0.4482831060886383,-0.4053315222263336,-0.4482831060886383,-0.4000000059604645,134.73086547851562,-0.4000000059604645,107.14579772949219,0.0,1405.3939819336238,-0.125,-2.25,2.25
17.78,83.77142333984375,83.77142333984375,-0.05012280121445656,-0.05012280121445656,0.0907110720872879,0.0907110720872879,10.447576522827148,-45.29507064819336,0.0,2.9450538,3.117116928100586,2.3071632385253906,-0.18810918927192688,-0.3862146735191345,2.3148190590824824,-0.08135272674400826,2.4149343967437744,-0.33363357186317444,-0.4576311409473419,-0.33363357186317444,-0.4576311409473419,-0.4000000059604645,162.8387451171875,-0.4000000059604645,134.73086547851562,0.0,1429.055786132843,-0.125,-2.25,2.25
17.8,83.81777954101562,83.81777954101562,-0.0459183044731617,-0.0459183044731617,0.09139004349708557,0.09139004349708557,10.401583671569824,-45.29005813598633,0.0,2.9392593,3.1093831062316895,2.304734706878662,-0.18183627724647522,-0.3875645399093628,2.311896732298813,-0.07873374182559412,2.4230003356933594,-0.26001328229904175,-0.4680383801460266,-0.26001328229904175,-0.4680383801460266,-0.4000000059604645,191.41986083984375,-0.4000000059604645,162.8387451171875,0.0,1450.244903564484,-0.125,-2.25,2.25
17.82,83.86406707763672,83.86406707763672,-0.041689541190862656,-0.041689541190862656,0.09191754460334778,0.09191754460334778,10.35565185546875,-45.28480911254883,0.0,2.9334736,3.1016199588775635,2.3038041591644287,-0.1759590059518814,-0.3889748454093933,2.3105140500674075,-0.07622958899004778,2.432804822921753,-0.18462440371513367,-0.4794657826423645,-0.18462440371513367,-0.4794657826423645,-0.4000000059604645,220.4247589111328,-0.4000000059604645,191.41986083984375,0.0,1469.0330505371408,-0.125,-2.25,2.25
17.84,83.91030883789062,83.91030883789062,-0.03744067996740341,-0.03744067996740341,0.09229323267936707,0.09229323267936707,10.309772491455078,-45.27931594848633,0.0,2.9276934,3.0938291549682617,2.3044040203094482,-0.17047463357448578,-0.3904514014720917,2.310701081817097,-0.07384324245797166,2.444380521774292,-0.10762004554271698,-0.4918762743473053,-0.10762004554271698,-0.4918762743473053,-0.4000000059604645,249.805419921875,-0.4000000059604645,220.4247589111328,0.0,1486.2304687500316,-0.125,-2.25,2.25
17.86,83.95654296875,83.95654296875,-0.03317580372095108,-0.03317580372095108,0.09251756966114044,0.09251756966114044,10.263908386230469,-45.27357482910156,0.0,2.9219139,3.0860085487365723,2.30656361579895,-0.16537941992282867,-0.39199966192245483,2.3124848250878403,-0.07157699647719556,2.4577574729919434,-0.0291482862085104,-0.5052345991134644,-0.0291482862085104,-0.5052345991134644,-0.4000000059604645,279.530029296875,-0.4000000059604645,249.805419921875,0.0,1504.8065185547196,-0.125,-2.25,2.25
17.88,84.00279998779297,84.00279998779297,-0.02889888547360897,-0.02889888547360897,0.09259147197008133,0.09259147197008133,10.218021392822266,-45.26757049560547,0.0,2.9161313,3.078155279159546,2.310310125350952,-0.16066889464855194,-0.39362475275993347,2.3158901893239063,-0.06943250681309208,2.472970485687256,0.05065063387155533,-0.5195079445838928,0.05065063387155533,-0.5195079445838928,-0.4000000059604645,309.62615966796875,-0.4000000059604645,279.530029296875,0.0,1519.6289062497624,-0.125,-2.25,2.25
17.900000000000002,84.04911041259766,84.04911041259766,-0.02461380325257778,-0.02461380325257778,0.09251659363508224,0.09251659363508224,10.17209529876709,-45.26129150390625,0.0,2.9103427,3.07027006149292,2.3156697750091553,-0.15633772313594818,-0.3953315317630768,2.320941186365196,-0.067410665889854,2.490074634552002,0.13169537484645844,-0.5346651673316956,0.13169537484645844,-0.5346651673316956,-0.4000000059604645,340.01873779296875,-0.4000000059604645,309.62615966796875,0.0,1532.276916503939,-0.125,-2.25,2.25
17.92,84.09551239013672,84.09551239013672,-0.0203243400901556,-0.0203243400901556,0.09229522198438644,0.09229522198438644,10.126093864440918,-45.254730224609375,0.0,2.9045427,3.062349557876587,2.322667360305786,-0.15237993001937866,-0.3971242904663086,2.3276604799030634,-0.06551169418607077,2.5090956687927246,0.2139061540365219,-0.550677478313446,0.2139061540365219,-0.550677478313446,-0.4000000059604645,370.6642761230469,-0.4000000059604645,340.01873779296875,0.0,1568.3959960937834,-0.125,-2.25,2.25
17.94,84.14203643798828,84.14203643798828,-0.016034185886383057,-0.016034185886383057,0.09193017333745956,0.09193017333745956,10.079980850219727,-45.24786376953125,0.0,2.8987274,3.054391860961914,2.331324577331543,-0.14878922700881958,-0.3990069329738617,2.3360677470792623,-0.0637353133180308,2.5300607681274414,0.297162801027298,-0.5675202012062073,0.297162801027298,-0.5675202012062073,-0.4000000059604645,402.0321960449219,-0.4000000059604645,370.6642761230469,0.0,1605.6274414062843,-0.125,-2.25,2.25
17.96,84.18872833251953,84.18872833251953,-0.011746936477720737,-0.011746936477720737,0.09142546355724335,0.09142546355724335,10.033732414245605,-45.240684509277344,0.0,2.8928907,3.046396017074585,2.341672897338867,-0.14555807411670685,-0.40098369121551514,2.346192471020221,-0.06207999256904969,2.5531723499298096,0.3816753923892975,-0.585167407989502,0.3816753923892975,-0.585167407989502,-0.4000000059604645,434.1447448730469,-0.4000000059604645,402.0321960449219,0.0,1649.1088867187852,-0.125,-2.25,2.25
17.98,84.23561096191406,84.23561096191406,-0.007466025650501251,-0.007466025650501251,0.09078653901815414,0.09078653901815414,9.987313270568848,-45.233177185058594,0.0,2.8870304,3.0383596420288086,2.353755474090576,-0.14267714321613312,-0.40305855870246887,2.3580758255424423,-0.06054272765291358,2.578543186187744,0.4678648114204407,-0.60359126329422,0.4678648114204407,-0.60359126329422,-0.4000000059604645,467.1269226074219,-0.4000000059604645,434.1447448730469,0.0,1691.032409668005,-0.125,-2.25,2.25
18.0,84.28272247314453,84.28272247314453,-0.003194682765752077,-0.003194682765752077,0.09001961350440979,0.09001961350440979,9.940694808959961,-45.225318908691406,0.0,2.881141,3.030280351638794,2.367623805999756,-0.14013677835464478,-0.40523526072502136,2.3717674429387863,-0.05911981180902014,2.6063005924224854,0.5561030507087708,-0.6227683424949646,0.5561030507087708,-0.6227683424949646,-0.4000000059604645,500.94757080078125,-0.4000000059604645,467.1269226074219,0.0,1731.0333251953493,-0.125,-2.25,2.25
18.02,84.33009338378906,84.33009338378906,0.001064083888195455,0.001064083888195455,0.08913110196590424,0.08913110196590424,9.893854141235352,-45.217098236083984,0.0,2.8752196,3.022157907485962,2.383330821990967,-0.13792763650417328,-0.40751737356185913,2.3873185459765867,-0.05780731908381242,2.6365292072296143,0.6466394066810608,-0.6426824927330017,0.6466394066810608,-0.6426824927330017,-0.4000000059604645,535.5682373046875,-0.4000000059604645,500.94757080078125,0.0,1769.0185546875377,-0.125,-2.25,2.25
18.04,84.37777709960938,84.37777709960938,0.005307462066411972,0.005307462066411972,0.08812747895717621,0.08812747895717621,9.8467435836792,-45.20850372314453,0.0,2.8692594,3.0139880180358887,2.4009294509887695,-0.1360412836074829,-0.4099082052707672,2.4047805428917637,-0.05660140208515221,2.6693010330200195,0.73955899477005,-0.6633269786834717,0.73955899477005,-0.6633269786834717,-0.4000000059604645,570.9486083984375,-0.4000000059604645,535.5682373046875,0.0,1804.9255371094134,-0.125,-2.25,2.25
18.06,84.4258041381836,84.4258041381836,0.009532814845442772,0.009532814845442772,0.08701494336128235,0.08701494336128235,9.799330711364746,-45.19950485229492,0.0,2.8632565,3.0057690143585205,2.42046856880188,-0.1344704031944275,-0.41241100430488586,2.424200978032369,-0.05549847524079621,2.704683542251587,0.8348360061645508,-0.684704601764679,0.8348360061645508,-0.684704601764679,-0.4000000059604645,607.047119140625,-0.4000000059604645,570.9486083984375,0.0,1838.41247558565,-0.125,-2.25,2.25
18.080000000000002,84.47421264648438,84.47421264648438,0.013737634755671024,0.013737634755671024,0.08579963445663452,0.08579963445663452,9.75158977508545,-45.190086364746094,0.0,2.8572047,2.997499465942383,2.441995143890381,-0.13320858776569366,-0.4150286614894867,2.4456256480988117,-0.0544950706551029,2.7427425384521484,0.9323827624320984,-0.7068257331848145,0.9323827624320984,-0.7068257331848145,-0.4000000059604645,643.8153686523438,-0.4000000059604645,607.047119140625,0.0,1855.709838867227,-0.125,-2.25,2.25
18.1,84.52304077148438,84.52304077148438,0.017919527366757393,0.017919527366757393,0.08448769152164459,0.08448769152164459,9.703485488891602,-45.18022918701172,0.0,2.8511019,2.9891765117645264,2.465552806854248,-0.13225014507770538,-0.4177635610103607,2.469097151644693,-0.053587791089214284,2.7835400104522705,1.0320762395858765,-0.7297071218490601,1.0320762395858765,-0.7297071218490601,-0.4000000059604645,680.9295654296875,-0.4000000059604645,643.8153686523438,0.0,1868.7561035156648,-0.125,-2.25,2.25
18.12,84.57232666015625,84.57232666015625,0.02207617647945881,0.02207617647945881,0.08308487385511398,0.08308487385511398,9.654986381530762,-45.1699104309082,0.0,2.8449411,2.9807987213134766,2.491175413131714,-0.1315905898809433,-0.42061707377433777,2.494648476707125,-0.05277364413849534,2.8270394802093506,1.1335961818695068,-0.7533733248710632,1.1335961818695068,-0.7533733248710632,-0.4000000059604645,718.3046875,-0.4000000059604645,680.9295654296875,0.0,1886.9812011719152,-0.125,-2.25,2.25
18.14,84.62211608886719,84.62211608886719,0.026205286383628845,0.026205286383628845,0.08159656077623367,0.08159656077623367,9.606056213378906,-45.15911102294922,0.0,2.838717,2.9723637104034424,2.5188846588134766,-0.13122670352458954,-0.42358970642089844,2.522300610974793,-0.05205009077008511,2.8732476234436035,1.236497402191162,-0.7778556942939758,1.236497402191162,-0.7778556942939758,-0.4000000059604645,756.0443115234375,-0.4000000059604645,718.3046875,0.0,1903.659057617228,-0.125,-2.25,2.25
18.16,84.67247009277344,84.67247009277344,0.03030453994870186,0.03030453994870186,0.08002837002277374,0.08002837002277374,9.55663776397705,-45.14779281616211,0.0,2.8324227,2.963865280151367,2.5487008094787598,-0.13115540146827698,-0.42668163776397705,2.5520731877381553,-0.051414357320222016,2.9222447872161865,1.3405075073242188,-0.8031862378120422,1.3405075073242188,-0.8031862378120422,-0.4000000059604645,794.1174926757812,-0.4000000059604645,756.0443115234375,0.0,1910.1104736328532,-0.125,-2.25,2.25
18.18,84.72340393066406,84.72340393066406,0.034371618181467056,0.034371618181467056,0.07838653028011322,0.07838653028011322,9.506723403930664,-45.135948181152344,0.0,2.826056,2.955305576324463,2.580644130706787,-0.13137291371822357,-0.42989206314086914,2.583985869119683,-0.05086311703655714,2.974088430404663,1.4455167055130005,-0.8293949365615845,1.4455167055130005,-0.8293949365615845,-0.4000000059604645,832.3197021484375,-0.4000000059604645,794.1174926757812,0.0,1914.4622802734782,-0.125,-2.25,2.25
18.2,84.77497100830078,84.77497100830078,0.03840421885251999,0.03840421885251999,0.07667751610279083,0.07667751610279083,9.456268310546875,-45.123538970947266,0.0,2.8196106,2.9466803073883057,2.6147303581237793,-0.13187533617019653,-0.43321892619132996,2.618053847800711,-0.050392839590035404,3.028764247894287,1.551337480545044,-0.8565115332603455,1.551337480545044,-0.8565115332603455,-0.4000000059604645,870.6089477539062,-0.4000000059604645,832.3197021484375,0.0,1910.7055664062907,-0.125,-2.25,2.25
18.22,84.82720947265625,84.82720947265625,0.04240003600716591,0.04240003600716591,0.07490785419940948,0.07490785419940948,9.405241966247559,-45.11054611206055,0.0,2.8130808,2.9379875659942627,2.6509690284729004,-0.1326591521501541,-0.4366590678691864,2.6542862017069204,-0.05000005008818153,3.086289167404175,1.6577091217041016,-0.8845674991607666,1.6577091217041016,-0.8845674991607666,-0.4000000059604645,908.8230590820312,-0.4000000059604645,870.6089477539062,0.0,1907.391357421577,-0.125,-2.25,2.25
18.240000000000002,84.88015747070312,84.88015747070312,0.046356771141290665,0.046356771141290665,0.07308411598205566,0.07308411598205566,9.353618621826172,-45.0969352722168,0.0,2.8064623,2.929226875305176,2.6893625259399414,-0.1337210237979889,-0.44020888209342957,2.6926849255224132,-0.049681285551813635,3.146641492843628,1.7643389701843262,-0.9135949611663818,1.7643389701843262,-0.9135949611663818,-0.4000000059604645,946.9708862304688,-0.4000000059604645,908.8230590820312,0.0,1941.5496826172289,-0.125,-2.25,2.25
18.26,84.93386840820312,84.93386840820312,0.05027210712432861,0.05027210712432861,0.07121305167675018,0.07121305167675018,9.301352500915527,-45.082679748535156,0.0,2.7997477,2.920393705368042,2.7299089431762695,-0.13505762815475464,-0.44386401772499084,2.7332477752586875,-0.04943300421801418,3.209841728210449,1.8709653615951538,-0.9436254501342773,1.8709653615951538,-0.9436254501342773,-0.4000000059604645,985.8018798828125,-0.4000000059604645,946.9708862304688,0.0,709.9060058593901,-0.125,-2.25,2.25
18.28,84.9883804321289,84.9883804321289,0.05414377152919769,0.05414377152919769,0.0693025141954422,0.0693025141954422,9.248416900634766,-45.0677490234375,0.0,2.7929342,2.911487340927124,2.772620916366577,-0.13666364550590515,-0.4476206600666046,2.7759869772526673,-0.04925055888995207,3.276188373565674,1.9778881072998047,-0.9746809005737305,1.9778881072998047,-0.9746809005737305,-0.4000000059604645,1000.0,-0.4000000059604645,985.8018798828125,0.0,0.0,-0.125,-2.25,2.25
18.3,85.04373931884766,85.04373931884766,0.05796915292739868,0.05796915292739868,0.06733532249927521,0.06733532249927521,9.194767951965332,-45.0521125793457,0.0,2.7860146,2.902503490447998,2.817003011703491,-0.13857977092266083,-0.45144808292388916,2.82040960161029,-0.0491544177319853,3.3366379737854004,2.070652484893799,-1.006980061531067,2.070652484893799,-1.006980061531067,-0.4000000059604645,1000.0,-0.4000000059604645,1000.0,0.0,0.0,-0.125,-2.25,2.25
18.32,85.09996032714844,85.09996032714844,0.06174229830503464,0.06174229830503464,0.06526421010494232,0.06526421010494232,9.140416145324707,-45.035743713378906,0.0,2.7789865,2.893444299697876,2.862067461013794,-0.14090926945209503,-0.4553473889827728,2.8655340817396446,-0.049193663475904655,3.3911924362182617,2.13151216506958,-1.0409544706344604,2.13151216506958,-1.0409544706344604,-0.4000000059604645,1000.0,-0.4000000059604645,1000.0,0.0,0.0,-0.125,-2.25,2.25
18.34,85.15705871582031,85.15705871582031,0.06545338034629822,0.06545338034629822,0.06306491047143936,0.06306491047143936,9.085350036621094,-45.01860809326172,0.0,2.7718494,2.884305953979492,2.9072179794311523,-0.14370973408222198,-0.45935705304145813,2.9107677453891325,-0.04939184248665576,3.444338321685791,2.16241192817688,-1.0767710208892822,2.16241192817688,-1.0767710208892822,-0.4000000059604645,1000.0,-0.4000000059604645,1000.0,0.0,0.0,-0.125,-2.25,2.25
18.36,85.21503448486328,85.21503448486328,0.06909121572971344,0.06909121572971344,0.06074666604399681,0.06074666604399681,9.029576301574707,-45.00068283081055,0.0,2.7646027,2.8750860691070557,2.9523062705993652,-0.14696140587329865,-0.4634884297847748,2.9559617673841094,-0.04973745517594907,3.4973015785217285,2.175002336502075,-1.1142451763153076,2.175002336502075,-1.1142451763153076,-0.4000000059604645,1000.0,-0.4000000059604645,1000.0,0.0,0.0,-0.125,-2.25,2.25
18.38,85.27388763427734,85.27388763427734,0.07264511287212372,0.07264511287212372,0.05833207070827484,0.05833207070827484,8.973132133483887,-44.9819221496582,0.0,2.757246,2.8657824993133545,2.9973232746124268,-0.15060871839523315,-0.4677145481109619,3.0011047630147827,-0.05020551412471019,3.55033016204834,2.178309917449951,-1.1530516147613525,2.178309917449951,-1.1530516147613525,-0.4000000059604645,1000.0,-0.4000000059604645,1000.0,0.0,0.0,-0.125,-2.25,2.25
18.400000000000002,85.3336181640625,85.3336181640625,0.07610554248094559,0.07610554248094559,0.0558454692363739,0.0558454692363739,8.916031837463379,-44.96229934692383,0.0,2.7497795,2.8563950061798096,3.0422935485839844,-0.15459011495113373,-0.4719932973384857,3.0462186624397694,-0.05077000826857026,3.6034293174743652,2.177561044692993,-1.1928602457046509,2.177561044692993,-1.1928602457046509,-0.4000000059604645,1000.0,-0.4000000059604645,1000.0,0.0,0.0,-0.125,-2.25,2.25
18.42,85.39422607421875,85.39422607421875,0.07946418970823288,0.07946418970823288,0.053308188915252686,0.053308188915252686,8.858267784118652,-44.94180679321289,0.0,2.742203,2.8469200134277344,3.0872421264648438,-0.15885157883167267,-0.4762844145298004,3.091326215642161,-0.051408864688198844,3.6565699577331543,2.175358533859253,-1.2333931922912598,2.175358533859253,-1.2333931922912598,-0.4000000059604645,1000.0,-0.4000000059604645,1000.0,0.0,0.0,-0.125,-2.25,2.25
18.44,85.4557113647461,85.4557113647461,0.08271380513906479,0.08271380513906479,0.0507374070584774,0.0507374070584774,8.799864768981934,-44.920433044433594,0.0,2.7345178,2.837360143661499,3.132188558578491,-0.16335034370422363,-0.48055604100227356,3.136445201382976,-0.052104937470529515,3.7097342014312744,2.172844409942627,-1.2744364738464355,2.172844409942627,-1.2744364738464355,-0.4000000059604645,1000.0,-0.4000000059604645,1000.0,0.0,0.0,-0.125,-2.25,2.25
18.46,85.51806640625,85.51806640625,0.08584803342819214,0.08584803342819214,0.0481465719640255,0.0481465719640255,8.740835189819336,-44.898155212402344,0.0,2.7267232,2.8277151584625244,3.1771466732025146,-0.16805410385131836,-0.48478594422340393,3.1815881513582296,-0.05284541568220893,3.762917995452881,2.1704444885253906,-1.315832257270813,2.1704444885253906,-1.315832257270813,-0.4000000059604645,1000.0,-0.4000000059604645,1000.0,0.0,0.0,-0.125,-2.25,2.25
18.48,85.581298828125,85.581298828125,0.08886124193668365,0.08886124193668365,0.04554624855518341,0.04554624855518341,8.681221961975098,-44.8748893737793,0.0,2.718819,2.817986011505127,3.222125768661499,-0.17293867468833923,-0.488959938287735,3.226763433267988,-0.05362078068130324,3.8161253929138184,2.168273448944092,-1.3574671745300293,2.168273448944092,-1.3574671745300293,-0.4000000059604645,1000.0,-0.4000000059604645,1000.0,0.0,0.0,-0.125,-2.25,2.25
18.5,85.6454086303711,85.6454086303711,0.09174837917089462,0.09174837917089462,0.04294486716389656,0.04294486716389656,8.621016502380371,-44.85067367553711,0.0,2.7108057,2.8081743717193604,3.2671332359313965,-0.1779858022928238,-0.4930698275566101,3.271977769965037,-0.054423871306355814,3.8693625926971436,2.166325807571411,-1.3992584943771362,2.166325807571411,-1.3992584943771362,-0.4000000059604645,1000.0,-0.4000000059604645,1000.0,0.0,0.0,-0.125,-2.25,2.25
18.52,85.71039581298828,85.71039581298828,0.09450486302375793,0.09450486302375793,0.040349386632442474,0.040349386632442474,8.560219764709473,-44.82548904418945,0.0,2.7026825,2.7982804775238037,3.3121731281280518,-0.1831813007593155,-0.497111439704895,3.317234724833538,-0.05524918850124299,3.9226365089416504,2.164562225341797,-1.4411466121673584,2.164562225341797,-1.4411466121673584,-0.4000000059604645,1000.0,-0.4000000059604645,1000.0,0.0,0.0,-0.125,-2.25,2.25
18.54,85.77626037597656,85.77626037597656,0.09712657332420349,0.09712657332420349,0.037765733897686005,0.037765733897686005,8.498875617980957,-44.79928970336914,0.0,2.6944487,2.788306713104248,3.357250452041626,-0.18851372599601746,-0.5010833740234375,3.3625389250717386,-0.056092322343874,3.9759531021118164,2.1629414558410645,-1.483087420463562,2.1629414558410645,-1.483087420463562,-0.4000000059604645,1000.0,-0.4000000059604645,1000.0,0.0,0.0,-0.125,-2.25,2.25
18.56,85.84300994873047,85.84300994873047,0.09960978478193283,0.09960978478193283,0.03519902005791664,0.03519902005791664,8.43699836730957,-44.772037506103516,0.0,2.6861053,2.7782537937164307,3.4023678302764893,-0.19397349655628204,-0.5049858093261719,3.4078926875514455,-0.056949676912426556,4.029317378997803,2.1614274978637695,-1.5250475406646729,2.1614274978637695,-1.5250475406646729,-0.4000000059604645,1000.0,-0.4000000059604645,1000.0,0.0,0.0,-0.125,-2.25,2.25
18.580000000000002,85.91064453125,85.91064453125,0.10195113718509674,0.10195113718509674,0.03265389800071716,0.03265389800071716,8.374577522277832,-44.74376678466797,0.0,2.6776512,2.768123149871826,3.447528839111328,-0.1995522677898407,-0.5088202357292175,3.4532993215306966,-0.05781818328802165,4.082732200622559,2.1599936485290527,-1.5670017004013062,2.1599936485290527,-1.5670017004013062,-0.4000000059604645,1000.0,-0.4000000059604645,1000.0,0.0,0.0,-0.125,-2.25,2.25
18.6,85.97915649414062,85.97915649414062,0.10414761304855347,0.10414761304855347,0.030134491622447968,0.030134491622447968,8.311662673950195,-44.71440505981445,0.0,2.6690872,2.7579169273376465,3.4927356243133545,-0.20524263381958008,-0.5125883221626282,3.498760734900973,-0.058695219435652854,4.13620138168335,2.158618927001953,-1.6089301109313965,2.158618927001953,-1.6089301109313965,-0.4000000059604645,1000.0,-0.4000000059604645,1000.0,0.0,0.0,-0.125,-2.25,2.25
18.62,86.0485610961914,86.0485610961914,0.10619655251502991,0.10619655251502991,0.027644634246826172,0.027644634246826172,8.248251914978027,-44.68394088745117,0.0,2.6604118,2.747634172439575,3.5379910469055176,-0.21103772521018982,-0.5162924528121948,3.5442795557694784,-0.05957843425438195,4.189727783203125,2.1572906970977783,-1.650817632675171,2.1572906970977783,-1.650817632675171,-0.4000000059604645,1000.0,-0.4000000059604645,1000.0,0.0,0.0,-0.125,-2.25,2.25
18.64,86.11884307861328,86.11884307861328,0.10809561610221863,0.10809561610221863,0.02518787421286106,0.02518787421286106,8.184358596801758,-44.65241241455078,0.0,2.6516266,2.7372796535491943,3.58329701423645,-0.21693116426467896,-0.5199348330497742,3.5898574654525057,-0.06046574550518035,4.243313312530518,2.1559958457946777,-1.6926524639129639,2.1559958457946777,-1.6926524639129639,-0.4000000059604645,1000.0,-0.4000000059604645,1000.0,0.0,0.0,-0.125,-2.25,2.25
18.66,86.19001007080078,86.19001007080078,0.10984279215335846,0.10984279215335846,0.02276749536395073,0.02276749536395073,8.120050430297852,-44.61968231201172,0.0,2.6427302,2.726853132247925,3.628654956817627,-0.22291696071624756,-0.5235180854797363,3.635495670058225,-0.06135528774090924,4.29695987701416,2.154729127883911,-1.7344253063201904,2.154729127883911,-1.7344253063201904,-0.4000000059604645,1000.0,-0.4000000059604645,1000.0,0.0,0.0,-0.125,-2.25,2.25
18.68,86.26206970214844,86.26206970214844,0.1114364042878151,0.1114364042878151,0.020386623218655586,0.020386623218655586,8.055281639099121,-44.58586120605469,0.0,2.633723,2.716355085372925,3.674067497253418,-0.2289893478155136,-0.5270446538925171,3.681196557613702,-0.062245327092248816,4.350667476654053,2.1534810066223145,-1.776129126548767,2.1534810066223145,-1.776129126548767,-0.4000000059604645,1000.0,-0.4000000059604645,1000.0,0.0,0.0,-0.125,-2.25,2.25
18.7,86.33502197265625,86.33502197265625,0.1128750815987587,0.1128750815987587,0.018048182129859924,0.018048182129859924,7.990109443664551,-44.55083084106445,0.0,2.6246037,2.7057862281799316,3.719536066055298,-0.235142782330513,-0.5305168032646179,3.7269613191939968,-0.06313429242864972,4.4044389724731445,2.152244806289673,-1.8177586793899536,2.152244806289673,-1.8177586793899536,-0.4000000059604645,1000.0,-0.4000000059604645,1000.0,0.0,0.0,-0.125,-2.25,2.25
18.72,86.40887451171875,86.40887451171875,0.1141577810049057,0.1141577810049057,0.01575491577386856,0.01575491577386856,7.924522876739502,-44.514625549316406,0.0,2.6153724,2.6951475143432617,3.765061616897583,-0.2413720190525055,-0.5339369773864746,3.772790668804317,-0.06402077474138627,4.458274841308594,2.1510159969329834,-1.8593103885650635,2.1510159969329834,-1.8593103885650635,-0.4000000059604645,1000.0,-0.4000000059604645,1000.0,0.0,0.0,-0.125,-2.25,2.25
18.740000000000002,86.4836196899414,86.4836196899414,0.11528375744819641,0.11528375744819641,0.013509422540664673,0.013509422540664673,7.858578681945801,-44.477203369140625,0.0,2.606029,2.6844420433044434,3.8106460571289062,-0.24767187237739563,-0.5373075008392334,3.8186862569578826,-0.06490343161185005,4.512176036834717,2.1497902870178223,-1.9007818698883057,2.1497902870178223,-1.9007818698883057,-0.4000000059604645,1000.0,-0.4000000059604645,1000.0,0.0,0.0,-0.125,-2.25,2.25
18.76,86.55925750732422,86.55925750732422,0.1162525936961174,0.1162525936961174,0.011314169503748417,0.011314169503748417,7.79227352142334,-44.438575744628906,0.0,2.5965743,2.6736695766448975,3.856290340423584,-0.2540373206138611,-0.540630578994751,3.8646487744566014,-0.06578104179428416,4.56614351272583,2.148562431335449,-1.9421718120574951,2.148562431335449,-1.9421718120574951,-0.4000000059604645,1000.0,-0.4000000059604645,1000.0,0.0,0.0,-0.125,-2.25,2.25
18.78,86.63579559326172,86.63579559326172,0.11706419289112091,0.11706419289112091,0.00917147845029831,0.00917147845029831,7.725642681121826,-44.398681640625,0.0,2.5870075,2.6628310680389404,3.9019956588745117,-0.26046350598335266,-0.543908417224884,3.910679143042123,-0.06665247908920584,4.620177745819092,2.147329568862915,-1.9834797382354736,2.147329568862915,-1.9834797382354736,-0.4000000059604645,1000.0,-0.4000000059604645,1000.0,0.0,0.0,-0.125,-2.25,2.25
18.8,86.71324157714844,86.71324157714844,0.11771877855062485,0.11771877855062485,0.00708363251760602,0.00708363251760602,7.658684253692627,-44.35755157470703,0.0,2.5773263,2.6519265174865723,3.947763204574585,-0.26694560050964355,-0.5471430420875549,3.9567782693783147,-0.0675166770106895,4.674279689788818,2.146088123321533,-2.0247063636779785,2.146088123321533,-2.0247063636779785,-0.4000000059604645,1000.0,-0.4000000059604645,1000.0,0.0,0.0,-0.125,-2.25,2.25
18.82,86.79158782958984,86.79158782958984,0.11821684241294861,0.11821684241294861,0.0050526633858680725,0.0050526633858680725,7.59145975112915,-44.315101623535156,0.0,2.5675335,2.640958309173584,3.993593692779541,-0.27347898483276367,-0.5503365993499756,4.002946581976044,-0.06837267826194801,4.728449821472168,2.14483380317688,-2.065852165222168,2.14483380317688,-2.065852165222168,-0.4000000059604645,1000.0,-0.4000000059604645,1000.0,0.0,0.0,-0.125,-2.25,2.25
18.84,86.87084197998047,86.87084197998047,0.11855924874544144,0.11855924874544144,0.0030806437134742737,0.0030806437134742737,7.523940563201904,-44.27140808105469,0.0,2.5576267,2.629926919937134,4.039487838745117,-0.2800590395927429,-0.5534909963607788,4.0491844938243196,-0.06921956964987283,4.782689094543457,2.143563985824585,-2.106919050216675,2.143563985824585,-2.106919050216675,-0.4000000059604645,1000.0,-0.4000000059604645,1000.0,0.0,0.0,-0.125,-2.25,2.25
18.86,86.95100402832031,86.95100402832031,0.11874713748693466,0.11874713748693466,0.0011695027351379395,0.0011695027351379395,7.456206321716309,-44.226348876953125,0.0,2.5476058,2.6188316345214844,4.085446357727051,-0.28668126463890076,-0.5566081404685974,4.0954924110978626,-0.07005650880702996,4.8369975090026855,2.1422770023345947,-2.14790940284729,2.1422770023345947,-2.14790940284729,-0.4000000059604645,1000.0,-0.4000000059604645,1000.0,0.0,0.0,-0.125,-2.25,2.25
18.88,87.0320816040039,87.0320816040039,0.11878196895122528,0.11878196895122528,-0.0006789267063140869,-0.0006789267063140869,7.388233184814453,-44.17999267578125,0.0,2.5374715,2.607675313949585,4.131470203399658,-0.29334115982055664,-0.5596898794174194,4.141870963420286,-0.07088268760314981,4.8913750648498535,2.14096999168396,-2.1888253688812256,2.14096999168396,-2.1888253688812256,-0.4000000059604645,1000.0,-0.4000000059604645,1000.0,0.0,0.0,-0.125,-2.25,2.25
18.900000000000002,87.11407470703125,87.11407470703125,0.11866552382707596,0.11866552382707596,-0.0024629011750221252,-0.0024629011750221252,7.320049285888672,-44.13228988647461,0.0,2.5272222,2.59645676612854,4.1775593757629395,-0.30003443360328674,-0.5627380609512329,4.1883198301195295,-0.07169740024427443,4.945822715759277,2.1396384239196777,-2.2296700477600098,2.1396384239196777,-2.2296700477600098,-0.4000000059604645,1000.0,-0.4000000059604645,1000.0,0.0,0.0,-0.125,-2.25,2.25
18.92,87.19698333740234,87.19698333740234,0.11839990317821503,0.11839990317821503,-0.004180744756013155,-0.004180744756013155,7.251717567443848,-44.083194732666016,0.0,2.516859,2.5851778984069824,4.223714351654053,-0.3067567050457001,-0.5657544136047363,4.234839146940402,-0.0724999440398544,5.000339984893799,2.138282060623169,-2.270446300506592,2.138282060623169,-2.270446300506592,-0.4000000059604645,1000.0,-0.4000000059604645,1000.0,0.0,0.0,-0.125,-2.25,2.25
18.94,87.28081512451172,87.28081512451172,0.11798752099275589,0.11798752099275589,-0.005830809473991394,-0.005830809473991394,7.183219909667969,-44.03276062011719,0.0,2.5063798,2.573838710784912,4.2699360847473145,-0.3135036528110504,-0.568740725517273,4.281429516896559,-0.07328965362521975,5.054928302764893,2.1368980407714844,-2.311157703399658,2.1368980407714844,-2.311157703399658,-0.4000000059604645,1000.0,-0.4000000059604645,1000.0,0.0,0.0,-0.125,-2.25,2.25
18.96,87.36557006835938,87.36557006835938,0.11743108928203583,0.11743108928203583,-0.007411584258079529,-0.007411584258079529,7.11458158493042,-43.980926513671875,0.0,2.4957857,2.562439441680908,4.316224098205566,-0.3202710747718811,-0.5716986656188965,4.328090113117562,-0.07406594498797686,5.109585762023926,2.135484457015991,-2.3518080711364746,2.135484457015991,-2.3518080711364746,-0.4000000059604645,1000.0,-0.4000000059604645,1000.0,0.0,0.0,-0.125,-2.25,2.25
18.98,87.45124816894531,87.45124816894531,0.11673364788293839,0.11673364788293839,-0.008921585977077484,-0.008921585977077484,7.045878887176514,-43.927669525146484,0.0,2.4850757,2.5509822368621826,4.362578868865967,-0.3270547091960907,-0.5746298432350159,4.3748210443266355,-0.0748282309897529,5.1643147468566895,2.1340389251708984,-2.3924005031585693,2.1340389251708984,-2.3924005031585693,-0.4000000059604645,1000.0,-0.4000000059604645,1000.0,0.0,0.0,-0.125,-2.25,2.25
19.0,87.53784942626953,87.53784942626953,0.11589855700731277,0.11589855700731277,-0.010359391570091248,-0.010359391570091248,6.977088451385498,-43.87300491333008,0.0,2.4742503,2.5394670963287354,4.409000873565674,-0.33385035395622253,-0.57753586769104,4.421622412863809,-0.07557596397191262,5.219112873077393,2.132559299468994,-2.432939291000366,2.132559299468994,-2.432939291000366,-0.4000000059604645,1000.0,-0.4000000059604645,1000.0,0.0,0.0,-0.125,-2.25,2.25
19.02,87.62539672851562,87.62539672851562,0.11492950469255447,0.11492950469255447,-0.011723652482032776,-0.011723652482032776,6.908225059509277,-43.81691360473633,0.0,2.463307,2.5278918743133545,4.455489635467529,-0.3406538665294647,-0.5804183483123779,4.468493364495471,-0.07630865005263444,5.273982524871826,2.1310431957244873,-2.4734277725219727,2.1310431957244873,-2.4734277725219727,-0.4000000059604645,1000.0,-0.4000000059604645,1000.0,0.0,0.0,-0.125,-2.25,2.25
19.04,87.71385955810547,87.71385955810547,0.11383046209812164,0.11383046209812164,-0.013013050891458988,-0.013013050891458988,6.839362144470215,-43.75938034057617,0.0,2.452249,2.5162618160247803,4.502045154571533,-0.3474610149860382,-0.5832788348197937,4.515433504187183,-0.07702578989620777,5.328921794891357,2.1294918060302734,-2.5138707160949707,2.1294918060302734,-2.5138707160949707,-0.4000000059604645,1000.0,-0.4000000059604645,1000.0,0.0,0.0,-0.125,-2.25,2.25
19.06,87.80327606201172,87.80327606201172,0.11260577291250229,0.11260577291250229,-0.014226287603378296,-0.014226287603378296,6.770508289337158,-43.70035934448242,0.0,2.4410725,2.504573106765747,4.5486674308776855,-0.35426759719848633,-0.586118757724762,4.562442430009631,-0.07772691284965717,5.383931636810303,2.127902030944824,-2.554271936416626,2.127902030944824,-2.554271936416626,-0.4000000059604645,1000.0,-0.4000000059604645,1000.0,0.0,0.0,-0.125,-2.25,2.25
19.080000000000002,87.89362335205078,87.89362335205078,0.11126004159450531,0.11126004159450531,-0.015362240374088287,-0.015362240374088287,6.701682090759277,-43.6398811340332,0.0,2.4297786,2.492827892303467,4.595355987548828,-0.36106953024864197,-0.5889396071434021,4.609519265387101,-0.07841160298159122,5.439011096954346,2.1262729167938232,-2.594635009765625,2.1262729167938232,-2.594635009765625,-0.4000000059604645,1000.0,-0.4000000059604645,1000.0,0.0,0.0,-0.125,-2.25,2.25
19.1,87.98490905761719,87.98490905761719,0.10979823768138885,0.10979823768138885,-0.01641971804201603,-0.01641971804201603,6.63291072845459,-43.57793426513672,0.0,2.4183683,2.481027364730835,4.642110347747803,-0.36786261200904846,-0.5917428731918335,4.65666311665138,-0.07907943757709983,5.494159698486328,2.124602794647217,-2.634964942932129,2.124602794647217,-2.634964942932129,-0.4000000059604645,1000.0,-0.4000000059604645,1000.0,0.0,0.0,-0.125,-2.25,2.25
19.12,88.0771484375,88.0771484375,0.10822564363479614,0.10822564363479614,-0.01739763654768467,-0.01739763654768467,6.564216613769531,-43.514488220214844,0.0,2.4068384,2.469169855117798,4.688930511474609,-0.3746427297592163,-0.5945299863815308,4.7038735650949395,-0.07973002365237825,5.549376964569092,2.1228902339935303,-2.675265312194824,2.1228902339935303,-2.675265312194824,-0.4000000059604645,1000.0,-0.4000000059604645,1000.0,0.0,0.0,-0.125,-2.25,2.25
19.14,88.17034149169922,88.17034149169922,0.10654785484075546,0.10654785484075546,-0.018294893205165863,-0.018294893205165863,6.495632171630859,-43.44953918457031,0.0,2.3951893,2.45725679397583,4.73581600189209,-0.3814055919647217,-0.5973023772239685,4.75114969553256,-0.08036295602678271,5.604662895202637,2.1211330890655518,-2.7155404090881348,2.1211330890655518,-2.7155404090881348,-0.4000000059604645,1000.0,-0.4000000059604645,1000.0,0.0,0.0,-0.125,-2.25,2.25
19.16,88.26448822021484,88.26448822021484,0.10477077960968018,0.10477077960968018,-0.019110532477498055,-0.019110532477498055,6.427205562591553,-43.383060455322266,0.0,2.383421,2.4452884197235107,4.782766819000244,-0.38814717531204224,-0.6000614166259766,4.798491083104399,-0.08097789506073413,5.660017490386963,2.1193296909332275,-2.7557942867279053,2.1193296909332275,-2.7557942867279053,-0.4000000059604645,1000.0,-0.4000000059604645,1000.0,0.0,0.0,-0.125,-2.25,2.25
19.18,88.35958862304688,88.35958862304688,0.1029006689786911,0.1029006689786911,-0.019843552261590958,-0.019843552261590958,6.358953952789307,-43.31504821777344,0.0,2.371533,2.4332637786865234,4.829782009124756,-0.39486315846443176,-0.6028085350990295,4.8458963226195495,-0.0815744707605579,5.715440273284912,2.1174800395965576,-2.7960317134857178,2.1174800395965576,-2.7960317134857178,-0.4000000059604645,1000.0,-0.4000000059604645,1000.0,0.0,0.0,-0.125,-2.25,2.25
19.2,88.45564270019531,88.45564270019531,0.10094409435987473,0.10094409435987473,-0.02049305848777294,-0.02049305848777294,6.290905952453613,-43.24551010131836,0.0,2.3595264,2.4211857318878174,4.876860618591309,-0.40154939889907837,-0.6055451035499573,4.89336401802717,-0.08215236598292931,5.77092981338501,2.1155827045440674,-2.836256265640259,2.1155827045440674,-2.836256265640259,-0.4000000059604645,1000.0,-0.4000000059604645,1000.0,0.0,0.0,-0.125,-2.25,2.25
19.22,88.55265045166016,88.55265045166016,0.09890792518854141,0.09890792518854141,-0.021058164536952972,-0.021058164536952972,6.22308874130249,-43.1744270324707,0.0,2.3474007,2.409053087234497,4.924002170562744,-0.40820157527923584,-0.6082723736763,4.940893229140563,-0.08271123377498651,5.826485633850098,2.1136374473571777,-2.876471757888794,2.1136374473571777,-2.876471757888794,-0.4000000059604645,1000.0,-0.4000000059604645,1000.0,0.0,0.0,-0.125,-2.25,2.25
19.240000000000002,88.6506118774414,88.6506118774414,0.09679938852787018,0.09679938852787018,-0.021538037806749344,-0.021538037806749344,6.155544281005859,-43.101810455322266,0.0,2.3351555,2.3968682289123535,4.971205711364746,-0.4148155152797699,-0.6109917759895325,4.988482548473262,-0.08325077992235004,5.882107257843018,2.111642360687256,-2.9166831970214844,2.111642360687256,-2.9166831970214844,-0.4000000059604645,1000.0,-0.4000000059604645,1000.0,0.0,-73.26049804687656,-0.125,-2.25,2.25
19.26,88.74956512451172,88.74956512451172,0.09462600201368332,0.09462600201368332,-0.021931909024715424,-0.021931909024715424,6.088266849517822,-43.02760314941406,0.0,2.3227866,2.384624719619751,5.01846981048584,-0.42138686776161194,-0.61370450258255,5.036130074876911,-0.08377069583532841,5.937793731689453,2.1095962524414062,-2.9568941593170166,2.1095962524414062,-2.9568941593170166,-0.4000000059604645,998.5347900390625,-0.4000000059604645,1000.0,0.0,-169.7204589843786,-0.125,-2.25,2.25
19.28,88.84947204589844,88.84947204589844,0.09239561855792999,0.09239561855792999,-0.022239677608013153,-0.022239677608013153,6.021327972412109,-42.95184326171875,0.0,2.3102977,2.3723292350769043,5.0657758712768555,-0.42791301012039185,-0.6164113283157349,5.08381694421043,-0.08427130961497231,5.992927551269531,2.106947422027588,-2.9971160888671875,2.106947422027588,-2.9971160888671875,-0.4000000059604645,995.140380859375,-0.4000000059604645,998.5347900390625,0.0,-271.6369628906308,-0.125,-2.25,2.25
19.3,88.95034790039062,88.95034790039062,0.09011625498533249,0.09011625498533249,-0.022463079541921616,-0.022463079541921616,5.954738140106201,-42.874507904052734,0.0,2.2976878,2.3599793910980225,5.113062381744385,-0.4343966841697693,-0.6191146969795227,5.131481988551383,-0.08475469513389258,6.046947002410889,2.102402925491333,-3.0373806953430176,2.102402925491333,-3.0373806953430176,-0.4000000059604645,989.7076416015625,-0.4000000059604645,995.140380859375,0.0,-375.518798828133,-0.125,-2.25,2.25
19.32,89.05220031738281,89.05220031738281,0.08779600262641907,0.08779600262641907,-0.02260553650557995,-0.02260553650557995,5.888535499572754,-42.79559326171875,0.0,2.2849565,2.3475754261016846,5.160238265991211,-0.4408455789089203,-0.6218205690383911,5.179035024620274,-0.08522431039528429,6.099457740783691,2.0945775508880615,-3.0777361392974854,2.0945775508880615,-3.0777361392974854,-0.4000000059604645,982.197265625,-0.4000000059604645,989.7076416015625,0.0,-480.25817871094773,-0.125,-2.25,2.25
19.34,89.1550064086914,89.1550064086914,0.08544277399778366,0.08544277399778366,-0.022671572864055634,-0.022671572864055634,5.822761535644531,-42.71510314941406,0.0,2.2721055,2.335118293762207,5.207194805145264,-0.4472702443599701,-0.6245372295379639,5.22636856815721,-0.08568435292446733,6.150169372558594,2.082369327545166,-3.118236541748047,2.082369327545166,-3.118236541748047,-0.4000000059604645,972.5921020507812,-0.4000000059604645,982.197265625,0.0,-584.8999023437625,-0.125,-2.25,2.25
19.36,89.25879669189453,89.25879669189453,0.08306429535150528,0.08306429535150528,-0.02266632206737995,-0.02266632206737995,5.75743293762207,-42.63301467895508,0.0,2.2591317,2.3226046562194824,5.253817081451416,-0.4536818265914917,-0.6272737979888916,5.27336904882733,-0.08613911859488817,6.198849201202393,2.0650267601013184,-3.158931255340576,2.0650267601013184,-3.158931255340576,-0.4000000059604645,960.8941040039062,-0.4000000059604645,972.5921020507812,0.0,-691.5161132812648,-0.125,-2.25,2.25
19.38,89.3635482788086,89.3635482788086,0.08066797256469727,0.08066797256469727,-0.022595137357711792,-0.022595137357711792,5.692595958709717,-42.549346923828125,0.0,2.246038,2.310035467147827,5.299984455108643,-0.46009063720703125,-0.6300381422042847,5.3199171627797766,-0.08659272493233779,6.245297908782959,2.04209566116333,-3.1998603343963623,2.04209566116333,-3.1998603343963623,-0.4000000059604645,947.0637817382812,-0.4000000059604645,960.8941040039062,0.0,-798.6022949217502,-0.125,-2.25,2.25
19.400000000000002,89.46923828125,89.46923828125,0.07826090604066849,0.07826090604066849,-0.02246355265378952,-0.02246355265378952,5.628310203552246,-42.464107513427734,0.0,2.232827,2.297412395477295,5.34557580947876,-0.4665055572986603,-0.6328364610671997,5.365893044953005,-0.08704892802025277,6.289309024810791,2.013322114944458,-3.2410497665405273,2.013322114944458,-3.2410497665405273,-0.4000000059604645,931.0917358398438,-0.4000000059604645,947.0637817382812,0.0,-904.8278808593943,-0.125,-2.25,2.25
19.42,89.57585906982422,89.57585906982422,0.07584981620311737,0.07584981620311737,-0.022277027368545532,-0.022277027368545532,5.564630031585693,-42.37728500366211,0.0,2.2194993,2.284733295440674,5.390470504760742,-0.4729337692260742,-0.6356724500656128,5.411177192882332,-0.08751107718464181,6.330685138702393,1.9785637855529785,-3.282512903213501,1.9785637855529785,-3.282512903213501,-0.4000000059604645,912.9951782226562,-0.4000000059604645,931.0917358398438,0.0,-1021.7987060547093,-0.125,-2.25,2.25
19.44,89.68341064453125,89.68341064453125,0.0734410285949707,0.0734410285949707,-0.022041164338588715,-0.022041164338588715,5.501567840576172,-42.28889083862305,0.0,2.2060552,2.271996259689331,5.434546947479248,-0.47938117384910583,-0.6385480165481567,5.455649075426035,-0.08798223598036457,6.369241714477539,1.9377573728561401,-3.3242502212524414,1.9377573728561401,-3.3242502212524414,-0.4000000059604645,892.5592041015625,-0.4000000059604645,912.9951782226562,0.0,-1131.292724609399,-0.125,-2.25,2.25
19.46,89.79186248779297,89.79186248779297,0.07104045152664185,0.07104045152664185,-0.021761616691946983,-0.021761616691946983,5.439178943634033,-42.198951721191406,0.0,2.1924984,2.259202003479004,5.477683067321777,-0.4858526289463043,-0.6414624452590942,5.49918762755716,-0.08846523572166323,6.404702663421631,1.8908158540725708,-3.3662517070770264,1.8908158540725708,-3.3662517070770264,-0.4000000059604645,869.933349609375,-0.4000000059604645,892.5592041015625,0.0,-1237.9760742187764,-0.125,-2.25,2.25
19.48,89.90120697021484,89.90120697021484,0.06865350902080536,0.06865350902080536,-0.021444328129291534,-0.021444328129291534,5.377501010894775,-42.107486724853516,0.0,2.178831,2.246349573135376,5.519753932952881,-0.4923526346683502,-0.6444141268730164,5.541668936088988,-0.08896285317349048,6.436891555786133,1.8376458883285522,-3.408499240875244,1.8376458883285522,-3.408499240875244,-0.4000000059604645,845.173828125,-0.4000000059604645,869.933349609375,0.0,-1341.1895751953411,-0.125,-2.25,2.25
19.5,90.01142120361328,90.01142120361328,0.06628512591123581,0.06628512591123581,-0.02109527587890625,-0.02109527587890625,5.3165788650512695,-42.01449966430664,0.0,2.1650543,2.2334368228912354,5.560636520385742,-0.49888497591018677,-0.6473998427391052,5.582970959179043,-0.08947768168466436,6.465651988983154,1.7782564163208008,-3.4509642124176025,1.7782564163208008,-3.4509642124176025,-0.4000000059604645,818.3500366210938,-0.4000000059604645,845.173828125,0.0,-1444.5220947265932,-0.125,-2.25,2.25
19.52,90.12246704101562,90.12246704101562,0.0639396458864212,0.0639396458864212,-0.020720526576042175,-0.020720526576042175,5.256491661071777,-41.92000961303711,0.0,2.151174,2.2204644680023193,5.600210666656494,-0.5054526329040527,-0.6504150032997131,5.622974468645826,-0.09001211480275594,6.490845203399658,1.7127318382263184,-3.493608236312866,1.7127318382263184,-3.493608236312866,-0.4000000059604645,789.4595947265625,-0.4000000059604645,818.3500366210938,0.0,-1539.5690917969077,-0.125,-2.25,2.25
19.54,90.23433685302734,90.23433685302734,0.06162082776427269,0.06162082776427269,-0.020326117053627968,-0.020326117053627968,5.197296142578125,-41.82402420043945,0.0,2.1371891,2.2074313163757324,5.638360500335693,-0.5120578408241272,-0.6534534692764282,5.661564480255898,-0.09056834901164172,6.512313365936279,1.6411900520324707,-3.5363831520080566,1.6411900520324707,-3.5363831520080566,-0.4000000059604645,758.668212890625,-0.4000000059604645,789.4595947265625,0.0,-1623.7854003906596,-0.125,-2.25,2.25
19.56,90.34698486328125,90.34698486328125,0.05933183431625366,0.05933183431625366,-0.019918091595172882,-0.019918091595172882,5.139011859893799,-41.72660827636719,0.0,2.1231081,2.194338321685791,5.6749725341796875,-0.5187020301818848,-0.6565080881118774,5.698628348980887,-0.09114841809390652,6.529961585998535,1.5637887716293335,-3.5792317390441895,1.5637887716293335,-3.5792317390441895,-0.4000000059604645,726.1925048828125,-0.4000000059604645,758.668212890625,0.0,-1703.1799316403587,-0.125,-2.25,2.25
19.580000000000002,90.46039581298828,90.46039581298828,0.05707516893744469,0.05707516893744469,-0.01950240693986416,-0.01950240693986416,5.081682205200195,-41.627777099609375,0.0,2.1089325,2.1811838150024414,5.7099409103393555,-0.5253857374191284,-0.6595701575279236,5.734060984385366,-0.09175410781744442,6.543758869171143,1.4807982444763184,-3.6220858097076416,1.4807982444763184,-3.6220858097076416,-0.4000000059604645,692.12890625,-0.4000000059604645,726.1925048828125,0.0,-1777.709960937538,-0.125,-2.25,2.25
19.6,90.57452392578125,90.57452392578125,0.054852697998285294,0.054852697998285294,-0.019084736704826355,-0.019084736704826355,5.025401592254639,-41.527549743652344,0.0,2.0946662,2.167968511581421,5.743168830871582,-0.5321082472801208,-0.6626298427581787,5.767766240644499,-0.09238688485572279,6.553664207458496,1.3925690650939941,-3.6648664474487305,1.3925690650939941,-3.6648664474487305,-0.4000000059604645,656.57470703125,-0.4000000059604645,692.12890625,0.0,-1847.4090576172268,-0.125,-2.25,2.25
19.62,90.68933868408203,90.68933868408203,0.05266563594341278,0.05266563594341278,-0.01867050677537918,-0.01867050677537918,4.97022008895874,-41.42596435546875,0.0,2.0803144,2.154691696166992,5.774567127227783,-0.5388676524162292,-0.6656760573387146,5.799655494396224,-0.09304794360644612,6.559636116027832,1.299462080001831,-3.7074854373931885,1.299462080001831,-3.7074854373931885,-0.4000000059604645,619.6265258789062,-0.4000000059604645,656.57470703125,0.0,-1911.7095947266032,-0.125,-2.25,2.25
19.64,90.8048095703125,90.8048095703125,0.05051456764340401,0.05051456764340401,-0.018265075981616974,-0.018265075981616974,4.9161458015441895,-41.32307052612305,0.0,2.065881,2.1413533687591553,5.804051399230957,-0.5456613898277283,-0.6686965227127075,5.829644843149843,-0.09373835535647437,6.561638832092285,1.2018252611160278,-3.7498459815979004,1.2018252611160278,-3.7498459815979004,-0.4000000059604645,581.392333984375,-0.4000000059604645,619.6265258789062,0.0,-1957.0007324219166,-0.125,-2.25,2.25
19.66,90.92089080810547,90.92089080810547,0.04839944466948509,0.04839944466948509,-0.01787351816892624,-0.01787351816892624,4.863254547119141,-41.21892166137695,0.0,2.0513704,2.127955913543701,5.831545829772949,-0.5524861812591553,-0.6716783046722412,5.8576588962848115,-0.09445900494224767,6.5596489906311035,1.0999915599822998,-3.791844129562378,1.0999915599822998,-3.791844129562378,-0.4000000059604645,542.2523193359375,-0.4000000059604645,581.392333984375,0.0,-1988.6184692383235,-0.125,-2.25,2.25
19.68,91.03754425048828,91.03754425048828,0.04631958529353142,0.04631958529353142,-0.017500638961791992,-0.017500638961791992,4.811642169952393,-41.1135139465332,0.0,2.0367887,2.1144981384277344,5.856982707977295,-0.559337854385376,-0.6746082305908203,5.883630280438556,-0.09521057468666722,6.553773403167725,0.99437415599823,-3.833369016647339,0.99437415599823,-3.833369016647339,-0.4000000059604645,502.4799499511719,-0.4000000059604645,542.2523193359375,0.002652406692504939,-2016.4154052734805,-0.125,-2.25,2.25
19.7,91.15472412109375,91.15472412109375,0.04427371174097061,0.04427371174097061,-0.017150819301605225,-0.017150819301605225,4.761295795440674,-41.00695037841797,0.0,2.0221412,2.1009836196899414,5.880307674407959,-0.5662111043930054,-0.6774725317955017,5.907504833721179,-0.0959934248445333,6.544159889221191,0.8855339884757996,-3.8743011951446533,0.8855339884757996,-3.8743011951446533,-0.3999469578266144,462.1516418457031,-0.4000000059604645,502.4799499511719,0.015756487846374848,-2040.780639648481,-0.125,-2.25,2.25
19.72,91.27239990234375,91.27239990234375,0.04226015880703926,0.04226015880703926,-0.01682440936565399,-0.01682440936565399,4.712280750274658,-40.899253845214844,0.0,2.0074317,2.087411642074585,5.901489734649658,-0.5730803608894348,-0.6802353858947754,5.929249715454095,-0.0968042213508971,6.530907154083252,0.7743400931358337,-3.914429187774658,0.7743400931358337,-3.914429187774658,-0.3996318280696869,421.3360290527344,-0.3999469578266144,462.1516418457031,0.028111040592189208,-2057.833862304366,-0.125,-2.25,2.25
19.740000000000002,91.39051818847656,91.39051818847656,0.04027783125638962,0.04027783125638962,-0.016507871448993683,-0.016507871448993683,4.664690971374512,-40.79045867919922,0.0,1.992667,2.0737857818603516,5.920547962188721,-0.5798494815826416,-0.6827794909477234,5.9488749855639655,-0.09762713196049126,6.51409387588501,0.6624891757965088,-3.9532179832458496,0.6624891757965088,-3.9532179832458496,-0.399069607257843,380.1793518066406,-0.3996318280696869,421.3360290527344,0.039321184158326035,-2036.4578247070747,-0.125,-2.25,2.25
19.76,91.50904083251953,91.50904083251953,0.038327064365148544,0.038327064365148544,-0.0161898136138916,-0.0161898136138916,4.618499755859375,-40.680667877197266,0.0,1.9778516,2.060112476348877,5.937495231628418,-0.5864458680152893,-0.6850112676620483,5.966386543103154,-0.09845059358048784,6.493838310241699,0.5507389903068542,-3.990222454071045,0.5507389903068542,-3.990222454071045,-0.3982831835746765,339.4501953125,-0.399069607257843,380.1793518066406,0.05291551351547354,-2005.0781250000427,-0.125,-2.25,2.25
19.78,91.62792205810547,91.62792205810547,0.0364094004034996,0.0364094004034996,-0.015861012041568756,-0.015861012041568756,4.573800086975098,-40.569889068603516,0.0,1.962991,2.0463969707489014,5.95234489440918,-0.5928192734718323,-0.6868627071380615,5.981792744069181,-0.09926689504500802,6.470563888549805,0.4395861029624939,-4.025088787078857,0.4395861029624939,-4.025088787078857,-0.39722487330436707,299.3486328125,-0.3982831835746765,339.4501953125,0.06531625986099382,-1960.6185913086356,-0.125,-2.25,2.25
19.8,91.74712371826172,91.74712371826172,0.03452761843800545,0.03452761843800545,-0.015508860349655151,-0.015508860349655151,4.530618190765381,-40.45820617675781,0.0,1.9480909,2.0326485633850098,5.965137958526611,-0.5989106893539429,-0.6882574558258057,5.9951284288226425,-0.10006647520104613,6.444644451141357,0.32996106147766113,-4.057417869567871,0.32996106147766113,-4.057417869567871,-0.3959185481071472,260.1362609863281,-0.39722487330436707,299.3486328125,0.07601827383041544,-1911.85531616215,-0.125,-2.25,2.25
19.82,91.8666000366211,91.8666000366211,0.03268585726618767,0.03268585726618767,-0.015122502110898495,-0.015122502110898495,4.488935470581055,-40.34568405151367,0.0,1.9331563,2.018876552581787,5.975920677185059,-0.6046800017356873,-0.6891416907310486,6.006435369210843,-0.1008428530170953,6.4164628982543945,0.22253045439720154,-4.086891174316406,0.22253045439720154,-4.086891174316406,-0.39439818263053894,221.89915466308594,-0.3959185481071472,260.1362609863281,0.08587539196014587,-1859.524536132852,-0.125,-2.25,2.25
19.84,91.9863052368164,91.9863052368164,0.030889445915818214,0.030889445915818214,-0.014693155884742737,-0.014693155884742737,4.44889497756958,-40.23236083984375,0.0,1.9181937,2.0050933361053467,5.984742641448975,-0.6101064085960388,-0.6894846558570862,6.015760493419565,-0.10159266916113266,6.386336326599121,0.11773353815078735,-4.113279342651367,0.11773353815078735,-4.113279342651367,-0.39268067479133606,184.7086639404297,-0.39439818263053894,221.89915466308594,0.09433329105377398,-1805.3886413574603,-0.125,-2.25,2.25
19.86,92.1062240600586,92.1062240600586,0.029144683852791786,0.029144683852791786,-0.014212793670594692,-0.014212793670594692,4.410399436950684,-40.11830139160156,0.0,1.9032032,1.9913043975830078,5.991659164428711,-0.6151783466339111,-0.6892678141593933,6.023157306666479,-0.1023139398905208,6.354538917541504,0.015914930030703545,-4.136401653289795,0.015914930030703545,-4.136401653289795,-0.3907940089702606,148.60089111328125,-0.39268067479133606,184.7086639404297,0.10113865137100435,-1750.4673004150764,-0.125,-2.25,2.25
19.88,92.2262954711914,92.2262954711914,0.027458716183900833,0.027458716183900833,-0.013675004243850708,-0.013675004243850708,4.37352991104126,-40.003570556640625,0.0,1.8881948,1.9775259494781494,5.9967241287231445,-0.6198963522911072,-0.6884880065917969,6.028679106039247,-0.10300663231562836,6.32130241394043,-0.0827455148100853,-4.156139850616455,-0.0827455148100853,-4.156139850616455,-0.3887712359428406,113.59154510498047,-0.3907940089702606,148.60089111328125,0.11211335659025347,-1684.6710205075492,-0.125,-2.25,2.25
19.900000000000002,92.34648895263672,92.34648895263672,0.025839315727353096,0.025839315727353096,-0.013075187802314758,-0.013075187802314758,4.338311195373535,-39.88822555541992,0.0,1.8731701,1.9637675285339355,5.999990463256836,-0.6242727637290955,-0.6871570944786072,6.0323794677313645,-0.1036725975722278,6.286824703216553,-0.17821452021598816,-4.172442436218262,-0.17821452021598816,-4.172442436218262,-0.38652896881103516,79.89812469482422,-0.3887712359428406,113.59154510498047,0.12467950582504539,-1611.821556091343,-0.125,-2.25,2.25
19.92,92.46676635742188,92.46676635742188,0.024295078590512276,0.024295078590512276,-0.012402258813381195,-0.012402258813381195,4.304691791534424,-39.77234649658203,0.0,1.8581359,1.9500410556793213,6.001533508300781,-0.628284752368927,-0.6852474808692932,6.034330632416189,-0.10430742567715036,6.251370906829834,-0.2698781192302704,-4.1851091384887695,-0.2698781192302704,-4.1851091384887695,-0.3840353786945343,47.66169357299805,-0.38652896881103516,79.89812469482422,0.13543665409088423,-1529.4056892395345,-0.125,-2.25,2.25
19.94,92.58708953857422,92.58708953857422,0.022835981100797653,0.022835981100797653,-0.011642679572105408,-0.011642679572105408,4.272801399230957,-39.65594482421875,0.0,1.8430955,1.936357855796814,6.001439094543457,-0.63190096616745,-0.6827225089073181,6.034614323762368,-0.10490504295368842,6.215225696563721,-0.35715124011039734,-4.193911075592041,-0.35715124011039734,-4.193911075592041,-0.3813266456127167,17.073579788208008,-0.3840353786945343,47.66169357299805,0.15196204185486165,-1407.1857452392878,-0.125,-2.25,2.25
19.96,92.70744323730469,92.70744323730469,0.02147340588271618,0.02147340588271618,-0.010785669088363647,-0.010785669088363647,4.242519855499268,-39.53911209106445,0.0,1.8280513,1.922728419303894,5.999789714813232,-0.6351115107536316,-0.679569661617279,6.033311135112328,-0.10546288023597845,6.178711414337158,-0.43981310725212097,-4.1987223625183105,-0.43981310725212097,-4.1987223625183105,-0.3782874047756195,-11.070135116577148,-0.3813266456127167,17.073579788208008,0.1763015985488929,-1266.4671897888454,-0.125,-2.25,2.25
19.98,92.82776641845703,92.82776641845703,0.020220372825860977,0.020220372825860977,-0.009811736643314362,-0.009811736643314362,4.213922023773193,-39.42190933227539,0.0,1.8130105,1.9091691970825195,5.9967041015625,-0.6378629207611084,-0.675727128982544,6.030533076551227,-0.10597045359091127,6.142444610595703,-0.516790509223938,-4.1992316246032715,-0.516790509223938,-4.1992316246032715,-0.3747613728046417,-36.399478912353516,-0.3782874047756195,-11.070135116577148,0.19636601209640922,-1128.501319885278,-0.125,-2.25,2.25
20.0,92.94804382324219,92.94804382324219,0.01909269206225872,0.01909269206225872,-0.00868990272283554,-0.00868990272283554,4.186990261077881,-39.304378509521484,0.0,1.7979763,1.8956942558288574,5.992347717285156,-0.64005047082901,-0.6710743308067322,6.0264330884911566,-0.10640787042924044,6.1070709228515625,-0.586336076259613,-4.19489860534668,-0.586336076259613,-4.19489860534668,-0.3708340525627136,-58.969505310058594,-0.3747613728046417,-36.399478912353516,0.21112114191055747,-999.1703033447478,-0.125,-2.25,2.25
20.02,93.06825256347656,93.06825256347656,0.018109392374753952,0.018109392374753952,-0.007396899163722992,-0.007396899163722992,4.161664009094238,-39.18658447265625,0.0,1.7829502,1.882318377494812,5.98687219619751,-0.6416289806365967,-0.6655565500259399,6.021156570161214,-0.10676513094425027,6.0730767250061035,-0.6478891968727112,-4.1854472160339355,-0.6478891968727112,-4.1854472160339355,-0.36661162972450256,-78.95291137695312,-0.3708340525627136,-58.969505310058594,0.2208724617958116,-881.7806243896672,-0.125,-2.25,2.25
20.04,93.18836212158203,93.18836212158203,0.0172917190939188,0.0172917190939188,-0.005918197799474001,-0.005918197799474001,4.138034820556641,-39.068546295166016,0.0,1.767936,1.869059681892395,5.980409145355225,-0.6426101922988892,-0.6591843366622925,6.014835110382896,-0.10704183727947214,6.040785789489746,-0.7016592621803284,-4.17086935043335,-0.7016592621803284,-4.17086935043335,-0.3621941804885864,-96.5885238647461,-0.36661162972450256,-78.95291137695312,0.22610425949097163,-777.3475646972822,-0.125,-2.25,2.25
20.06,93.308349609375,93.308349609375,0.01666213385760784,0.01666213385760784,-0.004265554249286652,-0.004265554249286652,4.115969181060791,-38.95034408569336,0.0,1.7529833,1.8559625148773193,5.973072052001953,-0.643047571182251,-0.6520178318023682,6.007586863059927,-0.10724470618321277,6.010365962982178,-0.7482423782348633,-4.15136194229126,-0.7482423782348633,-4.15136194229126,-0.3576720952987671,-112.1354751586914,-0.3621941804885864,-96.5885238647461,0.23019164800640324,-680.9894561766514,-0.123213924,-2.25,2.25
20.080000000000002,93.4281997680664,93.4281997680664,0.016225192695856094,0.016225192695856094,-0.002852983772754669,-0.002852983772754669,4.0955095291137695,-38.83201599121094,0.0,1.7385175,1.8430497646331787,5.964957237243652,-0.6430225372314453,-0.6441519260406494,5.999516049277058,-0.10738533644864004,5.981863975524902,-0.7884052395820618,-4.127272129058838,-0.7884052395820618,-4.127272129058838,-0.3530682623386383,-125.75526428222656,-0.3576720952987671,-112.1354751586914,0.23454874753952526,-590.5334472656376,-0.11822017,-2.25,2.25
20.1,93.54789733886719,93.54789733886719,0.01593906059861183,0.01593906059861183,-0.0018418430117890239,-0.0018418430117890239,4.076606273651123,-38.71359634399414,0.0,1.7246683,1.8303004503250122,5.9561591148376465,-0.6426083445549011,-0.635675847530365,5.990724237164916,-0.1074740014782713,5.955277919769287,-0.8226708173751831,-4.098940372467041,-0.8226708173751831,-4.098940372467041,-0.3483772873878479,-137.56593322753906,-0.3530682623386383,-125.75526428222656,0.23936331272125755,-505.7838439941514,-0.11323277,-2.25,2.25
20.12,93.66742706298828,93.66742706298828,0.01575549505650997,0.01575549505650997,-0.001227058470249176,-0.001227058470249176,4.059196472167969,-38.595130920410156,0.0,1.7114198,1.8177106380462646,5.94677209854126,-0.6418589353561401,-0.6266601085662842,5.9813110005153,-0.10751777681119104,5.930594444274902,-0.8513402342796326,-4.066643238067627,-0.8513402342796326,-4.066643238067627,-0.34359002113342285,-147.68161010742188,-0.3483772873878479,-137.56593322753906,0.24477243423462436,-426.51901245118097,-0.10825237,-2.25,2.25
20.14,93.78678894042969,93.78678894042969,0.015627138316631317,0.015627138316631317,-0.001001514494419098,-0.001001514494419098,4.043348789215088,-38.476627349853516,0.0,1.6988075,1.8053269386291504,5.936888694763184,-0.6408112645149231,-0.6171590089797974,5.971372241849951,-0.1075209543586096,5.907792568206787,-0.8746290802955627,-4.0306010246276855,-0.8746290802955627,-4.0306010246276855,-0.33869457244873047,-156.2119903564453,-0.34359002113342285,-147.68161010742188,0.2508714795112663,-352.5123596191481,-0.10327896,-2.25,2.25
20.16,93.90596008300781,93.90596008300781,0.015507792122662067,0.015507792122662067,-0.0011560694547370076,-0.0011560694547370076,4.028937339782715,-38.3581428527832,0.0,1.6867917,1.7931209802627563,5.926599979400635,-0.6394878625869751,-0.6072131395339966,5.961000926205905,-0.10748545070295759,5.886847496032715,-0.8927301168441772,-3.9909842014312744,-0.8927301168441772,-3.9909842014312744,-0.33367714285850525,-163.26223754882812,-0.33869457244873047,-156.2119903564453,0.25772005319595886,-283.5067749023498,-0.09831349,-2.25,2.25
20.18,94.02491760253906,94.02491760253906,0.015352664515376091,0.015352664515376091,-0.0016799122095108032,-0.0016799122095108032,4.015981674194336,-38.239715576171875,0.0,1.6753895,1.781120777130127,5.915994644165039,-0.6378989219665527,-0.5968517661094666,5.950286351465408,-0.10741116095485514,5.86773157119751,-0.9058340191841125,-3.9479217529296875,-0.9058340191841125,-3.9479217529296875,-0.3285227417945862,-168.932373046875,-0.33367714285850525,-163.26223754882812,0.2653509378433284,-219.22607421875466,-0.09335693,-2.25,2.25
20.2,94.14366912841797,94.14366912841797,0.015118562616407871,0.015118562616407871,-0.0025606751441955566,-0.0025606751441955566,4.004454612731934,-38.12135696411133,0.0,1.664603,1.7693383693695068,5.905157089233398,-0.6360448598861694,-0.5860950350761414,5.939312528593783,-0.10729641034055953,5.850412368774414,-0.9141359925270081,-3.901508331298828,-0.9141359925270081,-3.901508331298828,-0.3232157230377197,-173.31689453125,-0.3285227417945862,-168.932373046875,0.27376562356949435,-159.3872070312534,-0.08840895,-2.25,2.25
20.22,94.26221466064453,94.26221466064453,0.014764060266315937,0.014764060266315937,-0.0037849543150514364,-0.0037849543150514364,3.994279623031616,-38.00310134887695,0.0,1.6544058,1.7577592134475708,5.894168853759766,-0.6339181661605835,-0.5749559998512268,5.928159808745047,-0.10713822864832367,5.834853649139404,-0.9178367853164673,-3.851811408996582,-0.9178367853164673,-3.851811408996582,-0.31774041056632996,-176.504638671875,-0.3232157230377197,-173.31689453125,0.2829402685164963,-103.70864868162441,-0.08346955,-2.25,2.25
20.240000000000002,94.38054656982422,94.38054656982422,0.014249610714614391,0.014249610714614391,-0.005338318645954132,-0.005338318645954132,3.985483169555664,-37.884952545166016,0.0,1.6448276,1.7464215755462646,5.883106708526611,-0.6315057277679443,-0.5634416937828064,5.916903246472308,-0.1069327675649031,5.8210129737854,-0.9171431660652161,-3.798879861831665,-0.9171431660652161,-3.798879861831665,-0.31208160519599915,-178.5788116455078,-0.31774041056632996,-176.504638671875,0.2928256988525453,-51.92108154296986,-0.07853905,-2.25,2.25
20.26,94.49866485595703,94.49866485595703,0.013537630438804626,0.013537630438804626,-0.007205761969089508,-0.007205761969089508,3.9779856204986572,-37.76694869995117,0.0,1.6358421,1.7353118658065796,5.872043609619141,-0.6287903785705566,-0.5515551567077637,5.905613727077982,-0.1066755402807533,5.808842182159424,-0.9122679233551025,-3.7427480220794678,-0.9122679233551025,-3.7427480220794678,-0.30622509121894836,-179.6172332763672,-0.31208160519599915,-178.5788116455078,0.30336529016495395,-3.75061035156258,-0.07361746,-2.25,2.25
20.28,94.6165771484375,94.6165771484375,0.01259254664182663,0.01259254664182663,-0.009371891617774963,-0.009371891617774963,3.971738576889038,-37.649085998535156,0.0,1.6274407,1.7244300842285156,5.861048221588135,-0.6257529258728027,-0.5392963290214539,5.894357724130748,-0.106361770574659,5.798287868499756,-0.9034267663955688,-3.6834442615509033,-0.9034267663955688,-3.6834442615509033,-0.3001577854156494,-179.69224548339844,-0.30622509121894836,-179.6172332763672,0.31770616769791327,63.55667114257948,-0.06870445,-2.25,2.25
20.3,94.73426818847656,94.73426818847656,0.011380803771317005,0.011380803771317005,-0.011821180582046509,-0.011821180582046509,3.9667623043060303,-37.53140640258789,0.0,1.6196549,1.7138203382492065,5.850183486938477,-0.6223732829093933,-0.5266630053520203,5.883196013573493,-0.10598661231744469,5.789287090301514,-0.8908420205116272,-3.6209945678710938,-0.8908420205116272,-3.6209945678710938,-0.2938036620616913,-178.42111206054688,-0.3001577854156494,-179.69224548339844,0.33268481492996926,130.88607788086216,-0.063800655,-2.25,2.25
20.32,94.85176086425781,94.85176086425781,0.009871094487607479,0.009871094487607479,-0.014532960951328278,-0.014532960951328278,3.9629554748535156,-37.41388702392578,0.0,1.6124442,1.7034516334533691,5.839522838592529,-0.6186041235923767,-0.5136207342147827,5.872197037239916,-0.10554040154102767,5.781977653503418,-0.8743798136711121,-3.55530047416687,-0.8743798136711121,-3.55530047416687,-0.28714996576309204,-175.8033905029297,-0.2938036620616913,-178.42111206054688,0.3476873040199354,194.99816894531665,-0.058905125,-2.25,2.25
20.34,94.96904754638672,94.96904754638672,0.00803465861827135,0.00803465861827135,-0.017487093806266785,-0.017487093806266785,3.9602887630462646,-37.29655838012695,0.0,1.6058147,1.6933422088623047,5.8291401863098145,-0.6144052147865295,-0.5001419186592102,5.861430634206029,-0.10501462731381708,5.776463031768799,-0.8539404273033142,-3.48629093170166,-0.8539404273033142,-3.48629093170166,-0.2801962196826935,-171.90342712402344,-0.28714996576309204,-175.8033905029297,0.36257952451706704,255.6747436523492,-0.05401818,-2.25,2.25
20.36,95.08612060546875,95.08612060546875,0.005845143459737301,0.005845143459737301,-0.020664803683757782,-0.020664803683757782,3.958746910095215,-37.1794319152832,0.0,1.5997856,1.683523416519165,5.8191070556640625,-0.6097473502159119,-0.4862094521522522,5.850965625977869,-0.10440267451524407,5.772784233093262,-0.8295124769210815,-3.4139404296875,-0.8295124769210815,-3.4139404296875,-0.2729446291923523,-166.78993225097656,-0.2801962196826935,-171.90342712402344,0.377248227596291,312.8288269043035,-0.049140137,-2.25,2.25
20.38,95.2030029296875,95.2030029296875,0.0032783872447907925,0.0032783872447907925,-0.024049079045653343,-0.024049079045653343,3.9582459926605225,-37.062496185302734,0.0,1.5943239,1.673974633216858,5.809494495391846,-0.6046122312545776,-0.4718150496482849,5.840871702252224,-0.10369979934735786,5.770939826965332,-0.8011721968650818,-3.338268518447876,-0.8011721968650818,-3.338268518447876,-0.26539966464042664,-160.53335571289062,-0.2729446291923523,-166.78993225097656,0.3916084766387327,366.5046691893958,-0.04427004,-2.25,2.25
20.400000000000002,95.31969451904297,95.31969451904297,0.00031218057847581804,0.00031218057847581804,-0.02762456238269806,-0.02762456238269806,3.9587502479553223,-36.94575881958008,0.0,1.5894358,1.6647142171859741,5.800364971160889,-0.5989906191825867,-0.45695778727531433,5.831211157258756,-0.10290298730388273,5.770892143249512,-0.7690691947937012,-3.2593331336975098,-0.7690691947937012,-3.2593331336975098,-0.25756749510765076,-153.20326232910156,-0.26539966464042664,-160.53335571289062,0.40607005357743176,421.0601806640715,-0.03940789,-2.25,2.25
20.42,95.43619537353516,95.43619537353516,-0.0030739647336304188,-0.0030739647336304188,-0.031377457082271576,-0.031377457082271576,3.960228681564331,-36.8292236328125,0.0,1.5851362,1.6557694673538208,5.7917799949646,-0.5928813815116882,-0.4416428506374359,5.8220463621149,-0.10201067904916897,5.772583961486816,-0.7334253787994385,-3.1772232055664062,-0.7334253787994385,-3.1772232055664062,-0.2494460940361023,-144.7820587158203,-0.25756749510765076,-153.20326232910156,0.42029991745949685,474.87640380860387,-0.034553688,-2.25,2.25
20.44,95.55252075195312,95.55252075195312,-0.006898988503962755,-0.006898988503962755,-0.03529474139213562,-0.03529474139213562,3.962606906890869,-36.7128791809082,0.0,1.5813963,1.6471229791641235,5.783793926239014,-0.586285412311554,-0.4258764982223511,5.813432958750676,-0.10102186084025161,5.775988578796387,-0.6944711804389954,-3.092034339904785,-0.6944711804389954,-3.092034339904785,-0.24104009568691254,-135.28453063964844,-0.2494460940361023,-144.7820587158203,0.4339516162872407,525.5920410156363,-0.029706797,-2.25,2.25
20.46,95.6686782836914,95.6686782836914,-0.011180427856743336,-0.011180427856743336,-0.03936447575688362,-0.03936447575688362,3.9658422470092773,-36.59671401977539,0.0,1.5782192,1.6387909650802612,5.776458263397217,-0.5792072415351868,-0.4096692204475403,5.805424282291242,-0.09993627568833853,5.7810893058776855,-0.6524513959884644,-3.0038723945617676,-0.6524513959884644,-3.0038723945617676,-0.2323610633611679,-124.77268981933594,-0.24104009568691254,-135.28453063964844,0.44699385762215615,573.3604431152467,-0.0248669,-2.25,2.25
20.48,95.78466796875,95.78466796875,-0.01593458279967308,-0.01593458279967308,-0.04357602447271347,-0.04357602447271347,3.9698963165283203,-36.48073959350586,0.0,1.5756247,1.6308033466339111,5.7698187828063965,-0.5716557502746582,-0.393038272857666,5.79806856489707,-0.09875460738727695,5.78786039352417,-0.6076411604881287,-2.9128615856170654,-0.6076411604881287,-2.9128615856170654,-0.22342118620872498,-113.30548095703125,-0.2323610633611679,-124.77268981933594,0.45941099524498963,618.3773040771616,-0.020033995,-2.25,2.25
20.5,95.90049743652344,95.90049743652344,-0.021176690235733986,-0.021176690235733986,-0.04791998490691185,-0.04791998490691185,3.9747023582458496,-36.36492156982422,0.0,1.5735824,1.6231406927108765,5.763916969299316,-0.5636429786682129,-0.376006156206131,5.791410211371544,-0.09747826043142477,5.796272277832031,-0.5603300929069519,-2.819135904312134,-0.5603300929069519,-2.819135904312134,-0.21423296630382538,-100.93793487548828,-0.22342118620872498,-113.30548095703125,0.4775099456310374,710.8612060547026,-0.0152077675,-2.25,2.25
20.52,96.01617431640625,96.01617431640625,-0.02692108415067196,-0.02692108415067196,-0.05238791182637215,-0.05238791182637215,3.980212926864624,-36.249271392822266,0.0,1.5720918,1.6158127784729004,5.758789539337158,-0.5551818013191223,-0.35859933495521545,5.785489071020273,-0.09610897416089323,5.806295394897461,-0.5108106136322021,-2.7228341102600098,-0.5108106136322021,-2.7228341102600098,-0.20468276739120483,-86.72071075439453,-0.21423296630382538,-100.93793487548828,0.49370080232621294,799.3854522705249,-0.0103878975,-2.25,2.25
20.54,96.13169860839844,96.13169860839844,-0.03318087011575699,-0.03318087011575699,-0.056962478905916214,-0.056962478905916214,3.9863831996917725,-36.13377380371094,0.0,1.5711806,1.60885751247406,5.754487991333008,-0.5462333559989929,-0.34078794717788696,5.780354913117509,-0.09463945005803992,5.81834077835083,-0.4587658643722534,-2.623858690261841,-0.4587658643722534,-2.623858690261841,-0.1948087513446808,-70.73300170898438,-0.20468276739120483,-86.72071075439453,0.5080290138721575,882.7451705932806,-0.005574385,-2.25,2.25
20.56,96.24708557128906,96.24708557128906,-0.039967551827430725,-0.039967551827430725,-0.06163027510046959,-0.06163027510046959,3.993151903152466,-36.018394470214844,0.0,1.5708153,1.6022515296936035,5.751075744628906,-0.5367831587791443,-0.32257184386253357,5.776072054606646,-0.09306650217618292,5.83265495300293,-0.4038373827934265,-2.5222160816192627,-0.4038373827934265,-2.5222160816192627,-0.18464817106723785,-53.07809829711914,-0.1948087513446808,-70.73300170898438,0.0,0.0,-0.0007665952,-2.25,2.25
20.56319231702011,96.26548245743669,96.26548245743669,-0.04113614646308898,-0.04113614646308898,-0.062364548390906875,-0.062364548390906875,3.994320469841201,-35.999997584067216,0.0,1.5707964,1.6012466201854754,5.750683393615754,-0.5351950124497195,-0.31960298159019596,5.775534018163087,-0.09279902708326104,5.835322102673907,-0.3945721097076854,-2.505579371166235,-0.3945721097076854,-2.505579371166235,-0.18464817106723785,-53.07809829711914,-0.19318696167698587,-67.91499927647759,0.0,0.0,-0.0,-2.25,2.25
