t,s,s_track,e,e_track,dphi,dphi_track,x_ref,y_ref,z_ref,psi_ref,yaw,vx,vy,r,V,beta,rear_wheelspeed_ms,fcog_x,fcog_y,accel_x,accel_y,roadwheel_angle,rear_wheel_torque,measured_roadwheel_angle,measured_rear_wheel_torque,roadwheel_angle_rate,rear_wheel_torque_rate,kappa_track,e_min,e_max
0.0,0.0,0.0,0.0,0.0,0.0,0.0,3.953184127807617,-36.0,0.0,1.5707964,1.5707963705062866,0.10000000149011612,0.0,0.0,0.10000000149011612,0.0,0.10000000149011612,0.0,0.0,0.0,0.0,-0.011981022544205189,307.93377685546875,0.0,250.0,-0.5996397230774164,2854.8629760742188,-0.0,-2.25,2.25
0.02,0.002090226160362363,0.002090226160362363,0.00011335233284626156,0.00011335233284626156,0.03841114044189453,0.03841114044189453,3.953070878982544,-35.99790954589844,0.0,1.5707964,1.57078218460083,0.12248875200748444,0.004708991385996342,-0.014969125390052795,0.12257923546924418,0.038425353021623046,0.08960919082164764,0.6556519865989685,0.030075907707214355,0.6556519865989685,0.030075907707214355,-0.023973817005753517,365.0310363769531,-0.011981022544205189,307.93377685546875,-0.5997470580041409,2831.6986083984375,-0.0,-2.25,2.25
0.04,0.0045987265184521675,0.0045987265184521675,0.00020243578182999045,0.00020243578182999045,0.05332246795296669,0.05332246795296669,3.95298171043396,-35.995399475097656,0.0,1.5707964,1.5706937313079834,0.1368652731180191,0.007319010328501463,0.016524245962500572,0.13706082918857113,0.05342513422440888,0.17223317921161652,0.7306013107299805,0.046203285455703735,0.7306013107299805,0.046203285455703735,-0.035968758165836334,421.6650085449219,-0.023973817005753517,365.0310363769531,-0.5995381623506547,2807.9849243164067,-0.0,-2.25,2.25
0.06,0.007558831013739109,0.007558831013739109,0.00031187236891128123,0.00031187236891128123,0.047367170453071594,0.047367170453071594,3.9528722763061523,-35.99243927001953,0.0,1.5707964,1.57070791721344,0.16455039381980896,0.007814718410372734,-0.023095740005373955,0.1647358550227838,0.04745568206042878,0.17591674625873566,1.0645012855529785,0.045525211840867996,1.0645012855529785,0.045525211840867996,-0.047959521412849426,477.82470703125,-0.035968758165836334,421.6650085449219,-0.5929203703999518,2825.753784179687,-0.0,-2.25,2.25
0.08,0.011048240587115288,0.011048240587115288,0.00037914811400696635,0.00037914811400696635,-0.015302320942282677,-0.015302320942282677,3.9528050422668457,-35.98895263671875,0.0,1.5707964,1.5705523490905762,0.19031193852424622,-0.002865983173251152,0.012741751968860626,0.19033351729111148,-0.015058259458192417,0.23114489018917084,1.1821386814117432,-0.03992418199777603,1.1821386814117432,-0.03992418199777603,-0.059817928820848465,534.3397827148438,-0.047959521412849426,477.82470703125,-0.5975382402539252,2765.2465820312495,-0.0,-2.25,2.25
0.1,0.015118413604795933,0.015118413604795933,0.0003615216410253197,0.0003615216410253197,0.017708521336317062,0.017708521336317062,3.952822685241699,-35.98488235473633,0.0,1.5707964,1.5705132484436035,0.22349996864795685,0.004021576140075922,-0.019756801426410675,0.2235361470999447,0.017991690225917838,0.24975891411304474,1.4269133806228638,0.017566947266459465,1.4269133806228638,0.017566947266459465,-0.07176869362592697,589.6447143554688,-0.059817928820848465,534.3397827148438,-0.5608044564723972,2784.3261718750014,-0.0,-2.25,2.25
0.12,0.019851092249155045,0.019851092249155045,0.0003207326226402074,0.0003207326226402074,-0.03453200310468674,-0.03453200310468674,3.9528634548187256,-35.98014831542969,0.0,1.5707964,1.5703315734863281,0.25719836354255676,-0.008765418082475662,0.003076076041907072,0.25734768458863155,-0.03406719517150525,0.3000616729259491,1.5623754262924194,-0.0785902738571167,1.5623754262924194,-0.0785902738571167,-0.08298478275537491,645.3312377929688,-0.07176869362592697,589.6447143554688,-0.579047948122024,2730.0292968749977,-0.0,-2.25,2.25
0.14,0.02529999241232872,0.02529999241232872,0.00018911890219897032,0.00018911890219897032,-0.013959035277366638,-0.013959035277366638,3.9529950618743896,-35.974700927734375,0.0,1.5707964,1.5701961517333984,0.29575103521347046,-0.00395111134275794,-0.014783172868192196,0.29577742664152434,-0.01335879112721289,0.33575499057769775,1.7508493661880493,-0.032226551324129105,1.7508493661880493,-0.032226551324129105,-0.0945657417178154,699.9318237304688,-0.08298478275537491,645.3312377929688,-0.5365435034036639,2721.5148925781264,-0.0,-2.25,2.25
0.16,0.031531598418951035,0.031531598418951035,1.5512563550146297e-05,1.5512563550146297e-05,-0.03298071399331093,-0.03298071399331093,3.9531686305999756,-35.968467712402344,0.0,1.5707964,1.5699646472930908,0.3361935317516327,-0.010812007822096348,-0.010531972162425518,0.3363673442901096,-0.03214899038916886,0.38757285475730896,1.8937853574752808,-0.07650363445281982,1.8937853574752808,-0.07650363445281982,-0.10529661178588867,754.3621215820312,-0.0945657417178154,699.9318237304688,-0.5113244056701662,2682.4768066406264,-0.0,-2.25,2.25
0.18,0.03859668970108032,0.03859668970108032,-0.0002305038651684299,-0.0002305038651684299,-0.035725679248571396,-0.035725679248571396,3.9534146785736084,-35.961402893066406,0.0,1.5707964,1.569696307182312,0.3795967400074005,-0.013149048201739788,-0.01492387242615223,0.3798244100803129,-0.03462567360320874,0.4429355263710022,2.0386643409729004,-0.08288171887397766,2.0386643409729004,-0.08288171887397766,-0.11552309989929199,808.0116577148438,-0.10529661178588867,754.3621215820312,-0.46612322330474815,2637.75939941406,-0.0,-2.25,2.25
0.2,0.04655080661177635,0.04655080661177635,-0.0005436878418549895,-0.0005436878418549895,-0.04072807729244232,-0.04072807729244232,3.9537277221679688,-35.95344924926758,0.0,1.5707964,1.5693614482879639,0.42575445771217346,-0.01673784665763378,-0.018212122842669487,0.4260833413459406,-0.03929314497617403,0.5043120384216309,2.1806933879852295,-0.09740335494279861,2.1806933879852295,-0.09740335494279861,-0.12484556436538696,860.766845703125,-0.11552309989929199,808.0116577148438,-0.4058651626110079,2582.8674316406264,-0.0,-2.25,2.25
0.22,0.05544979125261307,0.05544979125261307,-0.0009341732366010547,-0.0009341732366010547,-0.04525791481137276,-0.04525791481137276,3.954118251800537,-35.944549560546875,0.0,1.5707964,1.5689573287963867,0.47466421127319336,-0.02062234655022621,-0.02189292013645172,0.47511198115901093,-0.04341887456090516,0.5711066126823425,2.320535659790039,-0.11237800121307373,2.320535659790039,-0.11237800121307373,-0.13296286761760712,912.4241943359375,-0.12484556436538696,860.766845703125,-0.33105015754699724,2514.5996093750014,-0.0,-2.25,2.25
0.24,0.06534823030233383,0.06534823030233383,-0.0014088333118706942,-0.0014088333118706942,-0.049304019659757614,-0.049304019659757614,3.9545929431915283,-35.93465042114258,0.0,1.5707964,1.5684788227081299,0.5262463688850403,-0.024744635447859764,-0.02580716647207737,0.5268278065441662,-0.04698640118261647,0.643546998500824,2.4570014476776123,-0.12739478051662445,2.4570014476776123,-0.12739478051662445,-0.13958387076854706,962.7161865234375,-0.13296286761760712,912.4241943359375,-0.24515911936759927,1864.1906738281234,-0.0,-2.25,2.25
0.26,0.0762990340590477,0.0762990340590477,-0.0019727484323084354,-0.0019727484323084354,-0.052742764353752136,-0.052742764353752136,3.9551568031311035,-35.92369842529297,0.0,1.5707964,1.5679224729537964,0.5804168581962585,-0.028968721628189087,-0.029848746955394745,0.5811393259031669,-0.04986881952278289,0.7218371033668518,2.589432716369629,-0.1415499895811081,2.589432716369629,-0.1415499895811081,-0.14448705315589905,1000.0,-0.13958387076854706,962.7161865234375,-0.14612302184104906,0.0,-0.0,-2.25,2.25
0.28,0.08835174143314362,0.08835174143314362,-0.0026288232766091824,-0.0026288232766091824,-0.05553686246275902,-0.05553686246275902,3.955812931060791,-35.91164779663086,0.0,1.5707964,1.5672873258590698,0.6367751359939575,-0.03315996378660202,-0.03386747092008591,0.6376379513630379,-0.05202784517574887,0.8025860786437988,2.708709716796875,-0.1540687382221222,2.708709716796875,-0.1540687382221222,-0.14740951359272003,1000.0,-0.14448705315589905,1000.0,-0.06691291928291333,0.0,-0.0,-2.25,2.25
0.3,0.10154253244400024,0.10154253244400024,-0.0033772275783121586,-0.0033772275783121586,-0.057677462697029114,-0.057677462697029114,3.956561326980591,-35.89845657348633,0.0,1.5707964,1.5665762424468994,0.6941476464271545,-0.03714274242520332,-0.037608567625284195,0.6951406608415472,-0.053457438002192395,0.8757094144821167,2.789991855621338,-0.16397203505039215,2.789991855621338,-0.16397203505039215,-0.1487477719783783,1000.0,-0.14740951359272003,1000.0,-0.004517287015914913,0.0,-0.0,-2.25,2.25
0.32,0.11588173359632492,0.11588173359632492,-0.004215601831674576,-0.004215601831674576,-0.0591622032225132,-0.0591622032225132,3.957399845123291,-35.884117126464844,0.0,1.5707964,1.565794825553894,0.7516696453094482,-0.04075081646442413,-0.04105232656002045,0.7527734617546961,-0.054160711439156156,0.9479501247406006,2.833124876022339,-0.17042921483516693,2.833124876022339,-0.17042921483516693,-0.1488381177186966,1000.0,-0.1487477719783783,1000.0,0.04440024495124813,0.0,-0.0,-2.25,2.25
0.34,0.13137096166610718,0.13137096166610718,-0.005139232613146305,-0.005139232613146305,-0.06010976433753967,-0.06010976433753967,3.9583234786987305,-35.868629455566406,0.0,1.5707964,1.564948558807373,0.8092389702796936,-0.04395398125052452,-0.04420141503214836,0.8104317759608827,-0.05426188767752793,1.0202027559280396,2.855215549468994,-0.17373879253864288,2.855215549468994,-0.17373879253864288,-0.14795011281967163,1000.0,-0.1488381177186966,1000.0,0.08357763290405289,0.0,-0.0,-2.25,2.25
0.36,0.14801089465618134,0.14801089465618134,-0.006143354345113039,-0.006143354345113039,-0.060653503984212875,-0.060653503984212875,3.959327459335327,-35.851985931396484,0.0,1.5707964,1.5640426874160767,0.8668524026870728,-0.04676848649978638,-0.04706406593322754,0.8681131143888057,-0.05389981861652738,1.0925763845443726,2.8669450283050537,-0.17448794841766357,2.8669450283050537,-0.17448794841766357,-0.14627856016159058,1000.0,-0.14795011281967163,1000.0,0.115390121936798,0.0,-0.0,-2.25,2.25
0.38,0.16580231487751007,0.16580231487751007,-0.007223568391054869,-0.007223568391054869,-0.060890138149261475,-0.060890138149261475,3.9604077339172363,-35.834197998046875,0.0,1.5707964,1.5630829334259033,0.9245201945304871,-0.04920927435159683,-0.04964600130915642,0.9258288949783866,-0.05317664445148522,1.1650657653808594,2.8738694190979004,-0.17316532135009766,2.8738694190979004,-0.17316532135009766,-0.14397075772285461,1000.0,-0.14627856016159058,1000.0,0.14209598302841173,0.0,-0.0,-2.25,2.25
0.4,0.18474622070789337,0.18474622070789337,-0.008375785313546658,-0.008375785313546658,-0.06088826805353165,-0.06088826805353165,3.961560010910034,-35.81525421142578,0.0,1.5707964,1.5620744228363037,0.9822516441345215,-0.05128704011440277,-0.05195185914635658,0.9835896770954171,-0.052166376078248144,1.2376567125320435,2.8786988258361816,-0.1701531708240509,2.8786988258361816,-0.1701531708240509,-0.14112883806228638,1000.0,-0.14397075772285461,1000.0,0.16483664512634308,0.0,-0.0,-2.25,2.25
0.42,0.20484381914138794,0.20484381914138794,-0.009596092626452446,-0.009596092626452446,-0.06069304049015045,-0.06069304049015045,3.962780237197876,-35.7951545715332,0.0,1.5707964,1.5610228776931763,1.0400545597076416,-0.0530049130320549,-0.053981706500053406,1.0414043441306513,-0.05091953518626602,1.3103410005569458,2.882718086242676,-0.165718212723732,2.882718086242676,-0.165718212723732,-0.13783210515975952,1000.0,-0.14112883806228638,1000.0,0.18419772386550887,0.0,-0.0,-2.25,2.25
0.44,0.22609645128250122,0.22609645128250122,-0.010880638845264912,-0.010880638845264912,-0.06033662334084511,-0.06033662334084511,3.964064836502075,-35.773902893066406,0.0,1.5707964,1.5599335432052612,1.0979341268539429,-0.05436324328184128,-0.0557345487177372,1.0992791770658856,-0.04947371675074905,1.3831151723861694,2.886504888534546,-0.1600620001554489,2.886504888534546,-0.1600620001554489,-0.13414815068244934,1000.0,-0.13783210515975952,1000.0,0.20065084099769576,0.0,-0.0,-2.25,2.25
0.46,0.2485055923461914,0.2485055923461914,-0.01222559530287981,-0.01222559530287981,-0.059844329953193665,-0.059844329953193665,3.965409755706787,-35.75149154663086,0.0,1.5707964,1.5588116645812988,1.1558940410614014,-0.055363014340400696,-0.057210616767406464,1.1572191225166097,-0.04785969589401457,1.4559788703918457,2.8902907371520996,-0.15335501730442047,2.8902907371520996,-0.15335501730442047,-0.13013513386249542,1000.0,-0.13414815068244934,1000.0,0.2149946987628941,0.0,-0.0,-2.25,2.25
0.48,0.27207276225090027,0.27207276225090027,-0.013627151027321815,-0.013627151027321815,-0.05923667177557945,-0.05923667177557945,3.966811180114746,-35.72792434692383,0.0,1.5707964,1.5576632022857666,1.2139358520507812,-0.056006286293268204,-0.05841123312711716,1.215227121569717,-0.04610342436166805,1.528932809829712,2.894148111343384,-0.1457444280385971,2.894148111343384,-0.1457444280385971,-0.12583523988723755,1000.0,-0.13013513386249542,1000.0,0.22756010293960552,0.0,-0.0,-2.25,2.25
0.5,0.2967996299266815,0.2967996299266815,-0.015081479214131832,-0.015081479214131832,-0.05852769315242767,-0.05852769315242767,3.9682655334472656,-35.70320129394531,0.0,1.5707964,1.5564930438995361,1.2720606327056885,-0.0562928281724453,-0.05933558940887451,1.2733055940280986,-0.04422440472333709,1.6019775867462158,2.8980891704559326,-0.1373327076435089,2.8980891704559326,-0.1373327076435089,-0.12128403782844543,1000.0,-0.12583523988723755,1000.0,0.23964121937751748,0.0,-0.0,-2.25,2.25
0.52,0.3226877450942993,0.3226877450942993,-0.016584686934947968,-0.016584686934947968,-0.05772796645760536,-0.05772796645760536,3.969768762588501,-35.677310943603516,0.0,1.5707964,1.555307149887085,1.330268383026123,-0.05622225999832153,-0.05998288094997406,1.3314559374602881,-0.04223871002130986,1.6751141548156738,2.9020957946777344,-0.1281995177268982,2.9020957946777344,-0.1281995177268982,-0.11649121344089508,1000.0,-0.12128403782844543,1000.0,0.2508983016014097,0.0,-0.0,-2.25,2.25
0.54,0.3497387766838074,0.3497387766838074,-0.018132707104086876,-0.018132707104086876,-0.05683891475200653,-0.05683891475200653,3.9713168144226074,-35.65026092529297,0.0,1.5707964,1.5541108846664429,1.3885592222213745,-0.05578528344631195,-0.06034409627318382,1.3896793556303604,-0.04015334644952177,1.7483426332473755,2.906167507171631,-0.11834025382995605,2.906167507171631,-0.11834025382995605,-0.11147324740886688,1000.0,-0.11649121344089508,1000.0,0.26013962924480416,0.0,-0.0,-2.25,2.25
0.56,0.37795448303222656,0.37795448303222656,-0.01972118951380253,-0.01972118951380253,-0.05586198717355728,-0.05586198717355728,3.972905397415161,-35.62204360961914,0.0,1.5707964,1.5529099702835083,1.4469327926635742,-0.054974474012851715,-0.06041273847222328,1.4479767606139953,-0.03797553332605432,1.8216630220413208,2.910280466079712,-0.10775606334209442,2.910280466079712,-0.10775606334209442,-0.1062704548239708,1000.0,-0.11147324740886688,1000.0,0.26826895773410925,0.0,-0.0,-2.25,2.25
0.58,0.4073364734649658,0.4073364734649658,-0.021345624700188637,-0.021345624700188637,-0.054806001484394073,-0.054806001484394073,3.97452974319458,-35.5926628112793,0.0,1.5707964,1.5517102479934692,1.5053863525390625,-0.05379503220319748,-0.060193728655576706,1.5063472295259834,-0.03571983432774533,1.8950753211975098,2.9143707752227783,-0.09653212130069733,2.9143707752227783,-0.09653212130069733,-0.10090507566928864,1000.0,-0.1062704548239708,1000.0,0.27541518211364724,0.0,-0.0,-2.25,2.25
0.6,0.4378865361213684,0.4378865361213684,-0.0230014156550169,-0.0230014156550169,-0.053676068782806396,-0.053676068782806396,3.9761855602264404,-35.562110900878906,0.0,1.5707964,1.5505174398422241,1.563916802406311,-0.052249711006879807,-0.05968823283910751,1.564789377887351,-0.033397098635985334,1.9685778617858887,2.9184036254882812,-0.08471670001745224,2.9184036254882812,-0.08471670001745224,-0.09539677202701569,1000.0,-0.10090507566928864,1000.0,0.2814631909132001,0.0,-0.0,-2.25,2.25
0.62,0.4696062505245209,0.4696062505245209,-0.02468382567167282,-0.02468382567167282,-0.05247557908296585,-0.05247557908296585,3.977867841720581,-35.530391693115234,0.0,1.5707964,1.5493371486663818,1.6225214004516602,-0.050340913236141205,-0.05889712646603584,1.6233021599409845,-0.031016397842086017,2.0421688556671143,2.922349452972412,-0.07234148681163788,2.922349452972412,-0.07234148681163788,-0.08976750820875168,1000.0,-0.09539677202701569,1000.0,0.28671473264694186,0.0,-0.0,-2.25,2.25
0.64,0.5024971961975098,0.5024971961975098,-0.02638796903192997,-0.02638796903192997,-0.05120813474059105,-0.05120813474059105,3.979572057723999,-35.497501373291016,0.0,1.5707964,1.5481752157211304,1.6811963319778442,-0.04807346314191818,-0.05782349780201912,1.6818835169280348,-0.028587004404750493,2.1158459186553955,2.9261789321899414,-0.05944425240159035,2.9261789321899414,-0.05944425240159035,-0.08403321355581284,1000.0,-0.08976750820875168,1000.0,0.290378928184509,0.0,-0.0,-2.25,2.25
0.66,0.5365609526634216,0.5365609526634216,-0.028108807280659676,-0.028108807280659676,-0.04987570270895958,-0.04987570270895958,3.981292963027954,-35.463436126708984,0.0,1.5707964,1.547037124633789,1.7399375438690186,-0.04545140638947487,-0.05646933615207672,1.7405310933470088,-0.02611649618035218,2.189605951309204,2.929870128631592,-0.046044908463954926,2.929870128631592,-0.046044908463954926,-0.07822563499212265,1000.0,-0.08403321355581284,1000.0,0.29331967234611483,0.0,-0.0,-2.25,2.25
0.68,0.571799099445343,0.571799099445343,-0.029841195791959763,-0.029841195791959763,-0.04848421365022659,-0.04848421365022659,3.983025312423706,-35.428199768066406,0.0,1.5707964,1.5459284782409668,1.7987401485443115,-0.04248747602105141,-0.054844874888658524,1.799241870234197,-0.023616294395887246,2.2634456157684326,2.9333865642547607,-0.032218050211668015,2.9333865642547607,-0.032218050211668015,-0.07235924154520035,1000.0,-0.07822563499212265,1000.0,0.2957113087177274,0.0,-0.0,-2.25,2.25
0.7000000000000001,0.608212947845459,0.608212947845459,-0.03157992288470268,-0.03157992288470268,-0.047036245465278625,-0.047036245465278625,3.9847640991210938,-35.391788482666016,0.0,1.5707964,1.5448544025421143,1.8575997352600098,-0.03919059783220291,-0.05295555666089058,1.8580130998990572,-0.02109431005881045,2.3373610973358154,2.9367141723632812,-0.017994524911046028,2.9367141723632812,-0.017994524911046028,-0.0664450153708458,1000.0,-0.07235924154520035,1000.0,0.29757507145404954,0.0,-0.0,-2.25,2.25
0.72,0.6458038687705994,0.6458038687705994,-0.0333196222782135,-0.0333196222782135,-0.045532334595918655,-0.045532334595918655,3.986503839492798,-35.35419464111328,0.0,1.5707964,1.5438203811645508,1.9165116548538208,-0.03556756675243378,-0.050805021077394485,1.9168416666473054,-0.018556362096852904,2.4113478660583496,2.9398458003997803,-0.003379540052264929,2.9398458003997803,-0.003379540052264929,-0.06049351394176483,1000.0,-0.0664450153708458,1000.0,0.29892567545175525,0.0,-0.0,-2.25,2.25
0.74,0.684573233127594,0.684573233127594,-0.035054728388786316,-0.035054728388786316,-0.04397231712937355,-0.04397231712937355,3.98823881149292,-35.315425872802734,0.0,1.5707964,1.5428314208984375,1.9754714965820312,-0.03162495046854019,-0.04839692637324333,1.97572461929799,-0.016007443945912553,2.4854016304016113,2.942772626876831,0.011629939079284668,2.942772626876831,0.011629939079284668,-0.05451500043272972,1000.0,-0.06049351394176483,1000.0,0.2997696399688718,-94.07043457031241,-0.0,-2.25,2.25
0.76,0.7245222926139832,0.7245222926139832,-0.036779455840587616,-0.036779455840587616,-0.042355723679065704,-0.042355723679065704,3.9899635314941406,-35.27547836303711,0.0,1.5707964,1.5418927669525146,2.0344743728637695,-0.027369769290089607,-0.04573541134595871,2.0346584671906047,-0.013452181398755609,2.5595173835754395,2.9454867839813232,0.027038810774683952,2.9454867839813232,0.027038810774683952,-0.04851960763335228,998.1185913085938,-0.05451500043272972,1000.0,0.29961187392473193,-243.66760253906227,-0.0,-2.25,2.25
0.78,0.765652060508728,0.765652060508728,-0.03848780691623688,-0.03848780691623688,-0.04068364202976227,-0.04068364202976227,3.9916720390319824,-35.23434829711914,0.0,1.5707964,1.5410094261169434,2.0934972763061523,-0.02281314693391323,-0.042821794748306274,2.0936215717207127,-0.010896715392331242,2.6328580379486084,2.9474308490753174,0.04282611981034279,2.9474308490753174,0.04282611981034279,-0.042527370154857635,993.2452392578125,-0.04851960763335228,998.1185913085938,0.29800795018672915,-379.62036132812466,-0.0,-2.25,2.25
0.8,0.8079626560211182,0.8079626560211182,-0.040173668414354324,-0.040173668414354324,-0.03896087035536766,-0.03896087035536766,3.9933578968048096,-35.19203567504883,0.0,1.5707964,1.5401864051818848,2.1524698734283447,-0.017975326627492905,-0.039658766239881516,2.1525449283078855,-0.008350829436860241,2.7043535709381104,2.94714617729187,0.05891396105289459,2.94714617729187,0.05891396105289459,-0.03656721115112305,985.65283203125,-0.042527370154857635,993.2452392578125,0.29480550438165637,-501.93786621093705,-0.0,-2.25,2.25
0.8200000000000001,0.8514527678489685,0.8514527678489685,-0.04183093085885048,-0.04183093085885048,-0.03719385340809822,-0.03719385340809822,3.9950151443481445,-35.14854431152344,0.0,1.5707964,1.5394283533096313,2.2112841606140137,-0.01288277842104435,-0.03625626116991043,2.2113216873540287,-0.005825860330490338,2.773359775543213,2.942988395690918,0.07519623637199402,2.942988395690918,0.07519623637199402,-0.030671101063489914,975.6140747070312,-0.03656721115112305,985.65283203125,0.28990944847464695,-610.9924316406278,-0.0,-2.25,2.25
0.84,0.8961185812950134,0.8961185812950134,-0.04345353692770004,-0.04345353692770004,-0.035389114171266556,-0.035389114171266556,3.9966375827789307,-35.1038818359375,0.0,1.5707964,1.5387402772903442,2.269815683364868,-0.007565151900053024,-0.03263210132718086,2.269828290415906,-0.0033329243177190673,2.8394978046417236,2.9337453842163086,0.09156166762113571,2.9337453842163086,0.09156166762113571,-0.024872912093997,963.3942260742188,-0.030671101063489914,975.6140747070312,0.2828767523169515,-707.2326660156243,-0.0,-2.25,2.25
0.86,0.9419536590576172,0.9419536590576172,-0.04503551498055458,-0.04503551498055458,-0.033553581684827805,-0.033553581684827805,3.9982197284698486,-35.05804443359375,0.0,1.5707964,1.5381258726119995,2.3279354572296143,-0.002055915305390954,-0.028811052441596985,2.3279363650698435,-0.0008831493865091651,2.902567148208618,2.9187018871307373,0.1078864336013794,2.9187018871307373,0.1078864336013794,-0.019215377047657967,949.2495727539062,-0.024872912093997,963.3942260742188,0.27411705814301945,-791.4703369140618,-0.0,-2.25,2.25
0.88,0.9889490604400635,0.9889490604400635,-0.04657110571861267,-0.04657110571861267,-0.031696807593107224,-0.031696807593107224,3.9997551441192627,-35.011051177978516,0.0,1.5707964,1.5375893115997314,2.3855159282684326,0.0036028081085532904,-0.024828128516674042,2.385518648899788,0.0015102835099849604,2.962491035461426,2.8975493907928467,0.12399677187204361,2.8975493907928467,0.12399677187204361,-0.013733035884797573,933.420166015625,-0.019215377047657967,949.2495727539062,0.2637724857777355,-864.4958496093742,-0.0,-2.25,2.25
0.9,1.0370934009552002,1.0370934009552002,-0.04805488511919975,-0.04805488511919975,-0.029828211292624474,-0.029828211292624474,4.001238822937012,-34.96290588378906,0.0,1.5707964,1.5371330976486206,2.442434787750244,0.009367035701870918,-0.020720353350043297,2.4424527495471473,0.00383510332611399,3.019279718399048,2.87028431892395,0.13972219824790955,2.87028431892395,0.13972219824790955,-0.008457586169242859,916.1302490234375,-0.013733035884797573,933.420166015625,0.251786282751709,-923.9013671874992,-0.0,-2.25,2.25
0.92,1.0863726139068604,1.0863726139068604,-0.049481816589832306,-0.049481816589832306,-0.02795698121190071,-0.02795698121190071,4.002665996551514,-34.91362762451172,0.0,1.5707964,1.5367594957351685,2.4985790252685547,0.01519141998142004,-0.016526559367775917,2.4986252069394106,0.00607994889886262,3.0730042457580566,2.8371129035949707,0.15489645302295685,2.8371129035949707,0.15489645302295685,-0.0034218605142086744,897.6522216796875,-0.008457586169242859,916.1302490234375,0.23532555205747463,-987.9211425781241,-0.0,-2.25,2.25
0.9400000000000001,1.1367707252502441,1.1367707252502441,-0.05084732547402382,-0.05084732547402382,-0.026093099266290665,-0.026093099266290665,4.004031658172607,-34.86322784423828,0.0,1.5707964,1.5364696979522705,2.553844928741455,0.021027611568570137,-0.012289214879274368,2.5539314948734875,0.008233521217259681,3.1238067150115967,2.7984020709991455,0.16934223473072052,2.7984020709991455,0.16934223473072052,0.0012846505269408226,877.893798828125,-0.0034218605142086744,897.6522216796875,0.21734812762588365,-1043.6889648437548,-0.0,-2.25,2.25
0.96,1.1882693767547607,1.1882693767547607,-0.052147720009088516,-0.052147720009088516,-0.024260271340608597,-0.024260271340608597,4.005331993103027,-34.811729431152344,0.0,1.5707964,1.536264181137085,2.6081387996673584,0.02679162286221981,-0.0080857640132308,2.6082764020298694,0.010271953536590005,3.1717185974121094,2.7545504570007324,0.1826256662607193,2.7545504570007324,0.1826256662607193,0.005631613079458475,857.02001953125,0.0012846505269408226,877.893798828125,0.19654876086860879,-1084.1094970703116,-0.0,-2.25,2.25
0.98,1.2408485412597656,1.2408485412597656,-0.05338053032755852,-0.05338053032755852,-0.02247665449976921,-0.02247665449976921,4.006564617156982,-34.759151458740234,0.0,1.5707964,1.5361413955688477,2.6613729000091553,0.03241259232163429,-0.003975318744778633,2.6615702675383472,0.012178297120711164,3.216817617416382,2.7059214115142822,0.1944444626569748,2.7059214115142822,0.1944444626569748,0.009562588296830654,835.3378295898438,0.005631613079458475,857.02001953125,0.17463094554841502,-1109.9761962890616,-0.0,-2.25,2.25
1.0,1.29448664188385,1.29448664188385,-0.05454451963305473,-0.05454451963305473,-0.020763777196407318,-0.020763777196407318,4.007728576660156,-34.70551300048828,0.0,1.5707964,1.5360990762710571,2.713468551635742,0.03781058266758919,-2.7840897018904798e-05,2.713731972925446,0.013933507993284591,3.2592761516571045,2.6529457569122314,0.20444586873054504,2.6529457569122314,0.20444586873054504,0.013055207207798958,813.1383056640625,0.009562588296830654,835.3378295898438,0.1527035608887671,-1128.894042968749,-0.0,-2.25,2.25
1.02,1.349160075187683,1.349160075187683,-0.05563978850841522,-0.05563978850841522,-0.019138317555189133,-0.019138317555189133,4.008823871612549,-34.65083694458008,0.0,1.5707964,1.5361334085464478,2.7643613815307617,0.042919233441352844,0.0037000561133027077,2.764694541590057,0.015524665338493527,3.2993223667144775,2.5961833000183105,0.2123977690935135,2.5961833000183105,0.2123977690935135,0.016109278425574303,790.5604248046875,0.013055207207798958,813.1383056640625,0.12974245473742474,-1140.002441406249,-0.0,-2.25,2.25
1.04,1.4048444032669067,1.4048444032669067,-0.05666753649711609,-0.05666753649711609,-0.017610665410757065,-0.017610665410757065,4.009851455688477,-34.59515380859375,0.0,1.5707964,1.5362396240234375,2.814000368118286,0.047690942883491516,0.007168756332248449,2.8144044659222254,0.016946116349762532,3.3371522426605225,2.5362672805786133,0.21821273863315582,2.5362672805786133,0.21821273863315582,0.0187041275203228,767.7603759765625,0.016109278425574303,790.5604248046875,0.10737897828221311,-1143.6431884765616,-0.0,-2.25,2.25
1.06,1.461513876914978,1.461513876914978,-0.05762995406985283,-0.05762995406985283,-0.01619287207722664,-0.01619287207722664,4.010814189910889,-34.53848648071289,0.0,1.5707964,1.5364121198654175,2.8623476028442383,0.05207570642232895,0.010333528742194176,2.8628212795610457,0.01819134819854853,3.3729500770568848,2.4738314151763916,0.22177378833293915,2.4738314151763916,0.22177378833293915,0.020851707085967064,744.8875122070312,0.0187041275203228,767.7603759765625,0.08516414090991013,-1140.362548828124,-0.0,-2.25,2.25
1.08,1.5191422700881958,1.5191422700881958,-0.05853020027279854,-0.05853020027279854,-0.014891820028424263,-0.014891820028424263,4.011714458465576,-34.480857849121094,0.0,1.5707964,1.536644697189331,2.9093761444091797,0.0560409277677536,0.013166875578463078,2.9099158295803496,0.019259798508064897,3.4068892002105713,2.4094831943511963,0.2230849266052246,2.4094831943511963,0.2230849266052246,0.022554989904165268,722.0802612304688,0.020851707085967064,744.8875122070312,0.06328830495476717,-1133.233642578124,-0.0,-2.25,2.25
1.1,1.5777028799057007,1.5777028799057007,-0.05937224626541138,-0.05937224626541138,-0.013713784515857697,-0.013713784515857697,4.012556552886963,-34.42229461669922,0.0,1.5707964,1.5369305610656738,2.9550700187683105,0.05955866351723671,0.015643693506717682,2.955670152473598,0.02015201013622276,3.4391326904296875,2.3437955379486084,0.22216375172138214,2.3437955379486084,0.22216375172138214,0.023820756003260612,699.4155883789062,0.022554989904165268,722.0802612304688,0.04318933933973308,-1120.7733154296866,-0.0,-2.25,2.25
1.12,1.6371686458587646,1.6371686458587646,-0.06016084551811218,-0.06016084551811218,-0.012664299458265305,-0.012664299458265305,4.013344764709473,-34.362831115722656,0.0,1.5707964,1.5372623205184937,2.9994215965270996,0.06260617822408676,0.01774311624467373,3.0000749069423254,0.020869719934987097,3.46981143951416,2.277285099029541,0.21904456615447998,2.277285099029541,0.21904456615447998,0.024684542790055275,677.0001220703125,0.023820756003260612,699.4155883789062,0.025043264031410196,-1103.6529541015616,-0.0,-2.25,2.25
1.1400000000000001,1.6975123882293701,1.6975123882293701,-0.060901347547769547,-0.060901347547769547,-0.011743161827325821,-0.011743161827325821,4.014085292816162,-34.302486419677734,0.0,1.5707964,1.5376324653625488,3.042431592941284,0.0651809424161911,0.019464006647467613,3.043129729896756,0.021420686311727458,3.4990503787994385,2.2103967666625977,0.2138906717300415,2.2103967666625977,0.2138906717300415,0.02518540807068348,654.9270629882812,0.024684542790055275,677.0001220703125,0.008330959826707925,-1082.6721191406361,-0.0,-2.25,2.25
1.16,1.75870680809021,1.75870680809021,-0.06159942224621773,-0.06159942224621773,-0.010946303606033325,-0.010946303606033325,4.0147833824157715,-34.24129104614258,0.0,1.5707964,1.5380337238311768,3.0841071605682373,0.06729481369256973,0.020817048847675323,3.084841255205556,0.02181640695432334,3.526965856552124,2.1435251235961914,0.2069401890039444,2.1435251235961914,0.2069401890039444,0.025352027267217636,633.2736206054688,0.02518540807068348,654.9270629882812,-0.006825942546129221,-1058.300781249999,-0.0,-2.25,2.25
1.18,1.820725440979004,1.820725440979004,-0.06226086989045143,-0.06226086989045143,-0.010269496589899063,-0.010269496589899063,4.015445232391357,-34.17927551269531,0.0,1.5707964,1.5384584665298462,3.1244614124298096,0.06896284222602844,0.021813616156578064,3.1252223907061034,0.022068330356906137,3.553663969039917,2.0770251750946045,0.19841665029525757,2.0770251750946045,0.19841665029525757,0.02521550841629505,612.1076049804688,0.025352027267217636,633.2736206054688,-0.01984294503927229,-1030.871582031249,-0.0,-2.25,2.25
1.2,1.8835415840148926,1.8835415840148926,-0.06289158016443253,-0.06289158016443253,-0.00970790721476078,-0.00970790721476078,4.016075611114502,-34.116458892822266,0.0,1.5707964,1.5389001369476318,3.163513422012329,0.07020435482263565,0.02246847189962864,3.1642923099309614,0.022188252146407086,3.579242706298828,2.0112087726593018,0.18854078650474548,2.0112087726593018,0.18854078650474548,0.024818649515509605,591.4901733398438,0.02521550841629505,612.1076049804688,-0.030979420989751788,-1000.9124755859366,-0.0,-2.25,2.25
1.22,1.9471290111541748,1.9471290111541748,-0.0634973794221878,-0.0634973794221878,-0.009254069067537785,-0.009254069067537785,4.016681671142578,-34.0528678894043,0.0,1.5707964,1.5393520593643188,3.2012863159179688,0.07104896754026413,0.02280627004802227,3.202074645018785,0.022190238074759294,3.603792667388916,1.946348786354065,0.17757882177829742,1.946348786354065,0.17757882177829742,0.02419906109571457,571.471923828125,0.024818649515509605,591.4901733398438,-0.04495456814765926,-968.6920166015616,-0.0,-2.25,2.25
1.24,2.0114622116088867,2.0114622116088867,-0.06408392637968063,-0.06408392637968063,-0.008899712935090065,-0.008899712935090065,4.017268180847168,-33.9885368347168,0.0,1.5707964,1.5398080348968506,3.2378084659576416,0.07153033465147018,0.02285449020564556,3.238598501049849,0.02208861384008444,3.6273982524871826,1.8826844692230225,0.165793776512146,1.8826844692230225,0.165793776512146,0.023299969732761383,552.0980834960938,0.02419906109571457,571.471923828125,-0.04888279363512989,-901.0223388671867,-0.0,-2.25,2.25
1.26,2.0765161514282227,2.0765161514282227,-0.0646570697426796,-0.0646570697426796,-0.00865311361849308,-0.00865311361849308,4.017841339111328,-33.923484802246094,0.0,1.5707964,1.5402621030807495,3.27311110496521,0.0716308206319809,0.02258741855621338,3.27389481808915,0.021881135736293734,3.650139331817627,1.8204400539398193,0.15303102135658264,1.8204400539398193,0.15303102135658264,0.022322313860058784,534.07763671875,0.023299969732761383,552.0980834960938,-0.049806199967861134,-833.8287353515617,-0.0,-2.25,2.25
1.28,2.1422665119171143,2.1422665119171143,-0.06522241234779358,-0.06522241234779358,-0.008485700935125351,-0.008485700935125351,4.018406391143799,-33.857730865478516,0.0,1.5707964,1.5407090187072754,3.3072376251220703,0.07145315408706665,0.022107113152742386,3.3080094108469615,0.02160172556956413,3.672372341156006,1.7600210905075073,0.1400517374277115,1.7600210905075073,0.1400517374277115,0.02132618986070156,517.4010620117188,0.022322313860058784,534.07763671875,-0.04900107160210605,-771.2692260742181,-0.0,-2.25,2.25
1.3,2.2086904048919678,2.2086904048919678,-0.06578394770622253,-0.06578394770622253,-0.008371444419026375,-0.008371444419026375,4.018968105316162,-33.79130935668945,0.0,1.5707964,1.5411449670791626,3.3402485847473145,0.07109101861715317,0.02149289660155773,3.341005019576364,0.021279939392688078,3.6943140029907227,1.7020856142044067,0.12747910618782043,1.7020856142044067,0.12747910618782043,0.02034616842865944,501.9756774902344,0.02132618986070156,517.4010620117188,-0.046747922897338826,-713.5955810546868,-0.0,-2.25,2.25
1.32,2.2757654190063477,2.2757654190063477,-0.06634426862001419,-0.06634426862001419,-0.0082903653383255,-0.0082903653383255,4.019528388977051,-33.72423553466797,0.0,1.5707964,1.5415680408477783,3.3722145557403564,0.0706174448132515,0.02080216445028782,3.37295387360383,0.02093791005118032,3.7160725593566895,1.647167682647705,0.115725576877594,1.647167682647705,0.115725576877594,0.019411209970712662,487.7037658691406,0.02034616842865944,501.9756774902344,-0.043313484638929325,-660.9191894531244,-0.0,-2.25,2.25
1.34,2.3434717655181885,2.3434717655181885,-0.06690484285354614,-0.06690484285354614,-0.008226627483963966,-0.008226627483963966,4.020089149475098,-33.65652847290039,0.0,1.5707964,1.5419771671295166,3.403207302093506,0.07009075582027435,0.020080581307411194,3.4039290026488533,0.020592588661507656,3.7376961708068848,1.5955661535263062,0.1050601378083229,1.5955661535263062,0.1050601378083229,0.018544940277934074,474.4853820800781,0.019411209970712662,487.7037658691406,-0.03896374255418774,-613.2415771484369,-0.0,-2.25,2.25
1.36,2.411790132522583,2.411790132522583,-0.06746622174978256,-0.06746622174978256,-0.008167271502315998,-0.008167271502315998,4.020650386810303,-33.58821105957031,0.0,1.5707964,1.5423718690872192,3.4332971572875977,0.0695585310459137,0.019366012886166573,3.4340017122127886,0.020257208463891212,3.7592012882232666,1.547371745109558,0.09565456211566925,1.547371745109558,0.09565456211566925,0.01776566542685032,462.2205505371094,0.018544940277934074,474.4853820800781,-0.032879319041967364,-567.446899414062,-0.0,-2.25,2.25
1.3800000000000001,2.480703115463257,2.480703115463257,-0.06802815198898315,-0.06802815198898315,-0.008101501502096653,-0.008101501502096653,4.021212100982666,-33.51929473876953,0.0,1.5707964,1.542752742767334,3.462549924850464,0.069059818983078,0.01868995651602745,3.4632385480471783,0.019942142484911798,3.780586004257202,1.5025206804275513,0.08761106431484222,1.5025206804275513,0.08761106431484222,0.01710807904601097,450.8716125488281,0.01776566542685032,462.2205505371094,-0.02438593655824659,-521.145629882812,-0.0,-2.25,2.25
1.4000000000000001,2.55019474029541,2.55019474029541,-0.06858960539102554,-0.06858960539102554,-0.008016622625291348,-0.008016622625291348,4.021773815155029,-33.44980239868164,0.0,1.5707964,1.5431208610534668,3.491027355194092,0.068638876080513,0.018090859055519104,3.491702062035513,0.01965897899280188,3.8018622398376465,1.460874080657959,0.08107336610555649,1.460874080657959,0.08107336610555649,0.01662036031484604,440.4486999511719,0.01710807904601097,450.8716125488281,-0.016143079847097563,-481.56127929687995,-0.0,-2.25,2.25
1.42,2.6202497482299805,2.6202497482299805,-0.06914854049682617,-0.06914854049682617,-0.007895993068814278,-0.007895993068814278,4.022332668304443,-33.3797492980957,0.0,1.5707964,1.543478012084961,3.5187888145446777,0.06835174560546875,0.017618900164961815,3.5194526112013573,0.01942235077668634,3.823070526123047,1.4222968816757202,0.07627438008785248,1.4222968816757202,0.07627438008785248,0.01629749871790409,430.8174743652344,0.01662036031484604,440.4486999511719,-0.008349306881427758,-447.95074462890585,-0.0,-2.25,2.25
1.44,2.690854549407959,2.690854549407959,-0.06970188766717911,-0.06970188766717911,-0.007729191333055496,-0.007729191333055496,4.022885799407959,-33.309146881103516,0.0,1.5707964,1.5438272953033447,3.5458900928497314,0.06823110580444336,0.017298808321356773,3.546546494037428,0.019239932615004767,3.844205617904663,1.3866454362869263,0.07326287031173706,1.3866454362869263,0.07326287031173706,0.016130512580275536,421.85845947265625,0.01629749871790409,430.8174743652344,-0.0011392869055271138,-419.59381103515585,-0.0,-2.25,2.25
1.46,2.761996030807495,2.761996030807495,-0.07024594396352768,-0.07024594396352768,-0.007510246708989143,-0.007510246708989143,4.023429870605469,-33.23800277709961,0.0,1.5707964,1.5441714525222778,3.5723822116851807,0.06829285621643066,0.017140807583928108,3.5730349257423866,0.019114566879039594,3.8652422428131104,1.3537095785140991,0.07196918874979019,1.3537095785140991,0.07196918874979019,0.016107726842164993,413.4665832519531,0.016130512580275536,421.85845947265625,0.005379226058721537,-395.8145141601559,-0.0,-2.25,2.25
1.48,2.83366322517395,2.83366322517395,-0.07077658921480179,-0.07077658921480179,-0.007236286997795105,-0.007236286997795105,4.023960590362549,-33.16633605957031,0.0,1.5707964,1.5445142984390259,3.5983099937438965,0.0685412585735321,0.017146077007055283,3.5989627276764127,0.019045877319035533,3.8861472606658936,1.3232269287109375,0.0722539946436882,1.3232269287109375,0.0722539946436882,0.016215311363339424,405.55029296875,0.016107726842164993,413.4665832519531,0.011141225695610036,-375.97656249999966,-0.0,-2.25,2.25
1.5,2.9058449268341064,2.9058449268341064,-0.07128951698541641,-0.07128951698541641,-0.0069066621363162994,-0.0069066621363162994,4.024473667144775,-33.094154357910156,0.0,1.5707964,1.544858455657959,3.623711585998535,0.06897229701280594,0.017309579998254776,3.6243679223080045,0.019031307579063416,3.9068870544433594,1.29491126537323,0.07393903285264969,1.29491126537323,0.07393903285264969,0.016438135877251625,398.03076171875,0.016215311363339424,405.55029296875,0.01610442996025084,-359.49401855468716,-0.0,-2.25,2.25
1.52,2.9785308837890625,2.9785308837890625,-0.07178033888339996,-0.07178033888339996,-0.006522295996546745,-0.006522295996546745,4.024964332580566,-33.02146911621094,0.0,1.5707964,1.5452072620391846,3.6486196517944336,0.06957612931728363,0.01762188971042633,3.6492829708356833,0.01906685387974996,3.927429676055908,1.2684786319732666,0.07682780921459198,1.2684786319732666,0.07682780921459198,0.016760224476456642,390.84088134765625,0.016438135877251625,398.03076171875,0.02025449648499487,-345.8343505859372,-0.0,-2.25,2.25
1.54,3.0517115592956543,3.0517115592956543,-0.07224470376968384,-0.07224470376968384,-0.006085297092795372,-0.006085297092795372,4.025428771972656,-32.94828796386719,0.0,1.5707964,1.5455635786056519,3.6730620861053467,0.07033874094486237,0.018070438876748085,3.673735514005094,0.019147551285145573,3.9477450847625732,1.2436586618423462,0.08071805536746979,1.2436586618423462,0.08071805536746979,0.01716531440615654,383.9241943359375,0.016760224476456642,390.84088134765625,0.0175800174474716,-330.6915283203122,-0.0,-2.25,2.25
1.56,3.125377893447876,3.125377893447876,-0.07267839461565018,-0.07267839461565018,-0.005598641466349363,-0.005598641466349363,4.025862693786621,-32.8746223449707,0.0,1.5707964,1.5459299087524414,3.697061777114868,0.07124321907758713,0.018640460446476936,3.6977481498972162,0.0192678420896736,3.967808485031128,1.2202048301696777,0.0854104682803154,1.2202048301696777,0.0854104682803154,0.017516914755105972,377.31036376953125,0.01716531440615654,383.9241943359375,0.013937987387180316,-315.96221923828097,-0.0,-2.25,2.25
1.58,3.199521064758301,3.199521064758301,-0.0730779841542244,-0.0730779841542244,-0.005085628479719162,-0.005085628479719162,4.026262283325195,-32.800479888916016,0.0,1.5707964,1.546307921409607,3.72063946723938,0.07219991087913513,0.0192420594394207,3.7213399296906875,0.019402807218050506,3.98763108253479,1.1979386806488037,0.09017670154571533,1.1979386806488037,0.09017670154571533,0.01779567450284958,370.9911193847656,0.017516914755105972,377.31036376953125,0.010555703192949286,-302.0996093749997,-0.0,-2.25,2.25
1.6,3.2741329669952393,3.2741329669952393,-0.07344157993793488,-0.07344157993793488,-0.004564348608255386,-0.004564348608255386,4.026625633239746,-32.725868225097656,0.0,1.5707964,1.546697735786438,3.7438137531280518,0.07314187288284302,0.01981743797659874,3.7445281614216173,0.019534243460664697,4.007226467132568,1.1767386198043823,0.09452170133590698,1.1767386198043823,0.09452170133590698,0.018006788566708565,364.9491271972656,0.01779567450284958,370.9911193847656,0.0075492076575756,-289.14031982421847,-0.0,-2.25,2.25
1.62,3.34920597076416,3.34920597076416,-0.07376839965581894,-0.07376839965581894,-0.004045672714710236,-0.004045672714710236,4.026952743530273,-32.65079116821289,0.0,1.5707964,1.5470986366271973,3.7666027545928955,0.07403101772069931,0.02033901773393154,3.7673302088470493,0.019652055700353603,4.026605606079102,1.1565159559249878,0.09821045398712158,1.1565159559249878,0.09821045398712158,0.018157772719860077,359.16632080078125,0.018006788566708565,364.9491271972656,0.004958920180797573,-277.0965576171873,-0.0,-2.25,2.25
1.6400000000000001,3.424731969833374,3.424731969833374,-0.07405831664800644,-0.07405831664800644,-0.0035355370491743088,-0.0035355370491743088,4.027242660522461,-32.57526779174805,0.0,1.5707964,1.5475094318389893,3.7890233993530273,0.07484856992959976,0.02079589292407036,3.7897626085634015,0.019751484341032417,4.045775413513184,1.137201189994812,0.10117214918136597,1.137201189994812,0.10117214918136597,0.01825695112347603,353.6243896484375,0.018157772719860077,359.16632080078125,0.0027839094400405858,-265.9530639648435,-0.0,-2.25,2.25
1.6600000000000001,3.500703811645508,3.500703811645508,-0.07431157678365707,-0.07431157678365707,-0.0030366722494363785,-0.0030366722494363785,4.027495861053467,-32.499298095703125,0.0,1.5707964,1.5479286909103394,3.8110909461975098,0.07558804750442505,0.02118642069399357,3.8118404679516904,0.019831103326432634,4.0647406578063965,1.1187324523925781,0.10343193262815475,1.1187324523925781,0.10343193262815475,0.01831262931227684,348.3053283691406,0.01825695112347603,353.6243896484375,0.0009934417903423411,-255.67626953125261,-0.0,-2.25,2.25
1.68,3.5771145820617676,3.5771145820617676,-0.07452858984470367,-0.07452858984470367,-0.0025498270988464355,-0.0025498270988464355,4.027712821960449,-32.42288589477539,0.0,1.5707964,1.5483551025390625,3.832820177078247,0.07625044137239456,0.02151402272284031,3.8335785683389365,0.019891458745968135,4.0835041999816895,1.1010507345199585,0.10506566613912582,1.1010507345199585,0.10506566613912582,0.018332498148083687,343.1918029785156,0.01831262931227684,348.3053283691406,-0.0004705041646957393,-245.97625732421852,-0.0,-2.25,2.25
1.7,3.6539578437805176,3.6539578437805176,-0.07470983266830444,-0.07470983266830444,-0.002074580639600754,-0.002074580639600754,4.027894020080566,-32.34604263305664,0.0,1.5707964,1.5487875938415527,3.854224920272827,0.07684094458818436,0.02178463526070118,3.854990825776021,0.019934167773207633,4.102068901062012,1.084100604057312,0.10617092251777649,1.084100604057312,0.10617092251777649,0.018323088064789772,338.27227783203125,0.018332498148083687,343.1918029785156,-0.0017205253243446335,-235.60943603515605,-0.0,-2.25,2.25
1.72,3.731226921081543,3.731226921081543,-0.07485572248697281,-0.07485572248697281,-0.0016099456697702408,-0.0016099456697702408,4.028039932250977,-32.26877212524414,0.0,1.5707964,1.549225091934204,3.875317335128784,0.0773666724562645,0.022005008533596992,3.8760895306941268,0.01996130634304448,4.120438575744629,1.06783127784729,0.10684783011674881,1.06783127784729,0.10684783011674881,0.01828867755830288,333.5600891113281,0.018323088064789772,338.27227783203125,-0.002697762101888654,-226.2329101562498,-0.0,-2.25,2.25
1.74,3.808915376663208,3.808915376663208,-0.07496663928031921,-0.07496663928031921,-0.0011548717739060521,-0.0011548717739060521,4.02815055847168,-32.19108581542969,0.0,1.5707964,1.5496666431427002,3.8961093425750732,0.07783462107181549,0.022181067615747452,3.8968867365549853,0.019974867764171875,4.138626575469971,1.0522077083587646,0.10718393325805664,1.0522077083587646,0.10718393325805664,0.018234722316265106,329.0354309082031,0.01828867755830288,333.5600891113281,-0.0034504570066928833,-217.7673339843748,-0.0,-2.25,2.25
1.76,3.8870177268981934,3.8870177268981934,-0.07504288107156754,-0.07504288107156754,-0.0007081124931573868,-0.0007081124931573868,4.028226852416992,-32.11298370361328,0.0,1.5707964,1.5501112937927246,3.9166131019592285,0.07825232297182083,0.022319145500659943,3.9173947486166334,0.01997693187188699,4.1566386222839355,1.0372031927108765,0.10726109147071838,1.0372031927108765,0.10726109147071838,0.01816571317613125,324.6800842285156,0.018234722316265106,329.0354309082031,-0.004023034125566479,-210.1379394531248,-0.0,-2.25,2.25
1.78,3.9655277729034424,3.9655277729034424,-0.07508469372987747,-0.07508469372987747,-0.00026838111807592213,-0.00026838111807592213,4.028268814086914,-32.03446960449219,0.0,1.5707964,1.5505585670471191,3.9368398189544678,0.07862711697816849,0.022425318136811256,3.937624916574679,0.01996948534003877,4.174477577209473,1.0227864980697632,0.10715074837207794,1.0227864980697632,0.10715074837207794,0.01808525249361992,320.4773254394531,0.01816571317613125,324.6800842285156,-0.004458520561456676,-203.26690673828108,-0.0,-2.25,2.25
1.8,4.044440269470215,4.044440269470215,-0.07509222626686096,-0.07509222626686096,0.0001655127853155136,0.0001655127853155136,4.028276443481445,-31.9555606842041,0.0,1.5707964,1.5510075092315674,3.9567997455596924,0.0789657011628151,0.02250504307448864,3.957587624857014,0.019954312891614284,4.19214391708374,1.00892174243927,0.10691241174936295,1.00892174243927,0.10691241174936295,0.017996082082390785,316.4119873046875,0.01808525249361992,320.4773254394531,-0.003226660192012784,-193.74084472656233,-0.0,-2.25,2.25
1.82,4.12375020980835,4.12375020980835,-0.07506554573774338,-0.07506554573774338,0.0005946159362792969,0.0005946159362792969,4.028249740600586,-31.876251220703125,0.0,1.5707964,1.5514580011367798,3.976501941680908,0.07927390187978745,0.022562982514500618,3.9772920490845625,0.019932947013676705,4.209635257720947,0.9955683946609497,0.10659291595220566,0.9955683946609497,0.10659291595220566,0.01793154887855053,312.53717041015625,0.017996082082390785,316.4119873046875,-0.0012706965208053578,-183.99658203124983,-0.0,-2.25,2.25
1.84,4.203452110290527,4.203452110290527,-0.07500450313091278,-0.07500450313091278,0.0010246168822050095,0.0010246168822050095,4.028188705444336,-31.79654884338379,0.0,1.5707964,1.5519096851348877,3.9959566593170166,0.07957523316144943,0.022622277960181236,3.9967489089099293,0.019911306235663534,4.2269792556762695,0.9827066659927368,0.10636944323778152,0.9827066659927368,0.10636944323778152,0.017906134948134422,308.85723876953125,0.01793154887855053,312.53717041015625,0.000465009361505508,-175.96740722656236,-0.0,-2.25,2.25
1.86,4.283541202545166,4.283541202545166,-0.07490849494934082,-0.07490849494934082,0.0014616306871175766,0.0014616306871175766,4.028092384338379,-31.716459274291992,0.0,1.5707964,1.5523626804351807,4.015173435211182,0.07989352941513062,0.02270442433655262,4.015968213378683,0.019895277058165635,4.244196891784668,0.9703547358512878,0.10640852898359299,0.9703547358512878,0.10640852898359299,0.017915435135364532,305.337890625,0.017906134948134422,308.85723876953125,0.0019352883100509626,-169.34509277343736,-0.0,-2.25,2.25
1.8800000000000001,4.364012241363525,4.364012241363525,-0.07477650791406631,-0.07477650791406631,0.001909203827381134,0.001909203827381134,4.027960777282715,-31.635988235473633,0.0,1.5707964,1.552817702293396,4.034162998199463,0.08024150133132935,0.022818714380264282,4.0349609408986336,0.01988787310976639,4.26129150390625,0.9585237503051758,0.10678009688854218,0.9585237503051758,0.10678009688854218,0.017954140901565552,301.95098876953125,0.017915435135364532,305.337890625,0.003117974847555158,-163.8687133789061,-0.0,-2.25,2.25
1.9000000000000001,4.444861888885498,4.444861888885498,-0.07460728287696838,-0.07460728287696838,0.0023690424859523773,0.0023690424859523773,4.027791500091553,-31.555139541625977,0.0,1.5707964,1.553275227546692,4.052935600280762,0.08062407374382019,0.022967493161559105,4.053737438622564,0.01989013626544892,4.278258800506592,0.9471975564956665,0.10749079287052155,0.9471975564956665,0.10749079287052155,0.018016500398516655,298.6736145019531,0.017954140901565552,301.95098876953125,0.004005432128906291,-159.32159423828287,-0.0,-2.25,2.25
1.92,4.526085376739502,4.526085376739502,-0.07439948618412018,-0.07439948618412018,0.002841578796505928,0.002841578796505928,4.027583599090576,-31.473915100097656,0.0,1.5707964,1.5537360906600952,4.071499824523926,0.08104098588228226,0.023148998618125916,4.072306282991388,0.019901827200582076,4.2950921058654785,0.9363356828689575,0.10850897431373596,0.9363356828689575,0.10850897431373596,0.01809660904109478,295.4871826171875,0.018016500398516655,298.6736145019531,0.004605948925018306,-155.52062988281236,-0.0,-2.25,2.25
1.94,4.607678413391113,4.607678413391113,-0.07415176182985306,-0.07415176182985306,0.0033263862133026123,0.0033263862133026123,4.027336120605469,-31.392322540283203,0.0,1.5707964,1.5542008876800537,4.089864253997803,0.08148866146802902,0.0233590230345726,4.090675985467054,0.01992190343132695,4.311784744262695,0.925886332988739,0.10978179425001144,0.925886332988739,0.10978179425001144,0.018188728019595146,292.37677001953125,0.01809660904109478,295.4871826171875,0.004280358552932736,-152.61535644531236,-0.0,-2.25,2.25
1.96,4.689637660980225,4.689637660980225,-0.07386281341314316,-0.07386281341314316,0.0038224831223487854,0.0038224831223487854,4.027047157287598,-31.31036376953125,0.0,1.5707964,1.554669976234436,4.108034133911133,0.0819614827632904,0.023591987788677216,4.108851680218665,0.01994886298843865,4.328330039978027,0.9157967567443848,0.11124679446220398,0.9157967567443848,0.11124679446220398,0.0182743351906538,289.324462890625,0.018188728019595146,292.37677001953125,0.0018667429685592634,-150.8529663085936,-0.0,-2.25,2.25
1.98,4.771958351135254,4.771958351135254,-0.07353147119283676,-0.07353147119283676,0.004326587542891502,0.004326587542891502,4.0267157554626465,-31.228042602539062,0.0,1.5707964,1.5551438331604004,4.126014232635498,0.08244498074054718,0.023833472281694412,4.126837847887897,0.01997909025758032,4.34472131729126,0.906015932559967,0.11277998983860016,0.906015932559967,0.11277998983860016,0.018311670050024986,286.3074035644531,0.0182743351906538,289.324462890625,-0.0004349276423454281,-148.67248535156236,-0.0,-2.25,2.25
2.0,4.854637145996094,4.854637145996094,-0.07315703481435776,-0.07315703481435776,0.004830243065953255,0.004830243065953255,4.026340961456299,-31.145362854003906,0.0,1.5707964,1.5556223392486572,4.143809795379639,0.08290494978427887,0.024049557745456696,4.144639049541344,0.02000427019299791,4.360946178436279,0.8964909315109253,0.11411731690168381,0.8964909315109253,0.11411731690168381,0.018302971497178078,283.3339538574219,0.018311670050024986,286.3074035644531,-0.002554245293140409,-146.20666503906236,-0.0,-2.25,2.25
2.02,4.9376702308654785,4.9376702308654785,-0.07273939996957779,-0.07273939996957779,0.005327841266989708,0.005327841266989708,4.025923728942871,-31.06233024597168,0.0,1.5707964,1.5561047792434692,4.161422252655029,0.08332053571939468,0.02422279119491577,4.162256296357184,0.020019454728610143,4.377004146575928,0.8871696591377258,0.11511508375406265,0.8871696591377258,0.11511508375406265,0.01825188659131527,280.4098205566406,0.018302971497178078,283.3339538574219,-0.004457961767911907,-143.5729980468749,-0.0,-2.25,2.25
2.04,5.021053791046143,5.021053791046143,-0.07227884978055954,-0.07227884978055954,0.005815878510475159,0.005815878510475159,4.025463104248047,-30.978946685791016,0.0,1.5707964,1.55659019947052,4.178855895996094,0.08368051797151566,0.024345310404896736,4.17969365248092,0.02002206769442089,4.392899036407471,0.8780202865600586,0.11571312695741653,0.8780202865600586,0.11571312695741653,0.01816272735595703,277.5383605957031,0.01825188659131527,280.4098205566406,-0.006132852286100382,-140.85540771484364,-0.0,-2.25,2.25
2.06,5.10478401184082,5.10478401184082,-0.07177594304084778,-0.07177594304084778,0.006292380392551422,0.006292380392551422,4.024960041046143,-30.89521598815918,0.0,1.5707964,1.5570775270462036,4.196113586425781,0.08398032188415527,0.024414921179413795,4.196953886409856,0.02001116270481236,4.408636569976807,0.8690255284309387,0.11590506881475449,0.8690255284309387,0.11590506881475449,0.018040070310235023,274.72125244140625,0.01816272735595703,277.5383605957031,-0.007581617683172219,-138.1164550781249,-0.0,-2.25,2.25
2.08,5.188858509063721,5.188858509063721,-0.07123135775327682,-0.07123135775327682,0.00675641093403101,0.00675641093403101,4.024415493011475,-30.811141967773438,0.0,1.5707964,1.5575659275054932,4.213196277618408,0.08421975374221802,0.024432795122265816,4.2140379495986995,0.019986854006200414,4.424221038818359,0.8601827025413513,0.115716852247715,0.8601827025413513,0.115716852247715,0.01788843795657158,271.95892333984375,0.018040070310235023,274.72125244140625,-0.008816085755825034,-135.41107177734364,-0.0,-2.25,2.25
2.1,5.27327299118042,5.27327299118042,-0.07064586132764816,-0.07064586132764816,0.007207708433270454,0.007207708433270454,4.023829936981201,-30.726728439331055,0.0,1.5707964,1.5580542087554932,4.23010778427124,0.08440136909484863,0.024402068927884102,4.230949711076371,0.01994988683738075,4.4396562576293945,0.8514904379844666,0.11519134789705276,0.8514904379844666,0.11519134789705276,0.017712116241455078,269.2507019042969,0.01788843795657158,271.95892333984375,-0.009852088987827292,-132.77435302734364,-0.0,-2.25,2.25
2.12,5.358023643493652,5.358023643493652,-0.07002023607492447,-0.07002023607492447,0.007646446116268635,0.007646446116268635,4.023204326629639,-30.641977310180664,0.0,1.5707964,1.5585414171218872,4.246851921081543,0.08452931046485901,0.024326913058757782,4.247693073177682,0.019901365072093186,4.454946994781494,0.8429490327835083,0.11437897384166718,0.8429490327835083,0.11437897384166718,0.017515074461698532,266.59521484375,0.017712116241455078,269.2507019042969,-0.01071412116289138,-130.23529052734364,-0.0,-2.25,2.25
2.14,5.443107604980469,5.443107604980469,-0.06935526430606842,-0.06935526430606842,0.008073072880506516,0.008073072880506516,4.0225396156311035,-30.55689239501953,0.0,1.5707964,1.559026837348938,4.263430595397949,0.08460859954357147,0.024211963638663292,4.264270049714492,0.019842587581284474,4.470095157623291,0.834558367729187,0.11333131045103073,0.834558367729187,0.11333131045103073,0.017300792038440704,263.9905090332031,0.017515074461698532,266.59521484375,-0.011424534022808065,-127.81372070312489,-0.0,-2.25,2.25
2.16,5.528521537780762,5.528521537780762,-0.06865167617797852,-0.06865167617797852,0.008488166145980358,0.008488166145980358,4.021835803985596,-30.471479415893555,0.0,1.5707964,1.5595096349716187,4.279847145080566,0.08464450389146805,0.024061886593699455,4.280684089873172,0.01977488154093883,4.485103607177734,0.8263171911239624,0.11209676414728165,0.8263171911239624,0.11209676414728165,0.017072301357984543,261.4342346191406,0.017300792038440704,263.9905090332031,-0.012002978473901738,-125.52185058593739,-0.0,-2.25,2.25
2.18,5.614262580871582,5.614262580871582,-0.06791019439697266,-0.06791019439697266,0.00889233872294426,0.00889233872294426,4.02109432220459,-30.385738372802734,0.0,1.5707964,1.559989094734192,4.296104431152344,0.08464217931032181,0.023881129920482635,4.296938163609665,0.019699528098869212,4.499975204467773,0.8182235360145569,0.11071863025426865,0.8182235360145569,0.11071863025426865,0.016832241788506508,258.9237976074219,0.017072301357984543,261.4342346191406,-0.012472830712795247,-123.36425781249989,-0.0,-2.25,2.25
2.2,5.700326919555664,5.700326919555664,-0.06713149696588516,-0.06713149696588516,0.009286219254136086,0.009286219254136086,4.020315647125244,-30.299673080444336,0.0,1.5707964,1.560464859008789,4.312204837799072,0.08460652083158493,0.02367381937801838,4.313034758323303,0.01961772920794546,4.514710426330566,0.8102740049362183,0.10923420637845993,0.8102740049362183,0.10923420637845993,0.016582785174250603,256.4565124511719,0.016832241788506508,258.9237976074219,-0.012853741645812976,-121.34552001953114,-0.0,-2.25,2.25
2.22,5.786711692810059,5.786711692810059,-0.06631623208522797,-0.06631623208522797,0.009670375846326351,0.009670375846326351,4.019500255584717,-30.213289260864258,0.0,1.5707964,1.5609362125396729,4.328151702880859,0.08454195410013199,0.023443641141057014,4.328977304763049,0.01953055491799744,4.529310703277588,0.8024632930755615,0.10767427831888199,0.8024632930755615,0.10767427831888199,0.016325710341334343,254.02960205078125,0.016582785174250603,256.4565124511719,-0.013159215450286853,-119.45953369140615,-0.0,-2.25,2.25
2.24,5.8734130859375,5.8734130859375,-0.06546498090028763,-0.06546498090028763,0.010045330971479416,0.010045330971479416,4.018649101257324,-30.1265869140625,0.0,1.5707964,1.561402678489685,4.343946933746338,0.08445239812135696,0.023193808272480965,4.3447677925008445,0.019438948431519935,4.5437774658203125,0.7947864532470703,0.10606343299150467,0.7947864532470703,0.10606343299150467,0.016062526032328606,251.64041137695312,0.016325710341334343,254.02960205078125,-0.013407412916421878,-117.70401000976553,-0.0,-2.25,2.25
2.2600000000000002,5.960429668426514,5.960429668426514,-0.0645783320069313,-0.0645783320069313,0.0104115204885602,0.0104115204885602,4.017762660980225,-30.03957176208496,0.0,1.5707964,1.5618641376495361,4.359592914581299,0.08434125781059265,0.02292710728943348,4.3604086767912635,0.019343718464582674,4.558110237121582,0.7872352600097656,0.10442078113555908,0.7872352600097656,0.10442078113555908,0.015794377774000168,249.2863311767578,0.016062526032328606,251.64041137695312,-0.01361146569252013,-116.07437133789053,-0.0,-2.25,2.25
2.2800000000000002,6.047757625579834,6.047757625579834,-0.06365682929754257,-0.06365682929754257,0.010769312269985676,0.010769312269985676,4.016840934753418,-29.95224380493164,0.0,1.5707964,1.5623202323913574,4.375091552734375,0.08421144634485245,0.022645873948931694,4.375901925603815,0.0192455513244395,4.572310447692871,0.7798051834106445,0.10276045650243759,0.7798051834106445,0.10276045650243759,0.015522148460149765,246.96484375,0.015794377774000168,249.2863311767578,-0.01377812586724757,-114.5568847656249,-0.0,-2.25,2.25
2.3000000000000003,6.1353936195373535,6.1353936195373535,-0.06270100176334381,-0.06270100176334381,0.011118992231786251,0.011118992231786251,4.015885353088379,-29.864606857299805,0.0,1.5707964,1.5627703666687012,4.390445232391357,0.08406537771224976,0.022352023050189018,4.391249973112201,0.01914500743041037,4.5863776206970215,0.7724878191947937,0.10109212249517441,0.7724878191947937,0.10109212249517441,0.015246585942804813,244.6737060546875,0.015522148460149765,246.96484375,-0.013920012861490546,-113.15231323242429,-0.0,-2.25,2.25
2.32,6.223334789276123,6.223334789276123,-0.06171137094497681,-0.06171137094497681,0.011460784822702408,0.011460784822702408,4.014895439147949,-29.77666664123535,0.0,1.5707964,1.563214659690857,4.405656337738037,0.08390507102012634,0.02204715833067894,4.406455245114175,0.019042549507842017,4.600313186645508,0.7652750611305237,0.09942223876714706,0.7652750611305237,0.09942223876714706,0.014968185685575008,242.41065979003906,0.015246585942804813,244.6737060546875,-0.014040945097804057,-111.8438720703124,-0.0,-2.25,2.25
2.34,6.311578750610352,6.311578750610352,-0.06068844720721245,-0.06068844720721245,0.01179485209286213,0.01179485209286213,4.0138726234436035,-29.68842124938965,0.0,1.5707964,1.5636526346206665,4.420726299285889,0.08373212814331055,0.02173253707587719,4.421519205259807,0.01893854347580241,4.614116668701172,0.7581611275672913,0.09775426983833313,0.7581611275672913,0.09775426983833313,0.014687366783618927,240.1737823486328,0.014968185685575008,242.41065979003906,-0.014139479026198375,-110.2813720703124,-0.0,-2.25,2.25
2.36,6.40012264251709,6.40012264251709,-0.05963272973895073,-0.05963272973895073,0.012121295556426048,0.012121295556426048,4.012816905975342,-29.599878311157227,0.0,1.5707964,1.5640844106674194,4.435657024383545,0.08354787528514862,0.021409180015325546,4.436443788151468,0.0188332859490666,4.627788543701172,0.7511383891105652,0.09608966112136841,0.7511383891105652,0.09608966112136841,0.01440457720309496,237.96815490722656,0.014687366783618927,240.1737823486328,-0.014205789193510997,-108.3251953124999,-0.0,-2.25,2.25
2.38,6.488963603973389,6.488963603973389,-0.058544740080833435,-0.058544740080833435,0.012440205551683903,0.012440205551683903,4.011728763580322,-29.511037826538086,0.0,1.5707964,1.5645095109939575,4.450450420379639,0.0833534374833107,0.021077970042824745,4.45123092411499,0.01872702430679863,4.641333103179932,0.7442045211791992,0.09442897886037827,0.7442045211791992,0.09442897886037827,0.014120461419224739,235.80165100097656,0.01440457720309496,237.96815490722656,-0.01425286754965781,-106.56585693359365,-0.0,-2.25,2.25
2.4,6.578098773956299,6.578098773956299,-0.05742498114705086,-0.05742498114705086,0.01275168638676405,0.01275168638676405,4.010609149932861,-29.42190170288086,0.0,1.5707964,1.5649280548095703,4.465107440948486,0.0831499770283699,0.02073984406888485,4.465881590223073,0.018620014949859362,4.654754638671875,0.7373617887496948,0.09277337044477463,0.7373617887496948,0.09277337044477463,0.013835404068231583,233.6703338623047,0.014120461419224739,235.80165100097656,-0.014284951612353313,-104.98809814453115,-0.0,-2.25,2.25
2.42,6.667525291442871,6.667525291442871,-0.056273963302373886,-0.056273963302373886,0.013055810704827309,0.013055810704827309,4.009458065032959,-29.332473754882812,0.0,1.5707964,1.5653396844863892,4.479630470275879,0.08293848484754562,0.020395580679178238,4.480398190171594,0.018512466714815434,4.668056964874268,0.7306156754493713,0.09112317115068436,0.7306156754493713,0.09112317115068436,0.013549705035984516,231.57057189941406,0.013835404068231583,233.6703338623047,-0.015558814629912363,-107.21359252929678,-0.0,-2.25,2.25
2.44,6.7572407722473145,6.7572407722473145,-0.05509220063686371,-0.05509220063686371,0.01335263904184103,0.01335263904184103,4.008276462554932,-29.24275779724121,0.0,1.5707964,1.565744400024414,4.494021892547607,0.08271978050470352,0.02004586160182953,4.494783124109986,0.018404547742154085,4.681240558624268,0.7239669561386108,0.08947788178920746,0.7239669561386108,0.08947788178920746,0.013238528743386269,229.42630004882812,0.013549705035984516,231.57057189941406,-0.01697628758847712,-109.46884155273428,-0.0,-2.25,2.25
2.46,6.847242832183838,6.847242832183838,-0.05388034135103226,-0.05388034135103226,0.013638735748827457,0.013638735748827457,4.007064342498779,-29.152755737304688,0.0,1.5707964,1.5661420822143555,4.50828218460083,0.08247954398393631,0.019675470888614655,4.509036607875903,0.018293074873613098,4.694275856018066,0.7173862457275391,0.0877218246459961,0.7173862457275391,0.0877218246459961,0.012899002991616726,227.23692321777344,0.013238528743386269,229.42630004882812,-0.018246378749608976,-111.01150512695303,-0.0,-2.25,2.25
2.48,6.937528133392334,6.937528133392334,-0.05263933539390564,-0.05263933539390564,0.013911113142967224,0.013911113142967224,4.005823612213135,-29.062471389770508,0.0,1.5707964,1.5665318965911865,4.5224103927612305,0.08220641314983368,0.019273877143859863,4.523157487299967,0.018175564242184347,4.7071452140808105,0.7108148336410522,0.08576928079128265,0.7108148336410522,0.08576928079128265,0.012534075416624546,225.01669311523438,0.012899002991616726,227.23692321777344,-0.019352324306964857,-111.97738647460928,-0.0,-2.25,2.25
2.5,7.028094291687012,7.028094291687012,-0.051370374858379364,-0.051370374858379364,0.014167893677949905,0.014167893677949905,4.004554271697998,-28.971904754638672,0.0,1.5707964,1.5669134855270386,4.536404609680176,0.0818946361541748,0.01883670687675476,4.537143761680731,0.018050801987579256,4.719844341278076,0.7042049169540405,0.08358296751976013,0.7042049169540405,0.08358296751976013,0.012147028930485249,222.7771453857422,0.012534075416624546,225.01669311523438,-0.02028220333158968,-112.47787475585928,-0.0,-2.25,2.25
2.52,7.11893892288208,7.11893892288208,-0.050074800848960876,-0.050074800848960876,0.014408035203814507,0.014408035203814507,4.00325870513916,-28.881059646606445,0.0,1.5707964,1.5672858953475952,4.550263404846191,0.08154244720935822,0.018363261595368385,4.550993981997707,0.017918461589894952,4.73237419128418,0.6975327730178833,0.08115825802087784,0.6975327730178833,0.08115825802087784,0.011741384863853455,220.527587890625,0.012147028930485249,222.7771453857422,-0.021038576960563642,-112.61444091796865,-0.0,-2.25,2.25
2.54,7.210060119628906,7.210060119628906,-0.048754047602415085,-0.048754047602415085,0.014631103724241257,0.014631103724241257,4.001938343048096,-28.78993797302246,0.0,1.5707964,1.5676486492156982,4.563986301422119,0.0811508297920227,0.017855169251561165,4.564707703319534,0.01777881747001443,4.744739055633545,0.6907933354377747,0.07851144671440125,0.6907933354377747,0.07851144671440125,0.011320613324642181,218.27529907226562,0.011741384863853455,220.527587890625,-0.021625496447086313,-112.46871948242178,-0.0,-2.25,2.25
2.56,7.301453113555908,7.301453113555908,-0.04740959033370018,-0.04740959033370018,0.014837094582617283,0.014837094582617283,4.000593662261963,-28.698545455932617,0.0,1.5707964,1.5680010318756104,4.577570915222168,0.08072254061698914,0.01731540635228157,4.578282605131708,0.017632533984547047,4.756944179534912,0.6839951872825623,0.07567067444324493,0.6839951872825623,0.07567067444324493,0.010888103395700455,216.0259246826172,0.011320613324642181,218.27529907226562,-0.022051017731428126,-112.1093749999999,-0.0,-2.25,2.25
2.58,7.393115997314453,7.393115997314453,-0.04604290425777435,-0.04604290425777435,0.015026290901005268,0.015026290901005268,3.9992270469665527,-28.606882095336914,0.0,1.5707964,1.5683422088623047,4.59101676940918,0.08026141673326492,0.016747744753956795,4.591718291882934,0.01748049408212633,4.768993854522705,0.6771536469459534,0.07267001271247864,0.6771536469459534,0.07267001271247864,0.010447083041071892,213.7837371826172,0.010888103395700455,216.0259246826172,-0.022327154874801615,-111.59515380859365,-0.0,-2.25,2.25
2.6,7.48504638671875,7.48504638671875,-0.0446554459631443,-0.0446554459631443,0.015199180692434311,0.015199180692434311,3.9978396892547607,-28.514951705932617,0.0,1.5707964,1.5686718225479126,4.604323387145996,0.07977192848920822,0.01615637168288231,4.605014377175653,0.017323706760629633,4.780892372131348,0.6702859997749329,0.06954551488161087,0.6702859997749329,0.06954551488161087,0.010000539943575859,211.5518341064453,0.010447083041071892,213.7837371826172,-0.022470438852906206,-110.97869873046865,-0.0,-2.25,2.25
2.62,7.577240467071533,7.577240467071533,-0.04324863851070404,-0.04324863851070404,0.015356374904513359,0.015356374904513359,3.9964327812194824,-28.422758102416992,0.0,1.5707964,1.5689895153045654,4.617490768432617,0.07925879210233688,0.015545598231256008,4.618170953168144,0.01716321988316559,4.7926435470581055,0.6634076237678528,0.06633263826370239,0.6634076237678528,0.06633263826370239,0.009551131166517735,209.33226013183594,0.010000539943575859,211.5518341064453,-0.02249241806566713,-110.29510498046865,-0.0,-2.25,2.25
2.64,7.669696807861328,7.669696807861328,-0.0418238639831543,-0.0418238639831543,0.015498559921979904,0.015498559921979904,3.9950079917907715,-28.33030128479004,0.0,1.5707964,1.569294810295105,4.630519866943359,0.07872672379016876,0.014919650740921497,4.631189062778142,0.017000065184931697,4.804250717163086,0.6565325260162354,0.063064344227314,0.6565325260162354,0.063064344227314,0.009101282805204391,207.12635803222656,0.009551131166517735,209.33226013183594,-0.02241227775812147,-109.5794677734374,-0.0,-2.25,2.25
2.66,7.7624125480651855,7.7624125480651855,-0.040382444858551025,-0.040382444858551025,0.0156264528632164,0.0156264528632164,3.9935665130615234,-28.237586975097656,0.0,1.5707964,1.5695875883102417,4.643410682678223,0.07818029820919037,0.014282582327723503,4.644068790084651,0.01683523541728061,4.815715789794922,0.6496710777282715,0.05977046489715576,0.6496710777282715,0.05977046489715576,0.008653037250041962,204.9347686767578,0.009101282805204391,207.12635803222656,-0.022243428975343683,-108.85391235351553,-0.0,-2.25,2.25
2.68,7.855384826660156,7.855384826660156,-0.038925651460886,-0.038925651460886,0.015740778297185898,0.015740778297185898,3.992109775543213,-28.144615173339844,0.0,1.5707964,1.569867491722107,4.656164169311523,0.07762376964092255,0.013638119213283062,4.656811164433634,0.016669639801082565,4.8270416259765625,0.6428333520889282,0.056476809084415436,0.6428333520889282,0.056476809084415436,0.008208168670535088,202.7576904296875,0.008653037250041962,204.9347686767578,-0.024015386588871458,-108.33892822265615,-0.0,-2.25,2.25
2.7,7.948610782623291,7.948610782623291,-0.03745470196008682,-0.03745470196008682,0.015842238441109657,0.015842238441109657,3.9906387329101562,-28.051387786865234,0.0,1.5707964,1.5701345205307007,4.668780326843262,0.07706102728843689,0.012989647686481476,4.669416252835618,0.016504102785021443,4.838230133056641,0.6360262036323547,0.05320519581437111,0.6360262036323547,0.05320519581437111,0.007727860938757658,200.59091186523438,0.008208168670535088,202.7576904296875,-0.026110932230949378,-107.34786987304678,-0.0,-2.25,2.25
2.72,8.042086601257324,8.042086601257324,-0.03597097098827362,-0.03597097098827362,0.015926169231534004,0.015926169231534004,3.9891550540924072,-27.95791244506836,0.0,1.5707964,1.5703883171081543,4.681260585784912,0.07647159695625305,0.012314637191593647,4.681885152069019,0.016334231854491073,4.849280834197998,0.6292482018470764,0.04978989064693451,0.6292482018470764,0.04978989064693451,0.00720564229413867,198.44395446777344,0.007727860938757658,200.59091186523438,-0.027797883376479125,-105.8288574218749,-0.0,-2.25,2.25
2.74,8.135811805725098,8.135811805725098,-0.034476276487112045,-0.034476276487112045,0.015988105908036232,0.015988105908036232,3.9876604080200195,-27.864187240600586,0.0,1.5707964,1.57062828540802,4.693605422973633,0.07583768665790558,0.011595690622925758,4.694218062817823,0.01615625541754681,4.860198020935059,0.6224966049194336,0.046095188707113266,0.6224966049194336,0.046095188707113266,0.006649684626609087,196.32737731933594,0.00720564229413867,198.44395446777344,-0.029061920940875983,-103.98254394531241,-0.0,-2.25,2.25
2.7600000000000002,8.229781150817871,8.229781150817871,-0.0329727828502655,-0.0329727828502655,0.016025647521018982,0.016025647521018982,3.986156940460205,-27.770217895507812,0.0,1.5707964,1.570853352546692,4.705815315246582,0.07515209913253784,0.010827465914189816,4.706415368325804,0.01596869109476329,4.870988845825195,0.6157783269882202,0.042074862867593765,0.6157783269882202,0.042074862867593765,0.006068446207791567,194.2477264404297,0.006649684626609087,196.32737731933594,-0.029914267361164065,-101.96609497070304,-0.0,-2.25,2.25
2.7800000000000002,8.323994636535645,8.323994636535645,-0.03146284073591232,-0.03146284073591232,0.01603793539106846,0.01603793539106846,3.984647035598755,-27.67600440979004,0.0,1.5707964,1.571062684059143,4.717891216278076,0.07441508024930954,0.01001186016947031,4.718478052593054,0.015771645977851325,4.8816609382629395,0.6091077923774719,0.03774211183190346,0.6091077923774719,0.03774211183190346,0.005470160860568285,192.20840454101562,0.006068446207791567,194.2477264404297,-0.03038151189684865,-99.90005493164054,-0.0,-2.25,2.25
2.8000000000000003,8.41844654083252,8.41844654083252,-0.029948854818940163,-0.029948854818940163,0.01602519303560257,0.01602519303560257,3.98313307762146,-27.581552505493164,0.0,1.5707964,1.5712553262710571,4.72983455657959,0.07363171130418777,0.009154973551630974,4.730407652784697,0.015566245107196683,4.892220973968506,0.6025046706199646,0.033146146684885025,0.6025046706199646,0.033146146684885025,0.004862530622631311,190.2104034423828,0.005470160860568285,192.20840454101562,-0.030501512810588532,-97.87292480468959,-0.0,-2.25,2.25
2.82,8.513136863708496,8.513136863708496,-0.028433192521333694,-0.028433192521333694,0.01598839834332466,0.01598839834332466,3.9816172122955322,-27.486862182617188,0.0,1.5707964,1.5714304447174072,4.741647720336914,0.07281000912189484,0.00826516654342413,4.742206701653206,0.015354216851360687,4.90267276763916,0.5959851145744324,0.02835516817867756,0.5959851145744324,0.02835516817867756,0.004252500366419554,188.25294494628906,0.004862530622631311,190.2104034423828,-0.030317076016217442,-95.95108032226554,-0.0,-2.25,2.25
2.84,8.608062744140625,8.608062744140625,-0.02691812999546528,-0.02691812999546528,0.015929004177451134,0.015929004177451134,3.980102300643921,-27.391935348510742,0.0,1.5707964,1.5715878009796143,4.753332614898682,0.07195951044559479,0.007351774722337723,4.753877272185632,0.01513759287695229,4.913020133972168,0.5895614624023438,0.02344462461769581,0.5895614624023438,0.02344462461769581,0.0036461588460952044,186.33392333984375,0.004252500366419554,188.25294494628906,-0.029874662868678542,-94.17953491210929,-0.0,-2.25,2.25
2.86,8.70322036743164,8.70322036743164,-0.02540580928325653,-0.02540580928325653,0.015848759561777115,0.015848759561777115,3.9785900115966797,-27.296777725219727,0.0,1.5707964,1.571726679801941,4.764891624450684,0.07109031081199646,0.006424263119697571,4.765421914694608,0.014918500218706469,4.92326545715332,0.5832423567771912,0.01848907768726349,0.5832423567771912,0.01848907768726349,0.003048665588721633,184.45033264160156,0.0036461588460952044,186.33392333984375,-0.02921854611486194,-92.58728027343741,-0.0,-2.25,2.25
2.88,8.798608779907227,8.798608779907227,-0.023898214101791382,-0.023898214101791382,0.015749512240290642,0.015749512240290642,3.9770822525024414,-27.201391220092773,0.0,1.5707964,1.571846842765808,4.776327133178711,0.07021225988864899,0.005491642747074366,4.776843167257832,0.014698993842220466,4.933409690856934,0.5770333409309387,0.013557128608226776,0.5770333409309387,0.013557128608226776,0.0024642946664243937,182.5985870361328,0.003048665588721633,184.45033264160156,-0.028394459513947343,-91.19033813476554,-0.0,-2.25,2.25
2.9,8.894225120544434,8.894225120544434,-0.02239716611802578,-0.02239716611802578,0.01563313417136669,0.01563313417136669,3.975581407546997,-27.10577392578125,0.0,1.5707964,1.571948528289795,4.7876410484313965,0.06933457404375076,0.0045621651224792,4.7881430734453945,0.014480978589880886,4.94345235824585,0.5709335803985596,0.00870856735855341,0.5709335803985596,0.00870856735855341,0.0018964054761454463,180.7747802734375,0.0024642946664243937,182.5985870361328,-0.027442211285233473,-89.99557495117179,-0.0,-2.25,2.25
2.92,8.990065574645996,8.990065574645996,-0.020904317498207092,-0.020904317498207092,0.015501437708735466,0.015501437708735466,3.974088430404663,-27.009933471679688,0.0,1.5707964,1.5720316171646118,4.7988362312316895,0.06846550852060318,0.0036430777981877327,4.7993246087380825,0.014266138787972197,4.953394412994385,0.5649405717849731,0.003992813173681498,0.5649405717849731,0.003992813173681498,0.0013475612504407763,178.97486877441406,0.0018964054761454463,180.7747802734375,-0.026401432114653265,-88.99841308593741,-0.0,-2.25,2.25
2.94,9.086129188537598,9.086129188537598,-0.019421163946390152,-0.019421163946390152,0.015356119722127914,0.015356119722127914,3.9726052284240723,-26.913869857788086,0.0,1.5707964,1.572096586227417,4.809913635253906,0.06761215627193451,0.0027405431028455496,4.810388818201413,0.014055907997850415,4.963233470916748,0.5590485334396362,-0.0005513571668416262,0.5590485334396362,-0.0005513571668416262,0.0008195326081477106,177.1949005126953,0.0013475612504407763,178.97486877441406,-0.024165927607100436,-87.0170593261718,-0.0,-2.25,2.25
2.96,9.182413101196289,9.182413101196289,-0.017949052155017853,-0.017949052155017853,0.015198731794953346,0.015198731794953346,3.971133232116699,-26.81758689880371,0.0,1.5707964,1.5721435546875,4.8208746910095215,0.0667804405093193,0.0018595852889120579,4.821337201819716,0.013851463444961104,4.972968578338623,0.5532492399215698,-0.004895695950835943,0.5532492399215698,-0.004895695950835943,0.0003362140560057014,175.45455932617188,0.0008195326081477106,177.1949005126953,-0.02107076106767634,-84.69848632812493,-0.0,-2.25,2.25
2.98,9.278915405273438,9.278915405273438,-0.016489069908857346,-0.016489069908857346,0.01503356546163559,0.01503356546163559,3.9696731567382812,-26.721084594726562,0.0,1.5707964,1.5721734762191772,4.831723213195801,0.06598856300115585,0.0010185523424297571,4.832173806826707,0.013656506746300924,4.982607841491699,0.5475488305091858,-0.00891792867332697,0.5475488305091858,-0.00891792867332697,-8.520116534782574e-05,173.76058959960938,0.0003362140560057014,175.45455932617188,-0.020920759197906574,-83.3763122558593,-0.0,-2.25,2.25
3.0,9.375632286071777,9.375632286071777,-0.015041852369904518,-0.015041852369904518,0.014866221696138382,0.014866221696138382,3.9682259559631348,-26.624366760253906,0.0,1.5707964,1.5721869468688965,4.842461109161377,0.06525922566652298,0.00023960026737768203,4.842900820817522,0.013475642641767606,4.992159843444824,0.5419630408287048,-0.012466466054320335,0.5419630408287048,-0.012466466054320335,-0.0005036163493059576,172.0930633544922,-8.520116534782574e-05,173.76058959960938,-0.02154191315639762,-82.0732116699218,-0.0,-2.25,2.25
3.02,9.472563743591309,9.472563743591309,-0.01360783725976944,-0.01360783725976944,0.014693629927933216,0.014693629927933216,3.966791868209839,-26.527435302734375,0.0,1.5707964,1.5721851587295532,4.853090763092041,0.06457307189702988,-0.0005009486922062933,4.8535203343988895,0.013304771088846552,5.001623153686523,0.5364877581596375,-0.015718750655651093,0.5364877581596375,-0.015718750655651093,-0.0009344546124339104,170.45159912109375,-0.0005036163493059576,172.0930633544922,-0.02202307223342357,-80.6053161621093,-0.0,-2.25,2.25
3.04,9.569707870483398,9.569707870483398,-0.012187809683382511,-0.012187809683382511,0.014511637389659882,0.014511637389659882,3.96537184715271,-26.4302921295166,0.0,1.5707964,1.5721688270568848,4.863613605499268,0.06390757113695145,-0.0012268293648958206,4.8640334580722415,0.013139179764676096,5.010996341705322,0.5311080813407898,-0.018866032361984253,0.5311080813407898,-0.018866032361984253,-0.0013749160571023822,168.83949279785156,-0.0009344546124339104,170.45159912109375,-0.0223321432713419,-79.08477783203118,-0.0,-2.25,2.25
3.06,9.667061805725098,9.667061805725098,-0.01078290119767189,-0.01078290119767189,0.014317560940980911,0.014317560940980911,3.9639670848846436,-26.332937240600586,0.0,1.5707964,1.5721378326416016,4.874031066894531,0.06324897706508636,-0.0019505767850205302,4.8744414320158596,0.012976000003928527,5.020283222198486,0.5258154273033142,-0.02202039211988449,0.5258154273033142,-0.02202039211988449,-0.0018215589225292206,167.25779724121094,-0.0013749160571023822,168.83949279785156,-0.022457935847341993,-77.5871276855468,-0.0,-2.25,2.25
3.08,9.764622688293457,9.764622688293457,-0.009394464083015919,-0.009394464083015919,0.01410986203700304,0.01410986203700304,3.962578535079956,-26.235376358032227,0.0,1.5707964,1.5720925331115723,4.884345054626465,0.06258997321128845,-0.002677729120478034,4.88474606478173,0.012813703148317623,5.02948522567749,0.5206085443496704,-0.025236621499061584,0.5206085443496704,-0.025236621499061584,-0.002270717639476061,165.7060546875,-0.0018215589225292206,167.25779724121094,-0.022400903981178978,-76.17034912109368,-0.0,-2.25,2.25
3.1,9.86238956451416,9.86238956451416,-0.008023967035114765,-0.008023967035114765,0.013887893408536911,0.013887893408536911,3.9612081050872803,-26.137609481811523,0.0,1.5707964,1.5720325708389282,4.894556522369385,0.061927855014801025,-0.003409469500184059,4.894948274486199,0.012651718396882184,5.038604736328125,0.5154874324798584,-0.02853049710392952,0.5154874324798584,-0.02853049710392952,-0.002718735719099641,164.18264770507812,-0.002270717639476061,165.7060546875,-0.022174313198775032,-74.8741149902343,-0.0,-2.25,2.25
3.12,9.960359573364258,9.960359573364258,-0.006672924850136042,-0.006672924850136042,0.01365163829177618,0.01365163829177618,3.9598569869995117,-26.039640426635742,0.0,1.5707964,1.5719578266143799,4.904668807983398,0.06126301363110542,-0.004144303034991026,4.905051403690328,0.012490104890671034,5.047643184661865,0.5104532241821289,-0.03189268335700035,0.5104532241821289,-0.03189268335700035,-0.003162221983075142,162.68516540527344,-0.002718735719099641,164.18264770507812,-0.02179685980081556,-73.72207641601555,-0.0,-2.25,2.25
3.14,10.058531761169434,10.058531761169434,-0.005342842545360327,-0.005342842545360327,0.013401522301137447,0.013401522301137447,3.958527088165283,-25.94146728515625,0.0,1.5707964,1.5718685388565063,4.914682865142822,0.06059779226779938,-0.0048792301677167416,4.915056434808881,0.012329324874820882,5.056601047515869,0.5055052042007446,-0.03529929742217064,0.5055052042007446,-0.03529929742217064,-0.0035981591790914536,161.21072387695312,-0.003162221983075142,162.68516540527344,-0.021291594021022302,-72.7287292480468,-0.0,-2.25,2.25
3.16,10.156903266906738,10.156903266906738,-0.004035176709294319,-0.004035176709294319,0.013138259761035442,0.013138259761035442,3.957219362258911,-25.843095779418945,0.0,1.5707964,1.571764588356018,4.924600601196289,0.05993564799427986,-0.0056105186231434345,4.924965315939123,0.012170060841066418,5.0654778480529785,0.5006408095359802,-0.03871949017047882,0.5006408095359802,-0.03871949017047882,-0.0040239910595119,159.7561492919922,-0.0035981591790914536,161.21072387695312,-0.020680017769336683,-71.89407348632807,-0.0,-2.25,2.25
3.18,10.255473136901855,10.255473136901855,-0.0027513140812516212,-0.0027513140812516212,0.012862730771303177,0.012862730771303177,3.955935478210449,-25.744525909423828,0.0,1.5707964,1.571645975112915,4.934422492980957,0.059280503541231155,-0.006334241479635239,4.934778568217272,0.01201308804092784,5.074273586273193,0.4958578050136566,-0.042120661586523056,0.4958578050136566,-0.042120661586523056,-0.004437591414898634,158.31826782226562,-0.0040239910595119,159.7561492919922,-0.019988184794783575,-71.2203979492187,-0.0,-2.25,2.25
3.2,10.354238510131836,10.354238510131836,-0.0014925566501915455,-0.0014925566501915455,0.012575894594192505,0.012575894594192505,3.954676628112793,-25.645761489868164,0.0,1.5707964,1.571513056755066,4.944151401519775,0.05863633006811142,-0.0070465863682329655,4.944499094989685,0.011859179949515094,5.082986354827881,0.491150438785553,-0.045471757650375366,0.491150438785553,-0.045471757650375366,-0.004837355110794306,156.89385986328125,-0.004437591414898634,158.31826782226562,-0.019237399101257307,-70.69931030273432,-0.0,-2.25,2.25
3.22,10.45319652557373,10.45319652557373,-0.00026011557201854885,-0.00026011557201854885,0.012278729118406773,0.012278729118406773,3.953444242477417,-25.546802520751953,0.0,1.5707964,1.5713659524917603,4.953787803649902,0.05800684541463852,-0.007744115777313709,4.954127410322173,0.011709059155679288,5.091614723205566,0.48651057481765747,-0.048745449632406235,0.48651057481765747,-0.048745449632406235,-0.005222103092819452,155.47987365722656,-0.004837355110794306,156.89385986328125,-0.018449639901518804,-70.32241821289057,-0.0,-2.25,2.25
3.24,10.552350044250488,10.552350044250488,0.0009448889759369195,0.0009448889759369195,0.011972188018262386,0.011972188018262386,3.9522392749786377,-25.447649002075195,0.0,1.5707964,1.5712052583694458,4.963333606719971,0.05739534646272659,-0.008423888124525547,4.963665451799854,0.011563354965519,5.100158214569092,0.4819314181804657,-0.05191916599869728,0.4819314181804657,-0.05191916599869728,-0.005591095890849829,154.07342529296875,-0.005222103092819452,155.47987365722656,-0.01764104235917328,-70.0729370117187,-0.0,-2.25,2.25
3.2600000000000002,10.651692390441895,10.651692390441895,0.0021214252337813377,0.0021214252337813377,0.011657158844172955,0.011657158844172955,3.9510626792907715,-25.34830665588379,0.0,1.5707964,1.571030855178833,4.972789287567139,0.05680454894900322,-0.00908351968973875,4.973113718318111,0.011422578981807981,5.108614444732666,0.4774050712585449,-0.054975785315036774,0.4774050712585449,-0.054975785315036774,-0.005943916738033295,152.67196655273438,-0.005591095890849829,154.07342529296875,-0.017640716396272165,-69.98901367187494,-0.0,-2.25,2.25
3.2800000000000002,10.751222610473633,10.751222610473633,0.003268542932346463,0.003268542932346463,0.011334453709423542,0.011334453709423542,3.949915647506714,-25.248777389526367,0.0,1.5707964,1.5708436965942383,4.982154369354248,0.05623660236597061,-0.009721181355416775,4.98247174758887,0.01128712801924289,5.116981029510498,0.472922682762146,-0.05790318548679352,0.472922682762146,-0.05790318548679352,-0.006296731065958738,151.27218627929688,-0.005943916738033295,152.67196655273438,-0.020165811292827112,-69.95849609374994,-0.0,-2.25,2.25
3.3000000000000003,10.850939750671387,10.850939750671387,0.004385281819850206,0.004385281819850206,0.011002779938280582,0.011002779938280582,3.948798894882202,-25.149059295654297,0.0,1.5707964,1.5706437826156616,4.99143123626709,0.05568345636129379,-0.010345919989049435,4.991741823621806,0.011155346818177718,5.12525749206543,0.4684702455997467,-0.060767900198698044,0.4684702455997467,-0.060767900198698044,-0.006700047291815281,149.87301635742188,-0.006296731065958738,151.27218627929688,-0.022360007278621176,-69.1726684570312,-0.0,-2.25,2.25
3.3200000000000003,10.95084285736084,10.95084285736084,0.0054703038185834885,0.0054703038185834885,0.010654970072209835,0.010654970072209835,3.947713851928711,-25.049156188964844,0.0,1.5707964,1.570431113243103,5.000617504119873,0.05510972440242767,-0.010995314456522465,5.000921165568777,0.011020137699838258,5.133440971374512,0.46401843428611755,-0.06384299695491791,0.46401843428611755,-0.06384299695491791,-0.007147247437387705,148.48956298828125,-0.006700047291815281,149.87301635742188,-0.02415177877992443,-67.88024902343895,-0.0,-2.25,2.25
3.34,11.050929069519043,11.050929069519043,0.006521650590002537,0.006521650590002537,0.010286275297403336,0.010286275297403336,3.946662425994873,-24.94906997680664,0.0,1.5707964,1.5702053308486938,5.009714603424072,0.05449488386511803,-0.011688273400068283,5.010010988024665,0.010877412970187732,5.141537666320801,0.4595593512058258,-0.067273810505867,0.4595593512058258,-0.067273810505867,-0.007630283012986183,147.1319580078125,-0.007147247437387705,148.48956298828125,-0.025501335039734816,-66.27426147460932,-0.0,-2.25,2.25
3.36,11.151196479797363,11.151196479797363,0.007536964491009712,0.007536964491009712,0.009893952868878841,0.009893952868878841,3.9456472396850586,-24.84880256652832,0.0,1.5707964,1.56996488571167,5.018721580505371,0.05382964760065079,-0.012431611306965351,5.019010254381947,0.010725357574459306,5.149555683135986,0.45510292053222656,-0.07111202925443649,0.45510292053222656,-0.07111202925443649,-0.00814030971378088,145.8064727783203,-0.007630283012986183,147.1319580078125,-0.026407279074192023,-64.51492309570307,-0.0,-2.25,2.25
3.38,11.251643180847168,11.251643180847168,0.008513670414686203,0.008513670414686203,0.00947682373225689,0.00947682373225689,3.9446704387664795,-24.748355865478516,0.0,1.5707964,1.569709300994873,5.027639865875244,0.05311291664838791,-0.013224231079220772,5.027920405381627,0.010563791831084031,5.157502174377441,0.4506695866584778,-0.07534437626600266,0.4506695866584778,-0.07534437626600266,-0.008668455295264721,144.51617431640625,-0.00814030971378088,145.8064727783203,-0.02688113600015638,-62.72125244140619,-0.0,-2.25,2.25
3.4,11.35226821899414,11.35226821899414,0.009449112229049206,0.009449112229049206,0.009034892544150352,0.009034892544150352,3.943735122680664,-24.64773178100586,0.0,1.5707964,1.5694376230239868,5.036470413208008,0.052349209785461426,-0.01406008005142212,5.036742465412025,0.010393652779959744,5.1653828620910645,0.446283757686615,-0.07991597056388855,0.446283757686615,-0.07991597056388855,-0.009206078015267849,143.26174926757812,-0.008668455295264721,144.51617431640625,-0.02695345319807527,-60.99166870117182,-0.0,-2.25,2.25
3.42,11.453068733215332,11.453068733215332,0.010340660810470581,0.010340660810470581,0.008569039404392242,0.008569039404392242,3.942843437194824,-24.54693031311035,0.0,1.5707964,1.5691487789154053,5.045215129852295,0.05154677480459213,-0.01493010949343443,5.045478448718542,0.010216607220394408,5.173201560974121,0.4419642388820648,-0.08474740386009216,0.4419642388820648,-0.08474740386009216,-0.009745147079229355,142.0419158935547,-0.009206078015267849,143.26174926757812,-0.026664184406399703,-59.39025878906245,-0.0,-2.25,2.25
3.44,11.554043769836426,11.554043769836426,0.011185792274773121,0.011185792274773121,0.008080764673650265,0.008080764673650265,3.941998243331909,-24.445955276489258,0.0,1.5707964,1.5688422918319702,5.053875923156738,0.05071604996919632,-0.01582370325922966,5.0541303865638305,0.010034743319089382,5.180962085723877,0.4377270042896271,-0.08974789828062057,0.4377270042896271,-0.08974789828062057,-0.01027843076735735,140.85411071777344,-0.009745147079229355,142.0419158935547,-0.026059104129672026,-57.97119140624995,-0.0,-2.25,2.25
3.46,11.655192375183105,11.655192375183105,0.0119821447879076,0.0119821447879076,0.007571967784315348,0.007571967784315348,3.94120192527771,-24.344806671142578,0.0,1.5707964,1.5685179233551025,5.062455177307129,0.04986849054694176,-0.016729705035686493,5.062700789953243,0.009850334648277068,5.188665866851807,0.4335845112800598,-0.09482447057962418,0.4335845112800598,-0.09482447057962418,-0.01079961284995079,139.69468688964844,-0.01027843076735735,140.85411071777344,-0.025188736617565134,-56.7642211914062,-0.0,-2.25,2.25
3.48,11.756510734558105,11.756510734558105,0.012727544642984867,0.012727544642984867,0.007044789381325245,0.007044789381325245,3.9404566287994385,-24.243488311767578,0.0,1.5707964,1.5681754350662231,5.070954322814941,0.04901570826768875,-0.01763712614774704,5.071191209541652,0.009665672120779527,5.19631290435791,0.42954203486442566,-0.09988852590322495,0.42954203486442566,-0.09988852590322495,-0.011303387582302094,138.5594024658203,-0.01079961284995079,139.69468688964844,-0.024101603776216486,-55.7846069335937,-0.0,-2.25,2.25
3.5,11.858000755310059,11.858000755310059,0.013420035131275654,0.013420035131275654,0.006501469761133194,0.006501469761133194,3.9397640228271484,-24.141998291015625,0.0,1.5707964,1.567814826965332,5.079376220703125,0.04816884547472,-0.0185356717556715,5.079604613463407,0.009482936387191197,5.203901767730713,0.4256005883216858,-0.10485996305942535,0.4256005883216858,-0.10485996305942535,-0.011785419657826424,137.44371032714844,-0.011303387582302094,138.5594024658203,-0.02284790389239786,-55.04150390624995,-0.0,-2.25,2.25
3.52,11.959657669067383,11.959657669067383,0.014057882130146027,0.014057882130146027,0.005944259464740753,0.005944259464740753,3.9391262531280518,-24.040342330932617,0.0,1.5707964,1.5674364566802979,5.087722301483154,0.04733813926577568,-0.019416043534874916,5.087942522910237,0.009304118913169424,5.211431503295898,0.4217546880245209,-0.10966966301202774,0.4217546880245209,-0.10966966301202774,-0.012242377735674381,136.34288024902344,-0.011785419657826424,137.44371032714844,-0.02147341147065161,-54.529571533203075,-0.0,-2.25,2.25
3.54,12.061481475830078,12.061481475830078,0.014639570377767086,0.014639570377767086,0.005375335458666086,0.005375335458666086,3.938544511795044,-23.938518524169922,0.0,1.5707964,1.5670408010482788,5.09599494934082,0.04653263837099075,-0.020270179957151413,5.096207394733942,0.009130963749879262,5.218899726867676,0.41799789667129517,-0.11426084488630295,0.41799789667129517,-0.11426084488630295,-0.012671845965087414,135.25228881835938,-0.012242377735674381,136.34288024902344,-0.020017707720398886,-54.23583984374995,-0.0,-2.25,2.25
3.56,12.163470268249512,12.163470268249512,0.01516379788517952,0.01516379788517952,0.0047967503778636456,0.0047967503778636456,3.9380202293395996,-23.836528778076172,0.0,1.5707964,1.5666282176971436,5.104194164276123,0.04576002433896065,-0.021091338247060776,5.104399283604089,0.008964940781272197,5.226303577423096,0.4143209159374237,-0.11858931928873062,0.4143209159374237,-0.11858931928873062,-0.013072200119495392,134.16757202148438,-0.012671845965087414,135.25228881835938,-0.018520187586545927,-54.1488647460937,-0.0,-2.25,2.25
3.58,12.26562213897705,12.26562213897705,0.015629461035132408,0.015629461035132408,0.004210393410176039,0.004210393410176039,3.9375545978546143,-23.734376907348633,0.0,1.5707964,1.566199541091919,5.1123223304748535,0.04502657428383827,-0.021874114871025085,5.112520611505011,0.008807232245944768,5.233641624450684,0.4107131361961365,-0.12262298166751862,0.4107131361961365,-0.12262298166751862,-0.01344260387122631,133.0845947265625,-0.013072200119495392,134.16757202148438,-0.0170148443430662,-54.2465209960937,-0.0,-2.25,2.25
3.6,12.367936134338379,12.367936134338379,0.016035644337534904,0.016035644337534904,0.003617973066866398,0.003617973066866398,3.9371485710144043,-23.632062911987305,0.0,1.5707964,1.5657556056976318,5.120380401611328,0.04433714598417282,-0.022614413872361183,5.120572354700147,0.008658739089735657,5.240909099578857,0.4071621596813202,-0.1263410449028015,0.4071621596813202,-0.1263410449028015,-0.013782900758087635,131.99966430664062,-0.01344260387122631,133.0845947265625,-0.015526684001088129,-54.5059204101562,-0.0,-2.25,2.25
3.62,12.47041130065918,12.47041130065918,0.01638158969581127,0.01638158969581127,0.003020986681804061,0.003020986681804061,3.936802625656128,-23.52958869934082,0.0,1.5707964,1.565297245979309,5.128368854522705,0.043695222586393356,-0.023309413343667984,5.128554999267863,0.008520090210709274,5.248104095458984,0.40365520119667053,-0.12973305583000183,0.40365520119667053,-0.12973305583000183,-0.014093434438109398,130.9095458984375,-0.013782900758087635,131.99966430664062,-0.014080572873353946,-54.9057006835937,-0.0,-2.25,2.25
3.64,12.57304573059082,12.57304573059082,0.016666695475578308,0.016666695475578308,0.002420737873762846,0.002420737873762846,3.9365174770355225,-23.42695426940918,0.0,1.5707964,1.5648255348205566,5.136288166046143,0.043103039264678955,-0.023957401514053345,5.136469020315366,0.008391668475965992,5.255223751068115,0.40017983317375183,-0.13279731571674347,0.40017983317375183,-0.13279731571674347,-0.014375045895576477,129.81143188476562,-0.014093434438109398,130.9095458984375,-0.01269206404685973,-55.41992187499995,-0.0,-2.25,2.25
3.66,12.675837516784668,12.675837516784668,0.016890471801161766,0.016890471801161766,0.0018183300271630287,0.0018183300271630287,3.936293601989746,-23.32416343688965,0.0,1.5707964,1.5643410682678223,5.144138813018799,0.04256167635321617,-0.024557698518037796,5.144314883820823,0.008273630774388778,5.262266159057617,0.39672449231147766,-0.13553963601589203,0.39672449231147766,-0.13553963601589203,-0.014628887176513672,128.70303344726562,-0.014375045895576477,129.81143188476562,-0.012606382369995107,-55.69877624511714,-0.0,-2.25,2.25
3.68,12.778785705566406,12.778785705566406,0.01705254428088665,0.01705254428088665,0.0012146885273978114,0.0012146885273978114,3.936131477355957,-23.221214294433594,0.0,1.5707964,1.563845157623291,5.151920318603516,0.042071253061294556,-0.025110481306910515,5.152092095408806,0.008165948872179866,5.269227027893066,0.3932788670063019,-0.13797177374362946,0.3932788670063019,-0.13797177374362946,-0.014881014823913574,127.58905792236328,-0.014628887176513672,128.70303344726562,-0.012671342119574536,-55.719757080078075,-0.0,-2.25,2.25
3.7,12.881888389587402,12.881888389587402,0.01715249754488468,0.01715249754488468,0.0006076167337596416,0.0006076167337596416,3.9360315799713135,-23.11811065673828,0.0,1.5707964,1.5633383989334106,5.159632682800293,0.041616544127464294,-0.025632303208112717,5.1598005153461175,0.008065620992368806,5.276108264923096,0.389821320772171,-0.14022156596183777,0.389821320772171,-0.14022156596183777,-0.015134441666305065,126.47466278076172,-0.014881014823913574,127.58905792236328,-0.012644566595554341,-55.56907653808589,-0.0,-2.25,2.25
3.72,12.985145568847656,12.985145568847656,0.01718970760703087,0.01718970760703087,-4.800036549568176e-06,-4.800036549568176e-06,3.9359943866729736,-23.01485252380371,0.0,1.5707964,1.562821388244629,5.167273998260498,0.04118519276380539,-0.026135370135307312,5.167438126693152,0.007970221955567795,5.28291130065918,0.3863459527492523,-0.1423879712820053,0.3863459527492523,-0.1423879712820053,-0.015387332998216152,125.36328125,-0.015134441666305065,126.47466278076172,-0.0125391874462366,-55.37605285644526,-0.0,-2.25,2.25
3.74,13.088555335998535,13.088555335998535,0.017163382843136787,0.017163382843136787,-0.0006237132474780083,-0.0006237132474780083,3.936020851135254,-22.91144561767578,0.0,1.5707964,1.562294363975525,5.1748456954956055,0.040769726037979126,-0.02662620320916176,5.175006293981738,0.007878279845354146,5.289639949798584,0.38285622000694275,-0.14452680945396423,0.38285622000694275,-0.14452680945396423,-0.015638116747140884,124.2557601928711,-0.015387332998216152,125.36328125,-0.013781338930129993,-57.59391784667964,-0.0,-2.25,2.25
3.7600000000000002,13.192115783691406,13.192115783691406,0.017072636634111404,0.017072636634111404,-0.0012497425777837634,-0.0012497425777837634,3.9361114501953125,-22.807884216308594,0.0,1.5707964,1.5617575645446777,5.182346820831299,0.04036591574549675,-0.027107981964945793,5.182504025906226,0.00778896141697024,5.296295166015625,0.37935808300971985,-0.1466657966375351,0.37935808300971985,-0.1466657966375351,-0.015913743525743484,123.1038818359375,-0.015638116747140884,124.2557601928711,-0.014878250658512102,-59.12971496582026,-0.0,-2.25,2.25
3.7800000000000002,13.295825004577637,13.295825004577637,0.016916388645768166,0.016916388645768166,-0.0018865070305764675,-0.0018865070305764675,3.936267852783203,-22.70417594909668,0.0,1.5707964,1.5612112283706665,5.18977689743042,0.03995497524738312,-0.027599867433309555,5.189930697528584,0.007698632652392696,5.302858829498291,0.3758276700973511,-0.14894293248653412,0.3758276700973511,-0.14894293248653412,-0.016211308538913727,121.9212875366211,-0.015913743525743484,123.1038818359375,-0.015783961862325654,-60.11924743652338,-0.0,-2.25,2.25
3.8000000000000003,13.39968204498291,13.39968204498291,0.016693230718374252,0.016693230718374252,-0.0025364719331264496,-0.0025364719331264496,3.936491012573242,-22.600317001342773,0.0,1.5707964,1.560654878616333,5.1971330642700195,0.03952556103467941,-0.028112074360251427,5.1972833632296584,0.007605115843543012,5.309322834014893,0.37223750352859497,-0.15143299102783203,0.37223750352859497,-0.15143299102783203,-0.01652698777616024,120.71890258789062,-0.016211308538913727,121.9212875366211,-0.016465224325656877,-60.683059692382756,-0.0,-2.25,2.25
3.8200000000000003,13.503684997558594,13.503684997558594,0.016401538625359535,0.016401538625359535,-0.0032011368311941624,-0.0032011368311941624,3.9367825984954834,-22.496315002441406,0.0,1.5707964,1.5600879192352295,5.204415321350098,0.03907213360071182,-0.028648721054196358,5.2045619862508845,0.007507356186073727,5.3156890869140625,0.36857375502586365,-0.15416297316551208,0.36857375502586365,-0.15416297316551208,-0.016856292262673378,119.50524139404297,-0.01652698777616024,120.71890258789062,-0.01690685749053991,-60.92262268066536,-0.0,-2.25,2.25
3.84,13.607833862304688,13.607833862304688,0.016039567068219185,0.016039567068219185,-0.003881191136315465,-0.003881191136315465,3.9371445178985596,-22.392166137695312,0.0,1.5707964,1.5595099925994873,5.211621284484863,0.038593560457229614,-0.029209710657596588,5.211764180755344,0.007405153388044265,5.321959495544434,0.3648383617401123,-0.157125324010849,0.3648383617401123,-0.157125324010849,-0.01719442941248417,118.28678894042969,-0.016856292262673378,119.50524139404297,-0.020792149007320387,-61.618423461914006,-0.0,-2.25,2.25
3.86,13.712125778198242,13.712125778198242,0.015605522319674492,0.015605522319674492,-0.004576676059514284,-0.004576676059514284,3.9375786781311035,-22.287874221801758,0.0,1.5707964,1.5589207410812378,5.218749523162842,0.03809192404150963,-0.02979206293821335,5.218888538778115,0.007298922362580873,5.32813835144043,0.36104243993759155,-0.16028906404972076,0.36104243993759155,-0.16028906404972076,-0.017610272392630577,117.0544204711914,-0.01719442941248417,118.28678894042969,-0.02469513565301893,-61.26060485839838,-0.0,-2.25,2.25
3.88,13.816557884216309,13.816557884216309,0.015097240917384624,0.015097240917384624,-0.005295832175761461,-0.005295832175761461,3.938086986541748,-22.183443069458008,0.0,1.5707964,1.558319330215454,5.225798606872559,0.03752826526761055,-0.030437728390097618,5.22593335685456,0.00718122204437503,5.334223747253418,0.3571566045284271,-0.16394181549549103,0.3571566045284271,-0.16394181549549103,-0.018104175105690956,115.82920837402344,-0.017610272392630577,117.0544204711914,-0.028062518686056113,-59.95178222656245,-0.0,-2.25,2.25
3.9,13.921131134033203,13.921131134033203,0.014511768706142902,0.014511768706142902,-0.006045348476618528,-0.006045348476618528,3.9386723041534424,-22.078868865966797,0.0,1.5707964,1.557704210281372,5.232766151428223,0.03687518835067749,-0.031173381954431534,5.232896079137138,0.007046861429636876,5.34022331237793,0.35317695140838623,-0.16827109456062317,0.35317695140838623,-0.16827109456062317,-0.01866542547941208,114.63017272949219,-0.018104175105690956,115.82920837402344,-0.03081290051341054,-57.964324951171825,-0.0,-2.25,2.25
3.92,14.02584171295166,14.02584171295166,0.013845548965036869,0.013845548965036869,-0.006829480640590191,-0.006829480640590191,3.9393386840820312,-21.974157333374023,0.0,1.5707964,1.5570733547210693,5.239650249481201,0.036119941622018814,-0.03200932592153549,5.2397747458331825,0.006893469556453714,5.346148490905762,0.3491271734237671,-0.17334473133087158,0.3491271734237671,-0.17334473133087158,-0.01928168348968029,113.47088623046875,-0.01866542547941208,114.63017272949219,-0.03290548920631406,-55.53398132324214,-0.0,-2.25,2.25
3.94,14.130688667297363,14.130688667297363,0.013094657100737095,0.013094657100737095,-0.007650469895452261,-0.007650469895452261,3.940089464187622,-21.86931037902832,0.0,1.5707964,1.5564250946044922,5.246452808380127,0.035260897129774094,-0.03294459357857704,5.2465712995656615,0.006720801180190333,5.352011680603027,0.345046728849411,-0.1791432499885559,0.345046728849411,-0.1791432499885559,-0.019939793273806572,112.3602066040039,-0.01928168348968029,113.47088623046875,-0.03432836383581159,-52.848052978515575,-0.0,-2.25,2.25
3.96,14.23567008972168,14.23567008972168,0.012254995293915272,0.012254995293915272,-0.00850890763103962,-0.00850890763103962,3.9409291744232178,-21.76432991027832,0.0,1.5707964,1.5557572841644287,5.253173828125,0.034304652363061905,-0.033970579504966736,5.253285836281062,0.006530178871590176,5.357823848724365,0.34098079800605774,-0.18558672070503235,0.34098079800605774,-0.18558672070503235,-0.020626360550522804,111.3032455444336,-0.019939793273806572,112.3602066040039,-0.03509307280182836,-50.06942749023433,-0.0,-2.25,2.25
3.98,14.340785026550293,14.340785026550293,0.011322452686727047,0.011322452686727047,-0.009404066950082779,-0.009404066950082779,3.941861629486084,-21.65921401977539,0.0,1.5707964,1.5550682544708252,5.259815692901611,0.033263642340898514,-0.03507361561059952,5.259920873282776,0.006324023661881975,5.363595962524414,0.33697348833084106,-0.19255612790584564,0.33697348833084106,-0.19255612790584564,-0.021328222006559372,110.3018569946289,-0.020626360550522804,111.3032455444336,-0.035226996988058056,-47.32093811035152,-0.0,-2.25,2.25
4.0,14.44603157043457,14.44603157043457,0.010293028317391872,0.010293028317391872,-0.0103341955691576,-0.0103341955691576,3.9428911209106445,-21.55396842956543,0.0,1.5707964,1.5543566942214966,5.266380310058594,0.032154180109500885,-0.03623687103390694,5.266478468718102,0.006105480174147355,5.369334697723389,0.3330651521682739,-0.19990994036197662,0.3330651521682739,-0.19990994036197662,-0.022032761946320534,109.35543823242188,-0.021328222006559372,110.3018569946289,-0.03477595746517101,-44.71321105956928,-0.0,-2.25,2.25
4.0200000000000005,14.551406860351562,14.551406860351562,0.009162927977740765,0.009162927977740765,-0.011296752840280533,-0.011296752840280533,3.944021224975586,-21.448593139648438,0.0,1.5707964,1.553621530532837,5.272871971130371,0.030994979664683342,-0.03744174912571907,5.272963067640119,0.005878129195983882,5.375045299530029,0.3292868435382843,-0.2074965536594391,0.3292868435382843,-0.2074965536594391,-0.02272828109562397,108.46117401123047,-0.022032761946320534,109.35543823242188,-0.03378987312316967,-42.31986999511809,-0.0,-2.25,2.25
4.04,14.656909942626953,14.656909942626953,0.007928640581667423,0.007928640581667423,-0.012288639321923256,-0.012288639321923256,3.9452555179595947,-21.343090057373047,0.0,1.5707964,1.5528619289398193,5.279294490814209,0.029805880039930344,-0.038669031113386154,5.279378629273166,0.005645747440110868,5.380731105804443,0.3256593644618988,-0.21516384184360504,0.3256593644618988,-0.21516384184360504,-0.02340407855808735,107.61477661132812,-0.02272828109562397,108.46117401123047,-0.03233114257454797,-40.20652770996001,-0.0,-2.25,2.25
4.0600000000000005,14.762539863586426,14.762539863586426,0.006586990784853697,0.006586990784853697,-0.013306321576237679,-0.013306321576237679,3.946597099304199,-21.23746109008789,0.0,1.5707964,1.5520778894424438,5.285651683807373,0.02860693261027336,-0.03989965468645096,5.285729096267523,0.0054121336422892005,5.386394023895264,0.3221965432167053,-0.22276571393013,0.3221965432167053,-0.22276571393013,-0.024050701409578323,106.8106460571289,-0.02340407855808735,107.61477661132812,-0.030465424060822182,-38.410568237305505,-0.0,-2.25,2.25
4.08,14.868294715881348,14.868294715881348,0.005135181359946728,0.005135181359946728,-0.014346040785312653,-0.014346040785312653,3.9480488300323486,-21.131704330444336,0.0,1.5707964,1.5512694120407104,5.291945457458496,0.027417629957199097,-0.04111536964774132,5.2920164825091085,0.0051809650834165576,5.39203405380249,0.31890711188316345,-0.2301671952009201,0.31890711188316345,-0.2301671952009201,-0.024660009890794754,106.04243469238281,-0.024050701409578323,106.8106460571289,-0.028254184871912606,-36.96022033691485,-0.0,-2.25,2.25
4.1,14.974173545837402,14.974173545837402,0.0035708113573491573,0.0035708113573491573,-0.015403909608721733,-0.015403909608721733,3.949613332748413,-21.025827407836914,0.0,1.5707964,1.5504368543624878,5.298181056976318,0.026256300508975983,-0.042299218475818634,5.298246116010383,0.004955679182265344,5.397649765014648,0.3157903254032135,-0.23724786937236786,0.3157903254032135,-0.23724786937236786,-0.025225093588232994,105.30323028564453,-0.024660009890794754,106.04243469238281,-0.025766715407370924,-35.86883544921792,-0.0,-2.25,2.25
4.12,15.080174446105957,15.080174446105957,0.001891886699013412,0.001891886699013412,-0.016476016491651535,-0.016476016491651535,3.9512922763824463,-20.919824600219727,0.0,1.5707964,1.5495809316635132,5.304360866546631,0.02513977326452732,-0.043435804545879364,5.304420440609051,0.004739418313752431,5.403239727020264,0.3128410279750824,-0.243903249502182,0.3128410279750824,-0.243903249502182,-0.025740427896380424,104.58585357666016,-0.025225093588232994,105.30323028564453,-0.023068115115166203,-35.14022827148512,-0.0,-2.25,2.25
4.14,15.186296463012695,15.186296463012695,9.682123345555738e-05,9.682123345555738e-05,-0.017558516934514046,-0.017558516934514046,3.953087329864502,-20.813703536987305,0.0,1.5707964,1.5487028360366821,5.310488700866699,0.024083031341433525,-0.044511567801237106,5.310543308780324,0.00453496233614155,5.408799648284912,0.3100491166114807,-0.2500463128089905,0.3100491166114807,-0.2500463128089905,-0.02620179019868374,103.88304901123047,-0.025740427896380424,104.58585357666016,-0.020222738385200032,-34.766769409178885,-0.0,-2.25,2.25
4.16,15.292540550231934,15.292540550231934,-0.0018155711004510522,-0.0018155711004510522,-0.018647711724042892,-0.018647711724042892,3.9549996852874756,-20.707460403442383,0.0,1.5707964,1.5478039979934692,5.316566467285156,0.023099036887288094,-0.04551493376493454,5.3166166465682,0.0043447009807582645,5.4143266677856445,0.3073995113372803,-0.25560757517814636,0.3073995113372803,-0.25560757517814636,-0.02660624496638775,103.18771362304688,-0.02620179019868374,103.88304901123047,-0.01748492941260375,-35.11123657226637,-0.0,-2.25,2.25
4.18,15.398902893066406,15.398902893066406,-0.0038460923824459314,-0.0038460923824459314,-0.019740087911486626,-0.019740087911486626,3.9570302963256836,-20.601097106933594,0.0,1.5707964,1.54688560962677,5.322596549987793,0.02219858020544052,-0.046436380594968796,5.322642840817435,0.004170605697764219,5.419816017150879,0.3048765957355499,-0.2605351507663727,0.3048765957355499,-0.2605351507663727,-0.026955943554639816,102.48548889160156,-0.02660624496638775,103.18771362304688,-0.014855992048978462,-35.950851440428856,-0.0,-2.25,2.25
4.2,15.505380630493164,15.505380630493164,-0.0059952023439109325,-0.0059952023439109325,-0.020832842215895653,-0.020832842215895653,3.959179401397705,-20.494619369506836,0.0,1.5707964,1.5459496974945068,5.328579902648926,0.021387994289398193,-0.047270920127630234,5.328622826323304,0.004013804770128488,5.425259113311768,0.30245569348335266,-0.26481136679649353,0.30245569348335266,-0.26481136679649353,-0.027253063395619392,101.76647186279297,-0.026955943554639816,102.48548889160156,-0.012160651385784408,-37.76931762695393,-0.0,-2.25,2.25
4.22,15.611977577209473,15.611977577209473,-0.00826308224350214,-0.00826308224350214,-0.02192368172109127,-0.02192368172109127,3.961447238922119,-20.388023376464844,0.0,1.5707964,1.5449979305267334,5.3345184326171875,0.020670471712946892,-0.04801647737622261,5.334558479980641,0.0038748330374781923,5.430648326873779,0.3001059889793396,-0.26844102144241333,0.3001059889793396,-0.26844102144241333,-0.027496276423335075,101.0110855102539,-0.027253063395619392,101.76647186279297,-0.009303539991378569,-42.35534667968652,-0.0,-2.25,2.25
4.24,15.71868896484375,15.71868896484375,-0.010649667121469975,-0.010649667121469975,-0.02301029860973358,-0.02301029860973358,3.963833808898926,-20.28131103515625,0.0,1.5707964,1.5440318584442139,5.340412139892578,0.020049063488841057,-0.04867063835263252,5.340449774022671,0.003754198884469178,5.435969829559326,0.2977944612503052,-0.27142730355262756,0.2977944612503052,-0.27142730355262756,-0.02768234722316265,100.16397857666016,-0.027496276423335075,101.0110855102539,-0.006624963134527348,-46.656799316407245,-0.0,-2.25,2.25
4.26,15.825515747070312,15.825515747070312,-0.013154628686606884,-0.013154628686606884,-0.02409014105796814,-0.02409014105796814,3.966338872909546,-20.174484252929688,0.0,1.5707964,1.5430536270141602,5.346259593963623,0.01952783204615116,-0.04922956973314285,5.346295257678209,0.0036525995155019895,5.441192626953125,0.29546985030174255,-0.2737627923488617,0.29546985030174255,-0.2737627923488617,-0.027814846485853195,99.23084259033203,-0.02768234722316265,100.16397857666016,-0.004144851118326092,-50.66871643066289,-0.0,-2.25,2.25
4.28,15.932455062866211,15.932455062866211,-0.015777384862303734,-0.015777384862303734,-0.025161195546388626,-0.025161195546388626,3.968961477279663,-20.06754493713379,0.0,1.5707964,1.542065143585205,5.352058410644531,0.01910766027867794,-0.049692850559949875,5.352092519158482,0.003570136502868805,5.4462995529174805,0.29307013750076294,-0.27546241879463196,0.29307013750076294,-0.27546241879463196,-0.02789774350821972,98.21746826171875,-0.027814846485853195,99.23084259033203,-0.0018708407878876131,-54.381942749024596,-0.0,-2.25,2.25
4.3,16.039508819580078,16.039508819580078,-0.01851714961230755,-0.01851714961230755,-0.02622191421687603,-0.02622191421687603,3.9717013835906982,-19.960491180419922,0.0,1.5707964,1.5410680770874023,5.357803821563721,0.01878698542714119,-0.050062522292137146,5.3578367594752505,0.0035064569468990715,5.451280117034912,0.29054319858551025,-0.2765570878982544,0.29054319858551025,-0.2765570878982544,-0.02793516032397747,97.12982940673828,-0.02789774350821972,98.21746826171875,0.00019427388906478432,-57.804870605467414,-0.0,-2.25,2.25
4.32,16.14667320251465,16.14667320251465,-0.02137298509478569,-0.02137298509478569,-0.027271151542663574,-0.027271151542663574,3.9745571613311768,-19.85332679748535,0.0,1.5707964,1.5400643348693848,5.3634934425354,0.01856241561472416,-0.05034235119819641,5.363525563600279,0.0034608677539078887,5.456130027770996,0.2878553569316864,-0.2770885229110718,0.2878553569316864,-0.2770885229110718,-0.027931274846196175,95.9737319946289,-0.02793516032397747,97.12982940673828,0.0020507723093033275,-60.944366455079425,-0.0,-2.25,2.25
4.34,16.253948211669922,16.253948211669922,-0.024343829602003098,-0.024343829602003098,-0.028308100998401642,-0.028308100998401642,3.9775278568267822,-19.746051788330078,0.0,1.5707964,1.5390558242797852,5.36912202835083,0.018429208546876907,-0.05053726211190224,5.369153656867141,0.0034324301206909006,5.460847854614258,0.28498828411102295,-0.2771052420139313,0.28498828411102295,-0.2771052420139313,-0.02789025940001011,94.75484466552734,-0.027931274846196175,95.9737319946289,0.0037041492760180573,-63.81340026855322,-0.0,-2.25,2.25
4.36,16.361330032348633,16.361330032348633,-0.02742854505777359,-0.02742854505777359,-0.029332229867577553,-0.029332229867577553,3.9806127548217773,-19.638669967651367,0.0,1.5707964,1.5380440950393677,5.374687194824219,0.018381645902991295,-0.050652969628572464,5.374718627715644,0.0034200267976809097,5.465432167053223,0.28193598985671997,-0.2766597270965576,0.28193598985671997,-0.2766597270965576,-0.027816176414489746,93.47857666015625,-0.02789025940001011,94.75484466552734,0.0051594339311124,-66.42761230468892,-0.0,-2.25,2.25
4.38,16.468820571899414,16.468820571899414,-0.030625930055975914,-0.030625930055975914,-0.030343234539031982,-0.030343234539031982,3.9838099479675293,-19.531179428100586,0.0,1.5707964,1.537030816078186,5.380184173583984,0.018413381651043892,-0.050695668905973434,5.380215682879954,0.003422431122191221,5.469884872436523,0.2786978483200073,-0.27580583095550537,0.2786978483200073,-0.27580583095550537,-0.0277129877358675,92.1500244140625,-0.027816176414489746,93.47857666015625,0.0064310617744921155,-68.7969207763656,-0.0,-2.25,2.25
4.4,16.576417922973633,16.576417922973633,-0.03393474966287613,-0.03393474966287613,-0.03134099394083023,-0.03134099394083023,3.98711895942688,-19.423582077026367,0.0,1.5707964,1.5360170602798462,5.3856096267700195,0.01851765252649784,-0.05067180469632149,5.385641461832843,0.003438344186923404,5.474206447601318,0.27528247237205505,-0.2745972275733948,0.27528247237205505,-0.2745972275733948,-0.027584366500377655,90.77408599853516,-0.0277129877358675,92.1500244140625,0.007527042180299919,-70.9362030029312,-0.0,-2.25,2.25
4.42,16.684120178222656,16.684120178222656,-0.0373537540435791,-0.0373537540435791,-0.03232555836439133,-0.03232555836439133,3.9905378818511963,-19.315879821777344,0.0,1.5707964,1.5350043773651123,5.390960216522217,0.018687579780817032,-0.050587840378284454,5.390992606353985,0.003466452019381147,5.47839879989624,0.2716984152793884,-0.2730855643749237,0.2716984152793884,-0.2730855643749237,-0.02743382565677166,89.35536193847656,-0.027584366500377655,90.77408599853516,0.008462090045213503,-72.85842895507645,-0.0,-2.25,2.25
4.44,16.79192352294922,16.79192352294922,-0.040881697088479996,-0.040881697088479996,-0.033297099173069,-0.033297099173069,3.994065761566162,-19.20807647705078,0.0,1.5707964,1.5339938402175903,5.396232604980469,0.018916282802820206,-0.0504501610994339,5.396265760024183,0.003505446615333099,5.4824628829956055,0.2679564952850342,-0.27131974697113037,0.2679564952850342,-0.27131974697113037,-0.027264583855867386,87.898193359375,-0.02743382565677166,89.35536193847656,0.00913813710212727,-74.8401641845719,-0.0,-2.25,2.25
4.46,16.899831771850586,16.899831771850586,-0.04451732710003853,-0.04451732710003853,-0.03425585478544235,-0.03425585478544235,3.997701406478882,-19.100168228149414,0.0,1.5707964,1.5329864025115967,5.401424407958984,0.01919705979526043,-0.05026494339108467,5.401458521732796,0.0035540586180852975,5.486401081085205,0.26406776905059814,-0.2693450450897217,0.26406776905059814,-0.2693450450897217,-0.027081821113824844,86.4013900756836,-0.027264583855867386,87.898193359375,0.009355228394269726,-77.33688354492008,-0.0,-2.25,2.25
4.48,17.007835388183594,17.007835388183594,-0.048259437084198,-0.048259437084198,-0.035202402621507645,-0.035202402621507645,4.001443386077881,-18.992164611816406,0.0,1.5707964,1.5319831371307373,5.406533241271973,0.019522173330187798,-0.050039470195770264,5.40656848696383,0.0036108329709278165,5.490212440490723,0.2600409686565399,-0.267212837934494,0.2600409686565399,-0.267212837934494,-0.026894716545939445,84.85465240478516,-0.027081821113824844,86.4013900756836,0.009988248348236297,-80.31120300293139,-0.0,-2.25,2.25
4.5,17.115936279296875,17.115936279296875,-0.05210690572857857,-0.05210690572857857,-0.03613802790641785,-0.03613802790641785,4.005290985107422,-18.884063720703125,0.0,1.5707964,1.5309845209121704,5.411555767059326,0.01988081820309162,-0.04978429526090622,5.411592285725661,0.003673754760823402,5.493890285491943,0.25587332248687744,-0.2649962604045868,0.25587332248687744,-0.2649962604045868,-0.026694951578974724,83.24842834472656,-0.026894716545939445,84.85465240478516,0.011020526289939625,-83.81576538085744,-0.0,-2.25,2.25
4.5200000000000005,17.224140167236328,17.224140167236328,-0.05605866760015488,-0.05605866760015488,-0.03706267103552818,-0.03706267103552818,4.009243011474609,-18.775859832763672,0.0,1.5707964,1.5299913883209229,5.4164886474609375,0.020270273089408875,-0.049500931054353714,5.416526576325859,0.0037423097842593503,5.497426509857178,0.2515639662742615,-0.2627035081386566,0.2515639662742615,-0.2627035081386566,-0.026474541053175926,81.57211303710938,-0.026694951578974724,83.24842834472656,0.011869799345731988,-86.90910339355653,-0.0,-2.25,2.25
4.54,17.332429885864258,17.332429885864258,-0.06011360138654709,-0.06011360138654709,-0.03797523304820061,-0.03797523304820061,4.0132975578308105,-18.667570114135742,0.0,1.5707964,1.5290042161941528,5.421329975128174,0.020693372935056686,-0.04918530955910683,5.421369468585099,0.0038170103151924217,5.500810146331787,0.2471085637807846,-0.26030007004737854,0.2471085637807846,-0.26030007004737854,-0.02623714506626129,79.83393096923828,-0.026474541053175926,81.57211303710938,0.01385500654578177,-88.01765441894328,-0.0,-2.25,2.25
4.5600000000000005,17.440814971923828,17.440814971923828,-0.06427047401666641,-0.06427047401666641,-0.03887508064508438,-0.03887508064508438,4.017454624176025,-18.559185028076172,0.0,1.5707964,1.5280234813690186,5.426075458526611,0.021150022745132446,-0.04883718118071556,5.4261166781674435,0.0038978292497775396,5.5040364265441895,0.2424926906824112,-0.25777602195739746,0.2424926906824112,-0.25777602195739746,-0.02596004493534565,78.07357788085938,-0.02623714506626129,79.83393096923828,0.017410051077604665,-87.09869384765811,-0.0,-2.25,2.25
4.58,17.549291610717773,17.549291610717773,-0.06852786242961884,-0.06852786242961884,-0.03975898399949074,-0.03975898399949074,4.021711826324463,-18.450708389282227,0.0,1.5707964,1.5270501375198364,5.430723190307617,0.02165355533361435,-0.04844191297888756,5.430766359014493,0.00398721124725855,5.507119178771973,0.23773865401744843,-0.255018949508667,0.23773865401744843,-0.255018949508667,-0.025611843913793564,76.33160400390625,-0.02596004493534565,78.07357788085938,0.020773056894540308,-86.76986694335737,-0.0,-2.25,2.25
4.6000000000000005,17.657855987548828,17.657855987548828,-0.07288384437561035,-0.07288384437561035,-0.04062065854668617,-0.04062065854668617,4.026067733764648,-18.342144012451172,0.0,1.5707964,1.526085376739502,5.435272693634033,0.0222318172454834,-0.04797007143497467,5.435318160684045,0.004090262718575903,5.510082244873047,0.23290908336639404,-0.2518097162246704,0.23290908336639404,-0.2518097162246704,-0.025196382775902748,74.59620666503906,-0.025611843913793564,76.33160400390625,0.02387184649705938,-86.90528869629091,-0.0,-2.25,2.25
4.62,17.76650619506836,17.76650619506836,-0.07733584940433502,-0.07733584940433502,-0.041455261409282684,-0.041455261409282684,4.030519962310791,-18.23349380493164,0.0,1.5707964,1.5251309871673584,5.439724445343018,0.022902149707078934,-0.04740510880947113,5.4397726560697,0.004210142374161974,5.512935638427734,0.2280535101890564,-0.24801936745643616,0.2280535101890564,-0.24801936745643616,-0.02471894584596157,72.85810089111328,-0.025196382775902748,74.59620666503906,0.026651564985514256,-87.40386962890811,-0.0,-2.25,2.25
4.64,17.875242233276367,17.875242233276367,-0.0818808525800705,-0.0818808525800705,-0.042259231209754944,-0.042259231209754944,4.035065174102783,-18.124759674072266,0.0,1.5707964,1.5241886377334595,5.4440789222717285,0.023673582822084427,-0.04673953354358673,5.444130394328091,0.004348473624931682,5.515681743621826,0.22319920361042023,-0.24358870089054108,0.22319920361042023,-0.24358870089054108,-0.024185914546251297,71.11002349853516,-0.02471894584596157,72.85810089111328,0.029073283076285643,-88.1710052490214,-0.0,-2.25,2.25
4.66,17.984060287475586,17.984060287475586,-0.08651546388864517,-0.08651546388864517,-0.04303013160824776,-0.04303013160824776,4.039699554443359,-18.015939712524414,0.0,1.5707964,1.5232605934143066,5.448336124420166,0.024548659101128578,-0.045972369611263275,5.448391428791201,0.004505686216456738,5.518318176269531,0.21835120022296906,-0.2385108470916748,0.21835120022296906,-0.2385108470916748,-0.02360444888472557,69.34660339355469,-0.024185914546251297,71.11002349853516,0.031111668795347876,-89.12887573242378,-0.0,-2.25,2.25
4.68,18.092960357666016,18.092960357666016,-0.09123607724905014,-0.09123607724905014,-0.043766435235738754,-0.043766435235738754,4.04442024230957,-17.907039642333984,0.0,1.5707964,1.5223486423492432,5.45249605178833,0.025524940341711044,-0.04510735720396042,5.4525557968118745,0.00468129708728005,5.520842552185059,0.21350280940532684,-0.23281726241111755,0.21350280940532684,-0.23281726241111755,-0.022982215508818626,67.56402587890625,-0.02360444888472557,69.34660339355469,0.03275694325566216,-90.20538330077916,-0.0,-2.25,2.25
4.7,18.20193862915039,18.20193862915039,-0.09603893011808395,-0.09603893011808395,-0.044467419385910034,-0.044467419385910034,4.049222946166992,-17.79806137084961,0.0,1.5707964,1.5214548110961914,5.456557750701904,0.0265961866825819,-0.0441516675055027,5.456622567476248,0.004874130776364951,5.523251056671143,0.2086406946182251,-0.22656667232513428,0.2086406946182251,-0.22656667232513428,-0.022327076643705368,65.75991821289062,-0.022982215508818626,67.56402587890625,0.03400491550564838,-91.34387969970898,-0.0,-2.25,2.25
4.72,18.310993194580078,18.310993194580078,-0.10092020034790039,-0.10092020034790039,-0.045133061707019806,-0.045133061707019806,4.054104328155518,-17.689006805419922,0.0,1.5707964,1.520580768585205,5.4605207443237305,0.027753382921218872,-0.04311487823724747,5.460591272880013,0.0050825086555172,5.525539398193359,0.20374901592731476,-0.2198360115289688,0.20374901592731476,-0.2198360115289688,-0.021646978333592415,63.933040618896484,-0.022327076643705368,65.75991821289062,0.034862291067837864,-92.49477386474396,-0.0,-2.25,2.25
4.74,18.420124053955078,18.420124053955078,-0.10587608069181442,-0.10587608069181442,-0.04576384276151657,-0.04576384276151657,4.059060096740723,-17.579875946044922,0.0,1.5707964,1.519728183746338,5.464383602142334,0.02898552268743515,-0.04200820252299309,5.464460477658109,0.00530439532541502,5.527705669403076,0.19881190359592438,-0.21271361410617828,0.19881190359592438,-0.21271361410617828,-0.02094973251223564,62.08314514160156,-0.021646978333592415,63.933040618896484,0.0353455543518074,-93.61267089843949,-0.0,-2.25,2.25
4.76,18.529327392578125,18.529327392578125,-0.1109028160572052,-0.1109028160572052,-0.04636074975132942,-0.04636074975132942,4.0640869140625,-17.470674514770508,0.0,1.5707964,1.5188981294631958,5.468145847320557,0.030280277132987976,-0.0408439077436924,5.468229686356664,0.005537520115906259,5.529747486114502,0.19381573796272278,-0.20529380440711975,0.19381573796272278,-0.20529380440711975,-0.02024282142519951,60.21089172363281,-0.02094973251223564,62.08314514160156,0.03547603264450945,-94.6605682373025,-0.0,-2.25,2.25
4.78,18.638601303100586,18.638601303100586,-0.11599676311016083,-0.11599676311016083,-0.046925146132707596,-0.046925146132707596,4.069180965423584,-17.361398696899414,0.0,1.5707964,1.5180916786193848,5.471804141998291,0.03162457421422005,-0.03963475301861763,5.471895529163901,0.005779487218432602,5.531662940979004,0.18875078856945038,-0.19767242670059204,0.18875078856945038,-0.19767242670059204,-0.019533300772309303,58.31768035888672,-0.02024282142519951,60.21089172363281,0.03527579829096869,-95.61576843261922,-0.0,-2.25,2.25
4.8,18.747947692871094,18.747947692871094,-0.12115442752838135,-0.12115442752838135,-0.04745868220925331,-0.04745868220925331,4.074338436126709,-17.252052307128906,0.0,1.5707964,1.5173099040985107,5.475358486175537,0.03300507366657257,-0.03839357569813728,5.475457961396673,0.006027856258530591,5.533451557159424,0.18361108005046844,-0.1899435669183731,0.18361108005046844,-0.1899435669183731,-0.018827784806489944,56.405364990234375,-0.019533300772309303,58.31768035888672,0.03478070721030155,-96.44775390624777,-0.0,-2.25,2.25
4.82,18.85736083984375,18.85736083984375,-0.12637251615524292,-0.12637251615524292,-0.04796323925256729,-0.04796323925256729,4.079556465148926,-17.142641067504883,0.0,1.5707964,1.5165529251098633,5.478806972503662,0.03440850228071213,-0.037133023142814636,5.47891501914238,0.006280208462064043,5.535112380981445,0.17839257419109344,-0.18219709396362305,0.17839257419109344,-0.18219709396362305,-0.018132170662283897,54.476409912109375,-0.018827784806489944,56.405364990234375,0.0340186990797527,-97.14355468750207,-0.0,-2.25,2.25
4.84,18.966838836669922,18.966838836669922,-0.13164789974689484,-0.13164789974689484,-0.04844086617231369,-0.04844086617231369,4.084832191467285,-17.033161163330078,0.0,1.5707964,1.5158213376998901,5.482147216796875,0.035822052508592606,-0.03586516156792641,5.482264251755806,0.006534217574081923,5.536645889282227,0.1730940341949463,-0.17451626062393188,0.1730940341949463,-0.17451626062393188,-0.017451796680688858,52.533538818359375,-0.018132170662283897,54.476409912109375,0.033027026802300644,-97.68981933593524,-0.0,-2.25,2.25
4.86,19.07638168334961,19.07638168334961,-0.13697771728038788,-0.13697771728038788,-0.04889371246099472,-0.04889371246099472,4.0901618003845215,-16.923620223999023,0.0,1.5707964,1.5151150226593018,5.485379219055176,0.03723359480500221,-0.034601349383592606,5.485505584485761,0.006787684406028365,5.538053035736084,0.16771723330020905,-0.1669766753911972,0.16771723330020905,-0.1669766753911972,-0.01679125614464283,50.579742431640625,-0.017451796680688858,52.533538818359375,0.03184126690030166,-98.07968139648646,-0.0,-2.25,2.25
4.88,19.185983657836914,19.185983657836914,-0.14235928654670715,-0.14235928654670715,-0.04932398721575737,-0.04932398721575737,4.095543384552002,-16.814016342163086,0.0,1.5707964,1.514433741569519,5.488499641418457,0.038631875067949295,-0.033352017402648926,5.488635598727774,0.00703857877894246,5.53933572769165,0.16226737201213837,-0.15964524447917938,0.16226737201213837,-0.15964524447917938,-0.01615443080663681,48.61814880371094,-0.01679125614464283,50.579742431640625,0.030494248494505178,-98.31180572509538,-0.0,-2.25,2.25
4.9,19.29564666748047,19.29564666748047,-0.14779019355773926,-0.14779019355773926,-0.04973388835787773,-0.04973388835787773,4.100974082946777,-16.704355239868164,0.0,1.5707964,1.5137773752212524,5.491509437561035,0.04000670462846756,-0.0321265272796154,5.491655163904335,0.007285063848744779,5.540494918823242,0.15675050020217896,-0.15257933735847473,0.15675050020217896,-0.15257933735847473,-0.015544545836746693,46.651912689208984,-0.01615443080663681,48.61814880371094,0.02902424894273343,-98.38237762451382,-0.0,-2.25,2.25
4.92,19.405366897583008,19.405366897583008,-0.15326820313930511,-0.15326820313930511,-0.0501256063580513,-0.0501256063580513,4.106452465057373,-16.594633102416992,0.0,1.5707964,1.5131452083587646,5.494405746459961,0.04134902358055115,-0.030933156609535217,5.4945613335809895,0.007525516845128356,5.541531562805176,0.1511734575033188,-0.14582689106464386,0.1511734575033188,-0.14582689106464386,-0.014964060857892036,44.68426513671875,-0.015544545836746693,46.651912689208984,0.027463957667350134,-98.30036163329851,-0.0,-2.25,2.25
4.94,19.5151424407959,19.5151424407959,-0.1587914079427719,-0.1587914079427719,-0.050501227378845215,-0.050501227378845215,4.11197566986084,-16.4848575592041,0.0,1.5707964,1.512536644935608,5.497189044952393,0.04265100136399269,-0.02977895736694336,5.4973545004722,0.0077585371761614,5.542449474334717,0.1455438882112503,-0.1394260823726654,0.1455438882112503,-0.1394260823726654,-0.014414781704545021,42.718257904052734,-0.014964060857892036,44.68426513671875,0.025845551863313273,-98.06880950927943,-0.0,-2.25,2.25
4.96,19.624967575073242,19.624967575073242,-0.1643580198287964,-0.1643580198287964,-0.05086275562644005,-0.05086275562644005,4.117542266845703,-16.375032424926758,0.0,1.5707964,1.5119506120681763,5.499858379364014,0.043906085193157196,-0.02866978757083416,5.5000336305678665,0.007982960557054608,5.543250560760498,0.13987237215042114,-0.13340552151203156,0.13987237215042114,-0.13340552151203156,-0.013897870667278767,40.75688171386719,-0.014414781704545021,42.718257904052734,0.024198461323975958,-97.70050048827899,-0.0,-2.25,2.25
4.98,19.734848022460938,19.734848022460938,-0.16996650397777557,-0.16996650397777557,-0.05121206119656563,-0.05121206119656563,4.123150825500488,-16.265151977539062,0.0,1.5707964,1.5113863945007324,5.502413272857666,0.04510897397994995,-0.0276102963835001,5.50259817221408,0.008197850874880081,5.5439372062683105,0.13416758179664612,-0.12778480350971222,0.13416758179664612,-0.12778480350971222,-0.013413901440799236,38.80287170410156,-0.013897870667278767,40.75688171386719,0.022549554705620294,-97.20592498779504,-0.0,-2.25,2.25
5.0,19.844778060913086,19.844778060913086,-0.17561551928520203,-0.17561551928520203,-0.05155089125037193,-0.05155089125037193,4.1287994384765625,-16.155223846435547,0.0,1.5707964,1.51084303855896,5.50485372543335,0.046255603432655334,-0.02660396508872509,5.505048057852569,0.008402496624975681,5.544512748718262,0.1284400373697281,-0.12257500737905502,0.1284400373697281,-0.12257500737905502,-0.01296291034668684,36.8587532043457,-0.013413901440799236,38.80287170410156,0.020926957949995512,-96.5919494628884,-0.0,-2.25,2.25
5.0200000000000005,19.95475196838379,19.95475196838379,-0.18130388855934143,-0.18130388855934143,-0.05188079923391342,-0.05188079923391342,4.134488105773926,-16.045246124267578,0.0,1.5707964,1.5103191137313843,5.507178783416748,0.04734310135245323,-0.025653176009655,5.507382274888974,0.008596404260527494,5.544978141784668,0.12269958108663559,-0.11777951568365097,0.12269958108663559,-0.11777951568365097,-0.01254437118768692,34.92691421508789,-0.01296291034668684,36.8587532043457,0.0185779295861725,-96.43783569336144,-0.0,-2.25,2.25
5.04,20.06477928161621,20.06477928161621,-0.18703019618988037,-0.18703019618988037,-0.05214495584368706,-0.05214495584368706,4.140216827392578,-15.935239791870117,0.0,1.5706961,1.5097718238830566,5.509389400482178,0.048369746655225754,-0.024759210646152496,5.50960172776008,0.008779285764654202,5.545338153839111,0.11695574223995209,-0.11339426040649414,0.11695574223995209,-0.11339426040649414,-0.012172812595963478,32.9981575012207,-0.01254437118768692,34.92691421508789,0.010429229587316272,-100.2861976623512,-0.0026991367,-2.25,2.25
5.0600000000000005,20.1749324798584,20.1749324798584,-0.19277052581310272,-0.19277052581310272,-0.05196331813931465,-0.05196331813931465,4.145993709564209,-15.825191497802734,0.0,1.5701468,1.509234070777893,5.511485576629639,0.049325693398714066,-0.023932376876473427,5.511706295279693,0.008949379591284907,5.545588493347168,0.11120624095201492,-0.10947982966899872,0.11120624095201492,-0.10947982966899872,-0.011964228004217148,30.992433547973633,-0.012172812595963478,32.9981575012207,-0.0042564235627652125,-107.2284698486351,-0.007288853,-2.25,2.25
5.08,20.285234451293945,20.285234451293945,-0.19847123324871063,-0.19847123324871063,-0.0512857586145401,-0.0512857586145401,4.15181827545166,-15.715103149414062,0.0,1.5690948,1.508716106414795,5.513463020324707,0.05013511702418327,-0.02325441874563694,5.513690960368296,0.009092966629829965,5.545693397521973,0.1053706482052803,-0.10660573840141296,0.1053706482052803,-0.10660573840141296,-0.01204935647547245,28.847864151000977,-0.011964228004217148,30.992433547973633,-0.025152647867798226,-115.7859802246067,-0.0118847685,-2.25,2.25
5.1000000000000005,20.39568519592285,20.39568519592285,-0.20407871901988983,-0.20407871901988983,-0.05013800412416458,-0.05013800412416458,4.157693386077881,-15.604981422424316,0.0,1.5675316,1.5082072019577026,5.515315055847168,0.05066734552383423,-0.022862298414111137,5.5155477828731465,0.009186405441863651,5.545603275299072,0.09929457306861877,-0.10574597120285034,0.09929457306861877,-0.10574597120285034,-0.012552409432828426,26.53214454650879,-0.01204935647547245,28.847864151000977,-0.05171294324100128,-124.76491928100852,-0.016486883,-2.25,2.25
5.12,20.50629234313965,20.50629234313965,-0.20954257249832153,-0.20954257249832153,-0.04855476692318916,-0.04855476692318916,4.163630485534668,-15.494830131530762,0.0,1.5654458,1.5076910257339478,5.51702880859375,0.05075783282518387,-0.02292400598526001,5.517262295055989,0.009199952101989364,5.5452704429626465,0.09278291463851929,-0.108101986348629,0.09278291463851929,-0.108101986348629,-0.01358666829764843,24.036846160888672,-0.012552409432828426,26.53214454650879,-0.08317162282765089,-133.22820663452433,-0.021095514,-2.25,2.25
5.14,20.617061614990234,20.617061614990234,-0.2148164063692093,-0.2148164063692093,-0.0465770922601223,-0.0465770922601223,4.169633388519287,-15.384648323059082,0.0,1.5628507,1.507172703742981,5.518587112426758,0.05022576078772545,-0.02361992932856083,5.518815665021745,0.009100947954540129,5.544656276702881,0.08563229441642761,-0.11495879292488098,0.08563229441642761,-0.11495879292488098,-0.015250100754201412,21.372282028198242,-0.01358666829764843,24.036846160888672,-0.1185605768114301,-140.4802322387663,-0.025710901,-2.25,2.25
5.16,20.727994918823242,20.727994918823242,-0.21985846757888794,-0.21985846757888794,-0.044249650090932846,-0.044249650090932846,4.175715923309326,-15.274443626403809,0.0,1.5597445,1.5066382884979248,5.519968509674072,0.048889145255088806,-0.02512788400053978,5.520185005624103,0.008856548166873555,5.543735504150391,0.07764635235071182,-0.1275666207075119,0.07764635235071182,-0.1275666207075119,-0.01762131229043007,18.56267738342285,-0.015250100754201412,21.372282028198242,-0.15675518661737775,-146.04153633117988,-0.030333122,-2.25,2.25
5.18,20.83909797668457,20.83909797668457,-0.22463193535804749,-0.22463193535804749,-0.04161845147609711,-0.04161845147609711,4.1818976402282715,-15.164216041564941,0.0,1.5561246,1.5060700178146362,5.521149158477783,0.0465778149664402,-0.027610771358013153,5.52134562611389,0.00843605356236949,5.542492389678955,0.06864002346992493,-0.14704452455043793,0.06864002346992493,-0.14704452455043793,-0.020756416022777557,15.641846656799316,-0.01762131229043007,18.56267738342285,-0.19655628129839442,-149.65643882751118,-0.034962416,-2.25,2.25
5.2,20.95037078857422,20.95037078857422,-0.22910502552986145,-0.22910502552986145,-0.03872842341661453,-0.03872842341661453,4.188215732574463,-15.053976058959961,0.0,1.5519726,1.5054312944412231,5.522101402282715,0.04314413294196129,-0.031206732615828514,5.522269942089036,0.007812832824136941,5.54092264175415,0.05844128504395485,-0.17430533468723297,0.05844128504395485,-0.17430533468723297,-0.024687541648745537,12.648717880249023,-0.020756416022777557,15.641846656799316,-0.23677693679929285,-151.24607086181962,-0.03959878,-2.25,2.25
5.22,21.061809539794922,21.061809539794922,-0.233250692486763,-0.233250692486763,-0.035621579736471176,-0.035621579736471176,4.194696426391602,-14.943730354309082,0.0,1.5472957,1.5047084093093872,5.522795677185059,0.038471005856990814,-0.03602209314703941,5.5229296673256325,0.006965744503101381,5.539028644561768,0.046893078833818436,-0.21000461280345917,0.046893078833818436,-0.21000461280345917,-0.029423080384731293,9.623796463012695,-0.024687541648745537,12.648717880249023,-0.276338122785085,-150.89693069457658,-0.044242065,-2.25,2.25
5.24,21.17341423034668,21.17341423034668,-0.23704639077186584,-0.23704639077186584,-0.032335445284843445,-0.032335445284843445,4.201366424560547,-14.833483695983887,0.0,1.5420986,1.5038832426071167,5.52319860458374,0.03247685357928276,-0.04212730750441551,5.523294087018559,0.005880012944053387,5.536816120147705,0.033855728805065155,-0.2545143961906433,0.033855728805065155,-0.2545143961906433,-0.03494984284043312,6.605857849121094,-0.029423080384731293,9.623796463012695,-0.3143420442938872,-148.82224798202833,-0.04889226,-2.25,2.25
5.26,21.285179138183594,21.285179138183594,-0.24047338962554932,-0.24047338962554932,-0.028902113437652588,-0.028902113437652588,4.208262920379639,-14.723248481750488,0.0,1.5363798,1.5029302835464478,5.523277759552002,0.02511739544570446,-0.04955606162548065,5.523334870593649,0.004547521127265516,5.5342912673950195,0.01921049878001213,-0.3079221546649933,0.01921049878001213,-0.3079221546649933,-0.04123668372631073,3.629412889480591,-0.03494984284043312,6.605857849121094,-0.3501076251268306,-145.31297087669037,-0.05354913,-2.25,2.25
5.28,21.3971004486084,21.3971004486084,-0.24351634085178375,-0.24351634085178375,-0.025347799062728882,-0.025347799062728882,4.215440273284912,-14.613031387329102,0.0,1.5301274,1.5018130540847778,5.522998809814453,0.016384363174438477,-0.05830727145075798,5.523023112441998,0.002966561405343609,5.531458854675293,0.002861382206901908,-0.3700522482395172,0.002861382206901908,-0.3700522482395172,-0.048238836228847504,0.7231534719467163,-0.04123668372631073,3.629412889480591,-0.3831788897514425,-140.7055199146301,-0.05821252,-2.25,2.25
5.3,21.509166717529297,21.509166717529297,-0.246162548661232,-0.246162548661232,-0.02169288508594036,-0.02169288508594036,4.222952842712402,-14.502852439880371,0.0,1.5233351,1.500501036643982,5.5223283767700195,0.006301833316683769,-0.06834924221038818,5.522331972453535,0.0011411546274041895,5.528320789337158,-0.01526005007326603,-0.4405044913291931,-0.01526005007326603,-0.4405044913291931,-0.05590241402387619,-2.090956926345825,-0.048238836228847504,0.7231534719467163,-0.4153933376073741,-133.42300653457335,-0.06288195,-2.25,2.25
5.32,21.621376037597656,21.621376037597656,-0.24840141832828522,-0.24840141832828522,-0.017952386289834976,-0.017952386289834976,4.2308268547058105,-14.39271068572998,0.0,1.5160158,1.4989832639694214,5.521234512329102,-0.005079065449535847,-0.07962524145841599,5.5212368484823955,-0.0009199145599569313,5.524874210357666,-0.035194046795368195,-0.5187023282051086,-0.035194046795368195,-0.5187023282051086,-0.06421028077602386,-4.7594170570373535,-0.05590241402387619,-2.090956926345825,-0.44516511261464115,-112.09721565246821,-0.067557335,-2.25,2.25
5.34,21.73371696472168,21.73371696472168,-0.2502240538597107,-0.2502240538597107,-0.01414074283093214,-0.01414074283093214,4.239108562469482,-14.282623291015625,0.0,1.5081687,1.4972361326217651,5.519684791564941,-0.01770809106528759,-0.09208357334136963,5.519713196781377,-0.0032081597014462205,5.521127700805664,-0.057005640119314194,-0.6041136384010315,-0.057005640119314194,-0.6041136384010315,-0.0731135830283165,-7.00136137008667,-0.06421028077602386,-4.7594170570373535,-0.4658583551645171,-70.66538333892659,-0.07223821,-2.25,2.25
5.36,21.84617805480957,21.84617805480957,-0.25162312388420105,-0.25162312388420105,-0.010268818587064743,-0.010268818587064743,4.247862339019775,-14.172605514526367,0.0,1.4997847,1.4952282905578613,5.5176520347595215,-0.031519241631031036,-0.10565720498561859,5.517742059871853,-0.005712375226728764,5.517196178436279,-0.08062570542097092,-0.6961180567741394,-0.08062570542097092,-0.6961180567741394,-0.08243075013160706,-8.414669036865234,-0.0731135830283165,-7.00136137008667,-0.4840858280658825,-33.354854583740945,-0.076924086,-2.25,2.25
5.38,21.958744049072266,21.958744049072266,-0.2525918483734131,-0.2525918483734131,-0.006331787910312414,-0.006331787910312414,4.2571563720703125,-14.062679290771484,0.0,1.4908539,1.492929458618164,5.51513147354126,-0.04636908695101738,-0.12019564211368561,5.515326396748433,-0.00840741415528048,5.513314723968506,-0.10550272464752197,-0.7935308814048767,-0.10550272464752197,-0.7935308814048767,-0.0921124666929245,-9.081766128540039,-0.08243075013160706,-8.414669036865234,-0.500147789716709,0.08015632629394347,-0.08161434,-2.25,2.25
5.4,22.07140350341797,22.07140350341797,-0.253123015165329,-0.253123015165329,-0.0023250048980116844,-0.0023250048980116844,4.267007350921631,-13.952853202819824,0.0,1.4813939,1.4903396368026733,5.512129783630371,-0.06212897226214409,-0.1355690211057663,5.512479910238164,-0.011270841560709465,5.509591579437256,-0.13108524680137634,-0.8953313231468201,-0.13108524680137634,-0.8953313231468201,-0.10211542248725891,-9.08016300201416,-0.0921124666929245,-9.081766128540039,-0.5142826586961856,29.794502258301417,-0.08630848,-2.25,2.25
5.42,22.184144973754883,22.184144973754883,-0.2532091736793518,-0.2532091736793518,0.0017558642430230975,0.0017558642430230975,4.277464389801025,-13.843137741088867,0.0,1.4714042,1.4874426126480103,5.508661270141602,-0.07868389785289764,-0.15166406333446503,5.509223188884201,-0.014282698379054715,5.506065845489502,-0.15699255466461182,-1.0006452798843384,-0.15699255466461182,-1.0006452798843384,-0.1124010756611824,-8.484272956848145,-0.10211542248725891,-9.08016300201416,-0.5267009139060852,55.988955497740406,-0.09100604,-2.25,2.25
5.44,22.296951293945312,22.296951293945312,-0.25284242630004883,-0.25284242630004883,0.005914835259318352,0.005914835259318352,4.288596153259277,-13.733559608459473,0.0,1.4608754,1.484215259552002,5.504740238189697,-0.0959307849407196,-0.16838115453720093,5.5055760648132095,-0.01742517743276047,5.502735614776611,-0.18301738798618317,-1.1087238788604736,-0.18301738798618317,-1.1087238788604736,-0.12293509393930435,-7.3644938468933105,-0.1124010756611824,-8.484272956848145,-0.5366448312997932,91.10312461853222,-0.09570631,-2.25,2.25
5.46,22.409809112548828,22.409809112548828,-0.2520146071910858,-0.2520146071910858,0.010155625641345978,0.010155625641345978,4.3004655838012695,-13.624136924743652,0.0,1.4498014,1.4806394577026367,5.500381946563721,-0.11377692967653275,-0.18563200533390045,5.501558574423317,-0.020682328480965437,5.499577045440674,-0.20908929407596588,-1.2189239263534546,-0.20908929407596588,-1.2189239263534546,-0.1336679905653,-5.542431354522705,-0.12293509393930435,-7.3644938468933105,-0.544938445091235,128.7566900253266,-0.10040871,-2.25,2.25
5.48,22.522703170776367,22.522703170776367,-0.2507171928882599,-0.2507171928882599,0.014483355917036533,0.014483355917036533,4.313081741333008,-13.514877319335938,0.0,1.4382001,1.4767214059829712,5.49560546875,-0.13213011622428894,-0.203328475356102,5.497193632733738,-0.024038236753475554,5.4966607093811035,-0.23509816825389862,-1.3306246995925903,-0.23509816825389862,-1.3306246995925903,-0.14456675946712494,-2.9672975540161133,-0.1336679905653,-5.542431354522705,-0.5523145198822139,161.0564380884205,-0.105112635,-2.25,2.25
5.5,22.6356143951416,22.6356143951416,-0.24894121289253235,-0.24894121289253235,0.018902992829680443,0.018902992829680443,4.326488018035889,-13.405803680419922,0.0,1.4260727,1.4724539518356323,5.490434646606445,-0.15090663731098175,-0.22139130532741547,5.492508117594452,-0.027478453646888303,5.494060516357422,-0.2608763575553894,-1.44328773021698,-0.2608763575553894,-1.44328773021698,-0.15561304986476898,0.2538312077522278,-0.14456675946712494,-2.9672975540161133,-0.5588695406913629,188.5736078023867,-0.10981727,-2.25,2.25
5.5200000000000005,22.7485294342041,22.7485294342041,-0.24667733907699585,-0.24667733907699585,0.023418309167027473,0.023418309167027473,4.340765476226807,-13.296937942504883,0.0,1.4134066,1.4678157567977905,5.484893321990967,-0.17003583908081055,-0.23975491523742676,5.487528308828394,-0.030990830575256673,5.491785049438477,-0.2863136827945709,-1.5564874410629272,-0.2863136827945709,-1.5564874410629272,-0.1667904406785965,4.025303363800049,-0.15561304986476898,0.2538312077522278,-0.5646869540214658,211.8330240249679,-0.11452206,-2.25,2.25
5.54,22.861427307128906,22.861427307128906,-0.24391597509384155,-0.24391597509384155,0.028032153844833374,0.028032153844833374,4.355956077575684,-13.188302040100098,0.0,1.4002055,1.4628026485443115,5.479006767272949,-0.18945729732513428,-0.2583640515804291,5.482281388558281,-0.034564994841838496,5.489811420440674,-0.3114045262336731,-1.6698830127716064,-0.3114045262336731,-1.6698830127716064,-0.17808417975902557,8.261963844299316,-0.1667904406785965,4.025303363800049,-0.569835305213915,231.31995201110306,-0.119226135,-2.25,2.25
5.5600000000000005,22.974294662475586,22.974294662475586,-0.2406473457813263,-0.2406473457813263,0.03274661302566528,0.03274661302566528,4.372068881988525,-13.079901695251465,0.0,1.386484,1.4574224948883057,5.472794055938721,-0.20911851525306702,-0.27717137336730957,5.476787866271601,-0.03819197797529836,5.488096237182617,-0.3362292945384979,-1.7831977605819702,-0.3362292945384979,-1.7831977605819702,-0.18948088586330414,12.888362884521484,-0.17808417975902557,8.261963844299316,-0.5742512643337372,248.44837188721232,-0.12392894,-2.25,2.25
5.58,23.087080001831055,23.087080001831055,-0.23686333000659943,-0.23686333000659943,0.03744107857346535,0.03744107857346535,4.389141082763672,-12.971750259399414,0.0,1.3724113,1.4517163038253784,5.466273307800293,-0.22897326946258545,-0.296135812997818,5.471066864305201,-0.04186389444067592,5.48659086227417,-0.3609248399734497,-1.8962030410766602,-0.3609248399734497,-1.8962030410766602,-0.20096591114997864,17.857330322265625,-0.18948088586330414,12.888362884521484,-0.5776889622211323,266.6819572448669,-0.125,-2.25,2.25
5.6000000000000005,23.199676513671875,23.199676513671875,-0.23258712887763977,-0.23258712887763977,0.04172100871801376,0.04172100871801376,4.407256126403809,-12.863885879516602,0.0,1.3583367,1.4456312656402588,5.459457874298096,-0.24897941946983337,-0.3152199685573578,5.465132297808994,-0.04557357683666933,5.485250949859619,-0.3856423795223236,-2.008699655532837,-0.3856423795223236,-2.008699655532837,-0.21251969039440155,23.190969467163086,-0.20096591114997864,17.857330322265625,-0.5803488194942598,286.01093292236936,-0.125,-2.25,2.25
5.62,23.312068939208984,23.312068939208984,-0.22786752879619598,-0.22786752879619598,0.045562051236629486,0.045562051236629486,4.4264326095581055,-12.756324768066406,0.0,1.3442876,1.4391636848449707,5.452360153198242,-0.2690958082675934,-0.33438700437545776,5.458996592251285,-0.04931399064399642,5.484066009521484,-0.41048312187194824,-2.120493173599243,-0.41048312187194824,-2.120493173599243,-0.2241266667842865,28.91118812561035,-0.21251969039440155,23.190969467163086,-0.5824029445648318,306.23807907105146,-0.125,-2.25,2.25
5.64,23.424243927001953,23.424243927001953,-0.2227534055709839,-0.2227534055709839,0.04896821081638336,0.04896821081638336,4.446681499481201,-12.64908504486084,0.0,1.3302658,1.4323124885559082,5.444992542266846,-0.2892840504646301,-0.35360249876976013,5.45267173477322,-0.05307855380151903,5.4830427169799805,-0.4354924261569977,-2.2314064502716064,-0.4354924261569977,-2.2314064502716064,-0.23577472567558289,35.03594970703125,-0.2241266667842865,28.91118812561035,-0.5839765071868762,327.2258758544846,-0.125,-2.25,2.25
5.66,23.536195755004883,23.536195755004883,-0.21729309856891632,-0.21729309856891632,0.0519438274204731,0.0519438274204731,4.468042373657227,-12.542189598083496,0.0,1.3162719,1.425076961517334,5.437366962432861,-0.30950915813446045,-0.37283530831336975,5.446168873908104,-0.056861256515318974,5.482199668884277,-0.460675448179245,-2.3412857055664062,-0.460675448179245,-2.3412857055664062,-0.24745425581932068,41.580467224121094,-0.23577472567558289,35.03594970703125,-0.585161149501813,348.8538742065504,-0.125,-2.25,2.25
5.68,23.647911071777344,23.647911071777344,-0.2115343064069748,-0.2115343064069748,0.054493341594934464,0.054493341594934464,4.4905900955200195,-12.435678482055664,0.0,1.3023075,1.4174575805664062,5.429497241973877,-0.3297400176525116,-0.3920578360557556,5.439500784064969,-0.06065672499365677,5.481561660766602,-0.48600828647613525,-2.4500021934509277,-0.48600828647613525,-2.4500021934509277,-0.2591574788093567,48.55754470825195,-0.24745425581932068,41.580467224121094,-0.586020946502672,371.0287094116125,-0.125,-2.25,2.25
5.7,23.759395599365234,23.759395599365234,-0.2055240273475647,-0.2055240273475647,0.05662132427096367,0.05662132427096367,4.514355659484863,-12.329564094543457,0.0,1.2883718,1.409453272819519,5.4213972091674805,-0.34994882345199585,-0.41124585270881653,5.432679990447108,-0.06446013524066144,5.481154918670654,-0.5114530324935913,-2.5574493408203125,-0.5114530324935913,-2.5574493408203125,-0.2708778977394104,55.978118896484375,-0.2591574788093567,48.55754470825195,-0.5866035819053775,393.68324279786,-0.125,-2.25,2.25
5.72,23.870635986328125,23.870635986328125,-0.1993085891008377,-0.1993085891008377,0.05833246558904648,0.05833246558904648,4.539340496063232,-12.22387409210205,0.0,1.2744669,1.4010664224624634,5.413081645965576,-0.37011101841926575,-0.4303780794143677,5.425719774540954,-0.06826719188308165,5.481008052825928,-0.5369651913642883,-2.6635398864746094,-0.5369651913642883,-2.6635398864746094,-0.2826099693775177,63.851783752441406,-0.2708778977394104,55.978118896484375,-0.5868643522262438,419.5468902587794,-0.125,-2.25,2.25
5.74,23.98163414001465,23.98163414001465,-0.19293364882469177,-0.19293364882469177,0.0596315898001194,0.0596315898001194,4.565578937530518,-12.118631362915039,0.0,1.2605921,1.3922977447509766,5.404565334320068,-0.39020460844039917,-0.44943588972091675,5.4186332307494585,-0.07207401330326403,5.481150150299072,-0.5624989867210388,-2.7682008743286133,-0.5624989867210388,-2.7682008743286133,-0.29434725642204285,72.24272155761719,-0.2826099693775177,63.851783752441406,-0.5867570638656742,450.5973815918065,-0.125,-2.25,2.25
5.76,24.09238624572754,24.09238624572754,-0.18644410371780396,-0.18644410371780396,0.06052379310131073,0.06052379310131073,4.59311056137085,-12.01386833190918,0.0,1.246748,1.3831486701965332,5.395865440368652,-0.41020917892456055,-0.4684022068977356,5.411435615531127,-0.07587691868220733,5.481634140014648,-0.5879814028739929,-2.871368169784546,-0.5879814028739929,-2.871368169784546,-0.3060823976993561,81.25466918945312,-0.29434725642204285,72.24272155761719,-0.5863472819328173,487.6743316650278,-0.125,-2.25,2.25
5.78,24.202892303466797,24.202892303466797,-0.17988412082195282,-0.17988412082195282,0.06101468205451965,0.06101468205451965,4.622015953063965,-11.909629821777344,0.0,1.2329348,1.3736217021942139,5.3870015144348145,-0.4301051199436188,-0.48726096749305725,5.404144310686448,-0.07967227743781075,5.482547283172607,-0.6132832765579224,-2.9729788303375244,-0.6132832765579224,-2.9729788303375244,-0.3178093433380127,91.0081558227539,-0.3060823976993561,81.25466918945312,-0.5855813622474795,537.2108459472771,-0.125,-2.25,2.25
5.8,24.313156127929688,24.313156127929688,-0.17329703271389008,-0.17329703271389008,0.061110056936740875,0.061110056936740875,4.652268886566162,-11.80592155456543,0.0,1.2191519,1.3637182712554932,5.377996444702148,-0.4498738944530487,-0.5059974789619446,5.3967798065271575,-0.08345653581957992,5.4840087890625,-0.6382065415382385,-3.0729753971099854,-0.6382065415382385,-3.0729753971099854,-0.32952097058296204,101.75237274169922,-0.3178093433380127,91.0081558227539,-0.5844801664352282,587.0632171630724,-0.125,-2.25,2.25
5.82,24.423173904418945,24.423173904418945,-0.1667253077030182,-0.1667253077030182,0.06081651151180267,0.06081651151180267,4.683896064758301,-11.702783584594727,0.0,1.2053996,1.3534419536590576,5.368882656097412,-0.46949708461761475,-0.5245980620384216,5.389371808235913,-0.08722592927608935,5.486211776733398,-0.6624445915222168,-3.171300172805786,-0.6624445915222168,-3.171300172805786,-0.34121057391166687,113.49363708496094,-0.32952097058296204,101.75237274169922,-0.5829840898513918,632.1666717529432,-0.125,-2.25,2.25
5.84,24.5329532623291,24.5329532623291,-0.1602104902267456,-0.1602104902267456,0.06014111638069153,0.06014111638069153,4.716926097869873,-11.600240707397461,0.0,1.1916772,1.3427948951721191,5.3597002029418945,-0.4889567792415619,-0.5430501699447632,5.381957357447351,-0.090976552343315,5.489300727844238,-0.6856380701065063,-3.2678980827331543,-0.6856380701065063,-3.2678980827331543,-0.35287025570869446,126.13697052001953,-0.34121057391166687,113.49363708496094,-0.5810007452964648,673.0487823486172,-0.125,-2.25,2.25
5.86,24.64249610900879,24.64249610900879,-0.1537931114435196,-0.1537931114435196,0.05909154564142227,0.05909154564142227,4.751393795013428,-11.498326301574707,0.0,1.1779844,1.331780195236206,5.350492477416992,-0.5082348585128784,-0.5613418817520142,5.374576487715421,-0.09470427545226087,5.493346214294434,-0.707500159740448,-3.362715721130371,-0.707500159740448,-3.362715721130371,-0.364490270614624,139.5979461669922,-0.35287025570869446,126.13697052001953,-0.5784049630165223,710.1692199707182,-0.125,-2.25,2.25
5.88,24.751808166503906,24.751808166503906,-0.14751265943050385,-0.14751265943050385,0.05767614394426346,0.05767614394426346,4.787359237670898,-11.397089004516602,0.0,1.1643203,1.3204011917114258,5.341302871704102,-0.5273125767707825,-0.579460859298706,5.367268851184476,-0.09840471781711344,5.498379707336426,-0.7278655171394348,-3.4556963443756104,-0.7278655171394348,-3.4556963443756104,-0.3760583698749542,153.80133056640625,-0.364490270614624,139.5979461669922,-0.5748137831687794,752.1415710449045,-0.125,-2.25,2.25
5.9,24.860897064208984,24.860897064208984,-0.14140744507312775,-0.14140744507312775,0.05590406060218811,0.05590406060218811,4.824800491333008,-11.296542167663574,0.0,1.1506844,1.3086613416671753,5.332173824310303,-0.5461699366569519,-0.5973940491676331,5.360072694690606,-0.10207315077249021,5.5044145584106445,-0.7466611266136169,-3.54677677154541,-0.7466611266136169,-3.54677677154541,-0.3875546455383301,168.8441619873047,-0.3760583698749542,153.80133056640625,-0.5697399377822997,802.7175903320484,-0.125,-2.25,2.25
5.92,24.96976661682129,24.96976661682129,-0.13551463186740875,-0.13551463186740875,0.05378565937280655,0.05378565937280655,4.863735198974609,-11.196721076965332,0.0,1.1370755,1.2965651750564575,5.323150157928467,-0.5647832751274109,-0.6151256561279297,5.353027905000824,-0.10570398842554177,5.511526584625244,-0.7637940645217896,-3.635871171951294,-0.7637940645217896,-3.635871171951294,-0.39894944429397583,184.8985137939453,-0.3875546455383301,168.8441619873047,-0.05252808332443116,847.866821289043,-0.125,-2.25,2.25
5.94,25.07843017578125,25.07843017578125,-0.1298699975013733,-0.1298699975013733,0.05133292078971863,0.05133292078971863,4.904187202453613,-11.09765338897705,0.0,1.1234926,1.2841160297393799,5.314280986785889,-0.5831238627433777,-0.6326355338096619,5.346177685581986,-0.10929048037604369,5.519868850708008,-0.7790233492851257,-3.7228591442108154,-0.7790233492851257,-3.7228591442108154,-0.4000000059604645,201.85585021972656,-0.39894944429397583,184.8985137939453,0.0,714.0174865722809,-0.125,-2.25,2.25
5.96,25.186906814575195,25.186906814575195,-0.12448200583457947,-0.12448200583457947,0.04914410784840584,0.04914410784840584,4.9461541175842285,-10.999348640441895,0.0,1.109933,1.271344780921936,5.307580471038818,-0.5983856320381165,-0.646770179271698,5.341205465171912,-0.11226763278176267,5.529800891876221,-0.7419931888580322,-3.786268472671509,-0.7419931888580322,-3.786268472671509,-0.4000000059604645,216.13619995117188,-0.4000000059604645,201.85585021972656,0.0,569.7357177734243,-0.125,-2.25,2.25
5.98,25.295236587524414,25.295236587524414,-0.11931902170181274,-0.11931902170181274,0.04724644124507904,0.04724644124507904,4.989634990692139,-10.901796340942383,0.0,1.0963918,1.258315920829773,5.302994251251221,-0.6108157634735107,-0.6578792929649353,5.338056193570018,-0.11467781618296777,5.540342807769775,-0.6789804100990295,-3.8290297985076904,-0.6789804100990295,-3.8290297985076904,-0.4000000059604645,227.53091430664062,-0.4000000059604645,216.13619995117188,0.0,459.7412109375098,-0.125,-2.25,2.25
6.0,25.403453826904297,25.403453826904297,-0.11434964090585709,-0.11434964090585709,0.0456034392118454,0.0456034392118454,5.034596920013428,-10.804976463317871,0.0,1.0828646,1.2450852394104004,5.300212383270264,-0.6209131479263306,-0.6666143536567688,5.336458043031842,-0.11661719020198495,5.550724029541016,-0.6094776391983032,-3.8558740615844727,-0.6094776391983032,-3.8558740615844727,-0.4000000059604645,236.72573852539062,-0.4000000059604645,227.53091430664062,0.0,364.4073486328041,-0.125,-2.25,2.25
6.0200000000000005,25.51158905029297,25.51158905029297,-0.1095467358827591,-0.1095467358827591,0.04418034851551056,0.04418034851551056,5.080996990203857,-10.7088623046875,0.0,1.0693477,1.2316954135894775,5.298936367034912,-0.6290919184684753,-0.6735062599182129,5.336148729539639,-0.11816731404051493,5.5606513023376465,-0.5430425405502319,-3.8706655502319336,-0.5430425405502319,-3.8706655502319336,-0.4000000059604645,244.01388549804688,-0.4000000059604645,236.72573852539062,0.0,281.7520141601623,-0.125,-2.25,2.25
6.04,25.61966896057129,25.61966896057129,-0.10488720238208771,-0.10488720238208771,0.042944587767124176,0.042944587767124176,5.128812789916992,-10.613441467285156,0.0,1.0558379,1.218179702758789,5.298896312713623,-0.6356971859931946,-0.678973376750946,5.336891702589598,-0.119397230050357,5.569964408874512,-0.4838220477104187,-3.8765501976013184,-0.4838220477104187,-3.8765501976013184,-0.4000000059604645,249.64892578125,-0.4000000059604645,244.01388549804688,0.0,211.15264892577636,-0.125,-2.25,2.25
6.0600000000000005,25.72771453857422,25.72771453857422,-0.10035153478384018,-0.10035153478384018,0.04186630621552467,0.04186630621552467,5.178030014038086,-10.518706321716309,0.0,1.0423322,1.2045632600784302,5.299859046936035,-0.6410171985626221,-0.683339536190033,5.338483770345547,-0.12036519464367902,5.578583240509033,-0.43319007754325867,-3.8760650157928467,-0.43319007754325867,-3.8760650157928467,-0.4000000059604645,253.87197875976562,-0.4000000059604645,249.64892578125,0.0,151.463317871097,-0.125,-2.25,2.25
6.08,25.83574104309082,25.83574104309082,-0.0959235355257988,-0.0959235355257988,0.04091855138540268,0.04091855138540268,5.228625774383545,-10.424662590026855,0.0,1.0288289,1.19086754322052,5.301623344421387,-0.6452916860580444,-0.6868531107902527,5.3407500827327095,-0.12112009117561769,5.586482524871826,-0.3911464810371399,-3.8712267875671387,-0.3911464810371399,-3.8712267875671387,-0.4000000059604645,256.9012451171875,-0.4000000059604645,253.87197875976562,0.0,101.3717651367164,-0.125,-2.25,2.25
6.1000000000000005,25.943763732910156,25.943763732910156,-0.09158988296985626,-0.09158988296985626,0.04007769003510475,0.04007769003510475,5.280608177185059,-10.331314086914062,0.0,1.0153258,1.1771061420440674,5.304017543792725,-0.648719310760498,-0.6897040605545044,5.343541788833936,-0.1217027078775794,5.59367036819458,-0.35705170035362244,-3.863609552383423,-0.35705170035362244,-3.863609552383423,-0.4000000059604645,258.9286804199219,-0.4000000059604645,256.9012451171875,0.0,59.56115722656377,-0.125,-2.25,2.25
6.12,26.051788330078125,26.051788330078125,-0.08733978867530823,-0.08733978867530823,0.03932330384850502,0.03932330384850502,5.333967685699463,-10.238686561584473,0.0,1.0018228,1.1632928848266602,5.306899547576904,-0.6514638662338257,-0.6920376420021057,5.34673619856827,-0.12214678675608227,5.600175380706787,-0.33001458644866943,-3.85441517829895,-0.33001458644866943,-3.85441517829895,-0.4000000059604645,260.1199035644531,-0.4000000059604645,258.9286804199219,0.0,25.55389404296816,-0.125,-2.25,2.25
6.140000000000001,26.159826278686523,26.159826278686523,-0.08316458761692047,-0.08316458761692047,0.03863802179694176,0.03863802179694176,5.388667583465576,-10.146761894226074,0.0,0.98831826,1.1494359970092773,5.310150146484375,-0.6536592841148376,-0.6939653754234314,5.350230372415523,-0.12248004287335473,5.606039524078369,-0.30908846855163574,-3.844540596008301,-0.30908846855163574,-3.844540596008301,-0.4000000059604645,260.6309814453125,-0.4000000059604645,260.1199035644531,0.0,0.7919311523437669,-0.125,-2.25,2.25
6.16,26.267881393432617,26.267881393432617,-0.07905743271112442,-0.07905743271112442,0.03800727799534798,0.03800727799534798,5.444693565368652,-10.055560111999512,0.0,0.974811,1.1355434656143188,5.3136701583862305,-0.6554149389266968,-0.6955730319023132,5.353938671136665,-0.12272517989543168,5.611314296722412,-0.29336193203926086,-3.8346340656280518,-0.29336193203926086,-3.8346340656280518,-0.4000000059604645,260.6468200683594,-0.4000000059604645,260.6309814453125,0.0,-19.805908203125423,-0.125,-2.25,2.25
6.18,26.375959396362305,26.375959396362305,-0.07501297444105148,-0.07501297444105148,0.0374191515147686,0.0374191515147686,5.502035617828369,-9.965086936950684,0.0,0.96130157,1.1216208934783936,5.317378520965576,-0.6568191051483154,-0.6969273686408997,5.357791118746035,-0.12290055761716573,5.6160807609558105,-0.2819827198982239,-3.825147867202759,-0.2819827198982239,-3.825147867202759,-0.4000000059604645,260.2507019042969,-0.4000000059604645,260.6468200683594,0.0,-36.8942260742179,-0.125,-2.25,2.25
6.2,26.484066009521484,26.484066009521484,-0.07102709263563156,-0.07102709263563156,0.03686382621526718,0.03686382621526718,5.560683727264404,-9.875360488891602,0.0,0.9477883,1.1076726913452148,5.321211338043213,-0.657943069934845,-0.6980802416801453,5.361732853042469,-0.12302096954189545,5.620398044586182,-0.2741824984550476,-3.816380023956299,-0.2741824984550476,-3.816380023956299,-0.4000000059604645,259.5128173828125,-0.4000000059604645,260.2507019042969,0.0,-51.02691650390734,-0.125,-2.25,2.25
6.22,26.592199325561523,26.592199325561523,-0.06709666550159454,-0.06709666550159454,0.03633331507444382,0.03633331507444382,5.620631217956543,-9.786406517028809,0.0,0.9342715,1.093703269958496,5.32511568069458,-0.6588443517684937,-0.6990720629692078,5.36571830164765,-0.12309838041802373,5.624314308166504,-0.26930689811706543,-3.8085131645202637,-0.26930689811706543,-3.8085131645202637,-0.4000000059604645,258.4922790527344,-0.4000000059604645,259.5128173828125,0.0,-62.6205444335923,-0.125,-2.25,2.25
6.24,26.700361251831055,26.700361251831055,-0.06321939080953598,-0.06321939080953598,0.03582111746072769,0.03582111746072769,5.6818952560424805,-9.69825267791748,0.0,0.92075133,1.0797144174575806,5.329049110412598,-0.6595688462257385,-0.6999345421791077,5.369710931148981,-0.12314233721325735,5.627865791320801,-0.266811728477478,-3.8016443252563477,-0.266811728477478,-3.8016443252563477,-0.4000000059604645,257.2398681640625,-0.4000000059604645,258.4922790527344,0.0,-72.11990356445466,-0.125,-2.25,2.25
6.26,26.80855369567871,26.80855369567871,-0.059393614530563354,-0.059393614530563354,0.03532208502292633,0.03532208502292633,5.744428634643555,-9.610899925231934,0.0,0.9072269,1.0657094717025757,5.332978248596191,-0.6601534485816956,-0.700692355632782,5.373682124546855,-0.12316049127163667,5.631084442138672,-0.26625117659568787,-3.795806646347046,-0.26625117659568787,-3.795806646347046,-0.4000000059604645,255.79747009277344,-0.4000000059604645,257.2398681640625,0.0,-79.84619140624815,-0.125,-2.25,2.25
6.28,26.91677474975586,26.91677474975586,-0.05561821907758713,-0.05561821907758713,0.03483200818300247,0.03483200818300247,5.8082194328308105,-9.524364471435547,0.0,0.8936995,1.0516904592514038,5.336874961853027,-0.660627543926239,-0.701365053653717,5.377607563800818,-0.12315896558766443,5.633997917175293,-0.2672595679759979,-3.790987491607666,-0.2672595679759979,-3.790987491607666,-0.4000000059604645,254.20054626464844,-0.4000000059604645,255.79747009277344,0.0,-86.07406616211121,-0.125,-2.25,2.25
6.3,27.025026321411133,27.025026321411133,-0.051892511546611786,-0.051892511546611786,0.03434748575091362,0.03434748575091362,5.873259544372559,-9.43865966796875,0.0,0.880168,1.0376580953598022,5.340716361999512,-0.6610144972801208,-0.7019679546356201,5.381467404430114,-0.12314263446972014,5.636629104614258,-0.2695375978946686,-3.7871432304382324,-0.2695375978946686,-3.7871432304382324,-0.4000000059604645,252.47906494140625,-0.4000000059604645,254.20054626464844,0.0,-91.0247802734354,-0.125,-2.25,2.25
6.32,27.133304595947266,27.133304595947266,-0.048216141760349274,-0.048216141760349274,0.03386588394641876,0.03386588394641876,5.93953275680542,-9.353814125061035,0.0,0.86663336,1.023614525794983,5.344485759735107,-0.6613328456878662,-0.7025131583213806,5.385247363751916,-0.1231153258624179,5.638998508453369,-0.2728414237499237,-3.784210205078125,-0.2728414237499237,-3.784210205078125,-0.4000000059604645,250.6585693359375,-0.4000000059604645,252.47906494140625,0.0,-94.89135742187702,-0.125,-2.25,2.25
6.34,27.24161148071289,27.24161148071289,-0.04458901658654213,-0.04458901658654213,0.033385105431079865,0.033385105431079865,6.007038116455078,-9.269845008850098,0.0,0.8530949,1.0095601081848145,5.34816837310791,-0.6615973114967346,-0.7030102610588074,5.3889345839128,-0.12308010969531517,5.641124725341797,-0.27697113156318665,-3.782111644744873,-0.27697113156318665,-3.782111644744873,-0.4000000059604645,248.7607421875,-0.4000000059604645,250.6585693359375,0.0,-97.83782958984149,-0.125,-2.25,2.25
6.36,27.349943161010742,27.349943161010742,-0.0410112626850605,-0.0410112626850605,0.032903481274843216,0.032903481274843216,6.0757856369018555,-9.186796188354492,0.0,0.83955336,0.9954962134361267,5.351752281188965,-0.6618192791938782,-0.7034667730331421,5.392518635806834,-0.1230393668811815,5.64302396774292,-0.2817614674568176,-3.7807652950286865,-0.2817614674568176,-3.7807652950286865,-0.4000000059604645,246.80398559570312,-0.4000000059604645,248.7607421875,0.0,-99.99771118164276,-0.125,-2.25,2.25
6.38,27.458301544189453,27.458301544189453,-0.03748316690325737,-0.03748316690325737,0.032419752329587936,0.032419752329587936,6.145732402801514,-9.104660034179688,0.0,0.8260088,0.9814231395721436,5.355229377746582,-0.6620078682899475,-0.7038885354995728,5.395992596914662,-0.12299496768438228,5.644711494445801,-0.28707653284072876,-3.780086040496826,-0.28707653284072876,-3.780086040496826,-0.4000000059604645,244.8040313720703,-0.4000000059604645,246.80398559570312,0.0,-101.0902404785133,-0.125,-2.25,2.25
6.4,27.566680908203125,27.566680908203125,-0.034005146473646164,-0.034005146473646164,0.03193289414048195,0.03193289414048195,6.216860294342041,-9.023458480834961,0.0,0.8124612,0.9673423767089844,5.3585920333862305,-0.6621700525283813,-0.704280436038971,5.39934975332547,-0.12294837157581882,5.646200656890869,-0.2928035855293274,-3.779991388320923,-0.2928035855293274,-3.779991388320923,-0.4000000059604645,242.7822265625,-0.4000000059604645,244.8040313720703,0.0,-100.9262084960959,-0.125,-2.25,2.25
6.42,27.675081253051758,27.675081253051758,-0.03057771734893322,-0.03057771734893322,0.0314420685172081,0.0314420685172081,6.289158821105957,-8.943208694458008,0.0,0.7989113,0.9532540440559387,5.36183500289917,-0.6623114347457886,-0.7046461701393127,5.402585587930076,-0.1229007278915649,5.647507667541504,-0.29884660243988037,-3.7804019451141357,-0.29884660243988037,-3.7804019451141357,-0.4000000059604645,240.76370239257812,-0.4000000059604645,242.7822265625,0.0,-100.40512084960706,-0.125,-2.25,2.25
6.44,27.78350067138672,27.78350067138672,-0.02720147930085659,-0.02720147930085659,0.030946731567382812,0.030946731567382812,6.362615585327148,-8.86392593383789,0.0,0.7853587,0.9391583204269409,5.364954948425293,-0.6624361872673035,-0.7049886584281921,5.405697300148638,-0.1228528769930332,5.64865255355835,-0.30511730909347534,-3.7812414169311523,-0.30511730909347534,-3.7812414169311523,-0.4000000059604645,238.75559997558594,-0.4000000059604645,240.76370239257812,0.0,-96.54159545898644,-0.125,-2.25,2.25
6.46,27.891939163208008,27.891939163208008,-0.023877080529928207,-0.023877080529928207,0.030446447432041168,0.030446447432041168,6.4372239112854,-8.78564167022705,0.0,0.77180386,0.9250558018684387,5.367949962615967,-0.6625475287437439,-0.7053104639053345,5.4086833914542645,-0.1228054497491024,5.649650573730469,-0.311538964509964,-3.7824411392211914,-0.311538964509964,-3.7824411392211914,-0.4000000059604645,236.82476806640625,-0.4000000059604645,238.75559997558594,0.0,-87.1711730957011,-0.125,-2.25,2.25
6.48,28.00039291381836,28.00039291381836,-0.02060520090162754,-0.02060520090162754,0.029940985143184662,0.029940985143184662,6.512989044189453,-8.708395004272461,0.0,0.7582471,0.9109469652175903,5.370819091796875,-0.6626478433609009,-0.7056135535240173,5.411543206990097,-0.12275890099349127,5.650539398193359,-0.3180285394191742,-3.7839367389678955,-0.3180285394191742,-3.7839367389678955,-0.4000000059604645,235.0813446044922,-0.4000000059604645,236.82476806640625,0.0,-78.33480834961105,-0.125,-2.25,2.25
6.5,28.10886001586914,28.10886001586914,-0.01738654635846615,-0.01738654635846615,0.029430188238620758,0.029430188238620758,6.589864730834961,-8.632176399230957,0.0,0.7446888,0.8968324661254883,5.373565673828125,-0.6627388596534729,-0.7058998942375183,5.4142802704550395,-0.12271346746912888,5.651394844055176,-0.3244667649269104,-3.785670518875122,-0.3244667649269104,-3.785670518875122,-0.4000000059604645,233.5146484375,-0.4000000059604645,235.0813446044922,0.0,-70.322418212889,-0.125,-2.25,2.25
6.5200000000000005,28.21733856201172,28.21733856201172,-0.01422182098031044,-0.01422182098031044,0.028914133086800575,0.028914133086800575,6.6678385734558105,-8.557003021240234,0.0,0.73112893,0.8827123045921326,5.376195430755615,-0.6628215909004211,-0.7061715126037598,5.416900384079563,-0.12266920079523745,5.652261257171631,-0.3307136297225952,-3.787590265274048,-0.3307136297225952,-3.787590265274048,-0.4000000059604645,232.1082000732422,-0.4000000059604645,233.5146484375,0.0,-59.58786010742315,-0.125,-2.25,2.25
6.54,28.325828552246094,28.325828552246094,-0.011111711151897907,-0.011111711151897907,0.028392910957336426,0.028392910957336426,6.7468953132629395,-8.482892036437988,0.0,0.7175676,0.8685866594314575,5.378715991973877,-0.6628970503807068,-0.7064299583435059,5.4194112430889545,-0.12262610978214879,5.653164386749268,-0.336660236120224,-3.7896530628204346,-0.336660236120224,-3.7896530628204346,-0.4000000059604645,230.91644287109375,-0.4000000059604645,232.1082000732422,0.0,-45.93963623046769,-0.125,-2.25,2.25
6.5600000000000005,28.434328079223633,28.434328079223633,-0.008056883700191975,-0.008056883700191975,0.027866683900356293,0.027866683900356293,6.827018737792969,-8.409862518310547,0.0,0.70400554,0.8544558882713318,5.381137371063232,-0.6629660725593567,-0.7066767811775208,5.421822887149496,-0.12258411711057823,5.654146671295166,-0.34221771359443665,-3.791823387145996,-0.34221771359443665,-3.791823387145996,-0.4000000059604645,229.99765014648438,-0.4000000059604645,230.91644287109375,0.0,-33.993530273438225,-0.125,-2.25,2.25
6.58,28.542835235595703,28.542835235595703,-0.00505798077210784,-0.00505798077210784,0.027335606515407562,0.027335606515407562,6.908204078674316,-8.337944984436035,0.0,0.69044197,0.8403205871582031,5.383470058441162,-0.6630292534828186,-0.7069137096405029,5.424145800133554,-0.12254309166612119,5.655265808105469,-0.3472861349582672,-3.7940711975097656,-0.3472861349582672,-3.7940711975097656,-0.4000000059604645,229.31777954101562,-0.4000000059604645,229.99765014648438,0.0,-23.636627197265078,-0.125,-2.25,2.25
6.6000000000000005,28.651348114013672,28.651348114013672,-0.002115613082423806,-0.002115613082423806,0.02679990977048874,0.02679990977048874,6.990444660186768,-8.267169952392578,0.0,0.6768779,0.8261807560920715,5.3857269287109375,-0.6630871295928955,-0.7071424126625061,5.426392825079464,-0.12250283838808411,5.656548976898193,-0.3517756462097168,-3.796373128890991,-0.3517756462097168,-3.796373128890991,-0.4000000059604645,228.8450469970703,-0.4000000059604645,229.31777954101562,0.0,-14.726257324219064,-0.125,-2.25,2.25
6.62,28.75986671447754,28.75986671447754,0.0007696482352912426,0.0007696482352912426,0.02625998854637146,0.02625998854637146,7.073702812194824,-8.197526931762695,0.0,0.6633131,0.8120360970497131,5.387922286987305,-0.6631401777267456,-0.7073642015457153,5.428578217722387,-0.12246311990664019,5.658005237579346,-0.35563570261001587,-3.7987124919891357,-0.35563570261001587,-3.7987124919891357,-0.4000000059604645,228.55052185058594,-0.4000000059604645,228.8450469970703,0.0,-7.122802734374836,-0.125,-2.25,2.25
6.640000000000001,28.86839485168457,28.86839485168457,0.003597274888306856,0.003597274888306856,0.02571605145931244,0.02571605145931244,7.157968521118164,-8.129026412963867,0.0,0.6497472,0.7978867292404175,5.390068531036377,-0.6631892323493958,-0.7075804471969604,5.43071438460658,-0.12242380794663307,5.659631252288818,-0.35885921120643616,-3.8010783195495605,-0.35885921120643616,-3.8010783195495605,-0.4000000059604645,228.40806579589844,-0.4000000059604645,228.55052185058594,0.0,-0.6759643554687644,-0.125,-2.25,2.25
6.66,28.976926803588867,28.976926803588867,0.00636676512658596,0.00636676512658596,0.025168247520923615,0.025168247520923615,7.243215560913086,-8.061691284179688,0.0,0.6361805,0.7837335467338562,5.392177104949951,-0.6632349491119385,-0.7077924609184265,5.432812764017361,-0.1223847635829122,5.661418437957764,-0.36146682500839233,-3.8034634590148926,-0.36146682500839233,-3.8034634590148926,-0.4000000059604645,228.39454650878906,-0.4000000059604645,228.40806579589844,0.0,4.753112792968851,-0.125,-2.25,2.25
6.68,29.085464477539062,29.085464477539062,0.009077649563550949,0.009077649563550949,0.024616822600364685,0.024616822600364685,7.329434394836426,-7.9955315589904785,0.0,0.6226134,0.7695757150650024,5.394258975982666,-0.6632781028747559,-0.7080010771751404,5.434884335634264,-0.12234588092594972,5.663355827331543,-0.3635016977787018,-3.805863618850708,-0.3635016977787018,-3.805863618850708,-0.4000000059604645,228.48960876464844,-0.4000000059604645,228.39454650878906,0.0,9.29946899414041,-0.125,-2.25,2.25
6.7,29.19400978088379,29.19400978088379,0.011729485355317593,0.011729485355317593,0.024062037467956543,0.024062037467956543,7.41662073135376,-7.930589199066162,0.0,0.6090452,0.7554142475128174,5.3963236808776855,-0.6633191704750061,-0.708207368850708,5.4369386230415495,-0.12230703226355331,5.665431022644043,-0.3650168478488922,-3.808276414871216,-0.3650168478488922,-3.808276414871216,-0.4000000059604645,228.67559814453125,-0.4000000059604645,228.48960876464844,0.0,13.085174560547154,-0.125,-2.25,2.25
6.72,29.302560806274414,29.302560806274414,0.014321859925985336,0.014321859925985336,0.023504026234149933,0.023504026234149933,7.504759311676025,-7.866872310638428,0.0,0.5954762,0.741248369216919,5.398378849029541,-0.663358747959137,-0.7084120512008667,5.438983271360873,-0.12226815487489918,5.667630195617676,-0.3660707473754883,-3.810701370239258,-0.3660707473754883,-3.810701370239258,-0.4000000059604645,228.9373016357422,-0.4000000059604645,228.67559814453125,0.0,16.220092773437127,-0.125,-2.25,2.25
6.74,29.41111946105957,29.41111946105957,0.016854381188750267,0.016854381188750267,0.02294294349849224,0.02294294349849224,7.593816757202148,-7.80437707901001,0.0,0.5819065,0.7270786166191101,5.4004316329956055,-0.6633972525596619,-0.7086158394813538,5.441025430685221,-0.12222916441832533,5.6699419021606445,-0.36672165989875793,-3.8131377696990967,-0.36672165989875793,-3.8131377696990967,-0.4000000059604645,229.26170349121094,-0.4000000059604645,228.9373016357422,0.0,18.799591064453526,-0.125,-2.25,2.25
6.76,29.519685745239258,29.519685745239258,0.019326675683259964,0.019326675683259964,0.022379018366336823,0.022379018366336823,7.683777809143066,-7.7431159019470215,0.0,0.56833565,0.712904691696167,5.4024882316589355,-0.6634349822998047,-0.708819568157196,5.443071290085445,-0.12218997650102754,5.672353744506836,-0.3670254349708557,-3.815586805343628,-0.3670254349708557,-3.815586805343628,-0.4000000059604645,229.6376953125,-0.4000000059604645,229.26170349121094,0.0,20.909881591796392,-0.125,-2.25,2.25
6.78,29.62826156616211,29.62826156616211,0.02173839695751667,0.02173839695751667,0.02181234024465084,0.02181234024465084,7.774624824523926,-7.683100700378418,0.0,0.55476356,0.6987264752388,5.404552936553955,-0.6634723544120789,-0.7090235352516174,5.445125160093483,-0.12215057144658859,5.674856185913086,-0.36703386902809143,-3.818049192428589,-0.36703386902809143,-3.818049192428589,-0.4000000059604645,230.05589294433594,-0.4000000059604645,229.6376953125,0.0,22.620391845703608,-0.125,-2.25,2.25
6.8,29.736846923828125,29.736846923828125,0.02408921718597412,0.02408921718597412,0.02124319039285183,0.02124319039285183,7.8663411140441895,-7.624347686767578,0.0,0.54119045,0.6845445036888123,5.406630992889404,-0.6635095477104187,-0.7092283964157104,5.447192268790881,-0.12211086496573988,5.677440643310547,-0.3667930066585541,-3.820526123046875,-0.3667930066585541,-3.820526123046875,-0.4000000059604645,230.50830078125,-0.4000000059604645,230.05589294433594,0.0,23.995971679686946,-0.125,-2.25,2.25
6.82,29.845443725585938,29.845443725585938,0.026378825306892395,0.026378825306892395,0.020671650767326355,0.020671650767326355,7.958930015563965,-7.56689977645874,0.0,0.52761567,0.6703581809997559,5.408724784851074,-0.663546621799469,-0.7094345092773438,5.449274990084808,-0.12207081527121107,5.680098533630371,-0.3663436472415924,-3.82301926612854,-0.3663436472415924,-3.82301926612854,-0.4000000059604645,230.98822021484375,-0.4000000059604645,230.50830078125,0.0,25.090026855469286,-0.125,-2.25,2.25
6.84,29.954051971435547,29.954051971435547,0.028606927022337914,0.028606927022337914,0.020097889006137848,0.020097889006137848,8.052358627319336,-7.5107526779174805,0.0,0.51403993,0.6561682224273682,5.410837650299072,-0.6635838747024536,-0.7096421122550964,5.451376673525607,-0.12203040282970488,5.682823181152344,-0.3657209873199463,-3.8255298137664795,-0.3657209873199463,-3.8255298137664795,-0.4000000059604645,231.49002075195312,-0.4000000059604645,230.98822021484375,0.0,25.945281982421275,-0.125,-2.25,2.25
6.86,30.06267547607422,30.06267547607422,0.03077324479818344,0.03077324479818344,0.019522039219737053,0.019522039219737053,8.146607398986816,-7.455902099609375,0.0,0.50046176,0.6419733762741089,5.412971496582031,-0.6636212468147278,-0.7098515033721924,5.453499205284021,-0.1219895750738602,5.685609340667725,-0.3649556338787079,-3.828059434890747,-0.3649556338787079,-3.828059434890747,-0.4000000059604645,232.00892639160156,-0.4000000059604645,231.49002075195312,0.0,26.601409912109943,-0.125,-2.25,2.25
6.88,30.17131233215332,30.17131233215332,0.032877519726753235,0.032877519726753235,0.018944285809993744,0.018944285809993744,8.241653442382812,-7.402363300323486,0.0,0.48688212,0.627774715423584,5.415128707885742,-0.6636589169502258,-0.7100629210472107,5.455644973879427,-0.12194831232797693,5.688450813293457,-0.36407437920570374,-3.8306095600128174,-0.36407437920570374,-3.8306095600128174,-0.4000000059604645,232.54095458984375,-0.4000000059604645,232.00892639160156,0.0,27.09274291992125,-0.125,-2.25,2.25
6.9,30.279964447021484,30.279964447021484,0.034919511526823044,0.034919511526823044,0.018364734947681427,0.018364734947681427,8.337482452392578,-7.350147247314453,0.0,0.47330096,0.61357182264328,5.417309761047363,-0.6636967062950134,-0.7102766036987305,5.457814431169852,-0.12190657248795474,5.691342830657959,-0.3631003201007843,-3.8331820964813232,-0.3631003201007843,-3.8331820964813232,-0.4000000059604645,233.0828094482422,-0.4000000059604645,232.54095458984375,0.0,27.442932128906836,-0.125,-2.25,2.25
6.92,30.388635635375977,30.388635635375977,0.03689897805452347,0.03689897805452347,0.017783522605895996,0.017783522605895996,8.434075355529785,-7.2992634773254395,0.0,0.45971674,0.5993645191192627,5.4195170402526855,-0.6637347936630249,-0.7104926109313965,5.460009965733407,-0.12186433609049008,5.694282531738281,-0.3620520532131195,-3.835777997970581,-0.3620520532131195,-3.835777997970581,-0.4000000059604645,233.6316680908203,-0.4000000059604645,233.0828094482422,0.0,27.674102783202486,-0.125,-2.25,2.25
6.94,30.497323989868164,30.497323989868164,0.03881571441888809,0.03881571441888809,0.017200857400894165,0.017200857400894165,8.5314359664917,-7.249771595001221,0.0,0.44613096,0.5851531028747559,5.421751499176025,-0.6637731790542603,-0.7107110619544983,5.462232524531456,-0.1218215831224251,5.697266101837158,-0.3609468340873718,-3.8383994102478027,-0.3609468340873718,-3.8383994102478027,-0.4000000059604645,234.18515014648438,-0.4000000059604645,233.6316680908203,0.0,34.91592407226637,-0.125,-2.25,2.25
6.96,30.606033325195312,30.606033325195312,0.0406695194542408,0.0406695194542408,0.01661674678325653,0.01661674678325653,8.629525184631348,-7.201639652252197,0.0,0.43254218,0.5709372162818909,5.424012660980225,-0.6638118624687195,-0.7109320759773254,5.464481634631776,-0.12177832544856822,5.700290679931641,-0.359798401594162,-3.8410472869873047,-0.359798401594162,-3.8410472869873047,-0.4000000059604645,234.8834686279297,-0.4000000059604645,234.18515014648438,0.0,42.15850830078028,-0.125,-2.25,2.25
6.98,30.714763641357422,30.714763641357422,0.04246019944548607,0.04246019944548607,0.01603151112794876,0.01603151112794876,8.728326797485352,-7.154872894287109,0.0,0.4189507,0.5567166805267334,5.426303386688232,-0.6638506650924683,-0.711155891418457,5.466760114540229,-0.12173446830241055,5.70341682434082,-0.3585761785507202,-3.8437211513519287,-0.3585761785507202,-3.8437211513519287,-0.4000000059604645,235.7266387939453,-0.4000000059604645,234.8834686279297,0.0,48.305511474610405,-0.125,-2.25,2.25
7.0,30.823518753051758,30.823518753051758,0.044187597930431366,0.044187597930431366,0.015445418655872345,0.015445418655872345,8.827816009521484,-7.109485626220703,0.0,0.4053566,0.5424918532371521,5.4286274909973145,-0.6638890504837036,-0.7113831043243408,5.4690716860692135,-0.12168983110869853,5.706684589385986,-0.35720181465148926,-3.8464198112487793,-0.35720181465148926,-3.8464198112487793,-0.4000000059604645,236.6927490234375,-0.4000000059604645,235.7266387939453,0.0,53.45535278320189,-0.125,-2.25,2.25
7.0200000000000005,30.932296752929688,30.932296752929688,0.04585159197449684,0.04585159197449684,0.014858663082122803,0.014858663082122803,8.927982330322266,-7.065483570098877,0.0,0.39175937,0.5282618999481201,5.430991172790527,-0.6639268398284912,-0.7116143703460693,5.471422481181039,-0.12164424574781452,5.710114002227783,-0.35560286045074463,-3.8491439819335938,-0.35560286045074463,-3.8491439819335938,-0.4000000059604645,237.76185607910156,-0.4000000059604645,236.6927490234375,0.0,57.709503173829354,-0.125,-2.25,2.25
7.04,31.041099548339844,31.041099548339844,0.04745207726955414,0.04745207726955414,0.014271632768213749,0.014271632768213749,9.028803825378418,-7.022894859313965,0.0,0.37815878,0.5140279531478882,5.433400630950928,-0.6639638543128967,-0.7118501663208008,5.473818632020244,-0.12159754462980955,5.713711261749268,-0.3537364900112152,-3.851897716522217,-0.3537364900112152,-3.851897716522217,-0.4000000059604645,238.91604614257812,-0.4000000059604645,237.76185607910156,0.0,61.17172241210796,-0.125,-2.25,2.25
7.0600000000000005,31.149930953979492,31.149930953979492,0.04898899048566818,0.04898899048566818,0.01368451863527298,0.01368451863527298,9.130273818969727,-6.981751918792725,0.0,0.3645551,0.4997892379760742,5.435862064361572,-0.6640002131462097,-0.7120912075042725,5.476266307058438,-0.12154961473712282,5.717474937438965,-0.3515872061252594,-3.8546855449676514,-0.3515872061252594,-3.8546855449676514,-0.4000000059604645,240.1394805908203,-0.4000000059604645,238.91604614257812,0.0,63.943481445313864,-0.125,-2.25,2.25
7.08,31.258792877197266,31.258792877197266,0.05046229064464569,0.05046229064464569,0.013097576797008514,0.013097576797008514,9.232365608215332,-6.9420247077941895,0.0,0.35094723,0.48554518818855286,5.438380241394043,-0.6640360355377197,-0.7123377919197083,5.478770254945701,-0.12150037518054102,5.72139835357666,-0.34916263818740845,-3.8575146198272705,-0.34916263818740845,-3.8575146198272705,-0.4000000059604645,241.41835021972656,-0.4000000059604645,240.1394805908203,0.0,66.1201477050766,-0.125,-2.25,2.25
7.1000000000000005,31.367685317993164,31.367685317993164,0.05187196657061577,0.05187196657061577,0.012510918080806732,0.012510918080806732,9.335053443908691,-6.903724670410156,0.0,0.33733553,0.47129616141319275,5.44096040725708,-0.6640715003013611,-0.712590217590332,5.481335704994872,-0.12144974572085503,5.725473880767822,-0.34648412466049194,-3.8603904247283936,-0.34648412466049194,-3.8603904247283936,-0.4000000059604645,242.74075317382812,-0.4000000059604645,241.41835021972656,0.0,67.78182983398582,-0.125,-2.25,2.25
7.12,31.47661018371582,31.47661018371582,0.05321801081299782,0.05321801081299782,0.011924856342375278,0.011924856342375278,9.438316345214844,-6.866860389709473,0.0,0.32372004,0.4570425748825073,5.443607330322266,-0.6641068458557129,-0.7128488421440125,5.483967420531483,-0.1213976678699797,5.7296929359436035,-0.34358179569244385,-3.8633198738098145,-0.34358179569244385,-3.8633198738098145,-0.4000000059604645,244.0963897705078,-0.4000000059604645,242.74075317382812,0.0,69.00939941406091,-0.125,-2.25,2.25
7.140000000000001,31.5855712890625,31.5855712890625,0.05450044944882393,0.05450044944882393,0.011339493095874786,0.011339493095874786,9.542141914367676,-6.831439018249512,0.0,0.31009996,0.44278356432914734,5.446323394775391,-0.6641422510147095,-0.7131139636039734,5.4866677911151704,-0.12134412535010083,5.734046936035156,-0.34048840403556824,-3.8663089275360107,-0.34048840403556824,-3.8663089275360107,-0.4000000059604645,245.47657775878906,-0.4000000059604645,244.0963897705078,0.0,69.86846923828274,-0.125,-2.25,2.25
7.16,31.694570541381836,31.694570541381836,0.055719319730997086,0.055719319730997086,0.010755009949207306,0.010755009949207306,9.646520614624023,-6.797504901885986,0.0,0.29647496,0.42851904034614563,5.449111461639404,-0.6641778349876404,-0.7133859395980835,5.489439672485599,-0.12128908082869433,5.738527297973633,-0.3372364342212677,-3.8693625926971436,-0.3372364342212677,-3.8693625926971436,-0.4000000059604645,246.8739471435547,-0.4000000059604645,245.47657775878906,0.0,70.4162597656265,-0.125,-2.25,2.25
7.18,31.80360984802246,31.80360984802246,0.056874677538871765,0.056874677538871765,0.010171554982662201,0.010171554982662201,9.751426696777344,-6.765050411224365,0.0,0.282845,0.41424909234046936,5.4519734382629395,-0.6642138957977295,-0.7136648297309875,5.4922849954181565,-0.12123255059538579,5.743126392364502,-0.3338574171066284,-3.872485637664795,-0.3338574171066284,-3.872485637664795,-0.4000000059604645,248.2822723388672,-0.4000000059604645,246.8739471435547,0.0,70.70465087890462,-0.125,-2.25,2.25
7.2,31.912691116333008,31.912691116333008,0.05796658992767334,0.05796658992767334,0.009589268825948238,0.009589268825948238,9.856833457946777,-6.73406457901001,0.0,0.26921,0.3999737501144409,5.454911231994629,-0.664250373840332,-0.7139508724212646,5.49520564747928,-0.12117448650123049,5.747836589813232,-0.3303796648979187,-3.8756823539733887,-0.3303796648979187,-3.8756823539733887,-0.4000000059604645,249.6963653564453,-0.4000000059604645,248.2822723388672,0.0,70.77407836914213,-0.125,-2.25,2.25
7.22,32.021820068359375,32.021820068359375,0.05899514630436897,0.05899514630436897,0.009008385241031647,0.009008385241031647,9.962730407714844,-6.704553127288818,0.0,0.25556895,0.3856918513774872,5.457925796508789,-0.664287269115448,-0.7142441868782043,5.498202576852272,-0.12111487242067664,5.752652168273926,-0.3268302083015442,-3.8789563179016113,-0.3268302083015442,-3.8789563179016113,-0.4000000059604645,251.11184692382812,-0.4000000059604645,249.6963653564453,0.0,70.66116333007649,-0.125,-2.25,2.25
7.24,32.1309928894043,32.1309928894043,0.059960443526506424,0.059960443526506424,0.00842899177223444,0.00842899177223444,10.069087028503418,-6.67652702331543,0.0,0.2419222,0.37140488624572754,5.461018085479736,-0.6643247008323669,-0.7145448327064514,5.501276746181088,-0.12105371394315903,5.757566928863525,-0.32323136925697327,-3.882310628890991,-0.32323136925697327,-3.882310628890991,-0.4000000059604645,252.5250701904297,-0.4000000059604645,251.11184692382812,0.0,70.3979492187515,-0.125,-2.25,2.25
7.26,32.24021530151367,32.24021530151367,0.060862597078084946,0.060862597078084946,0.007851235568523407,0.007851235568523407,10.175891876220703,-6.650001525878906,0.0,0.22826934,0.3571116030216217,5.464188098907471,-0.6643627285957336,-0.7148528695106506,5.5044281642500525,-0.12099102697998394,5.762575626373291,-0.3196030259132385,-3.8857483863830566,-0.3196030259132385,-3.8857483863830566,-0.4000000059604645,253.9330291748047,-0.4000000059604645,252.5250701904297,0.0,70.01037597656088,-0.125,-2.25,2.25
7.28,32.349491119384766,32.349491119384766,0.06170172989368439,0.06170172989368439,0.00727527542039752,0.00727527542039752,10.283134460449219,-6.6250200271606445,0.0,0.21460998,0.34281206130981445,5.467435836791992,-0.6644013524055481,-0.715168297290802,5.5076568326753685,-0.12092681679236451,5.767673969268799,-0.3159622251987457,-3.8892712593078613,-0.3159622251987457,-3.8892712593078613,-0.4000000059604645,255.33323669433594,-0.4000000059604645,253.9330291748047,0.0,69.5167541503921,-0.125,-2.25,2.25
7.3,32.45882034301758,32.45882034301758,0.06247799098491669,0.06247799098491669,0.006701238453388214,0.006701238453388214,10.39078426361084,-6.601543426513672,0.0,0.20094377,0.32850608229637146,5.470760822296143,-0.6644405126571655,-0.7154910564422607,5.510962272564609,-0.1208610884528185,5.772857189178467,-0.31232208013534546,-3.89288067817688,-0.31232208013534546,-3.89288067817688,-0.4000000059604645,256.72357177734375,-0.4000000059604645,255.33323669433594,0.0,68.93768310546716,-0.125,-2.25,2.25
7.32,32.568206787109375,32.568206787109375,0.06319152563810349,0.06319152563810349,0.006129249930381775,0.006129249930381775,10.498821258544922,-6.579577445983887,0.0,0.18727033,0.314193457365036,5.47416353225708,-0.6644802689552307,-0.7158212065696716,5.514344966151839,-0.12079384774672332,5.778121471405029,-0.3086969256401062,-3.8965790271759033,-0.3086969256401062,-3.8965790271759033,-0.4000000059604645,258.1023254394531,-0.4000000059604645,256.72357177734375,0.0,68.28918457031395,-0.125,-2.25,2.25
7.34,32.677650451660156,32.677650451660156,0.06384249776601791,0.06384249776601791,0.005559422075748444,0.005559422075748444,10.607222557067871,-6.5591301918029785,0.0,0.17359002,0.29987454414367676,5.47764253616333,-0.6645204424858093,-0.7161586284637451,5.517803473527068,-0.1207250993311649,5.7834649085998535,-0.30509552359580994,-3.90036678314209,-0.30509552359580994,-3.90036678314209,-0.4000000059604645,259.4681091308594,-0.4000000059604645,258.1023254394531,0.0,67.58117675781094,-0.125,-2.25,2.25
7.36,32.78715896606445,32.78715896606445,0.0644310787320137,0.0644310787320137,0.004991911351680756,0.004991911351680756,10.715975761413574,-6.540205955505371,0.0,0.15990129,0.28554803133010864,5.481197834014893,-0.6645610928535461,-0.7165033221244812,5.521337803625517,-0.12065485958790091,5.788882732391357,-0.3015264570713043,-3.904244899749756,-0.3015264570713043,-3.904244899749756,-0.4000000059604645,260.8197326660156,-0.4000000059604645,259.4681091308594,0.0,66.82586669922017,-0.125,-2.25,2.25
7.38,32.896728515625,32.896728515625,0.06495746970176697,0.06495746970176697,0.004426822066307068,0.004426822066307068,10.82505989074707,-6.522865295410156,0.0,0.14620535,0.2712153494358063,5.484827518463135,-0.6646022200584412,-0.7168551683425903,5.524946064731951,-0.12058317579797617,5.79437255859375,-0.29799699783325195,-3.9082143306732178,-0.29799699783325195,-3.9082143306732178,-0.4000000059604645,262.15625,-0.4000000059604645,260.8197326660156,0.0,66.03240966796723,-0.125,-2.25,2.25
7.4,33.00636291503906,33.00636291503906,0.06542186439037323,0.06542186439037323,0.003864295780658722,0.003864295780658722,10.934453010559082,-6.50706672668457,0.0,0.13250099,0.25687533617019653,5.488531112670898,-0.6646437048912048,-0.7172139883041382,5.528627770903731,-0.12051004262707929,5.79993200302124,-0.29451242089271545,-3.9122743606567383,-0.29451242089271545,-3.9122743606567383,-0.4000000059604645,263.4768981933594,-0.4000000059604645,262.15625,0.0,65.20538330078264,-0.125,-2.25,2.25
7.42,33.116065979003906,33.116065979003906,0.0658244639635086,0.0658244639635086,0.0033044591546058655,0.0033044591546058655,11.044134140014648,-6.492809772491455,0.0,0.11878826,0.2425278276205063,5.492308139801025,-0.6646855473518372,-0.71757972240448,5.532382450570731,-0.12043547623638658,5.805558681488037,-0.2910778820514679,-3.916425943374634,-0.2910778820514679,-3.916425943374634,-0.4000000059604645,264.781005859375,-0.4000000059604645,263.4768981933594,0.0,64.35394287109226,-0.125,-2.25,2.25
7.44,33.22583770751953,33.22583770751953,0.0661654993891716,0.0661654993891716,0.0027474460657685995,0.0027474460657685995,11.15407943725586,-6.480099201202393,0.0,0.105066754,0.22817331552505493,5.496157169342041,-0.6647276282310486,-0.717952311038971,5.5362086710892315,-0.12035949213817561,5.81125020980835,-0.2876974046230316,-3.920668363571167,-0.2876974046230316,-3.920668363571167,-0.4000000059604645,266.0680847167969,-0.4000000059604645,264.781005859375,0.0,63.4780883789076,-0.125,-2.25,2.25
7.46,33.3356819152832,33.3356819152832,0.06644521653652191,0.06644521653652191,0.0021933389361947775,0.0021933389361947775,11.264266967773438,-6.468940734863281,0.0,0.09133611,0.21381157636642456,5.500077247619629,-0.6647699475288391,-0.7183315753936768,5.540105487526443,-0.12028211686851352,5.817005157470703,-0.2843736708164215,-3.925001382827759,-0.2843736708164215,-3.925001382827759,-0.4000000059604645,267.337646484375,-0.4000000059604645,266.0680847167969,0.0,62.58697509765481,-0.125,-2.25,2.25
7.48,33.44560241699219,33.44560241699219,0.06666386127471924,0.06666386127471924,0.0016423016786575317,0.0016423016786575317,11.374689102172852,-6.459384918212891,0.0,0.07759591,0.1994415819644928,5.504067420959473,-0.664812445640564,-0.7187173962593079,5.544071947796677,-0.12020336627002334,5.82282018661499,-0.28111085295677185,-3.92942476272583,-0.28111085295677185,-3.92942476272583,-0.4000000059604645,268.5893859863281,-0.4000000059604645,267.337646484375,0.0,61.682128906251315,-0.125,-2.25,2.25
7.5,33.555599212646484,33.555599212646484,0.06682167202234268,0.06682167202234268,0.0010944381356239319,0.0010944381356239319,11.485316276550293,-6.451406002044678,0.0,0.063846566,0.18506386876106262,5.508126735687256,-0.6648550629615784,-0.7191097140312195,5.548107099825884,-0.12012325619037571,5.8286943435668945,-0.2779105305671692,-3.9339375495910645,-0.2779105305671692,-3.9339375495910645,-0.4000000059604645,269.8230285644531,-0.4000000059604645,268.5893859863281,0.0,60.76812744140485,-0.125,-2.25,2.25
7.5200000000000005,33.665672302246094,33.665672302246094,0.06691893935203552,0.06691893935203552,0.0005498454556800425,0.0005498454556800425,11.596120834350586,-6.444992542266846,0.0,0.050087307,0.17067895829677582,5.5122528076171875,-0.6648976802825928,-0.7195084095001221,5.55220856419576,-0.12004182267412102,5.834625720977783,-0.27477383613586426,-3.938539505004883,-0.27477383613586426,-3.938539505004883,-0.4000000059604645,271.03839111328125,-0.4000000059604645,269.8230285644531,0.0,59.84191894531378,-0.125,-2.25,2.25
7.54,33.77582550048828,33.77582550048828,0.06695593893527985,0.06695593893527985,8.64267349243164e-06,8.64267349243164e-06,11.7070894241333,-6.44014835357666,0.0,0.03631813,0.1562858372926712,5.516445159912109,-0.6649402976036072,-0.719913125038147,5.556375869367992,-0.11995908183703516,5.84061336517334,-0.27170151472091675,-3.9432294368743896,-0.27170151472091675,-3.9432294368743896,-0.4000000059604645,272.2352294921875,-0.4000000059604645,271.03839111328125,0.0,59.042358398436136,-0.125,-2.25,2.25
7.5600000000000005,33.88606643676758,33.88606643676758,0.06693296134471893,0.06693296134471893,-0.000529073178768158,-0.000529073178768158,11.81820297241211,-6.436877250671387,0.0,0.022537906,0.14188389480113983,5.520702362060547,-0.6649829149246216,-0.7203239798545837,5.560607596980977,-0.1198750703219623,5.846653938293457,-0.26869460940361023,-3.9480063915252686,-0.26869460940361023,-3.9480063915252686,-0.4000000059604645,273.41607666015625,-0.4000000059604645,272.2352294921875,0.0,59.272766113282515,-0.125,-2.25,2.25
7.58,33.99638748168945,33.99638748168945,0.06685029715299606,0.06685029715299606,-0.0010631456971168518,-0.0010631456971168518,11.929434776306152,-6.435236930847168,0.0,0.008747758,0.12747441232204437,5.525023460388184,-0.6650254130363464,-0.7207407355308533,5.564902787814355,-0.11978979315639798,5.852747917175293,-0.2657533586025238,-3.952869176864624,-0.2657533586025238,-3.952869176864624,-0.4000000059604645,274.6015319824219,-0.4000000059604645,273.41607666015625,0.0,59.33074951171738,-0.125,-2.25,2.25
7.6000000000000005,34.10680389404297,34.10680389404297,0.0667082816362381,0.0667082816362381,-0.0015934332041069865,-0.0015934332041069865,12.040771484375,-6.435187339782715,0.0,-0.0050542066,0.11305561661720276,5.529407501220703,-0.665067732334137,-0.7211633324623108,5.569260489791068,-0.11970326600645795,5.858903884887695,-0.2628714144229889,-3.9578163623809814,-0.2628714144229889,-3.9578163623809814,-0.4000000059604645,275.78814697265625,-0.4000000059604645,274.6015319824219,0.0,59.231567382813765,-0.125,-2.25,2.25
7.62,34.2172966003418,34.2172966003418,0.0665072426199913,0.0665072426199913,-0.002119787037372589,-0.002119787037372589,12.15217113494873,-6.436722278594971,0.0,-0.018865706,0.09862995892763138,5.533853530883789,-0.6651095151901245,-0.7215917706489563,5.573679715275307,-0.11961545142730463,5.865124702453613,-0.26003584265708923,-3.9628467559814453,-0.26003584265708923,-3.9628467559814453,-0.4000000059604645,276.9727783203125,-0.4000000059604645,275.78814697265625,0.0,58.988952636717386,-0.125,-2.25,2.25
7.640000000000001,34.327884674072266,34.327884674072266,0.06624753028154373,0.06624753028154373,-0.002642162377014756,-0.002642162377014756,12.263632774353027,-6.439842224121094,0.0,-0.03268941,0.0841948390007019,5.538361072540283,-0.6651510000228882,-0.7220258712768555,5.578160021249032,-0.11952640801340303,5.87141227722168,-0.25723743438720703,-3.967958688735962,-0.25723743438720703,-3.967958688735962,-0.4000000059604645,278.1525573730469,-0.4000000059604645,276.9727783203125,0.0,58.61816406250125,-0.125,-2.25,2.25
7.66,34.438568115234375,34.438568115234375,0.06592948734760284,0.06592948734760284,-0.0031603723764419556,-0.0031603723764419556,12.375131607055664,-6.444557189941406,0.0,-0.046524547,0.06975078582763672,5.5429301261901855,-0.6651918888092041,-0.7224656343460083,5.582701374134595,-0.11943608864228554,5.877765655517578,-0.25446897745132446,-3.973151683807373,-0.25446897745132446,-3.973151683807373,-0.4000000059604645,279.3249206542969,-0.4000000059604645,278.1525573730469,0.0,58.137512207032486,-0.125,-2.25,2.25
7.68,34.549346923828125,34.549346923828125,0.06555350869894028,0.06555350869894028,-0.0036742461379617453,-0.0036742461379617453,12.486638069152832,-6.450924873352051,0.0,-0.060371894,0.055297985672950745,5.54755973815918,-0.6652321219444275,-0.7229110598564148,5.587302821980516,-0.11934450911516405,5.884182929992676,-0.2517296075820923,-3.9784252643585205,-0.2517296075820923,-3.9784252643585205,-0.4000000059604645,280.4876708984375,-0.4000000059604645,279.3249206542969,0.0,57.55767822265492,-0.125,-2.25,2.25
7.7,34.660221099853516,34.660221099853516,0.06511997431516647,0.06511997431516647,-0.0041837249882519245,-0.0041837249882519245,12.598133087158203,-6.458885192871094,0.0,-0.074231446,0.04083652049303055,5.552249908447266,-0.6652717590332031,-0.7233620285987854,5.59196437392262,-0.11925168607795153,5.890661716461182,-0.24901950359344482,-3.983778476715088,-0.24901950359344482,-3.983778476715088,-0.4000000059604645,281.6388244628906,-0.4000000059604645,280.4876708984375,0.0,56.892395019532465,-0.125,-2.25,2.25
7.72,34.77119064331055,34.77119064331055,0.06462927162647247,0.06462927162647247,-0.004688612651079893,-0.004688612651079893,12.70959186553955,-6.46843957901001,0.0,-0.08810243,0.026366569101810455,5.556999683380127,-0.6653106212615967,-0.7238183617591858,5.596685063843625,-0.11915761416065883,5.897200107574463,-0.24634239077568054,-3.989211082458496,-0.24634239077568054,-3.989211082458496,-0.4000000059604645,282.77667236328125,-0.4000000059604645,281.6388244628906,0.0,56.15692138671745,-0.125,-2.25,2.25
7.74,34.88227081298828,34.88227081298828,0.0640818253159523,0.0640818253159523,-0.00518885999917984,-0.00518885999917984,12.821009635925293,-6.479591369628906,0.0,-0.10198752,0.011885962449014187,5.561807632446289,-0.6653487682342529,-0.724280059337616,5.60146348053155,-0.11906234039966578,5.903794288635254,-0.2437010556459427,-3.994722604751587,-0.2437010556459427,-3.994722604751587,-0.4000000059604645,283.8998107910156,-0.4000000059604645,282.77667236328125,0.0,55.36193847656368,-0.125,-2.25,2.25
7.76,34.99345016479492,34.99345016479492,0.06347806006669998,0.06347806006669998,-0.005684360861778259,-0.005684360861778259,12.932343482971191,-6.492377281188965,0.0,-0.115884826,-0.002603307366371155,5.566673755645752,-0.6653862595558167,-0.7247469425201416,5.606299633109246,-0.11896588136687901,5.9104413986206055,-0.2410997748374939,-4.000312328338623,-0.2410997748374939,-4.000312328338623,-0.4000000059604645,285.0070495605469,-0.4000000059604645,283.8998107910156,0.0,54.51354980468624,-0.125,-2.25,2.25
7.78,35.104732513427734,35.104732513427734,0.06281841546297073,0.06281841546297073,-0.006174981594085693,-0.006174981594085693,13.043577194213867,-6.506793975830078,0.0,-0.1297951,-0.017102204263210297,5.571596622467041,-0.6654229164123535,-0.7252189517021179,5.6111920820065375,-0.11886824169398232,5.917139530181885,-0.23854368925094604,-4.005979537963867,-0.23854368925094604,-4.005979537963867,-0.4000000059604645,286.0973205566406,-0.4000000059604645,285.0070495605469,0.0,53.620910644532394,-0.125,-2.25,2.25
7.8,35.216121673583984,35.216121673583984,0.06210333853960037,0.06210333853960037,-0.0066605801694095135,-0.0066605801694095135,13.154688835144043,-6.5228095054626465,0.0,-0.1437187,-0.03161023557186127,5.576576232910156,-0.6654587984085083,-0.7256959676742554,5.616140836360652,-0.11876943794016748,5.923886299133301,-0.23603679239749908,-4.011723041534424,-0.23603679239749908,-4.011723041534424,-0.4000000059604645,287.16973876953125,-0.4000000059604645,286.0973205566406,0.0,52.696228027342535,-0.125,-2.25,2.25
7.82,35.32762145996094,35.32762145996094,0.061333294957876205,0.061333294957876205,-0.007141083478927612,-0.007141083478927612,13.265658378601074,-6.54042387008667,0.0,-0.15765643,-0.04612799733877182,5.581610679626465,-0.665493905544281,-0.7261778712272644,5.6211440043141385,-0.11866951632020799,5.930677890777588,-0.23358288407325745,-4.017542362213135,-0.23358288407325745,-4.017542362213135,-0.4000000059604645,288.2236633300781,-0.4000000059604645,287.16973876953125,0.0,51.73797607421985,-0.125,-2.25,2.25
7.84,35.439231872558594,35.439231872558594,0.06050875782966614,0.06050875782966614,-0.007616356480866671,-0.007616356480866671,13.37646770477295,-6.55964994430542,0.0,-0.17160751,-0.06065575033426285,5.58669900894165,-0.6655281186103821,-0.7266645431518555,5.626200626814751,-0.11856848172607888,5.937512397766113,-0.23118633031845093,-4.023437023162842,-0.23118633031845093,-4.023437023162842,-0.4000000059604645,289.2584228515625,-0.4000000059604645,288.2236633300781,0.0,50.75683593749883,-0.125,-2.25,2.25
7.86,35.55095291137695,35.55095291137695,0.059630218893289566,0.059630218893289566,-0.008086256682872772,-0.008086256682872772,13.487071990966797,-6.580533981323242,0.0,-0.18557267,-0.07519258558750153,5.5918402671813965,-0.665561318397522,-0.7271556854248047,5.631309744830093,-0.11846633902714865,5.944388389587402,-0.22884944081306458,-4.029405117034912,-0.22884944081306458,-4.029405117034912,-0.4000000059604645,290.2735595703125,-0.4000000059604645,289.2584228515625,0.0,49.75585937500106,-0.125,-2.25,2.25
7.88,35.66278839111328,35.66278839111328,0.05869818478822708,0.05869818478822708,-0.00855074729770422,-0.00855074729770422,13.59747314453125,-6.603017807006836,0.0,-0.19955234,-0.08973994851112366,5.59703254699707,-0.6655935645103455,-0.7276514172554016,5.636469473461388,-0.11836314455038663,5.9513020515441895,-0.22657431662082672,-4.035445690155029,-0.22657431662082672,-4.035445690155029,-0.4000000059604645,291.2686767578125,-0.4000000059604645,290.2735595703125,0.0,48.73657226562388,-0.125,-2.25,2.25
7.9,35.77473831176758,35.77473831176758,0.05771316587924957,0.05771316587924957,-0.009009689092636108,-0.009009689092636108,13.707639694213867,-6.627098083496094,0.0,-0.21354611,-0.10429690033197403,5.6022748947143555,-0.665624737739563,-0.7281515002250671,5.641678853624833,-0.11825890291925588,5.958252906799316,-0.22436313331127167,-4.041557788848877,-0.22436313331127167,-4.041557788848877,-0.4000000059604645,292.243408203125,-0.4000000059604645,291.2686767578125,0.0,47.706604003907266,-0.125,-2.25,2.25
7.92,35.88680648803711,35.88680648803711,0.056675683706998825,0.056675683706998825,-0.009462997317314148,-0.009462997317314148,13.817550659179688,-6.652774333953857,0.0,-0.22755438,-0.11886372417211533,5.607565879821777,-0.6656548976898193,-0.7286556959152222,5.646936473820104,-0.11815366012373152,5.965237140655518,-0.22221677005290985,-4.0477399826049805,-0.22221677005290985,-4.0477399826049805,-0.4000000059604645,293.1975402832031,-0.4000000059604645,292.243408203125,0.0,46.66442871093642,-0.125,-2.25,2.25
7.94,35.998992919921875,35.998992919921875,0.055586278438568115,0.055586278438568115,-0.009910539723932743,-0.009910539723932743,13.92717170715332,-6.680118083953857,0.0,-0.24157791,-0.1334410458803177,5.612905025482178,-0.6656838655471802,-0.7291640043258667,5.652241841423005,-0.1180474001710404,5.972253322601318,-0.22013898193836212,-4.053991317749023,-0.22013898193836212,-4.053991317749023,-0.4000000059604645,294.1308288574219,-0.4000000059604645,293.1975402832031,0.0,45.61157226562597,-0.125,-2.25,2.25
7.96,36.11130142211914,36.11130142211914,0.054445501416921616,0.054445501416921616,-0.010352224111557007,-0.010352224111557007,14.036490440368652,-6.7090559005737305,0.0,-0.25561628,-0.14802831411361694,5.618289947509766,-0.6657117009162903,-0.7296762466430664,5.6575925978304715,-0.11794018866045193,5.979300498962402,-0.21813005208969116,-4.060309886932373,-0.21813005208969116,-4.060309886932373,-0.4000000059604645,295.0430603027344,-0.4000000059604645,294.1308288574219,0.0,44.55413818359272,-0.125,-2.25,2.25
7.98,36.223731994628906,36.223731994628906,0.053253915160894394,0.053253915160894394,-0.010787956416606903,-0.010787956416606903,14.145488739013672,-6.739585876464844,0.0,-0.26967034,-0.1626262664794922,5.623719692230225,-0.6657383441925049,-0.7301921844482422,5.662987790884436,-0.11783204021124388,5.98637580871582,-0.21618987619876862,-4.066694736480713,-0.21618987619876862,-4.066694736480713,-0.4000000059604645,295.93414306640625,-0.4000000059604645,295.0430603027344,0.0,43.489074707032174,-0.125,-2.25,2.25
8.0,36.33628463745117,36.33628463745117,0.05201209709048271,0.05201209709048271,-0.011217616498470306,-0.011217616498470306,14.254138946533203,-6.771702766418457,0.0,-0.2837392,-0.17723387479782104,5.629193305969238,-0.6657636165618896,-0.7307117581367493,5.6684264544145275,-0.11772294847407519,5.993477821350098,-0.21432004868984222,-4.07314395904541,-0.21432004868984222,-4.07314395904541,-0.4000000059604645,296.8039245605469,-0.4000000059604645,295.93414306640625,0.0,42.4194335937509,-0.125,-2.25,2.25
8.02,36.4489631652832,36.4489631652832,0.050720635801553726,0.050720635801553726,-0.011641129851341248,-0.011641129851341248,14.362401962280273,-6.805477619171143,0.0,-0.29782414,-0.19185230135917664,5.634708404541016,-0.6657876372337341,-0.7312348484992981,5.673906236632611,-0.11761298883989842,6.000604629516602,-0.21252071857452393,-4.079656600952148,-0.21252071857452393,-4.079656600952148,-0.4000000059604645,297.6523132324219,-0.4000000059604645,296.8039245605469,0.0,41.34674072265346,-0.125,-2.25,2.25
8.040000000000001,36.561771392822266,36.561771392822266,0.04938013106584549,0.04938013106584549,-0.012058369815349579,-0.012058369815349579,14.4702730178833,-6.840839862823486,0.0,-0.31192505,-0.20648127794265747,5.640264511108398,-0.6658102869987488,-0.7317612171173096,5.679426651832227,-0.11750215520561053,6.007753849029541,-0.21079233288764954,-4.086231231689453,-0.21079233288764954,-4.086231231689453,-0.4000000059604645,298.479248046875,-0.4000000059604645,297.6523132324219,0.0,40.27404785156336,-0.125,-2.25,2.25
8.06,36.674705505371094,36.674705505371094,0.04799119755625725,0.04799119755625725,-0.012469299137592316,-0.012469299137592316,14.577731132507324,-6.877780437469482,0.0,-0.32604203,-0.22112081944942474,5.6458587646484375,-0.6658316254615784,-0.7322908043861389,5.684984867510413,-0.11739052184721467,6.014924049377441,-0.20913483202457428,-4.092865467071533,-0.20913483202457428,-4.092865467071533,-0.4000000059604645,299.28472900390625,-0.4000000059604645,298.479248046875,0.0,39.19525146484459,-0.125,-2.25,2.25
8.08,36.78776931762695,36.78776931762695,0.046554457396268845,0.046554457396268845,-0.012873745523393154,-0.012873745523393154,14.684749603271484,-6.916301727294922,0.0,-0.34017503,-0.23577070236206055,5.651491641998291,-0.6658514738082886,-0.7328234314918518,5.690581338031222,-0.11727805231971988,6.022113800048828,-0.20754864811897278,-4.099557876586914,-0.20754864811897278,-4.099557876586914,-0.4000000059604645,300.0686340332031,-0.4000000059604645,299.28472900390625,0.004345178604126069,38.11798095703206,-0.125,-2.25,2.25
8.1,36.90096664428711,36.90096664428711,0.04507055506110191,0.04507055506110191,-0.013271667063236237,-0.013271667063236237,14.79128360748291,-6.956467151641846,0.0,-0.35432434,-0.2504315972328186,5.657160758972168,-0.6658697724342346,-0.7333588600158691,5.69621369039963,-0.11716478988806943,6.029321193695068,-0.2060338705778122,-4.106307506561279,-0.2060338705778122,-4.106307506561279,-0.39991310238838196,300.83099365234375,-0.4000000059604645,300.0686340332031,0.021500885486601333,35.487365722653855,-0.125,-2.25,2.25
8.120000000000001,37.01429748535156,37.01429748535156,0.04354037716984749,0.04354037716984749,-0.013657592236995697,-0.013657592236995697,14.897334098815918,-6.998198509216309,0.0,-0.36849087,-0.2651027739048004,5.662882328033447,-0.6658594608306885,-0.7338662147521973,5.701894867737501,-0.11704569357675147,6.036546230316162,-0.2041500061750412,-4.112903594970703,-0.2041500061750412,-4.112903594970703,-0.3994830846786499,301.5407409667969,-0.39991310238838196,300.83099365234375,0.037708878517151684,26.829528808594322,-0.125,-2.25,2.25
8.14,37.12776184082031,37.12776184082031,0.04196615889668465,0.04196615889668465,-0.0140108997002244,-0.0140108997002244,15.00288200378418,-7.041491508483887,0.0,-0.38267377,-0.2797831594944,5.6687188148498535,-0.6657194495201111,-0.734230101108551,5.707675129796902,-0.11690191695018773,6.043783664703369,-0.2004408985376358,-4.118571758270264,-0.2004408985376358,-4.118571758270264,-0.3987289071083069,302.07733154296875,-0.3994830846786499,301.5407409667969,0.05263239145279043,12.925720214844025,-0.125,-2.25,2.25
8.16,37.24136734008789,37.24136734008789,0.040352314710617065,0.040352314710617065,-0.014313936233520508,-0.014313936233520508,15.107894897460938,-7.086364269256592,0.0,-0.3968746,-0.29446882009506226,5.674717903137207,-0.6653760075569153,-0.7343666553497314,5.713593309959882,-0.11671975372975338,6.050990581512451,-0.19452323019504547,-4.12277364730835,-0.19452323019504547,-4.12277364730835,-0.3976762592792511,302.3358459472656,-0.3987289071083069,302.07733154296875,0.06599724292755267,-5.223083496093861,-0.125,-2.25,2.25
8.18,37.355106353759766,37.355106353759766,0.03870517760515213,0.03870517760515213,-0.014551743865013123,-0.014551743865013123,15.212335586547852,-7.132828712463379,0.0,-0.41109186,-0.3091539144515991,5.680911540985107,-0.6647774577140808,-0.734218955039978,5.71967525343726,-0.11648971324620279,6.058101177215576,-0.18656688928604126,-4.1251540184021,-0.18656688928604126,-4.1251540184021,-0.3963563144207001,302.23138427734375,-0.3976762592792511,302.3358459472656,0.07760673761367963,-26.530456542969315,-0.125,-2.25,2.25
8.2,37.468997955322266,37.468997955322266,0.037032660096883774,0.037032660096883774,-0.01471196860074997,-0.01471196860074997,15.316226959228516,-7.180829048156738,0.0,-0.42532858,-0.3238345682621002,5.687314987182617,-0.6638908386230469,-0.7337527871131897,5.725932483800313,-0.11620594112915002,6.065038681030273,-0.17701444029808044,-4.125511169433594,-0.17701444029808044,-4.125511169433594,-0.3948041796684265,301.7007751464844,-0.3963563144207001,302.23138427734375,0.0873267650604189,-49.91455078124663,-0.125,-2.25,2.25
8.22,37.583038330078125,37.583038330078125,0.03534400090575218,0.03534400090575218,-0.014784866012632847,-0.014784866012632847,15.419538497924805,-7.230350017547607,0.0,-0.43958354,-0.3385027348995209,5.693929672241211,-0.662699282169342,-0.7329526543617249,5.7323647346463105,-0.11586568763315576,6.071725368499756,-0.16642630100250244,-4.123767852783203,-0.16642630100250244,-4.123767852783203,-0.393057644367218,300.7024841308594,-0.3948041796684265,301.7007751464844,0.09508430957794392,-74.36370849609534,-0.125,-2.25,2.25
8.24,37.69723129272461,37.69723129272461,0.03364945203065872,0.03364945203065872,-0.014763287268579006,-0.014763287268579006,15.522229194641113,-7.281436920166016,0.0,-0.45385757,-0.35315197706222534,5.70074462890625,-0.6612001061439514,-0.7318191528320312,5.738961134592936,-0.11546892971078974,6.07808780670166,-0.15539118647575378,-4.119955062866211,-0.15539118647575378,-4.119955062866211,-0.3911559581756592,299.2152099609375,-0.393057644367218,300.7024841308594,0.10106116533279634,-98.98529052734585,-0.125,-2.25,2.25
8.26,37.81158447265625,37.81158447265625,0.031960032880306244,0.031960032880306244,-0.014642484486103058,-0.014642484486103058,15.624306678771973,-7.334039688110352,0.0,-0.4681518,-0.36777639389038086,5.707737922668457,-0.6594023704528809,-0.7303656935691833,5.74570132186024,-0.11501790046530977,6.0840630531311035,-0.14447520673274994,-4.1141886711120605,-0.14447520673274994,-4.1141886711120605,-0.3891347348690033,297.2355041503906,-0.3911559581756592,299.2152099609375,0.10564327239990459,-123.11401367187763,-0.125,-2.25,2.25
8.28,37.92609405517578,37.92609405517578,0.030287249013781548,0.030287249013781548,-0.014419838786125183,-0.014419838786125183,15.72575855255127,-7.388119220733643,0.0,-0.48246557,-0.3823688328266144,5.714879512786865,-0.6573241949081421,-0.7286148071289062,5.7525579478074516,-0.11451655038169725,6.089597702026367,-0.13416780531406403,-4.106642246246338,-0.13416780531406403,-4.106642246246338,-0.38702186942100525,294.7732238769531,-0.3891347348690033,297.2355041503906,0.1082971692085193,-146.10900878905264,-0.125,-2.25,2.25
8.3,38.04076385498047,38.04076385498047,0.02864287793636322,0.02864287793636322,-0.014094218611717224,-0.014094218611717224,15.826558113098145,-7.443685531616211,0.0,-0.4967991,-0.39692363142967224,5.722134590148926,-0.6549883484840393,-0.7265934348106384,5.759499457802619,-0.11396970445346805,6.094651222229004,-0.12484803795814514,-4.097517013549805,-0.12484803795814514,-4.097517013549805,-0.3848559260368347,291.8510437011719,-0.38702186942100525,294.7732238769531,0.10910183191299672,-167.36297607422233,-0.125,-2.25,2.25
8.32,38.15559768676758,38.15559768676758,0.02703878842294216,0.02703878842294216,-0.013666674494743347,-0.013666674494743347,15.926678657531738,-7.500759601593018,0.0,-0.5111532,-0.41143667697906494,5.729462146759033,-0.6524255871772766,-0.7243361473083496,5.766489021748697,-0.11338365490930062,6.09919548034668,-0.11686106771230698,-4.087061405181885,-0.11686106771230698,-4.087061405181885,-0.38267388939857483,288.5037841796875,-0.3848559260368347,291.8510437011719,0.10816603899002306,-186.38305664062898,-0.125,-2.25,2.25
8.34,38.27059555053711,38.27059555053711,0.025486694648861885,0.025486694648861885,-0.013140067458152771,-0.013140067458152771,16.02613067626953,-7.559265613555908,0.0,-0.52552795,-0.42590266466140747,5.736818790435791,-0.6496725678443909,-0.7218833565711975,5.773488051404168,-0.11276571314842479,6.103214740753174,-0.11049578338861465,-4.075557231903076,-0.11049578338861465,-4.075557231903076,-0.3805105686187744,284.776123046875,-0.38267388939857483,288.5037841796875,0.10562539100647197,-202.78167724609807,-0.125,-2.25,2.25
8.36,38.3857536315918,38.3857536315918,0.023997949436306953,0.023997949436306953,-0.012519040144979954,-0.012519040144979954,16.124895095825195,-7.619186878204346,0.0,-0.5399229,-0.4403180480003357,5.74415922164917,-0.6467702388763428,-0.7192792296409607,5.780456461695163,-0.11212391411110798,6.1067047119140625,-0.10597355663776398,-4.063304901123047,-0.10597355663776398,-4.063304901123047,-0.378398060798645,280.7204895019531,-0.3805105686187744,284.776123046875,0.10162889957427293,-216.27349853514164,-0.125,-2.25,2.25
8.38,38.50107192993164,38.50107192993164,0.022583357989788055,0.022583357989788055,-0.01180958654731512,-0.01180958654731512,16.222911834716797,-7.680588722229004,0.0,-0.55433774,-0.4546806216239929,5.75143575668335,-0.6437620520591736,-0.7165701985359192,5.7873519715779524,-0.11146671148041032,6.109673976898193,-0.10344338417053223,-4.050614356994629,-0.10344338417053223,-4.050614356994629,-0.3763654828071594,276.39501953125,-0.378398060798645,280.7204895019531,0.09634643793106284,-226.68914794922358,-0.125,-2.25,2.25
8.4,38.61655044555664,38.61655044555664,0.02125301957130432,0.02125301957130432,-0.01101894024759531,-0.01101894024759531,16.320213317871094,-7.74337911605835,0.0,-0.56877226,-0.46898895502090454,5.758605003356934,-0.6406928896903992,-0.7138037085533142,5.794136602082086,-0.11080266189478614,6.1121416091918945,-0.10298488289117813,-4.0377936363220215,-0.10298488289117813,-4.0377936363220215,-0.3744385540485382,271.8612365722656,-0.3763654828071594,276.39501953125,0.08995831012726022,-233.92944335937997,-0.125,-2.25,2.25
8.42,38.732181549072266,38.732181549072266,0.02001618780195713,0.02001618780195713,-0.010155290365219116,-0.010155290365219116,16.416776657104492,-7.807536602020264,0.0,-0.5832263,-0.48324137926101685,5.765622138977051,-0.6376074552536011,-0.7110262513160706,5.800770803648191,-0.11014026007854448,6.114132881164551,-0.1046145111322403,-4.025139808654785,-0.1046145111322403,-4.025139808654785,-0.37263938784599304,267.1826477050781,-0.3744385540485382,271.8612365722656,0.0826582312583941,-237.99438476563006,-0.125,-2.25,2.25
8.44,38.84796142578125,38.84796142578125,0.018881164491176605,0.018881164491176605,-0.009227581322193146,-0.009227581322193146,16.51254653930664,-7.873110771179199,0.0,-0.5976986,-0.4974389672279358,5.7724480628967285,-0.634549617767334,-0.7082828879356384,5.807220493166146,-0.1094876932754058,6.115682601928711,-0.1082918792963028,-4.012932777404785,-0.1082918792963028,-4.012932777404785,-0.3709862232208252,262.4227600097656,-0.37263938784599304,267.1826477050781,0.07464140653609726,-238.9511108398276,-0.125,-2.25,2.25
8.46,38.96388626098633,38.96388626098633,0.017855221405625343,0.017855221405625343,-0.00824517011642456,-0.00824517011642456,16.607526779174805,-7.940042018890381,0.0,-0.61218935,-0.5115822553634644,5.779045581817627,-0.6315605640411377,-0.7056156992912292,5.813453068768836,-0.10885260413053005,6.116832733154297,-0.1139233261346817,-4.0014262199401855,-0.1139233261346817,-4.0014262199401855,-0.36949339509010315,257.64373779296875,-0.3709862232208252,262.4227600097656,0.06611198186874531,-236.9400024414113,-0.125,-2.25,2.25
8.48,39.07994842529297,39.07994842529297,0.016944540664553642,0.016944540664553642,-0.007217638194561005,-0.007217638194561005,16.701709747314453,-8.008293151855469,0.0,-0.6266972,-0.5256728529930115,5.785384178161621,-0.6286785006523132,-0.7030630111694336,5.819442133581642,-0.10824195851999935,6.117627143859863,-0.12137271463871002,-3.990847110748291,-0.12137271463871002,-3.990847110748291,-0.36817115545272827,252.90493774414062,-0.36949339509010315,257.64373779296875,0.05813986063003664,-227.03857421875483,-0.125,-2.25,2.25
8.5,39.196136474609375,39.196136474609375,0.016154207289218903,0.016154207289218903,-0.006154612172394991,-0.006154612172394991,16.795042037963867,-8.077903747558594,0.0,-0.64122057,-0.5397136211395264,5.791436672210693,-0.6259377598762512,-0.700658917427063,5.825164101333607,-0.10766196521122114,6.118114471435547,-0.13047067821025848,-3.981387138366699,-0.13047067821025848,-3.981387138366699,-0.36700835824012756,248.36416625976562,-0.36817115545272827,252.90493774414062,0.050397217273713234,-213.89770507812955,-0.125,-2.25,2.25
8.52,39.31245422363281,39.31245422363281,0.015488242730498314,0.015488242730498314,-0.005064293742179871,-0.005064293742179871,16.88751792907715,-8.148835182189941,0.0,-0.65576047,-0.553708016872406,5.797187328338623,-0.6233617663383484,-0.6984257102012634,5.830605527008526,-0.10711673704054862,6.118391036987305,-0.14090542495250702,-3.973154306411743,-0.14090542495250702,-3.973154306411743,-0.3660004138946533,244.08621215820312,-0.36700835824012756,248.36416625976562,0.04273653030395219,-199.88327026365837,-0.125,-2.25,2.25
8.540000000000001,39.42888641357422,39.42888641357422,0.014949748292565346,0.014949748292565346,-0.003954142332077026,-0.003954142332077026,16.979135513305664,-8.221044540405273,0.0,-0.67031443,-0.5676593780517578,5.802626609802246,-0.6209680438041687,-0.6963794827461243,5.83575846691851,-0.10660925758491989,6.118546009063721,-0.15232887864112854,-3.9662115573883057,-0.15232887864112854,-3.9662115573883057,-0.3651456832885742,240.0885467529297,-0.3660004138946533,244.08621215820312,0.03527700901031569,-185.19668579101958,-0.125,-2.25,2.25
8.56,39.54542541503906,39.54542541503906,0.014540966600179672,0.014540966600179672,-0.0028311091009527445,-0.0028311091009527445,17.06983757019043,-8.294563293457031,0.0,-0.68488175,-0.5815715193748474,5.807753086090088,-0.6187699437141418,-0.6945324540138245,5.84062258258766,-0.10614165060657324,6.118646144866943,-0.16442666947841644,-3.960596799850464,-0.16442666947841644,-3.960596799850464,-0.3644401431083679,236.38461303710938,-0.3651456832885742,240.0885467529297,0.028130412101746206,-170.02944946289426,-0.125,-2.25,2.25
8.58,39.66205978393555,39.66205978393555,0.014263337478041649,0.014263337478041649,-0.0017016902565956116,-0.0017016902565956116,17.15960121154785,-8.36935806274414,0.0,-0.6994612,-0.5954475402832031,5.812568664550781,-0.616777241230011,-0.6928929686546326,5.845200479488874,-0.10571537568164961,6.1187424659729,-0.17692825198173523,-3.9563252925872803,-0.17692825198173523,-3.9563252925872803,-0.363877534866333,232.98402404785156,-0.3644401431083679,236.38461303710938,0.021377205848694302,-154.58145141601892,-0.125,-2.25,2.25
8.6,39.77878952026367,39.77878952026367,0.01411755196750164,0.01411755196750164,-0.0005717724561691284,-0.0005717724561691284,17.24844741821289,-8.445388793945312,0.0,-0.7140521,-0.6092931628227234,5.817080497741699,-0.6149959564208984,-0.6914653778076172,5.8494995977109765,-0.10533116798557186,6.118873119354248,-0.1896035075187683,-3.953387975692749,-0.1896035075187683,-3.953387975692749,-0.36344999074935913,229.89239501953125,-0.363877534866333,232.98402404785156,0.015094876289366657,-139.0373229980375,-0.125,-2.25,2.25
8.620000000000001,39.895606994628906,39.895606994628906,0.01410362496972084,0.01410362496972084,0.0005534068332053721,0.0005534068332053721,17.336305618286133,-8.522685050964355,0.0,-0.7286545,-0.6231119632720947,5.821298122406006,-0.6134283542633057,-0.6902502179145813,5.85352937771238,-0.1049890939260339,6.119069576263428,-0.20225627720355988,-3.951754093170166,-0.20225627720355988,-3.951754093170166,-0.3631480932235718,227.1116485595703,-0.36344999074935913,229.89239501953125,0.009344518184662065,-123.580169677737,-0.125,-2.25,2.25
8.64,40.01250076293945,40.01250076293945,0.014220972545444965,0.014220972545444965,0.001669265329837799,0.001669265329837799,17.423168182373047,-8.601217269897461,0.0,-0.7432661,-0.6369085907936096,5.825234413146973,-0.6120731830596924,-0.6892446875572205,5.857302241606845,-0.10468857707011006,6.119356632232666,-0.21471983194351196,-3.9513728618621826,-0.21471983194351196,-3.9513728618621826,-0.36296120285987854,224.64004516601562,-0.3631480932235718,227.1116485595703,0.004166364669799893,-108.38470458984607,-0.125,-2.25,2.25
8.66,40.12946701049805,40.12946701049805,0.014468485489487648,0.014468485489487648,0.002771914005279541,0.002771914005279541,17.50904083251953,-8.680940628051758,0.0,-0.7578871,-0.6506866812705994,5.828902721405029,-0.6109260320663452,-0.6884428262710571,5.8608307902770305,-0.10442851165096356,6.119753360748291,-0.22685033082962036,-3.952176094055176,-0.22685033082962036,-3.952176094055176,-0.36287787556648254,222.47235107421875,-0.36296120285987854,224.64004516601562,-0.0004097819328308193,-93.61495971679886,-0.125,-2.25,2.25
8.68,40.24649429321289,40.24649429321289,0.014844614081084728,0.014844614081084728,0.0038581565022468567,0.0038581565022468567,17.593852996826172,-8.761885643005371,0.0,-0.7725155,-0.6644501090049744,5.8323211669921875,-0.6099796295166016,-0.687835693359375,5.864132104870278,-0.10420723738233022,6.120275974273682,-0.23852525651454926,-3.9540793895721436,-0.23852525651454926,-3.9540793895721436,-0.36288607120513916,220.6000518798828,-0.36287787556648254,222.47235107421875,-0.004367530345916453,-79.42581176757277,-0.125,-2.25,2.25
8.700000000000001,40.363582611083984,40.363582611083984,0.015347447246313095,0.015347447246313095,0.004925452172756195,0.004925452172756195,17.677608489990234,-8.844022750854492,0.0,-0.7871514,-0.6782032251358032,5.835508346557617,-0.6092241406440735,-0.687412440776825,5.8672235099991825,-0.10402266677488257,6.120935440063477,-0.2496446669101715,-3.956986904144287,-0.2496446669101715,-3.956986904144287,-0.3629734218120575,219.01153564453125,-0.36288607120513916,220.6000518798828,-0.007706880569458172,-65.94924926757953,-0.125,-2.25,2.25
8.72,40.480716705322266,40.480716705322266,0.01597479172050953,0.01597479172050953,0.005971931386739016,0.005971931386739016,17.760305404663086,-8.927303314208984,0.0,-0.801793,-0.691949188709259,5.83848237991333,-0.6086476445198059,-0.6871598958969116,5.870121672992641,-0.10387238213137859,6.121741771697998,-0.26012369990348816,-3.9607934951782227,-0.26012369990348816,-3.9607934951782227,-0.36312755942344666,217.6925506591797,-0.3629734218120575,219.01153564453125,-0.010432302951812966,-53.30581665039176,-0.125,-2.25,2.25
8.74,40.597900390625,40.597900390625,0.016724253073334694,0.016724253073334694,0.006996341049671173,0.006996341049671173,17.841873168945312,-9.011772155761719,0.0,-0.8164412,-0.7056912183761597,5.841264724731445,-0.60823655128479,-0.6870636343955994,5.872846438202751,-0.10375363786424206,6.12269926071167,-0.2698945701122284,-3.9653868675231934,-0.2698945701122284,-3.9653868675231934,-0.3633362054824829,216.62643432617188,-0.36312755942344666,217.6925506591797,-0.012566149234771996,-41.59469604492276,-0.125,-2.25,2.25
8.76,40.715126037597656,40.715126037597656,0.017593301832675934,0.017593301832675934,0.007997982203960419,0.007997982203960419,17.922325134277344,-9.097382545471191,0.0,-0.8310943,-0.7194331884384155,5.843874454498291,-0.6079758405685425,-0.6871079206466675,5.875415156621081,-0.10366350088978998,6.123811721801758,-0.2789062261581421,-3.970651149749756,-0.2789062261581421,-3.970651149749756,-0.36358752846717834,215.79454040527344,-0.3633362054824829,216.62643432617188,-0.014138221740722958,-30.900573730469407,-0.125,-2.25,2.25
8.78,40.8323860168457,40.8323860168457,0.018579330295324326,0.018579330295324326,0.008976645767688751,0.008976645767688751,18.00166130065918,-9.184091567993164,0.0,-0.845752,-0.7331764698028564,5.84633207321167,-0.6078495383262634,-0.6872764825820923,5.877846525004452,-0.10359886267004655,6.125078201293945,-0.2871215045452118,-3.9764692783355713,-0.2871215045452118,-3.9764692783355713,-0.3638702929019928,215.17652893066406,-0.36358752846717834,215.79454040527344,-0.015179812908171582,-21.278381347654815,-0.125,-2.25,2.25
8.8,40.949676513671875,40.949676513671875,0.019679734483361244,0.019679734483361244,0.00993262231349945,0.00993262231349945,18.07979393005371,-9.271950721740723,0.0,-0.8604131,-0.7469242811203003,5.848658084869385,-0.6078413128852844,-0.6875525712966919,5.880159220238694,-0.10355656403898998,6.1264967918396,-0.2945200800895691,-3.9827263355255127,-0.2945200800895691,-3.9827263355255127,-0.36417388916015625,214.75096130371094,-0.3638702929019928,215.17652893066406,-0.01573562622070346,-12.771606445312772,-0.125,-2.25,2.25
8.82,41.066993713378906,41.066993713378906,0.0208919458091259,0.0208919458091259,0.010866552591323853,0.010866552591323853,18.156757354736328,-9.360892295837402,0.0,-0.875078,-0.7606779932975769,5.850871562957764,-0.6079346537590027,-0.6879194974899292,5.882370490666913,-0.1035334492275393,6.1280622482299805,-0.3010936677455902,-3.989309549331665,-0.3010936677455902,-3.989309549331665,-0.3644886016845703,214.4955291748047,-0.36417388916015625,214.75096130371094,-0.015848875045776704,-5.3970336914063655,-0.125,-2.25,2.25
8.84,41.1843376159668,41.1843376159668,0.022213488817214966,0.022213488817214966,0.01177951693534851,0.01177951693534851,18.23255157470703,-9.450897216796875,0.0,-0.88974595,-0.7744400501251221,5.852992057800293,-0.6081129908561707,-0.688360869884491,5.884498061714469,-0.1035263512560526,6.129766941070557,-0.30684879422187805,-3.9961116313934326,-0.30684879422187805,-3.9961116313934326,-0.36480557918548584,214.38758850097656,-0.3644886016845703,214.4955291748047,-0.015571713447571132,0.843048095703143,-0.125,-2.25,2.25
8.86,41.301700592041016,41.301700592041016,0.02364201471209526,0.02364201471209526,0.012672715820372105,0.012672715820372105,18.307071685791016,-9.542007446289062,0.0,-0.9044163,-0.7882113456726074,5.85503625869751,-0.6083603501319885,-0.6888607144355774,5.886556880407701,-0.10353226032384567,6.131602764129639,-0.3118034601211548,-4.0030317306518555,-0.3118034601211548,-4.0030317306518555,-0.36511701345443726,214.40444946289062,-0.36480557918548584,214.38758850097656,-0.014245510101317398,6.053924560546466,-0.125,-2.25,2.25
8.88,41.41908264160156,41.41908264160156,0.02517533302307129,0.02517533302307129,0.013547725975513458,0.013547725975513458,18.38038444519043,-9.634150505065918,0.0,-0.91908884,-0.801993191242218,5.857021808624268,-0.6086612343788147,-0.6894039511680603,5.888562894708337,-0.10354823564532196,6.133559703826904,-0.31598415970802307,-4.0099778175354,-0.31598415970802307,-4.0099778175354,-0.3654019236564636,214.52552795410156,-0.36511701345443726,214.40444946289062,-0.011977553367615001,10.020446777343963,-0.125,-2.25,2.25
8.9,41.53647994995117,41.53647994995117,0.026811478659510612,0.026811478659510612,0.014407038688659668,0.014407038688659668,18.452463150024414,-9.727309226989746,0.0,-0.9337636,-0.8157858848571777,5.858964920043945,-0.6089962720870972,-0.6899709105491638,5.890530230269728,-0.10357071184718268,6.135626316070557,-0.3193604350090027,-4.016829013824463,-0.3193604350090027,-4.016829013824463,-0.3656414747238159,214.72593688964844,-0.3654019236564636,214.52552795410156,-0.00952929258346578,12.487792968750266,-0.125,-2.25,2.25
8.92,41.653892517089844,41.653892517089844,0.0285488311201334,0.0285488311201334,0.01525416225194931,0.01525416225194931,18.523223876953125,-9.821526527404785,0.0,-0.9484404,-0.8295905590057373,5.8608856201171875,-0.6093438863754272,-0.6905395984649658,5.892476578142635,-0.10359568924410259,6.137790203094482,-0.3218882977962494,-4.023449897766113,-0.3218882977962494,-4.023449897766113,-0.36583206057548523,214.97569274902344,-0.3656414747238159,214.72593688964844,-0.0069856643676759304,13.564300537109665,-0.125,-2.25,2.25
8.94,41.77130889892578,41.77130889892578,0.030386172235012054,0.030386172235012054,0.016092315316200256,0.016092315316200256,18.59272575378418,-9.916717529296875,0.0,-0.9631171,-0.8434053659439087,5.862799644470215,-0.6096857190132141,-0.6910914778709412,5.894415691751705,-0.10361979168356437,6.140035629272461,-0.32360032200813293,-4.029733180999756,-0.32360032200813293,-4.029733180999756,-0.36597177386283875,215.24697875976562,-0.36583206057548523,214.97569274902344,-0.004418194293975532,13.39492797851472,-0.125,-2.25,2.25
8.96,41.88874435424805,41.88874435424805,0.03232265263795853,0.03232265263795853,0.01692458987236023,0.01692458987236023,18.66094207763672,-10.01289176940918,0.0,-0.9777965,-0.8572320938110352,5.864718914031982,-0.6100064516067505,-0.6916115283966064,5.896357842906614,-0.10364022695200083,6.142343997955322,-0.324568510055542,-4.03559684753418,-0.324568510055542,-4.03559684753418,-0.36606013774871826,215.51487731933594,-0.36597177386283875,215.24697875976562,-0.001896917819976847,12.13226318359401,-0.125,-2.25,2.25
8.98,42.00617980957031,42.00617980957031,0.03435778245329857,0.03435778245329857,0.017753778025507927,0.017753778025507927,18.72779655456543,-10.110053062438965,0.0,-0.9924759,-0.8710677623748779,5.866654872894287,-0.6102938055992126,-0.6920879483222961,5.898313142484642,-0.1036547273489895,6.144693851470947,-0.3248883783817291,-4.040980339050293,-0.3248883783817291,-4.040980339050293,-0.3660980761051178,215.7575225830078,-0.36606013774871826,215.51487731933594,0.0005170702934265247,9.938812255859586,-0.125,-2.25,2.25
9.0,42.123626708984375,42.123626708984375,0.03649139404296875,0.03649139404296875,0.01858251728117466,0.01858251728117466,18.79335594177246,-10.208147048950195,0.0,-1.007157,-0.8849133253097534,5.868615627288818,-0.6105378866195679,-0.6925119757652283,5.900288627843254,-0.10366148858503221,6.147066593170166,-0.32466939091682434,-4.045844554901123,-0.32466939091682434,-4.045844554901123,-0.36608773469924927,215.956298828125,-0.3660980761051178,215.7575225830078,0.0027760863304138773,6.981658935547024,-0.125,-2.25,2.25
9.02,42.24108123779297,42.24108123779297,0.03872360661625862,0.03872360661625862,0.019413001835346222,0.019413001835346222,18.857572555541992,-10.307174682617188,0.0,-1.021839,-0.8987667560577393,5.870605945587158,-0.6107316613197327,-0.692877471446991,5.902288313061439,-0.10365924953159728,6.149442195892334,-0.3240206837654114,-4.050168514251709,-0.3240206837654114,-4.050168514251709,-0.366032212972641,216.09593200683594,-0.36608773469924927,215.956298828125,0.00482648611068693,3.422546386718519,-0.125,-2.25,2.25
9.040000000000001,42.35853576660156,42.35853576660156,0.04105479270219803,0.04105479270219803,0.020247159525752068,0.020247159525752068,18.92040252685547,-10.40712833404541,0.0,-1.0365207,-0.9126263856887817,5.872628211975098,-0.6108703017234802,-0.6931808590888977,5.904314070373761,-0.103647164267513,6.151802062988281,-0.3230527937412262,-4.053948879241943,-0.3230527937412262,-4.053948879241943,-0.36593568325042725,216.1643829345703,-0.366032212972641,216.09593200683594,0.006641447544098042,-0.5790710449218873,-0.125,-2.25,2.25
9.06,42.475990295410156,42.475990295410156,0.04348553344607353,0.04348553344607353,0.02108658105134964,0.02108658105134964,18.98189353942871,-10.507953643798828,0.0,-1.0512024,-0.9264911413192749,5.8746843338012695,-0.61095130443573,-0.6934205889701843,5.906367540053852,-0.10362478810683283,6.154129505157471,-0.3218717873096466,-4.057195663452148,-0.3218717873096466,-4.057195663452148,-0.3658028542995453,216.15280151367188,-0.36593568325042725,216.1643829345703,0.008189678192138847,-4.870605468750104,-0.125,-2.25,2.25
9.08,42.59345245361328,42.59345245361328,0.046016592532396317,0.046016592532396317,0.021932445466518402,0.021932445466518402,19.041994094848633,-10.60966968536377,0.0,-1.0658853,-0.9403608441352844,5.876772880554199,-0.6109740734100342,-0.6935972571372986,5.908447241703741,-0.10359205679074589,6.156407356262207,-0.32057902216911316,-4.059932231903076,-0.32057902216911316,-4.059932231903076,-0.3656390607357025,216.05538940429688,-0.3658028542995453,216.15280151367188,0.00945180654525777,-9.309387207031449,-0.125,-2.25,2.25
9.1,42.7109260559082,42.7109260559082,0.04864885285496712,0.04864885285496712,0.02278558351099491,0.02278558351099491,19.10069465637207,-10.712262153625488,0.0,-1.0805693,-0.9542348384857178,5.878889560699463,-0.6109398603439331,-0.6937131285667419,5.910549042166742,-0.10354926737558688,6.158623695373535,-0.31926682591438293,-4.062192916870117,-0.31926682591438293,-4.062192916870117,-0.36545002460479736,215.86920166015625,-0.3656390607357025,216.05538940429688,0.010421872138976346,-13.768768310545946,-0.125,-2.25,2.25
9.120000000000001,42.828399658203125,42.828399658203125,0.05138326808810234,0.05138326808810234,0.023646466434001923,0.023646466434001923,19.158023834228516,-10.81567096710205,0.0,-1.0952536,-0.9681101441383362,5.881031036376953,-0.6108514666557312,-0.6937719583511353,5.912669918500815,-0.10349696065348624,6.160766124725342,-0.3180173337459564,-4.064019680023193,-0.3180173337459564,-4.064019680023193,-0.3652415871620178,215.5938262939453,-0.36545002460479736,215.86920166015625,0.011096894741058586,-18.126678466797262,-0.125,-2.25,2.25
9.14,42.94587326049805,42.94587326049805,0.054220836609601974,0.054220836609601974,0.024515174329280853,0.024515174329280853,19.213909149169922,-10.91991901397705,0.0,-1.109938,-0.9819868803024292,5.883190631866455,-0.6107131838798523,-0.6937788128852844,5.914803682612457,-0.10343598558237384,6.162825107574463,-0.31690338253974915,-4.065462112426758,-0.31690338253974915,-4.065462112426758,-0.36501964926719666,215.23129272460938,-0.3652415871620178,215.5938262939453,0.01147687435150171,-22.28927612304735,-0.125,-2.25,2.25
9.16,43.063331604003906,43.063331604003906,0.057162556797266006,0.057162556797266006,0.025391608476638794,0.025391608476638794,19.268362045288086,-11.024950981140137,0.0,-1.1246201,-0.9958611726760864,5.8853631019592285,-0.6105301976203918,-0.6937397718429565,5.916945661750625,-0.10336731512782804,6.164792060852051,-0.3159880042076111,-4.0665740966796875,-0.3159880042076111,-4.0665740966796875,-0.3647901117801666,214.78550720214844,-0.36501964926719666,215.23129272460938,0.011578202247619875,-26.166534423828683,-0.125,-2.25,2.25
9.18,43.1807861328125,43.1807861328125,0.06020938977599144,0.06020938977599144,0.026275210082530975,0.026275210082530975,19.3214168548584,-11.130751609802246,0.0,-1.1393018,-1.009734869003296,5.887540817260742,-0.6103087663650513,-0.6936615705490112,5.919088921887668,-0.1032921425342654,6.16666316986084,-0.3153231143951416,-4.067413330078125,-0.3153231143951416,-4.067413330078125,-0.36455854773521423,214.26217651367188,-0.3647901117801666,214.78550720214844,0.011414289474486534,-29.68826293945112,-0.125,-2.25,2.25
9.200000000000001,43.298240661621094,43.298240661621094,0.06336221843957901,0.06336221843957901,0.02716524712741375,0.02716524712741375,19.372982025146484,-11.237333297729492,0.0,-1.1539838,-1.023606777191162,5.889716625213623,-0.6100554466247559,-0.6935514807701111,5.92122703274197,-0.10321170075967756,6.168433666229248,-0.3149491548538208,-4.0680389404296875,-0.3149491548538208,-4.0680389404296875,-0.3643302619457245,213.6684112548828,-0.36455854773521423,214.26217651367188,0.011013448238373037,-32.79495239257882,-0.125,-2.25,2.25
9.22,43.41569137573242,43.41569137573242,0.06662183254957199,0.06662183254957199,0.02806071937084198,0.02806071937084198,19.423107147216797,-11.344653129577637,0.0,-1.1686652,-1.0374771356582642,5.891882419586182,-0.6097775101661682,-0.6934170722961426,5.923352687299075,-0.10312735730141444,6.170103073120117,-0.31489670276641846,-4.068509101867676,-0.31489670276641846,-4.068509101867676,-0.36410999298095703,213.01251220703125,-0.3643302619457245,213.6684112548828,0.010392069816589578,-35.45608520507888,-0.125,-2.25,2.25
9.24,43.53312683105469,43.53312683105469,0.06998887658119202,0.06998887658119202,0.028960414230823517,0.028960414230823517,19.4717960357666,-11.45267105102539,0.0,-1.1833446,-1.0513436794281006,5.894031047821045,-0.6094823479652405,-0.6932660341262817,5.925459537045179,-0.10304048069324184,6.1716718673706055,-0.31518304347991943,-4.068880081176758,-0.31518304347991943,-4.068880081176758,-0.36390215158462524,212.3033905029297,-0.36410999298095703,213.01251220703125,0.009582936763763632,-37.64190673828205,-0.125,-2.25,2.25
9.26,43.65055465698242,43.65055465698242,0.07346384227275848,0.07346384227275848,0.029862983152270317,0.029862983152270317,19.51895523071289,-11.561417579650879,0.0,-1.1980228,-1.0652077198028564,5.896153926849365,-0.6091771125793457,-0.6931057572364807,5.927539783383296,-0.10295242189506822,6.1731414794921875,-0.3158172070980072,-4.069206714630127,-0.3158172070980072,-4.069206714630127,-0.36371049284935,211.55055236816406,-0.36390215158462524,212.3033905029297,0.008618831634521668,-39.33792114257896,-0.125,-2.25,2.25
9.28,43.76797103881836,43.76797103881836,0.07704705744981766,0.07704705744981766,0.030766934156417847,0.030766934156417847,19.564653396606445,-11.670827865600586,0.0,-1.2127,-1.0790685415267944,5.898244380950928,-0.6088690161705017,-0.6929435133934021,5.929587528342222,-0.10286450643952531,6.174513816833496,-0.31679990887641907,-4.069539546966553,-0.31679990887641907,-4.069539546966553,-0.36353811621665955,210.7637939453125,-0.36371049284935,211.55055236816406,0.007525086402892558,-40.553283691403514,-0.125,-2.25,2.25
9.3,43.88536834716797,43.88536834716797,0.08073866367340088,0.08073866367340088,0.03167077153921127,0.03167077153921127,19.60888671875,-11.780885696411133,0.0,-1.2273748,-1.092926025390625,5.900296211242676,-0.6085647344589233,-0.6927860975265503,5.931597290480173,-0.10277795946312263,6.17579460144043,-0.3181231617927551,-4.069924831390381,-0.3181231617927551,-4.069924831390381,-0.3633876144886017,209.95272827148438,-0.36353811621665955,210.7637939453125,0.006343424320221083,-41.29638671875088,-0.125,-2.25,2.25
9.32,44.00274658203125,44.00274658203125,0.08453861624002457,0.08453861624002457,0.03257284685969353,0.03257284685969353,19.651552200317383,-11.891596794128418,0.0,-1.242047,-1.1067801713943481,5.9023027420043945,-0.6082706451416016,-0.6926395297050476,5.933563080983767,-0.10269396243548712,6.17698860168457,-0.31977128982543945,-4.070402145385742,-0.31977128982543945,-4.070402145385742,-0.36326074600219727,209.12680053710938,-0.3633876144886017,209.95272827148438,0.005097687244415392,-41.59240722656339,-0.125,-2.25,2.25
9.34,44.1201057434082,44.1201057434082,0.08844665437936783,0.08844665437936783,0.033471543341875076,0.033471543341875076,19.692739486694336,-12.002912521362305,0.0,-1.2567168,-1.1206316947937012,5.9042582511901855,-0.6079923510551453,-0.6925094127655029,5.935479778054083,-0.10261354869628024,6.178101539611816,-0.3217223584651947,-4.0710062980651855,-0.3217223584651947,-4.0710062980651855,-0.36315879225730896,208.29495239257812,-0.36326074600219727,209.12680053710938,0.003825128078460775,-41.471099853516506,-0.125,-2.25,2.25
9.36,44.23744201660156,44.23744201660156,0.09246234595775604,0.09246234595775604,0.03436528146266937,0.03436528146266937,19.732418060302734,-12.11481761932373,0.0,-1.271384,-1.1344810724258423,5.906158924102783,-0.6077346801757812,-0.6924004554748535,5.937344076120846,-0.10253758742681633,6.179139137268066,-0.3239489197731018,-4.071764945983887,-0.3239489197731018,-4.071764945983887,-0.36308228969573975,207.4655303955078,-0.36315879225730896,208.29495239257812,0.0025525689125059313,-40.977478027340986,-0.125,-2.25,2.25
9.38,44.35475158691406,44.35475158691406,0.09658505022525787,0.09658505022525787,0.03525249660015106,0.03525249660015106,19.770517349243164,-12.227306365966797,0.0,-1.2860475,-1.1483285427093506,5.908000946044922,-0.6075019836425781,-0.6923165321350098,5.939152619574392,-0.10246686689850175,6.18010950088501,-0.3264206051826477,-4.0727009773254395,-0.3264206051826477,-4.0727009773254395,-0.3630312383174896,206.64598083496094,-0.36308228969573975,207.4655303955078,0.0013068318367004672,-40.15426635742273,-0.125,-2.25,2.25
9.4,44.4720344543457,44.4720344543457,0.10081394016742706,0.10081394016742706,0.036131732165813446,0.036131732165813446,19.807111740112305,-12.340333938598633,0.0,-1.3007078,-1.1621744632720947,5.909780502319336,-0.6072974801063538,-0.6922606229782104,5.940901936148863,-0.10240198491146907,6.181017875671387,-0.3291025161743164,-4.073829174041748,-0.3291025161743164,-4.073829174041748,-0.3630051016807556,205.8428955078125,-0.3630312383174896,206.64598083496094,0.00011473894119262939,-39.051055908203956,-0.125,-2.25,2.25
9.42,44.58928680419922,44.58928680419922,0.10514803230762482,0.10514803230762482,0.037001561373472214,0.037001561373472214,19.8421573638916,-12.453887939453125,0.0,-1.3153644,-1.1760196685791016,5.911496639251709,-0.6071237921714783,-0.6922348737716675,5.942591338372926,-0.10234338977894777,6.18187141418457,-0.3319590985774994,-4.075157642364502,-0.3319590985774994,-4.075157642364502,-0.36300280690193176,205.06187438964844,-0.3630051016807556,205.8428955078125,-0.0010013580322265838,-37.72201538086018,-0.125,-2.25,2.25
9.44,44.70650100708008,44.70650100708008,0.10958614945411682,0.10958614945411682,0.03786082565784454,0.03786082565784454,19.8756046295166,-12.567952156066895,0.0,-1.3300163,-1.1898640394210815,5.913147926330566,-0.6069825887680054,-0.6922406554222107,5.944219567086582,-0.10229137824012588,6.182676792144775,-0.3349546194076538,-4.076691150665283,-0.3349546194076538,-4.076691150665283,-0.3630228340625763,204.30743408203125,-0.36300280690193176,205.06187438964844,-0.002023577690124375,-36.218261718747556,-0.125,-2.25,2.25
9.46,44.82368087768555,44.82368087768555,0.11412700265645981,0.11412700265645981,0.0387083999812603,0.0387083999812603,19.90752410888672,-12.682494163513184,0.0,-1.3446636,-1.2037094831466675,5.914733409881592,-0.6068746447563171,-0.6922783255577087,5.945785746595451,-0.10224608929225644,6.183439254760742,-0.3380511701107025,-4.078425884246826,-0.3380511701107025,-4.078425884246826,-0.3630633056163788,203.58306884765625,-0.3630228340625763,204.30743408203125,-0.002932548522949281,-34.59625244140699,-0.125,-2.25,2.25
9.48,44.940818786621094,44.940818786621094,0.11876914650201797,0.11876914650201797,0.039543233811855316,0.039543233811855316,19.93785858154297,-12.797490119934082,0.0,-1.3593061,-1.217555284500122,5.916253089904785,-0.6068001985549927,-0.6923476457595825,5.947289895807526,-0.10220755608601424,6.1841654777526855,-0.34121206402778625,-4.080354690551758,-0.34121206402778625,-4.080354690551758,-0.36312195658683777,202.89114379882812,-0.3630633056163788,203.58306884765625,-0.0037178397178650696,-32.90634155273508,-0.125,-2.25,2.25
9.5,45.05791473388672,45.05791473388672,0.12351101636886597,0.12351101636886597,0.04036455228924751,0.04036455228924751,19.966583251953125,-12.912933349609375,0.0,-1.3739432,-1.231403112411499,5.917708396911621,-0.6067584156990051,-0.6924474835395813,5.948733348024592,-0.10217560821897403,6.184859275817871,-0.3444025218486786,-4.08246374130249,-0.3444025218486786,-4.08246374130249,-0.36319631338119507,202.23301696777344,-0.36312195658683777,202.89114379882812,-0.004142522811889737,-31.04400634765691,-0.125,-2.25,2.25
9.52,45.17496871948242,45.17496871948242,0.12835098803043365,0.12835098803043365,0.04115362465381622,0.04115362465381622,19.993751525878906,-13.028778076171875,0.0,-1.3885303,-1.2452266216278076,5.919101238250732,-0.6067481637001038,-0.6925761103630066,5.950117881421746,-0.10215001789448454,6.185525417327881,-0.34758976101875305,-4.084737300872803,-0.34758976101875305,-4.084737300872803,-0.36327916383743286,201.6121368408203,-0.36319631338119507,202.23301696777344,0.0002473592758178544,-24.408721923826477,-0.12324055,-2.25,2.25
9.540000000000001,45.292030334472656,45.292030334472656,0.13327021896839142,0.13327021896839142,0.04151901230216026,0.04151901230216026,20.019317626953125,-13.145009994506836,0.0,-1.4026716,-1.2590223550796509,5.920433521270752,-0.6067659258842468,-0.6927295327186584,5.951445031973375,-0.1021301594258485,6.186169147491455,-0.35072070360183716,-4.087141990661621,-0.35072070360183716,-4.087141990661621,-0.3632742166519165,201.12396240234375,-0.36327916383743286,201.6121368408203,0.010994076728821035,-12.849426269531524,-0.118362986,-2.25,2.25
9.56,45.409122467041016,45.409122467041016,0.13820688426494598,0.13820688426494598,0.041314706206321716,0.041314706206321716,20.043272018432617,-13.26161003112793,0.0,-1.4162397,-1.272815227508545,5.921728134155273,-0.6067767143249512,-0.6928681135177612,5.952734000095509,-0.10210978944760657,6.186838626861572,-0.3532789647579193,-4.089404582977295,-0.3532789647579193,-4.089404582977295,-0.3630543351173401,200.86697387695312,-0.3632742166519165,201.12396240234375,0.030270218849182774,0.02593994140625055,-0.113484144,-2.25,2.25
9.58,45.5262565612793,45.5262565612793,0.14309388399124146,0.14309388399124146,0.04055449366569519,0.04055449366569519,20.06566619873047,-13.378548622131348,0.0,-1.4292531,-1.286622166633606,5.92302942276001,-0.6067104935646057,-0.6929131150245667,5.954021763974514,-0.10207644738551762,6.1876220703125,-0.35438254475593567,-4.090987205505371,-0.35438254475593567,-4.090987205505371,-0.36244893074035645,200.86749267578125,-0.3630543351173401,200.86697387695312,0.05766451358795289,11.077117919922111,-0.10860356,-2.25,2.25
9.6,45.64344024658203,45.64344024658203,0.1478661745786667,0.1478661745786667,0.039261795580387115,0.039261795580387115,20.08643913269043,-13.49581241607666,0.0,-1.4416918,-1.3004202842712402,5.924412250518799,-0.6064547300338745,-0.6927382946014404,5.955371344733901,-0.10201006338827132,6.188605308532715,-0.35280781984329224,-4.091037750244141,-0.35280781984329224,-4.091037750244141,-0.3612956404685974,201.0890350341797,-0.36244893074035645,200.86749267578125,0.09072422981261595,15.729522705077063,-0.1037209,-2.25,2.25
9.620000000000001,45.760684967041016,45.760684967041016,0.152461975812912,0.152461975812912,0.03746853023767471,0.03746853023767471,20.105606079101562,-13.613372802734375,0.0,-1.4535615,-1.3142081499099731,5.925971984863281,-0.6058647632598877,-0.6921828389167786,5.956862939227696,-0.10188487457230103,6.189854621887207,-0.34731221199035645,-4.088481426239014,-0.34731221199035645,-4.088481426239014,-0.35948115587234497,201.40362548828125,-0.3612956404685974,201.0890350341797,0.12847483158111847,12.564086914062768,-0.09883571,-2.25,2.25
9.64,45.87800598144531,45.87800598144531,0.15682347118854523,0.15682347118854523,0.035211872309446335,0.035211872309446335,20.123212814331055,-13.731216430664062,0.0,-1.464878,-1.3279931545257568,5.9278130531311035,-0.6047848463058472,-0.691075325012207,5.9585847567348305,-0.10167315157745906,6.19138765335083,-0.33699721097946167,-4.082185745239258,-0.33699721097946167,-4.082185745239258,-0.35691165924072266,201.6549072265625,-0.35948115587234497,201.40362548828125,0.16968250274658564,0.701904296875015,-0.09394733,-2.25,2.25
9.66,45.99541091918945,45.99541091918945,0.16089753806591034,0.16089753806591034,0.03253291919827461,0.03253291919827461,20.13920783996582,-13.849316596984863,0.0,-1.4756163,-1.3417372703552246,5.930038928985596,-0.603054404258728,-0.6892417073249817,5.960623819180379,-0.10134643615597075,6.193176746368408,-0.3213236927986145,-4.071006774902344,-0.3213236927986145,-4.071006774902344,-0.353518009185791,201.6689453125,-0.35691165924072266,201.6549072265625,0.21291226148605802,-20.185089111328555,-0.089055456,-2.25,2.25
9.68,46.11292266845703,46.11292266845703,0.1646360158920288,0.1646360158920288,0.029475660994648933,0.029475660994648933,20.15363883972168,-13.967665672302246,0.0,-1.4857905,-1.3554383516311646,5.932744026184082,-0.6005141139030457,-0.6865121126174927,5.963058685039052,-0.10087672105250402,6.195156097412109,-0.3001219928264618,-4.053839206695557,-0.3001219928264618,-4.053839206695557,-0.34925976395606995,201.26524353027344,-0.353518009185791,201.6689453125,0.25665462017057594,-49.85809326171538,-0.084159136,-2.25,2.25
9.700000000000001,46.23055648803711,46.23055648803711,0.16799594461917877,0.16799594461917877,0.02608552761375904,0.02608552761375904,20.16655158996582,-14.086244583129883,0.0,-1.4954122,-1.3690890073776245,5.936010360717773,-0.5970132350921631,-0.682729184627533,5.965957073716166,-0.10023775901791158,6.197227478027344,-0.27359524369239807,-4.029666900634766,-0.27359524369239807,-4.029666900634766,-0.3441266715526581,200.26808166503906,-0.34925976395606995,201.26524353027344,0.2994716167450015,-87.53967285156436,-0.07925773,-2.25,2.25
9.72,46.34832763671875,46.34832763671875,0.17093966901302338,0.17093966901302338,0.022407330572605133,0.022407330572605133,20.177915573120117,-14.205039978027344,0.0,-1.5044494,-1.3826355934143066,5.939895153045654,-0.5924164652824402,-0.6777554750442505,5.969364429946709,-0.09940643976979434,6.199267864227295,-0.2423037439584732,-3.9976112842559814,-0.2423037439584732,-3.9976112842559814,-0.3381372392177582,198.5172882080078,-0.3441266715526581,200.26808166503906,0.3401324152946545,-132.01141357422156,-0.074350595,-2.25,2.25
9.74,46.466251373291016,46.466251373291016,0.17343464493751526,0.17343464493751526,0.018483929336071014,0.018483929336071014,20.187807083129883,-14.3240385055542,0.0,-1.5129266,-1.3960788249969482,5.944431304931641,-0.5866101384162903,-0.6714801788330078,5.973305198426083,-0.09836382704195594,6.201138973236084,-0.20711910724639893,-3.95697283744812,-0.20711910724639893,-3.95697283744812,-0.33133459091186523,195.87705993652344,-0.3381372392177582,198.5172882080078,0.37771463394165844,-181.71997070312887,-0.06943711,-2.25,2.25
9.76,46.5843505859375,46.5843505859375,0.1754530817270279,0.1754530817270279,0.014354736544191837,0.014354736544191837,20.196273803710938,-14.4432373046875,0.0,-1.520847,-1.4093962907791138,5.949622631072998,-0.5795072317123413,-0.6638238430023193,5.977778691435715,-0.09709606679161169,6.202694892883301,-0.1691557615995407,-3.907264471054077,-0.1691557615995407,-3.907264471054077,-0.3237802982330322,192.24266052246094,-0.33133459091186523,195.87705993652344,0.41163712739945335,-234.9334716796925,-0.064516306,-2.25,2.25
9.78,46.70263671875,46.70263671875,0.17697149515151978,0.17697149515151978,0.010054439306259155,0.010054439306259155,20.20330238342285,-14.562617301940918,0.0,-1.5281756,-1.4225263595581055,5.955442428588867,-0.5710502862930298,-0.6547411680221558,5.982757971848085,-0.09559486825216426,6.20379114151001,-0.12968075275421143,-3.8482255935668945,-0.12968075275421143,-3.8482255935668945,-0.31554755568504333,187.5439910888672,-0.3237802982330322,192.24266052246094,0.44164955615994334,-289.8941040038867,-0.059587717,-2.25,2.25
9.8,46.82112121582031,46.82112121582031,0.17797014117240906,0.17797014117240906,0.005612395703792572,0.005612395703792572,20.20899200439453,-14.682168960571289,0.0,-1.5349461,-1.4354761838912964,5.961838722229004,-0.5612123012542725,-0.6442205309867859,5.988195070048093,-0.09385751755680138,6.204290390014648,-0.09001263976097107,-3.7798209190368652,-0.09001263976097107,-3.7798209190368652,-0.30671456456184387,181.74610900878906,-0.31554755568504333,187.5439910888672,0.46776235103608177,-344.96231079102296,-0.05465086,-2.25,2.25
9.82,46.939815521240234,46.939815521240234,0.17843230068683624,0.17843230068683624,0.001052357256412506,0.001052357256412506,20.213375091552734,-14.801889419555664,0.0,-1.5411431,-1.4482041597366333,5.968735694885254,-0.5499952435493469,-0.6322815418243408,5.994022068972074,-0.09188654091215535,6.204071998596191,-0.05142633616924286,-3.7022228240966797,-0.05142633616924286,-3.7022228240966797,-0.29735931754112244,174.84686279296875,-0.30671456456184387,181.74610900878906,0.4892840981483564,-382.5706481933675,-0.049705267,-2.25,2.25
9.84,47.05873107910156,47.05873107910156,0.17834366858005524,0.17834366858005524,-0.0036075785756111145,-0.0036075785756111145,20.21649169921875,-14.921764373779297,0.0,-1.5467521,-1.4606705904006958,5.976036071777344,-0.5374271273612976,-0.6189708113670349,6.000152918751971,-0.0896891019526718,6.20303201675415,-0.01507243700325489,-3.6157822608947754,-0.01507243700325489,-3.6157822608947754,-0.2875736355781555,167.19544982910156,-0.29735931754112244,174.84686279296875,0.5066946148872483,-424.56130981446216,-0.044750452,-2.25,2.25
9.86,47.177879333496094,47.177879333496094,0.17769171297550201,0.17769171297550201,-0.008355759084224701,-0.008355759084224701,20.218425750732422,-15.041797637939453,0.0,-1.5517964,-1.4728748798370361,5.983633995056152,-0.5235654711723328,-0.6043658256530762,6.006496199066104,-0.08727729775458426,6.201231002807617,0.01808926835656166,-3.521049737930298,0.01808926835656166,-3.521049737930298,-0.27743974328041077,158.7042236328125,-0.2875736355781555,167.19544982910156,0.5216389894485122,-463.90533447262493,-0.03978594,-2.25,2.25
9.88,47.29725646972656,47.29725646972656,0.17646494507789612,0.17646494507789612,-0.01318608969449997,-0.01318608969449997,20.21920394897461,-15.161964416503906,0.0,-1.5562433,-1.4847625494003296,5.991415500640869,-0.5084898471832275,-0.5885658264160156,6.012954483946149,-0.08466684274250233,6.198642253875732,0.0473683699965477,-3.418720245361328,0.0473683699965477,-3.418720245361328,-0.2670069634914398,149.42611694335938,-0.27743974328041077,158.7042236328125,0.5344063043594475,-500.09689331055756,-0.034811895,-2.25,2.25
9.9,47.416866302490234,47.416866302490234,0.17465239763259888,0.17465239763259888,-0.018095308914780617,-0.018095308914780617,20.218902587890625,-15.282267570495605,0.0,-1.5601083,-1.496329426765442,5.999270439147949,-0.4922853112220764,-0.5716710686683655,6.019434411112014,-0.08187409362145477,6.195242881774902,0.07235818356275558,-3.3094964027404785,0.07235818356275558,-3.3094964027404785,-0.2563188374042511,139.42417907714844,-0.2670069634914398,149.42611694335938,0.5452714860439417,-532.8109741211051,-0.029828152,-2.25,2.25
9.92,47.536705017089844,47.536705017089844,0.1722434163093567,0.1722434163093567,-0.023082373663783073,-0.023082373663783073,20.21758460998535,-15.402691841125488,0.0,-1.5633914,-1.5075582265853882,6.007091045379639,-0.47503945231437683,-0.5537806749343872,6.0258447796749115,-0.0789155533492483,6.191015243530273,0.09284071624279022,-3.1940717697143555,0.09284071624279022,-3.1940717697143555,-0.2454134076833725,128.76795959472656,-0.2563188374042511,139.42417907714844,0.5544871091842769,-561.8579864502072,-0.024834871,-2.25,2.25
9.94,47.65676498413086,47.65676498413086,0.16922736167907715,0.16922736167907715,-0.02814796380698681,-0.02814796380698681,20.215288162231445,-15.523222923278809,0.0,-1.5660635,-1.5184040069580078,6.014774799346924,-0.4568403363227844,-0.5349906086921692,6.032099052547989,-0.07580747356832794,6.185948371887207,0.10873891413211823,-3.073115110397339,0.10873891413211823,-3.073115110397339,-0.2343236654996872,117.53079986572266,-0.2454134076833725,128.76795959472656,0.5622819066047289,-587.1677398681244,-0.019832373,-2.25,2.25
9.96,47.77703857421875,47.77703857421875,0.16559360921382904,0.16559360921382904,-0.03329398110508919,-0.03329398110508919,20.212093353271484,-15.643860816955566,0.0,-1.568155,-1.528883695602417,6.022225379943848,-0.4377743899822235,-0.515392541885376,6.038116009432423,-0.0725654868503345,6.1800408363342285,0.12007930129766464,-2.9472579956054688,0.12007930129766464,-2.9472579956054688,-0.22307802736759186,105.78744506835938,-0.2343236654996872,117.53079986572266,0.5688577890396239,-608.7562561035286,-0.014820973,-2.25,2.25
9.98,47.89752197265625,47.89752197265625,0.16133134067058563,0.16133134067058563,-0.03852308169007301,-0.03852308169007301,20.20805549621582,-15.764594078063965,0.0,-1.5696329,-1.5389516353607178,6.029353618621826,-0.41792479157447815,-0.49507227540016174,6.04382049615975,-0.06920433336232232,6.173295974731445,0.12696941196918488,-2.817084550857544,0.12696941196918488,-2.817084550857544,-0.21170087158679962,93.61231994628906,-0.22307802736759186,105.78744506835938,0.5737848579883698,-632.321166992201,-0.009800832,-2.25,2.25
10.0,48.01819610595703,48.01819610595703,0.1564294844865799,0.1564294844865799,-0.043838318437337875,-0.043838318437337875,20.20323371887207,-15.885412216186523,0.0,-1.5705122,-1.5486128330230713,6.036079406738281,-0.39737021923065186,-0.47410979866981506,6.049145203711131,-0.06573764589851189,6.165724277496338,0.12957294285297394,-2.68312931060791,0.12957294285297394,-2.68312931060791,-0.20022517442703247,80.96589660644531,-0.21170087158679962,93.61231994628906,0.5776755511760835,-650.0778198242326,-0.0047727427,-2.25,2.25
10.02,48.139041900634766,48.139041900634766,0.15087676048278809,0.15087676048278809,-0.04924396052956581,-0.04924396052956581,20.19769287109375,-16.006301879882812,0.0,-1.5707964,-1.557861328125,6.042327404022217,-0.376190721988678,-0.45258575677871704,6.054026752229315,-0.0621789848609543,6.157292366027832,0.1280219852924347,-2.545924186706543,0.1280219852924347,-2.545924186706543,-0.18867166340351105,67.96434020996094,-0.20022517442703247,80.96589660644531,0.580843538045844,-666.1911010741737,-0.0,-2.25,2.25
10.040000000000001,48.2599983215332,48.2599983215332,0.14466895163059235,0.14466895163059235,-0.05446847900748253,-0.05446847900748253,20.191484451293945,-16.12725830078125,0.0,-1.5707964,-1.566724181175232,6.048028469085693,-0.354460746049881,-0.4305742084980011,6.058406620833672,-0.05854068670087459,6.148005962371826,0.1224760115146637,-2.4059481620788574,0.1224760115146637,-2.4059481620788574,-0.17705479264259338,54.64051818847656,-0.18867166340351105,67.96434020996094,0.5832135677337771,-683.434677124038,-0.0,-2.25,2.25
10.06,48.381004333496094,48.381004333496094,0.13784968852996826,0.13784968852996826,-0.059180062264204025,-0.059180062264204025,20.18466567993164,-16.248262405395508,0.0,-1.5707964,-1.5751429796218872,6.053121089935303,-0.33224669098854065,-0.4081406593322754,6.062232492497494,-0.054833470128268426,6.137864112854004,0.11313990503549576,-2.2636141777038574,0.11313990503549576,-2.2636141777038574,-0.1653905212879181,40.971824645996094,-0.17705479264259338,54.64051818847656,0.5849733948707705,-701.5260696411283,-0.0,-2.25,2.25
10.08,48.50205612182617,48.50205612182617,0.13048098981380463,0.13048098981380463,-0.0633804127573967,-0.0633804127573967,20.177297592163086,-16.36931610107422,0.0,-1.5707964,-1.583109736442566,6.057548999786377,-0.309609979391098,-0.38534530997276306,6.065456143123243,-0.051066990146703344,6.126835346221924,0.10019730031490326,-2.1192941665649414,0.10019730031490326,-2.1192941665649414,-0.15369105339050293,26.941303253173828,-0.1653905212879181,40.971824645996094,0.5862534046173221,-720.2451705932771,-0.0,-2.25,2.25
10.1,48.623130798339844,48.623130798339844,0.12262499332427979,0.12262499332427979,-0.06707116216421127,-0.06707116216421127,20.16944122314453,-16.49039077758789,0.0,-1.5707964,-1.5906178951263428,6.061261177062988,-0.2866056561470032,-0.3622421324253082,6.068033442451225,-0.04724962858985256,6.114874362945557,0.08379306644201279,-1.9733126163482666,0.08379306644201279,-1.9733126163482666,-0.14196598529815674,12.536399841308594,-0.15369105339050293,26.941303253173828,0.5868837237357697,-724.9544501304138,-0.0,-2.25,2.25
10.120000000000001,48.744224548339844,48.744224548339844,0.11434388160705566,0.11434388160705566,-0.0702536553144455,-0.0702536553144455,20.16115951538086,-16.61148452758789,0.0,-1.5707964,-1.5976614952087402,6.064208984375,-0.2632822096347809,-0.3388787806034088,6.069921591592814,-0.0433885069757551,6.101928234100342,0.06403297930955887,-1.825947642326355,0.06403297930955887,-1.825947642326355,-0.13022831082344055,-1.9626891613006592,-0.14196598529815674,12.536399841308594,0.5872625857591754,-723.4054207801973,-0.0,-2.25,2.25
10.14,48.86532211303711,48.86532211303711,0.10569990426301956,0.10569990426301956,-0.07292953133583069,-0.07292953133583069,20.152515411376953,-16.732580184936523,0.0,-1.5707964,-1.6042357683181763,6.066349506378174,-0.23968513309955597,-0.31530097126960754,6.071082712050929,-0.039490063399502,6.088071346282959,0.04107224568724632,-1.6774601936340332,0.04107224568724632,-1.6774601936340332,-0.1184830591082573,-16.430797576904297,-0.13022831082344055,-1.9626891613006592,0.5875810980796939,-717.2554016113434,-0.0,-2.25,2.25
10.16,48.986419677734375,48.986419677734375,0.09675531089305878,0.09675531089305878,-0.07509995996952057,-0.07509995996952057,20.143571853637695,-16.853679656982422,0.0,-1.5707964,-1.6103368997573853,6.067647933959961,-0.21585305035114288,-0.29154741764068604,6.071486143427693,-0.03555942350970586,6.073388576507568,0.015200209803879261,-1.5280680656433105,0.015200209803879261,-1.5280680656433105,-0.10673143714666367,-30.77590560913086,-0.1184830591082573,-16.430797576904297,0.5870159715414173,-709.331512451187,-0.0,-2.25,2.25
10.18,49.10749816894531,49.10749816894531,0.08757241815328598,0.08757241815328598,-0.0767655223608017,-0.0767655223608017,20.134387969970703,-16.974756240844727,0.0,-1.5707964,-1.6159615516662598,6.068080902099609,-0.19181770086288452,-0.26764941215515137,6.071111913380475,-0.031600410555730776,6.057964324951172,-0.013232680968940258,-1.3779443502426147,-0.013232680968940258,-1.3779443502426147,-0.09499111771583557,-44.9625358581543,-0.10673143714666367,-30.77590560913086,0.5859158933162294,-699.1901397704606,-0.0,-2.25,2.25
10.200000000000001,49.22854995727539,49.22854995727539,0.07821346074342728,0.07821346074342728,-0.07792823016643524,-0.07792823016643524,20.125028610229492,-17.095809936523438,0.0,-1.5707964,-1.6211069822311401,6.067629814147949,-0.167616069316864,-0.24364402890205383,6.0699445391395725,-0.027617612951377643,6.041856288909912,-0.04390609636902809,-1.227313756942749,-0.04390609636902809,-1.227313756942749,-0.08327279984951019,-58.94633865356445,-0.09499111771583557,-44.9625358581543,0.5844309926033144,-692.6145553589015,-0.0,-2.25,2.25
10.22,49.34956359863281,49.34956359863281,0.06874047219753265,0.06874047219753265,-0.07859070599079132,-0.07859070599079132,20.115556716918945,-17.21682357788086,0.0,-1.5707964,-1.6257716417312622,6.0662841796875,-0.14328470826148987,-0.21956747770309448,6.067976125228941,-0.023615456659784793,6.025111198425293,-0.07652663439512253,-1.076406717300415,-0.07652663439512253,-1.076406717300415,-0.07158417999744415,-72.79862976074219,-0.08327279984951019,-58.94633865356445,0.5824560299515849,-689.1735076904444,-0.0,-2.25,2.25
10.24,49.47053146362305,49.47053146362305,0.05921509116888046,0.05921509116888046,-0.07875636965036392,-0.07875636965036392,20.10603141784668,-17.337791442871094,0.0,-1.5707964,-1.629954218864441,6.064035415649414,-0.11886101216077805,-0.19545650482177734,6.065200199701758,-0.019598466278333178,6.007721424102783,-0.11086307466030121,-0.9254665374755859,-0.11086307466030121,-0.9254665374755859,-0.059935059398412704,-86.58209991455078,-0.07158417999744415,-72.79862976074219,0.5798341706395272,-687.3184204101709,-0.0,-2.25,2.25
10.26,49.591434478759766,49.591434478759766,0.049698397517204285,0.049698397517204285,-0.07842998206615448,-0.07842998206615448,20.096513748168945,-17.45869255065918,0.0,-1.5707964,-1.6336545944213867,6.060877799987793,-0.09438565373420715,-0.17135143280029297,6.061612686242474,-0.015571675908865277,5.989645481109619,-0.14678160846233368,-0.774768590927124,-0.14678160846233368,-0.774768590927124,-0.048338375985622406,-100.3284683227539,-0.059935059398412704,-86.58209991455078,0.575491786003125,-678.5186767578269,-0.0,-2.25,2.25
10.28,49.71226501464844,49.71226501464844,0.04025071859359741,0.04025071859359741,-0.07761780917644501,-0.07761780917644501,20.087066650390625,-17.57952308654785,0.0,-1.5707964,-1.6368733644485474,6.0568060874938965,-0.06990310549736023,-0.14729687571525574,6.057209458625423,-0.011540736326691803,5.970837593078613,-0.1842213124036789,-0.6246228218078613,-0.1842213124036789,-0.6246228218078613,-0.03682854026556015,-113.89884185791016,-0.048338375985622406,-100.3284683227539,0.5691936239599797,-671.5431213378453,-0.0,-2.25,2.25
10.3,49.833011627197266,49.833011627197266,0.03093135356903076,0.03093135356903076,-0.07632976025342941,-0.07632976025342941,20.077747344970703,-17.700271606445312,0.0,-1.5707964,-1.6396121978759766,6.051815032958984,-0.045473694801330566,-0.12335474044084549,6.051985876558804,-0.007513917519180547,5.951320648193359,-0.22311365604400635,-0.4754658341407776,-0.22311365604400635,-0.4754658341407776,-0.025444667786359787,-127.32970428466797,-0.03682854026556015,-113.89884185791016,0.562600651755941,-628.9836883545056,-0.0,-2.25,2.25
10.32,49.95365524291992,49.95365524291992,0.021798109635710716,0.021798109635710716,-0.07457910478115082,-0.07457910478115082,20.068613052368164,-17.820913314819336,0.0,-1.5707964,-1.641873836517334,6.045905590057373,-0.02117074467241764,-0.09960000962018967,6.045942656386758,-0.003501652122772745,5.931087493896484,-0.2633339762687683,-0.32783541083335876,-0.2633339762687683,-0.32783541083335876,-0.014192654751241207,-139.9093780517578,-0.025444667786359787,-127.32970428466797,0.5540964426472901,-594.2024230957157,-0.0,-2.25,2.25
10.34,50.07419204711914,50.07419204711914,0.012907064519822598,0.012907064519822598,-0.07237792760133743,-0.07237792760133743,20.059722900390625,-17.941452026367188,0.0,-1.5707964,-1.643662452697754,6.039087772369385,0.0029482764657586813,-0.07608722150325775,6.039088492042118,0.0004881989371008886,5.9104437828063965,-0.3045114576816559,-0.1821424663066864,-0.3045114576816559,-0.1821424663066864,-0.003110725898295641,-151.79342651367188,-0.014192654751241207,-139.9093780517578,0.543062854558241,-566.2216186523558,-0.0,-2.25,2.25
10.36,50.194610595703125,50.194610595703125,0.004312432371079922,0.004312432371079922,-0.06974104791879654,-0.06974104791879654,20.051128387451172,-18.061870574951172,0.0,-1.5707964,-1.6449835300445557,6.0313873291015625,0.02681691013276577,-0.052877940237522125,6.03144694582618,0.004446196531210976,5.8895182609558105,-0.34608903527259827,-0.03886359930038452,-0.34608903527259827,-0.03886359930038452,0.007750531192868948,-163.11785888671875,-0.003110725898295641,-151.79342651367188,0.5286989966407062,-543.9346313476195,-0.0,-2.25,2.25
10.38,50.31489181518555,50.31489181518555,-0.003933846019208431,-0.003933846019208431,-0.06668693572282791,-0.06668693572282791,20.042882919311523,-18.182151794433594,0.0,-1.5707964,-1.6458439826965332,6.022836685180664,0.05035565048456192,-0.030046673491597176,6.023047187918565,0.008360591500827665,5.868344306945801,-0.3876161277294159,0.1014309749007225,-0.3876161277294159,0.1014309749007225,0.018324511125683784,-173.99655151367188,0.007750531192868948,-163.11785888671875,0.5100025795400251,-526.1024475097769,-0.0,-2.25,2.25
10.4,50.43502426147461,50.43502426147461,-0.011782627552747726,-0.011782627552747726,-0.06323875486850739,-0.06323875486850739,20.0350341796875,-18.302284240722656,0.0,-1.5707964,-1.6462516784667969,6.013471603393555,0.0734674409031868,-0.00768687017261982,6.013920367754591,0.01221653495026398,5.8469038009643555,-0.4287830889225006,0.23804515600204468,-0.4287830889225006,0.23804515600204468,0.02852456271648407,-184.5186004638672,0.018324511125683784,-173.99655151367188,0.4857879132032498,-511.3586425781359,-0.0,-2.25,2.25
10.42,50.55499267578125,50.55499267578125,-0.01918821781873703,-0.01918821781873703,-0.05942590907216072,-0.05942590907216072,20.02762794494629,-18.422250747680664,0.0,-1.5707964,-1.6462174654006958,6.003328800201416,0.0960320234298706,0.014082801528275013,6.004096837397928,0.015995098181972135,5.825157165527344,-0.4693669080734253,0.37011608481407166,-0.4693669080734253,0.37011608481407166,0.03824032098054886,-194.7457733154297,0.02852456271648407,-184.5186004638672,0.4547730088234045,-498.2284545898544,-0.0,-2.25,2.25
10.44,50.6747932434082,50.6747932434082,-0.026109207421541214,-0.026109207421541214,-0.055285561829805374,-0.055285561829805374,20.020706176757812,-18.54205322265625,0.0,-1.5707964,-1.645754098892212,5.992446422576904,0.11789944767951965,0.03511200100183487,5.993606127133971,0.019672138925994634,5.803062915802002,-0.5091618895530701,0.49656763672828674,-0.5091618895530701,0.49656763672828674,0.047335781157016754,-204.71034240722656,0.03824032098054886,-194.7457733154297,0.41579119861123137,-485.1417541503579,-0.0,-2.25,2.25
10.46,50.794403076171875,50.794403076171875,-0.03250948712229729,-0.03250948712229729,-0.05086464434862137,-0.05086464434862137,20.014307022094727,-18.66166114807129,0.0,-1.5707964,-1.6448782682418823,5.980868339538574,0.13888393342494965,0.05521314591169357,5.982480659547383,0.023217193569371897,5.780594348907471,-0.547915518283844,0.6160686016082764,-0.547915518283844,0.6160686016082764,0.05565160512924194,-214.41317749023438,0.047335781157016754,-204.71034240722656,0.36814250051976033,-470.46279907227563,-0.0,-2.25,2.25
10.48,50.913818359375,50.913818359375,-0.03835947439074516,-0.03835947439074516,-0.04622114077210426,-0.04622114077210426,20.00845718383789,-18.781076431274414,0.0,-1.5707964,-1.6436103582382202,5.968642234802246,0.15876029431819916,0.07415878027677536,5.970753299050058,0.026592793210238826,5.757748126983643,-0.585288941860199,0.7270121574401855,-0.585288941860199,0.7270121574401855,0.063014455139637,-223.8224334716797,0.05565160512924194,-214.41317749023438,0.3120377659797735,-452.59094238282216,-0.0,-2.25,2.25
10.5,51.03302001953125,51.03302001953125,-0.04363743215799332,-0.04363743215799332,-0.04142465442419052,-0.04142465442419052,20.003177642822266,-18.900278091430664,0.0,-1.5707964,-1.6419757604599,5.95582389831543,0.17726609110832214,0.09168519824743271,5.958461342897344,0.02975470351679396,5.734551429748535,-0.620850682258606,0.8275413513183594,-0.620850682258606,0.8275413513183594,0.06925521045923233,-232.87425231933594,0.063014455139637,-223.8224334716797,0.2489577978849464,-430.1193237304779,-0.0,-2.25,2.25
10.52,51.15199661254883,51.15199661254883,-0.04833073541522026,-0.04833073541522026,-0.03655513375997543,-0.03655513375997543,19.998485565185547,-19.019256591796875,0.0,-1.5707964,-1.640005350112915,5.942474365234375,0.19411315023899078,0.1075056791305542,5.94564390933088,0.03265376359686474,5.711069107055664,-0.6541118025779724,0.9156466722488403,-0.6541118025779724,0.9156466722488403,0.07423436641693115,-241.4766387939453,0.06925521045923233,-232.87425231933594,0.17923861742018443,-395.85494995114516,-0.0,-2.25,2.25
10.540000000000001,51.27073287963867,51.27073287963867,-0.05243688076734543,-0.05243688076734543,-0.031699564307928085,-0.031699564307928085,19.9943790435791,-19.137990951538086,0.0,-1.5707964,-1.6377354860305786,5.928660869598389,0.20901012420654297,0.12133514136075974,5.932343966656684,0.035239593453586376,5.687405586242676,-0.6845982670783997,0.989347517490387,-0.6845982670783997,0.989347517490387,0.07781913876533508,-249.39373779296875,0.07423436641693115,-241.4766387939453,0.10525658726692425,-349.7909545898512,-0.0,-2.25,2.25
10.56,51.389217376708984,51.389217376708984,-0.05596420541405678,-0.05596420541405678,-0.026951443403959274,-0.026951443403959274,19.99085235595703,-19.256473541259766,0.0,-1.5707964,-1.6352087259292603,5.914452075958252,0.22166478633880615,0.13289128243923187,5.918604450063334,0.03746096588871266,5.663755893707275,-0.7118428349494934,1.046709418296814,-0.7118428349494934,1.046709418296814,0.07992427051067352,-256.3895568847656,0.07781913876533508,-249.39373779296875,0.0354673713445671,-297.8378295898501,-0.0,-2.25,2.25
10.58,51.50743865966797,51.50743865966797,-0.05893231928348541,-0.05893231928348541,-0.022406088188290596,-0.022406088188290596,19.987882614135742,-19.374698638916016,0.0,-1.5707964,-1.6324726343154907,5.899919033050537,0.23181013762950897,0.14192266762256622,5.904471232588046,0.03927019374724435,5.640377521514893,-0.7354381084442139,1.0860459804534912,-0.7354381084442139,1.0860459804534912,0.08063361793756485,-262.3463134765625,0.07992427051067352,-256.3895568847656,-0.02604126930236872,-241.79687500000514,-0.0,-2.25,2.25
10.6,51.625389099121094,51.625389099121094,-0.061371345072984695,-0.061371345072984695,-0.018142901360988617,-0.018142901360988617,19.985445022583008,-19.49264907836914,0.0,-1.5707964,-1.629578709602356,5.8851237297058105,0.2392999678850174,0.14831101894378662,5.889986909032668,0.04063945373608294,5.617516994476318,-0.7552955746650696,1.106652855873108,-0.7552955746650696,1.106652855873108,0.08011279255151749,-267.1822509765625,0.08063361793756485,-262.3463134765625,-0.07761046290397121,-181.4926147460815,-0.0,-2.25,2.25
10.620000000000001,51.7430534362793,51.7430534362793,-0.06331957131624222,-0.06331957131624222,-0.014218848198652267,-0.014218848198652267,19.983495712280273,-19.610313415527344,0.0,-1.5707964,-1.6265795230865479,5.870115756988525,0.24412840604782104,0.15208560228347778,5.875190012168493,0.04156439406579619,5.595396995544434,-0.7716149687767029,1.1089290380477905,-0.7716149687767029,1.1089290380477905,0.07856058329343796,-270.8121032714844,0.08011279255151749,-267.1822509765625,-0.12101009488106032,-116.29333496093997,-0.0,-2.25,2.25
10.64,51.86043167114258,51.86043167114258,-0.06482072174549103,-0.06482072174549103,-0.010668031871318817,-0.010668031871318817,19.98199462890625,-19.727691650390625,0.0,-1.5707964,-1.6235263347625732,5.854931354522705,0.24641500413417816,0.15340165793895721,5.860114463083082,0.04206192225014949,5.574221611022949,-0.7847371101379395,1.094225525856018,-0.7847371101379395,1.094225525856018,0.0761403813958168,-273.1379699707031,0.07856058329343796,-270.8121032714844,-0.15462636947632166,-52.14996337890736,-0.0,-2.25,2.25
10.66,51.97750473022461,51.97750473022461,-0.0659213736653328,-0.0659213736653328,-0.007505886256694794,-0.007505886256694794,19.980894088745117,-19.844762802124023,0.0,-1.5707964,-1.6204659938812256,5.839602947235107,0.24636565148830414,0.1524958610534668,5.844797568401339,0.042163763790087336,5.5541887283325195,-0.7949690818786621,1.0645086765289307,-0.7949690818786621,1.0645086765289307,0.07304785400629044,-274.18096923828125,0.0761403813958168,-273.1379699707031,-0.17940700054169084,9.260559082031447,-0.0,-2.25,2.25
10.68,52.094276428222656,52.094276428222656,-0.06666848808526993,-0.06666848808526993,-0.004725779872387648,-0.004725779872387648,19.980148315429688,-19.961536407470703,0.0,-1.5707964,-1.6174402236938477,5.824160575866699,0.2442808300256729,0.14969614148139954,5.829281219618586,0.04191809834296339,5.535433769226074,-0.8026008605957031,1.022403359413147,-0.8026008605957031,1.022403359413147,0.0694597139954567,-273.9957580566406,0.07304785400629044,-274.18096923828125,-0.19644163548945054,66.6564941406205,-0.0,-2.25,2.25
10.700000000000001,52.21073532104492,52.21073532104492,-0.06710748374462128,-0.06710748374462128,-0.00231098011136055,-0.00231098011136055,19.979707717895508,-20.077993392944336,0.0,-1.5707964,-1.6144839525222778,5.808633327484131,0.24047890305519104,0.1453375667333603,5.813609140282308,0.04137662656996083,5.518040180206299,-0.8077825307846069,0.9705771207809448,-0.8077825307846069,0.9705771207809448,0.06553088128566742,-272.6626281738281,0.0694597139954567,-273.9957580566406,-0.20679011940956557,119.10400390625254,-0.0,-2.25,2.25
10.72,52.326881408691406,52.326881408691406,-0.06728122383356094,-0.06728122383356094,-0.00023826956748962402,-0.00023826956748962402,19.979534149169922,-20.194137573242188,0.0,-1.5707964,-1.6116255521774292,5.793056964874268,0.23527485132217407,0.13974295556545258,5.797832634178304,0.04059093906650686,5.502039432525635,-0.8105753064155579,0.9115740060806274,-0.8105753064155579,0.9115740060806274,0.061395078897476196,-270.2805480957031,0.06553088128566742,-272.6626281738281,-0.21138489246368858,166.0171508789098,-0.0,-2.25,2.25
10.74,52.442710876464844,52.442710876464844,-0.06722939759492874,-0.06722939759492874,0.0015196576714515686,0.0015196576714515686,19.979585647583008,-20.30997085571289,0.0,-1.5707964,-1.6088871955871582,5.777470588684082,0.22896794974803925,0.13321249186992645,5.782005943020243,0.039610446202699205,5.48742151260376,-0.8109992742538452,0.8477262258529663,-0.8109992742538452,0.8477262258529663,0.057167381048202515,-266.960205078125,0.061395078897476196,-270.2805480957031,-0.21241847425699686,206.9885253906294,-0.0,-2.25,2.25
10.76,52.5582275390625,52.5582275390625,-0.06698811054229736,-0.06698811054229736,0.002992570400238037,0.002992570400238037,19.979827880859375,-20.425487518310547,0.0,-1.5707964,-1.6062850952148438,5.761915683746338,0.2218354195356369,0.1260189414024353,5.766184466348833,0.03848128335316532,5.474143981933594,-0.8090696930885315,0.7811135649681091,-0.8090696930885315,0.7811135649681091,0.05291901156306267,-262.8204345703125,0.057167381048202515,-266.960205078125,-0.21279025822878336,242.10968017578642,-0.0,-2.25,2.25
10.78,52.673423767089844,52.673423767089844,-0.06658985465765,-0.06658985465765,0.004208602011203766,0.004208602011203766,19.980226516723633,-20.540679931640625,0.0,-1.5707964,-1.6038306951522827,5.746436595916748,0.21411295235157013,0.1183880940079689,5.750424150204571,0.03724289752168898,5.462136268615723,-0.804803729057312,0.7134258151054382,-0.804803729057312,0.7134258151054382,0.04866320639848709,-257.9782409667969,0.05291901156306267,-262.8204345703125,-0.20846556872128033,271.48361206052857,-0.0,-2.25,2.25
10.8,52.788307189941406,52.788307189941406,-0.06606395542621613,-0.06606395542621613,0.005189336836338043,0.005189336836338043,19.980751037597656,-20.655569076538086,0.0,-1.5707964,-1.6015312671661377,5.731078147888184,0.2059733122587204,0.11047723889350891,5.734778264463612,0.03592425245374742,5.451311111450195,-0.798234760761261,0.6458121538162231,-0.798234760761261,0.6458121538162231,0.0444938950240612,-252.54856872558594,0.04866320639848709,-257.9782409667969,-0.19969400018454023,294.4984436035219,-0.0,-2.25,2.25
10.82,52.90287399291992,52.90287399291992,-0.06543680280447006,-0.06543680280447006,0.0059607322327792645,0.0059607322327792645,19.98137855529785,-20.77013397216797,0.0,-1.5707964,-1.5993911027908325,5.715882301330566,0.19759367406368256,0.10245143622159958,5.71929661258218,0.03455547364136839,5.441568851470947,-0.7894884943962097,0.5794232487678528,-0.7894884943962097,0.5794232487678528,0.04050001502037048,-246.65859985351562,0.0444938950240612,-252.54856872558594,-0.18797777593136233,312.33825683594415,-0.0,-2.25,2.25
10.84,53.01713562011719,53.01713562011719,-0.06473146378993988,-0.06473146378993988,0.006552482023835182,0.006552482023835182,19.982084274291992,-20.8843936920166,0.0,-1.5707964,-1.597411036491394,5.700888156890869,0.18915143609046936,0.09447663277387619,5.704025249168666,0.03316712529759764,5.43279504776001,-0.7787362337112427,0.5153828263282776,-0.7787362337112427,0.5153828263282776,0.03674045950174332,-240.41183471679688,0.04050001502037048,-246.65859985351562,-0.17390418797731771,325.16784667969443,-0.0,-2.25,2.25
10.86,53.1310920715332,53.1310920715332,-0.06396734714508057,-0.06396734714508057,0.006994757801294327,0.006994757801294327,19.98284912109375,-20.998353958129883,0.0,-1.5707964,-1.5955888032913208,5.686132431030273,0.18080660700798035,0.08669936656951904,5.689006332599041,0.03178710805856738,5.424877166748047,-0.7661660313606262,0.45465368032455444,-0.7661660313606262,0.45465368032455444,0.03326237574219704,-233.90847778320312,0.03674045950174332,-240.41183471679688,-0.15806453302501566,333.2283020019306,-0.0,-2.25,2.25
10.88,53.2447509765625,53.2447509765625,-0.06316034495830536,-0.06316034495830536,0.007317524868994951,0.007317524868994951,19.98365592956543,-21.112009048461914,0.0,-1.5707964,-1.5939191579818726,5.671647071838379,0.1727001667022705,0.07924569398164749,5.674275800053417,0.03044033225255229,5.417703151702881,-0.7519797086715698,0.39803171157836914,-0.7519797086715698,0.39803171157836914,0.03010108508169651,-227.24391174316406,0.03326237574219704,-233.90847778320312,-0.1410539261996776,336.82556152344466,-0.0,-2.25,2.25
10.9,53.358123779296875,53.358123779296875,-0.06232282891869545,-0.06232282891869545,0.007549803704023361,0.007549803704023361,19.984493255615234,-21.225383758544922,0.0,-1.5707964,-1.5923950672149658,5.657461643218994,0.16495294868946075,0.07222050428390503,5.65986587471607,0.029148448545528154,5.411165237426758,-0.7363905310630798,0.346142441034317,-0.7363905310630798,0.346142441034317,0.027280006557703018,-220.5074005126953,0.03010108508169651,-227.24391174316406,-0.12346422299742962,336.32431030274154,-0.0,-2.25,2.25
10.92,53.47121047973633,53.47121047973633,-0.06146387383341789,-0.06146387383341789,0.007719036191701889,0.007719036191701889,19.9853515625,-21.338472366333008,0.0,-1.5707964,-1.5910069942474365,5.643599033355713,0.15766453742980957,0.06570698320865631,5.645800931281273,0.027929613400839937,5.405159950256348,-0.719622790813446,0.2994406521320343,-0.719622790813446,0.2994406521320343,0.02481072209775448,-213.78091430664062,0.027280006557703018,-220.5074005126953,-0.10586045682430494,332.14569091797586,-0.0,-2.25,2.25
10.94,53.58401107788086,53.58401107788086,-0.06058948487043381,-0.06058948487043381,0.007850488647818565,0.007850488647818565,19.98622703552246,-21.45126724243164,0.0,-1.5707964,-1.589744210243225,5.6300787925720215,0.15091274678707123,0.059766415506601334,5.632101017179295,0.026798313955857918,5.399588108062744,-0.701910674571991,0.2582113444805145,-0.701910674571991,0.2582113444805145,0.022693512961268425,-207.13800048828125,0.02481072209775448,-213.78091430664062,-0.08874554187058803,324.7779846191187,-0.0,-2.25,2.25
10.96,53.6965446472168,53.6965446472168,-0.059702906757593155,-0.059702906757593155,0.007966646924614906,0.007966646924614906,19.987112045288086,-21.563806533813477,0.0,-1.5707964,-1.5885950326919556,5.616915225982666,0.14475321769714355,0.05443833768367767,5.618780130055774,0.02576524285866968,5.394358158111572,-0.683495819568634,0.22257408499717712,-0.683495819568634,0.22257408499717712,0.020918602123856544,-200.64244079589844,0.022693512961268425,-207.13800048828125,-0.07257759571075593,314.71939086914733,-0.0,-2.25,2.25
10.98,53.808815002441406,53.808815002441406,-0.05880497768521309,-0.05880497768521309,0.00808686949312687,0.00808686949312687,19.98801040649414,-21.676076889038086,0.0,-1.5707964,-1.5875468254089355,5.604115962982178,0.1392199546098709,0.04974149912595749,5.605844978441095,0.024837338555348063,5.389386177062988,-0.6646208167076111,0.19249308109283447,-0.6646208167076111,0.19249308109283447,0.019467050209641457,-194.34805297851562,0.020918602123856544,-200.64244079589844,-0.05771331489086274,302.5077819824283,-0.0,-2.25,2.25
11.0,53.92082595825195,53.92082595825195,-0.05789452791213989,-0.05789452791213989,0.008227024227380753,0.008227024227380753,19.988922119140625,-21.788084030151367,0.0,-1.5707964,-1.5865871906280518,5.591686248779297,0.13432615995407104,0.04567503184080124,5.593299439689913,0.024017858650579593,5.384596347808838,-0.6455245018005371,0.16778889298439026,-0.6455245018005371,0.16778889298439026,0.018312783911824226,-188.2978973388672,0.019467050209641457,-194.34805297851562,-0.04441952332854365,288.6863708496155,-0.0,-2.25,2.25
11.02,54.0325927734375,54.0325927734375,-0.056968770921230316,-0.056968770921230316,0.008399411104619503,0.008399411104619503,19.98984718322754,-21.89984893798828,0.0,-1.5707964,-1.5857036113739014,5.579623222351074,0.13006584346294403,0.0422205813229084,5.5811389901197686,0.023306643989042784,5.379923343658447,-0.6264318823814392,0.1481567919254303,-0.6264318823814392,0.1481567919254303,0.017424393445253372,-182.524169921875,0.018312783911824226,-188.2978973388672,-0.03287801519036071,273.7693786620909,-0.0,-2.25,2.25
11.040000000000001,54.14411926269531,54.14411926269531,-0.056023746728897095,-0.056023746728897095,0.008612756617367268,0.008612756617367268,19.99079132080078,-22.011375427246094,0.0,-1.5707964,-1.5848840475082397,5.567922592163086,0.1264161467552185,0.039344847202301025,5.5693575064347,0.02270046491646754,5.375311851501465,-0.6075494289398193,0.13318869471549988,-0.6075494289398193,0.13318869471549988,0.016766833141446114,-177.0487823486328,0.017424393445253372,-182.524169921875,-0.0231797806918626,258.2450866699274,-0.0,-2.25,2.25
11.06,54.255409240722656,54.255409240722656,-0.055054690688848495,-0.055054690688848495,0.008872391656041145,0.008872391656041145,19.99176025390625,-22.122669219970703,0.0,-1.5707964,-1.5841174125671387,5.556576251983643,0.12333998084068298,0.03700238838791847,5.5579449794849864,0.02219347385917603,5.3707146644592285,-0.5890608429908752,0.1223967969417572,-0.5890608429908752,0.1223967969417572,0.01630323752760887,-171.88388061523438,0.016766833141446114,-177.0487823486328,-0.01534018665552172,242.55599975586455,-0.0,-2.25,2.25
11.08,54.36647415161133,54.36647415161133,-0.05405641719698906,-0.05405641719698906,0.009180551394820213,0.009180551394820213,19.992759704589844,-22.233732223510742,0.0,-1.5707964,-1.5833935737609863,5.5455708503723145,0.12078893184661865,0.03513869643211365,5.546886155543104,0.02177771036251273,5.366096019744873,-0.5711208581924438,0.11523855477571487,-0.5711208581924438,0.11523855477571487,0.015996433794498444,-167.0327606201172,0.01630323752760887,-171.88388061523438,-0.009297486394643981,227.10266113281733,-0.0,-2.25,2.25
11.1,54.47732162475586,54.47732162475586,-0.053023651242256165,-0.053023651242256165,0.0095367431640625,0.0095367431640625,19.993791580200195,-22.344581604003906,0.0,-1.5707964,-1.5827032327651978,5.534893035888672,0.1187063604593277,0.03369319066405296,5.5361658319402265,0.02144362397898328,5.361428737640381,-0.5538527369499207,0.11114111542701721,-0.5538527369499207,0.11114111542701721,0.015810484066605568,-162.49070739746094,0.015996433794498444,-167.0327606201172,-0.004956033080815934,212.20016479490755,-0.0,-2.25,2.25
11.120000000000001,54.587955474853516,54.587955474853516,-0.05195130407810211,-0.05195130407810211,0.009938188828527927,0.009938188828527927,19.99486541748047,-22.455215454101562,0.0,-1.5707964,-1.5820387601852417,5.524527072906494,0.11703046411275864,0.0326022207736969,5.5257665087123655,0.021180629825035747,5.356694221496582,-0.5373493432998657,0.10952536016702652,-0.5373493432998657,0.10952536016702652,0.015711363404989243,-158.2467041015625,0.015810484066605568,-162.49070739746094,-0.0021560117602348787,198.12469482422298,-0.0,-2.25,2.25
11.14,54.69838333129883,54.69838333129883,-0.050834693014621735,-0.050834693014621735,0.010380282998085022,0.010380282998085022,19.995981216430664,-22.565643310546875,0.0,-1.5707964,-1.5813937187194824,5.514456748962402,0.11569695174694061,0.0318015031516552,5.515670314732428,0.020977584076232014,5.351883888244629,-0.5216708183288574,0.10982509702444077,-0.5216708183288574,0.10982509702444077,0.015668243169784546,-154.28421020507812,0.015711363404989243,-158.2467041015625,-0.0007331371307373203,185.0631713867227,-0.0,-2.25,2.25
11.16,54.80860900878906,54.80860900878906,-0.04966973885893822,-0.04966973885893822,0.01085706427693367,0.01085706427693367,19.997146606445312,-22.675872802734375,0.0,-1.5707964,-1.580762505531311,5.504664897918701,0.1146416887640953,0.031228549778461456,5.505858548417403,0.02082326908888372,5.346993446350098,-0.5068488121032715,0.11150557547807693,-0.5068488121032715,0.11150557547807693,0.0156535804271698,-150.58294677734375,0.015668243169784546,-154.28421020507812,-0.0004883855581283673,173.16055297851932,-0.0,-2.25,2.25
11.18,54.918643951416016,54.918643951416016,-0.04845307022333145,-0.04845307022333145,0.011361654847860336,0.011361654847860336,19.998363494873047,-22.785903930664062,0.0,-1.5707964,-1.580141544342041,5.4951348304748535,0.1138027086853981,0.030824309214949608,5.496313115316669,0.020706760920391667,5.342025279998779,-0.4928898215293884,0.11407578736543655,-0.4928898215293884,0.11407578736543655,0.015643812716007233,-147.11973571777344,0.0156535804271698,-150.58294677734375,-0.0012240838259457716,162.49542236327028,-0.0,-2.25,2.25
11.200000000000001,55.02848815917969,55.02848815917969,-0.047182098031044006,-0.047182098031044006,0.011886662803590298,0.011886662803590298,19.9996337890625,-22.8957462310791,0.0,-1.5707964,-1.5795273780822754,5.485849857330322,0.11312198638916016,0.03053469769656658,5.487016059843068,0.020617763844361644,5.336987495422363,-0.47977808117866516,0.11709903180599213,-0.47977808117866516,0.11709903180599213,0.015619331039488316,-143.8698272705078,0.015643812716007233,-147.11973571777344,-0.0027397181838751425,153.09600830078452,-0.0,-2.25,2.25
11.22,55.13814163208008,55.13814163208008,-0.0458550825715065,-0.0458550825715065,0.012424539774656296,0.012424539774656296,20.000961303710938,-23.005399703979492,0.0,-1.5707964,-1.5789185762405396,5.476795196533203,0.11254673451185226,0.03031153604388237,5.4779514777166884,0.02054685120772372,5.33189058303833,-0.46748003363609314,0.12019896507263184,-0.46748003363609314,0.12019896507263184,0.015564536675810814,-140.8079071044922,0.015619331039488316,-143.8698272705078,-0.0048360787332058985,144.9584960937531,-0.0,-2.25,2.25
11.24,55.247623443603516,55.247623443603516,-0.04447109252214432,-0.04447109252214432,0.012967877089977264,0.012967877089977264,20.002344131469727,-23.11488151550293,0.0,-1.5707964,-1.578314185142517,5.467956066131592,0.11203029751777649,0.030113209038972855,5.469103612906524,0.02048564840551136,5.326748371124268,-0.4559488296508789,0.12306275218725204,-0.4559488296508789,0.12306275218725204,0.015467815101146698,-137.9087371826172,0.015564536675810814,-140.8079071044922,-0.007342360913753666,138.01651000976858,-0.0,-2.25,2.25
11.26,55.35692596435547,55.35692596435547,-0.043029993772506714,-0.043029993772506714,0.01350967027246952,0.01350967027246952,20.003786087036133,-23.224185943603516,0.0,-1.5707964,-1.5777137279510498,5.459319114685059,0.1115327998995781,0.029905037954449654,5.460458292251585,0.020426958815920788,5.321577548980713,-0.4451269209384918,0.1254419982433319,-0.4451269209384918,0.1254419982433319,0.015320967882871628,-135.14840698242188,0.015467815101146698,-137.9087371826172,-0.011899275705218568,132.47833251953406,-0.0,-2.25,2.25
11.28,55.46605682373047,55.46605682373047,-0.04153238236904144,-0.04153238236904144,0.01404348574578762,0.01404348574578762,20.00528335571289,-23.333314895629883,0.0,-1.5707964,-1.577117681503296,5.450872898101807,0.11102122068405151,0.029659120365977287,5.4520033989995795,0.020364788280884,5.3163933753967285,-0.4349510669708252,0.1271495670080185,-0.4349510669708252,0.1271495670080185,0.015082982368767262,-132.49884033203125,0.015320967882871628,-135.14840698242188,-0.017975550144909598,128.58276367186633,-0.0,-2.25,2.25
11.3,55.57501983642578,55.57501983642578,-0.039979707449674606,-0.039979707449674606,0.014559416100382805,0.014559416100382805,20.0068359375,-23.442277908325195,0.0,-1.5707964,-1.5765273571014404,5.442607402801514,0.11044768244028091,0.029330557212233543,5.443727953487965,0.02029037128315833,5.311215400695801,-0.42535400390625,0.12788844108581543,-0.42535400390625,0.12788844108581543,0.014723471365869045,-129.92718505859375,0.015082982368767262,-132.49884033203125,-0.02358588390052369,126.20201110840112,-0.0,-2.25,2.25
11.32,55.68381881713867,55.68381881713867,-0.03837456554174423,-0.03837456554174423,0.015045834705233574,0.015045834705233574,20.008441925048828,-23.551076889038086,0.0,-1.5707964,-1.5759446620941162,5.434513092041016,0.1097603440284729,0.02887076325714588,5.435621388644214,0.020194159352589492,5.306066989898682,-0.4162627160549164,0.1273392289876938,-0.4162627160549164,0.1273392289876938,0.014251753687858582,-127.40314483642578,0.014723471365869045,-129.92718505859375,-0.028554629534483563,125.03700256347923,-0.0,-2.25,2.25
11.34,55.79245376586914,55.79245376586914,-0.03672066703438759,-0.03672066703438759,0.015494195744395256,0.015494195744395256,20.010095596313477,-23.659711837768555,0.0,-1.5707964,-1.575372576713562,5.426581859588623,0.10892854630947113,0.02825481817126274,5.427675018552365,0.02007044626500273,5.300971984863281,-0.4076003134250641,0.12535473704338074,-0.4076003134250641,0.12535473704338074,0.013680661097168922,-124.90240478515625,0.014251753687858582,-127.40314483642578,-0.032775430008769736,124.78446960449484,-0.0,-2.25,2.25
11.36,55.90093231201172,55.90093231201172,-0.03502250090241432,-0.03502250090241432,0.0158986859023571,0.0158986859023571,20.01179313659668,-23.768192291259766,0.0,-1.5707964,-1.5748143196105957,5.418808937072754,0.10793858021497726,0.027475109323859215,5.419883857943671,0.019916610650481247,5.295955181121826,-0.3992883563041687,0.12192042917013168,-0.3992883563041687,0.12192042917013168,0.013025152496993542,-122.4067153930664,0.013680661097168922,-124.90240478515625,-0.03626244142651313,125.53062438963997,-0.0,-2.25,2.25
11.38,56.009254455566406,56.009254455566406,-0.03328505530953407,-0.03328505530953407,0.016255870461463928,0.016255870461463928,20.013530731201172,-23.876516342163086,0.0,-1.5707964,-1.5742729902267456,5.411189556121826,0.10678990185260773,0.02653644233942032,5.412243203646674,0.019732452566162448,5.291036128997803,-0.3912512958049774,0.1171189472079277,-0.3912512958049774,0.1171189472079277,0.01229990366846323,-119.89610290527344,0.013025152496993542,-122.4067153930664,-0.0390154775232085,127.16522216797146,-0.0,-2.25,2.25
11.4,56.11742401123047,56.11742401123047,-0.03151358291506767,-0.03151358291506767,0.016564127057790756,0.016564127057790756,20.015302658081055,-23.98468589782715,0.0,-1.5707964,-1.57375168800354,5.403720378875732,0.10549087077379227,0.025451384484767914,5.404749971727971,0.019519417258563786,5.286236763000488,-0.38341426849365234,0.11109345406293869,-0.38341426849365234,0.11109345406293869,0.011519594117999077,-117.35279846191406,0.01229990366846323,-119.89610290527344,-0.04091919399798004,128.87191772461213,-0.0,-2.25,2.25
11.42,56.22544479370117,56.22544479370117,-0.029713420197367668,-0.029713420197367668,0.01682329922914505,0.01682329922914505,20.01710319519043,-24.09270477294922,0.0,-1.5707964,-1.5732531547546387,5.396399021148682,0.10405610501766205,0.024237491190433502,5.397402159228632,0.019280118268234402,5.281576156616211,-0.37570539116859436,0.10402373224496841,-0.37570539116859436,0.10402373224496841,0.010701210238039494,-114.77536010742188,0.011519594117999077,-117.35279846191406,-0.0420167576521644,130.46073913574497,-0.0,-2.25,2.25
11.44,56.33332061767578,56.33332061767578,-0.02788984403014183,-0.02788984403014183,0.017034675925970078,0.017034675925970078,20.0189266204834,-24.20058250427246,0.0,-1.5707964,-1.572779893875122,5.38922643661499,0.1025058701634407,0.022917019203305244,5.390201205755484,0.019018223213544728,5.277066707611084,-0.3680616021156311,0.09612064808607101,-0.3680616021156311,0.09612064808607101,0.009860875084996223,-112.16614532470703,0.010701210238039494,-114.77536010742188,-0.042376434430477145,131.78062438963954,-0.0,-2.25,2.25
11.46,56.4410514831543,56.4410514831543,-0.026047904044389725,-0.026047904044389725,0.017200671136379242,0.017200671136379242,20.020767211914062,-24.308313369750977,0.0,-1.5707964,-1.5723336935043335,5.382201671600342,0.10086390376091003,0.02151464857161045,5.383146696947744,0.018738074988580558,5.2727155685424805,-0.36043429374694824,0.08760814368724823,-0.36043429374694824,0.08760814368724823,0.009013346396386623,-109.53053283691406,0.009860875084996223,-112.16614532470703,-0.0420859083533296,132.71064758301065,-0.0,-2.25,2.25
11.48,56.548641204833984,56.548641204833984,-0.024192340672016144,-0.024192340672016144,0.017324524000287056,0.017324524000287056,20.02262306213379,-24.415903091430664,0.0,-1.5707964,-1.571916103363037,5.375327110290527,0.09915552288293839,0.020055724307894707,5.376241564545114,0.018444324705267686,5.268525123596191,-0.3527907431125641,0.07870885729789734,-0.3527907431125641,0.07870885729789734,0.00817162822932005,-106.8763198852539,0.009013346396386623,-109.53053283691406,-0.042832572944463215,134.6370697021513,-0.0,-2.25,2.25
11.5,56.656097412109375,56.656097412109375,-0.022327501326799393,-0.022327501326799393,0.017410017549991608,0.017410017549991608,20.02448844909668,-24.523361206054688,0.0,-1.5707964,-1.5715279579162598,5.368603229522705,0.09740610420703888,0.018564894795417786,5.369486808362454,0.018141668084920463,5.2644944190979,-0.34511032700538635,0.06963307410478592,-0.34511032700538635,0.06963307410478592,0.007314976770430803,-104.18357849121094,0.00817162822932005,-106.8763198852539,-0.043655093759299254,136.88316345215136,-0.0,-2.25,2.25
11.52,56.7634162902832,56.7634162902832,-0.02045745961368084,-0.02045745961368084,0.017457515001296997,0.017457515001296997,20.026357650756836,-24.63067626953125,0.0,-1.5707964,-1.5711699724197388,5.362030982971191,0.0956210121512413,0.01704462431371212,5.362883519181433,0.017831093865949044,5.260631084442139,-0.33738085627555847,0.06042502075433731,-0.33738085627555847,0.06042502075433731,0.006441874895244837,-101.44591522216797,0.007314976770430803,-104.18357849121094,-0.04380033351480665,138.75427246092812,-0.0,-2.25,2.25
11.540000000000001,56.87060546875,56.87060546875,-0.018586253747344017,-0.018586253747344017,0.017466938123106956,0.017466938123106956,20.028228759765625,-24.737865447998047,0.0,-1.5707964,-1.5708426237106323,5.355612277984619,0.09380297362804413,0.015495732426643372,5.356433689495378,0.017513101863936776,5.256943702697754,-0.3295857608318329,0.0511045828461647,-0.3295857608318329,0.0511045828461647,0.005565868224948645,-98.67082977294922,0.006441874895244837,-101.44591522216797,-0.04332596436143014,140.14739990234673,-0.0,-2.25,2.25
11.56,56.977664947509766,56.977664947509766,-0.016717854887247086,-0.016717854887247086,0.01743963360786438,0.01743963360786438,20.03009796142578,-24.844924926757812,0.0,-1.5707964,-1.570546269416809,5.349349021911621,0.09196184575557709,0.013927611522376537,5.350139431762652,0.017189528590309915,5.253434658050537,-0.32170742750167847,0.04174450412392616,-0.32170742750167847,0.04174450412392616,0.00469934893772006,-95.86788177490234,0.005565868224948645,-98.67082977294922,-0.04230374470353217,140.9996032714874,-0.0,-2.25,2.25
11.58,57.08460235595703,57.08460235595703,-0.014856025576591492,-0.014856025576591492,0.01737799495458603,0.01737799495458603,20.031959533691406,-24.951862335205078,0.0,-1.5707964,-1.5702813863754272,5.343243598937988,0.09011182934045792,0.012354224920272827,5.344003396273141,0.01686303198697602,5.250102519989014,-0.31373775005340576,0.032447632402181625,-0.31373775005340576,0.032447632402181625,0.003853274043649435,-93.04788970947266,0.00469934893772006,-95.86788177490234,-0.04082475788891402,141.26739501953426,-0.0,-2.25,2.25
11.6,57.1914176940918,57.1914176940918,-0.01300422940403223,-0.01300422940403223,0.017285145819187164,0.017285145819187164,20.033811569213867,-25.058679580688477,0.0,-1.5707964,-1.5700479745864868,5.3372979164123535,0.08826932311058044,0.010791500099003315,5.338027774557009,0.01653669670202686,5.24694299697876,-0.30567747354507446,0.0233293529599905,-0.30567747354507446,0.0233293529599905,0.003036778885871172,-90.22254180908203,0.003853274043649435,-93.04788970947266,-0.0389793771319065,140.9370422363186,-0.0,-2.25,2.25
11.620000000000001,57.29811477661133,57.29811477661133,-0.011165564879775047,-0.011165564879775047,0.017164617776870728,0.017164617776870728,20.0356502532959,-25.165372848510742,0.0,-1.5707964,-1.56984543800354,5.331512928009033,0.08645115792751312,0.009255427867174149,5.332213790184567,0.016213705830318385,5.243948459625244,-0.2975354492664337,0.014503886923193932,-0.2975354492664337,0.014503886923193932,0.0022571913432329893,-87.40380096435547,0.003036778885871172,-90.22254180908203,-0.03686146228574295,140.01884460449517,-0.0,-2.25,2.25
11.64,57.40469741821289,57.40469741821289,-0.009342738427221775,-0.009342738427221775,0.01702013798058033,0.01702013798058033,20.037473678588867,-25.271957397460938,0.0,-1.5707964,-1.5696734189987183,5.32589054107666,0.08467346429824829,0.007760887499898672,5.32656358744417,0.015897121932037173,5.241110324859619,-0.28932929039001465,0.006075163837522268,-0.28932929039001465,0.006075163837522268,0.001519962097518146,-84.60342407226562,0.0022571913432329893,-87.40380096435547,-0.03455583355389609,138.54408264160452,-0.0,-2.25,2.25
11.66,57.511165618896484,57.511165618896484,-0.007538049481809139,-0.007538049481809139,0.016855411231517792,0.016855411231517792,20.039278030395508,-25.37842559814453,0.0,-1.5707964,-1.569530725479126,5.320430755615234,0.08295068889856339,0.006320853717625141,5.321077357273172,0.015589709276265238,5.238418102264404,-0.28108271956443787,-0.0018693215679377317,-0.28108271956443787,-0.0018693215679377317,0.000828845426440239,-81.8325424194336,0.001519962097518146,-84.60342407226562,-0.03214912794646876,136.5478515625029,-0.0,-2.25,2.25
11.68,57.617530822753906,57.617530822753906,-0.00575340585783124,-0.00575340585783124,0.016673997044563293,0.016673997044563293,20.04106330871582,-25.48478889465332,0.0,-1.5707964,-1.5694161653518677,5.315134048461914,0.08129517734050751,0.004946000874042511,5.315755718519989,0.015293845487277188,5.235862731933594,-0.272821843624115,-0.00926162302494049,-0.272821843624115,-0.00926162302494049,0.00018586286751087755,-79.1015853881836,0.000828845426440239,-81.8325424194336,-0.029705033375646776,134.0927124023347,-0.0,-2.25,2.25
11.700000000000001,57.72378921508789,57.72378921508789,-0.0039903451688587666,-0.0039903451688587666,0.01647917740046978,0.01647917740046978,20.04282569885254,-25.591049194335938,0.0,-1.5707964,-1.5693286657333374,5.309999942779541,0.07971669733524323,0.0036444326397031546,5.310598284953661,0.015011433189136156,5.233432769775391,-0.26457586884498596,-0.01605522818863392,-0.26457586884498596,-0.01605522818863392,-0.0004082378000020981,-76.41973114013672,0.00018586286751087755,-79.1015853881836,-0.027291639707983123,131.23397827148716,-0.0,-2.25,2.25
11.72,57.829952239990234,57.829952239990234,-0.002250069985166192,-0.002250069985166192,0.016273899003863335,0.016273899003863335,20.044565200805664,-25.69721221923828,0.0,-1.5707964,-1.569266438484192,5.305027008056641,0.07822249829769135,0.0024217970203608274,5.305603671162248,0.014743907999134437,5.231118202209473,-0.2563752233982086,-0.02222379855811596,-0.2563752233982086,-0.02222379855811596,-0.0009540705941617489,-73.79505157470703,-0.0004082378000020981,-76.41973114013672,-0.025062653003261028,128.5636901855496,-0.0,-2.25,2.25
11.74,57.93601989746094,57.93601989746094,-0.0005334853194653988,-0.0005334853194653988,0.01606072671711445,0.01606072671711445,20.046281814575195,-25.80327796936035,0.0,-1.5707964,-1.569227933883667,5.300212860107422,0.07681723684072495,0.0012812920613214374,5.300769496056581,0.014492221531332027,5.228908538818359,-0.2482498288154602,-0.02776052989065647,-0.2482498288154602,-0.02776052989065647,-0.0014553236542269588,-71.2237777709961,-0.0009540705941617489,-73.79505157470703,-0.023031589807943002,126.09252929687769,-0.0,-2.25,2.25
11.76,58.0419921875,58.0419921875,0.0011587451444938779,0.0011587451444938779,0.01584155112504959,0.01584155112504959,20.047975540161133,-25.909252166748047,0.0,-1.5707964,-1.5692113637924194,5.295555591583252,0.0755019262433052,0.00022259019897319376,5.296093802456212,0.01425663645116453,5.2267985343933105,-0.2402244657278061,-0.032685358077287674,-0.2402244657278061,-0.032685358077287674,-0.001915955450385809,-68.7019271850586,-0.0014553236542269588,-71.2237777709961,-0.02110266359522984,123.36235046386982,-0.0,-2.25,2.25
11.78,58.14786911010742,58.14786911010742,0.0028261339757591486,0.0028261339757591486,0.015617740340530872,0.015617740340530872,20.04964256286621,-26.01512908935547,0.0,-1.5707964,-1.5692155361175537,5.29105281829834,0.07427486777305603,-0.0007570560555905104,5.291574121374992,0.014036901920940715,5.22478723526001,-0.23231612145900726,-0.0370364785194397,-0.23231612145900726,-0.0370364785194397,-0.0023380087222903967,-66.23468017578125,-0.001915955450385809,-68.7019271850586,-0.019303278531877882,120.4200744628825,-0.0,-2.25,2.25
11.8,58.2536506652832,58.2536506652832,0.004468327853828669,0.004468327853828669,0.015390442684292793,0.015390442684292793,20.051284790039062,-26.120914459228516,0.0,-1.5707964,-1.569238543510437,5.2867021560668945,0.07313355803489685,-0.0016607261495664716,5.287207978155691,0.013832610828242498,5.222869396209717,-0.2245340496301651,-0.040854841470718384,-0.2245340496301651,-0.040854841470718384,-0.0027240742929279804,-63.82627868652344,-0.0023380087222903967,-66.23468017578125,-0.018022605217993645,118.20278167724861,-0.0,-2.25,2.25
11.82,58.35934829711914,58.35934829711914,0.0060850828886032104,0.0060850828886032104,0.015160574577748775,0.015160574577748775,20.052900314331055,-26.226606369018555,0.0,-1.5707964,-1.5692789554595947,5.282500267028809,0.07207465171813965,-0.0024920860305428505,5.282991938909213,0.01364319471943564,5.22104024887085,-0.21688967943191528,-0.044184401631355286,-0.21688967943191528,-0.044184401631355286,-0.0030845263972878456,-61.462223052978516,-0.0027240742929279804,-63.82627868652344,-0.016998942010105017,116.20426177978763,-0.0,-2.25,2.25
11.84,58.464962005615234,58.464962005615234,0.007676199544221163,0.007676199544221163,0.014927938580513,0.014927938580513,20.054492950439453,-26.33222007751465,0.0,-1.5707964,-1.5693354606628418,5.278445243835449,0.07108958065509796,-0.003260173602029681,5.278923935864846,0.013467087306855247,5.219301223754883,-0.20939069986343384,-0.04710569977760315,-0.20939069986343384,-0.04710569977760315,-0.0034245052374899387,-59.13813781738281,-0.0030845263972878456,-61.462223052978516,-0.016093137674033985,114.05601501465087,-0.0,-2.25,2.25
11.86,58.57049560546875,58.57049560546875,0.009241444990038872,0.009241444990038872,0.014692053198814392,0.014692053198814392,20.05605697631836,-26.437755584716797,0.0,-1.5707964,-1.5694068670272827,5.274533748626709,0.07016926258802414,-0.003974062390625477,5.275000473062943,0.013302621016117438,5.217655181884766,-0.2020350992679596,-0.04969862475991249,-0.2020350992679596,-0.04969862475991249,-0.0037463679909706116,-56.857017517089844,-0.0034245052374899387,-59.13813781738281,-0.017847027629612672,111.82136535643777,-0.0,-2.25,2.25
11.88,58.67595291137695,58.67595291137695,0.010780534707009792,0.010780534707009792,0.014452495612204075,0.014452495612204075,20.05759620666504,-26.543210983276367,0.0,-1.5707964,-1.569492220878601,5.270763397216797,0.06930585950613022,-0.004641090519726276,5.2712190327857025,0.013148354496221903,5.216101169586182,-0.1948171705007553,-0.05202864855527878,-0.1948171705007553,-0.05202864855527878,-0.004103308543562889,-54.62059020996094,-0.0037463679909706116,-56.857017517089844,-0.019356934353709634,110.06031036377188,-0.0,-2.25,2.25
11.9,58.78133773803711,58.78133773803711,0.012292875908315182,0.012292875908315182,0.014202887192368507,0.014202887192368507,20.05910873413086,-26.64859962463379,0.0,-1.5707964,-1.5695908069610596,5.2671308517456055,0.06846237927675247,-0.0053000859916210175,5.2675757713379525,0.012997308410038646,5.214637279510498,-0.18774978816509247,-0.05438195541501045,-0.18774978816509247,-0.05438195541501045,-0.0044904472306370735,-52.41938400268555,-0.004103308543562889,-54.62059020996094,-0.02055049408227249,108.6397171020531,-0.0,-2.25,2.25
11.92,58.88665008544922,58.88665008544922,0.013777291402220726,0.013777291402220726,0.013938860967755318,0.013938860967755318,20.060592651367188,-26.753908157348633,0.0,-1.5707964,-1.5697026252746582,5.263632774353027,0.06761583685874939,-0.005972506944090128,5.264067047885832,0.012845143439312116,5.213263988494873,-0.18083372712135315,-0.05692414566874504,-0.18083372712135315,-0.05692414566874504,-0.004901457112282515,-50.24658966064453,-0.0044904472306370735,-52.41938400268555,-0.021392852067947842,107.44132995605698,-0.0,-2.25,2.25
11.94,58.99189376831055,58.99189376831055,0.015232219360768795,0.015232219360768795,0.013657747767865658,0.013657747767865658,20.062047958374023,-26.859155654907227,0.0,-1.5707964,-1.5698282718658447,5.2602667808532715,0.06675394624471664,-0.006668056361377239,5.260690324956192,0.012689539519974072,5.211984157562256,-0.17406047880649567,-0.059730496257543564,-0.17406047880649567,-0.059730496257543564,-0.005329314153641462,-48.09776306152344,-0.004901457112282515,-50.24658966064453,-0.021875835955141497,106.36234283446548,-0.0,-2.25,2.25
11.96,59.09707260131836,59.09707260131836,0.016655879095196724,0.016655879095196724,0.013358249329030514,0.013358249329030514,20.0634708404541,-26.964330673217773,0.0,-1.5707964,-1.5699678659439087,5.257030010223389,0.06587235629558563,-0.007388579659163952,5.257442695428383,0.012529681011367994,5.210800647735596,-0.16741476953029633,-0.06281203031539917,-0.16741476953029633,-0.06281203031539917,-0.005766830872744322,-45.970516204833984,-0.005329314153641462,-48.09776306152344,-0.022017187438905707,105.30586242676006,-0.0,-2.25,2.25
11.98,59.202186584472656,59.202186584472656,0.01804640144109726,0.01804640144109726,0.013040135614573956,0.013040135614573956,20.064863204956055,-27.06944465637207,0.0,-1.5707964,-1.5701220035552979,5.2539215087890625,0.06497230380773544,-0.008130825124680996,5.254323231471245,0.012365809416212462,5.209716320037842,-0.1608794927597046,-0.06613685190677643,-0.1608794927597046,-0.06613685190677643,-0.006207174621522427,-43.86439895629883,-0.005766830872744322,-45.970516204833984,-0.021829945035279262,104.21886444092019,-0.0,-2.25,2.25
12.0,59.3072395324707,59.3072395324707,0.019401926547288895,0.019401926547288895,0.012703976593911648,0.012703976593911648,20.06621742248535,-27.174497604370117,0.0,-1.5707964,-1.57029128074646,5.250938892364502,0.06405870616436005,-0.008888505399227142,5.2513296191709005,0.012198871452874089,5.208730220794678,-0.154439315199852,-0.0696471706032753,-0.154439315199852,-0.0696471706032753,-0.0066437735222280025,-41.78002166748047,-0.006207174621522427,-43.86439895629883,-0.02136349212378309,103.02886962890845,-0.0,-2.25,2.25
12.02,59.412235260009766,59.412235260009766,0.02072068490087986,0.02072068490087986,0.01235093642026186,0.01235093642026186,20.067537307739258,-27.279495239257812,0.0,-1.5707964,-1.570475697517395,5.248081684112549,0.06313887238502502,-0.009653523564338684,5.248461477454479,0.012030267473385054,5.207843780517578,-0.14808250963687897,-0.07327067852020264,-0.14808250963687897,-0.07327067852020264,-0.007071043364703655,-39.719444274902344,-0.0066437735222280025,-41.78002166748047,-0.02065319567918638,101.70841217040329,-0.0,-2.25,2.25
12.040000000000001,59.517173767089844,59.517173767089844,0.02200104296207428,0.02200104296207428,0.011982553638517857,0.011982553638517857,20.068817138671875,-27.384431838989258,0.0,-1.5707964,-1.5706753730773926,5.24534797668457,0.062221214175224304,-0.01041723694652319,5.2457170030418485,0.01186161457600405,5.20705509185791,-0.14180044829845428,-0.07693139463663101,-0.14180044829845428,-0.07693139463663101,-0.007484107278287411,-37.68527603149414,-0.007071043364703655,-39.719444274902344,-0.019745808094740334,100.22964477539276,-0.0,-2.25,2.25
12.06,59.6220588684082,59.6220588684082,0.02324153482913971,0.02324153482913971,0.011600611731410027,0.011600611731410027,20.070056915283203,-27.48931884765625,0.0,-1.5707964,-1.5708903074264526,5.242735862731934,0.061314426362514496,-0.0111710699275136,5.243094390267613,0.011694587092156714,5.206361293792725,-0.13558828830718994,-0.08055564016103745,-0.13558828830718994,-0.08055564016103745,-0.007879023440182209,-35.68068313598633,-0.007484107278287411,-37.68527603149414,-0.018690014258027476,98.57730865478726,-0.0,-2.25,2.25
12.08,59.726890563964844,59.726890563964844,0.02444089762866497,0.02444089762866497,0.01120698917657137,0.01120698917657137,20.071256637573242,-27.594152450561523,0.0,-1.5707964,-1.5711201429367065,5.2402448654174805,0.06042689457535744,-0.011907069943845272,5.2405932545010865,0.011530800181390508,5.205759048461914,-0.12944623827934265,-0.08407662063837051,-0.12944623827934265,-0.08407662063837051,-0.00825282372534275,-33.709136962890625,-0.007879023440182209,-35.68068313598633,-0.01752628013491668,96.74987792968956,-0.0,-2.25,2.25
12.1,59.8316764831543,59.8316764831543,0.02559804916381836,0.02559804916381836,0.010803570039570332,0.010803570039570332,20.07241439819336,-27.698936462402344,0.0,-1.5707964,-1.5713645219802856,5.237873554229736,0.0595661886036396,-0.012618275359272957,5.238212242829038,0.011371717996815883,5.205245018005371,-0.1233767494559288,-0.08743758499622345,-0.1233767494559288,-0.08743758499622345,-0.008603349328041077,-31.774139404296875,-0.00825282372534275,-33.709136962890625,-0.016292836517094466,94.75803375243501,-0.0,-2.25,2.25
12.120000000000001,59.9364128112793,59.9364128112793,0.02671211026608944,0.02671211026608944,0.010392163880169392,0.010392163880169392,20.073528289794922,-27.803672790527344,0.0,-1.5707964,-1.5716227293014526,5.235620021820068,0.058738823980093,-0.01329886820167303,5.235949509145952,0.011218606293316334,5.20481538772583,-0.11738549917936325,-0.09059290587902069,-0.11738549917936325,-0.09059290587902069,-0.008929206058382988,-29.878978729248047,-0.008603349328041077,-31.774139404296875,-0.015026982873678528,92.61331558227737,-0.0,-2.25,2.25
12.14,60.04111099243164,60.04111099243164,0.0277823768556118,0.0277823768556118,0.009974462911486626,0.009974462911486626,20.07459831237793,-27.908370971679688,0.0,-1.5707964,-1.5718944072723389,5.233482360839844,0.057950131595134735,-0.013944230042397976,5.233803190699253,0.011072505713074367,5.204464912414551,-0.11147837340831757,-0.09350842237472534,-0.11147837340831757,-0.09350842237472534,-0.009229745715856552,-28.02671241760254,-0.008929206058382988,-29.878978729248047,-0.013760058209300334,90.33203125000192,-0.0,-2.25,2.25
12.16,60.1457633972168,60.1457633972168,0.028808312490582466,0.028808312490582466,0.009552004747092724,0.009552004747092724,20.075624465942383,-28.01302146911621,0.0,-1.5707964,-1.572178602218628,5.2314581871032715,0.057204168289899826,-0.014550982974469662,5.231770931556502,0.010934214994218028,5.204188823699951,-0.10566350817680359,-0.09616115689277649,-0.10566350817680359,-0.09616115689277649,-0.009504946880042553,-26.22007179260254,-0.009229745715856552,-28.02671241760254,-0.012515764683485298,87.93745040893742,-0.0,-2.25,2.25
12.18,60.2503776550293,60.2503776550293,0.02978954277932644,0.02978954277932644,0.009126133285462856,0.009126133285462856,20.07660484313965,-28.117639541625977,0.0,-1.5707964,-1.572474479675293,5.229546546936035,0.05650375783443451,-0.015116938389837742,5.229851791515705,0.010804294157587503,5.203983783721924,-0.0999511256814003,-0.09853854775428772,-0.0999511256814003,-0.09853854775428772,-0.009755262173712254,-24.461322784423828,-0.009504946880042553,-26.22007179260254,-0.011316034942864608,85.4470252990665,-0.0,-2.25,2.25
12.200000000000001,60.354957580566406,60.354957580566406,0.030725806951522827,0.030725806951522827,0.008698017336428165,0.008698017336428165,20.07754135131836,-28.222217559814453,0.0,-1.5707964,-1.5727814435958862,5.2277445793151855,0.055850550532341,-0.015640966594219208,5.228042910167635,0.010683082342747206,5.20384407043457,-0.09434890747070312,-0.10063712298870087,-0.09434890747070312,-0.10063712298870087,-0.009981582872569561,-22.752382278442383,-0.009755262173712254,-24.461322784423828,-0.010176328942179897,82.8893661499041,-0.0,-2.25,2.25
12.22,60.45949935913086,60.45949935913086,0.03161696344614029,0.03161696344614029,0.008268637582659721,0.008268637582659721,20.078432083129883,-28.326757431030273,0.0,-1.5707964,-1.5730985403060913,5.226049423217773,0.055245157331228256,-0.01612289808690548,5.22634141645218,0.010570718939375086,5.203766345977783,-0.08886714279651642,-0.10246112197637558,-0.08886714279651642,-0.10246112197637558,-0.010185109451413155,-21.094594955444336,-0.009981582872569561,-22.752382278442383,-0.009110616520047382,80.27973175048999,-0.0,-2.25,2.25
12.24,60.56401062011719,60.56401062011719,0.0324629582464695,0.0324629582464695,0.007838783785700798,0.007838783785700798,20.07927894592285,-28.431272506713867,0.0,-1.5707964,-1.5734248161315918,5.224459171295166,0.05468723922967911,-0.01656336709856987,5.224745383907692,0.01046715845956621,5.2037458419799805,-0.08351165056228638,-0.10402125865221024,-0.08351165056228638,-0.10402125865221024,-0.010367321781814098,-19.48900032043457,-0.010185109451413155,-21.094594955444336,-0.00812313519418257,77.6483535766618,-0.0,-2.25,2.25
12.26,60.668487548828125,60.668487548828125,0.03326381370425224,0.03326381370425224,0.0074090794660151005,0.0074090794660151005,20.080080032348633,-28.53574562072754,0.0,-1.5707964,-1.5737594366073608,5.222970485687256,0.05417567864060402,-0.016963709145784378,5.223251448907695,0.010372207920106409,5.203778266906738,-0.07829149067401886,-0.10533319413661957,-0.07829149067401886,-0.10533319413661957,-0.010529784485697746,-17.936033248901367,-0.010367321781814098,-19.48900032043457,-0.008541718125342747,74.82881546020003,-0.0,-2.25,2.25
12.280000000000001,60.77294158935547,60.77294158935547,0.03401961177587509,0.03401961177587509,0.006979999598115683,0.006979999598115683,20.080835342407227,-28.640199661254883,0.0,-1.5707964,-1.5741019248962402,5.221580505371094,0.05370873585343361,-0.017325764521956444,5.221856719824705,0.010285552772633186,5.203861236572266,-0.07321172207593918,-0.10641602426767349,-0.07321172207593918,-0.10641602426767349,-0.010700618848204613,-16.439456939697266,-0.010529784485697746,-17.936033248901367,-0.009426428005099498,72.26839065551911,-0.0,-2.25,2.25
12.3,60.87736511230469,60.87736511230469,0.034730322659015656,0.034730322659015656,0.006548743695020676,0.006548743695020676,20.081546783447266,-28.744625091552734,0.0,-1.5707964,-1.5744514465332031,5.220285892486572,0.05326859652996063,-0.01766863651573658,5.220557665869673,0.01020379896482761,5.203989028930664,-0.06828971952199936,-0.10741131007671356,-0.06828971952199936,-0.10741131007671356,-0.010889147408306599,-14.994089126586914,-0.010700618848204613,-16.439456939697266,-0.010146666318178394,70.11399269104153,-0.0,-2.25,2.25
12.32,60.98176574707031,60.98176574707031,0.03539562225341797,0.03539562225341797,0.0061121173202991486,0.0061121173202991486,20.082210540771484,-28.849023818969727,0.0,-1.5707964,-1.5748077630996704,5.219082832336426,0.052837301045656204,-0.018010295927524567,5.219350284390826,0.010123521260033479,5.204159736633301,-0.06353752315044403,-0.10845505446195602,-0.06353752315044403,-0.10845505446195602,-0.011092080734670162,-13.591809272766113,-0.010889147408306599,-14.994089126586914,-0.010683014988899458,68.25566291809227,-0.0,-2.25,2.25
12.34,61.086143493652344,61.086143493652344,0.03601488843560219,0.03601488843560219,0.0056680417619645596,0.0056680417619645596,20.08283042907715,-28.953405380249023,0.0,-1.5707964,-1.5751709938049316,5.217968940734863,0.0524042546749115,-0.018360033631324768,5.2182320830317375,0.010042699276369523,5.204373359680176,-0.058954522013664246,-0.10962008684873581,-0.058954522013664246,-0.10962008684873581,-0.011305741034448147,-12.226696014404297,-0.011092080734670162,-13.591809272766113,-0.011011352762580152,66.62154197693013,-0.0,-2.25,2.25
12.36,61.19049835205078,61.19049835205078,0.036587320268154144,0.036587320268154144,0.005215343553572893,0.005215343553572893,20.083402633666992,-29.057756423950195,0.0,-1.5707964,-1.575541377067566,5.216939926147461,0.051964279264211655,-0.018721487373113632,5.217198719557357,0.00996035253493163,5.2046332359313965,-0.054530031979084015,-0.11093415319919586,-0.054530031979084015,-0.11093415319919586,-0.011525968089699745,-10.894265174865723,-0.011305741034448147,-12.226696014404297,-0.011136289685963833,65.14005661010303,-0.0,-2.25,2.25
12.38,61.29483413696289,61.29483413696289,0.037112027406692505,0.037112027406692505,0.004753574263304472,0.004753574263304472,20.083927154541016,-29.16209602355957,0.0,-1.5707964,-1.5759190320968628,5.215993404388428,0.05151619762182236,-0.01909441500902176,5.216247800214345,0.009876262994213751,5.204939842224121,-0.05024903267621994,-0.11239288002252579,-0.05024903267621994,-0.11239288002252579,-0.011748693883419037,-9.591464042663574,-0.011525968089699745,-10.894265174865723,-0.011131260544061898,64.0130519866957,-0.0,-2.25,2.25
12.4,61.39915084838867,61.39915084838867,0.03758809342980385,0.03758809342980385,0.004282839130610228,0.004282839130610228,20.08440399169922,-29.26641082763672,0.0,-1.5707964,-1.576304316520691,5.215127944946289,0.05106160044670105,-0.019476167857646942,5.215377912404803,0.009790741360614951,5.205295085906982,-0.04609545320272446,-0.11397133022546768,-0.04609545320272446,-0.11397133022546768,-0.01197131909430027,-8.311203002929688,-0.011748693883419037,-9.591464042663574,-0.010932656005025142,62.91007995605603,-0.0,-2.25,2.25
12.42,61.503448486328125,61.503448486328125,0.038014624267816544,0.038014624267816544,0.00380350137129426,0.00380350137129426,20.08483123779297,-29.37070655822754,0.0,-1.5707964,-1.5766972303390503,5.2143402099609375,0.05060311779379845,-0.01986347697675228,5.214585745842705,0.00970430145636024,5.205702304840088,-0.0420537106692791,-0.11563844233751297,-0.0420537106692791,-0.11563844233751297,-0.012189972214400768,-7.053001403808594,-0.01197131909430027,-8.311203002929688,-0.010554119944572674,61.787533760072115,-0.0,-2.25,2.25
12.44,61.60773468017578,61.60773468017578,0.03839077800512314,0.03839077800512314,0.0033162771724164486,0.0033162771724164486,20.085206985473633,-29.47499656677246,0.0,-1.5707964,-1.577097773551941,5.213629722595215,0.050144828855991364,-0.020251860842108727,5.213870864165054,0.009617729944404947,5.206161975860596,-0.038106709718704224,-0.1173541322350502,-0.038106709718704224,-0.1173541322350502,-0.012401054613292217,-5.817250728607178,-0.012189972214400768,-7.053001403808594,-0.010019168257712641,60.609197616573056,-0.0,-2.25,2.25
12.46,61.71200942993164,61.71200942993164,0.03871579095721245,0.03871579095721245,0.002822143491357565,0.002822143491357565,20.08553123474121,-29.579267501831055,0.0,-1.5707964,-1.577506184577942,5.2129950523376465,0.04969168081879616,-0.02063620463013649,5.213231884238354,0.009531982159435305,5.206674575805664,-0.03424302861094475,-0.11907419562339783,-0.03424302861094475,-0.11907419562339783,-0.012601437978446484,-4.605066776275635,-0.012401054613292217,-5.817250728607178,-0.009354064241051873,59.35255289077885,-0.0,-2.25,2.25
12.48,61.81626510620117,61.81626510620117,0.03898900747299194,0.03898900747299194,0.0023222421295940876,0.0023222421295940876,20.085803985595703,-29.68352699279785,0.0,-1.5707964,-1.5779222249984741,5.2124342918396,0.04924892634153366,-0.021011289209127426,5.212666947301658,0.009448073233316631,5.207239151000977,-0.030453700572252274,-0.12075471132993698,-0.030453700572252274,-0.12075471132993698,-0.012788519263267517,-3.418015718460083,-0.012601437978446484,-4.605066776275635,-0.008588097989559357,57.99738168716554,-0.0,-2.25,2.25
12.5,61.92051696777344,61.92051696777344,0.03920990228652954,0.03920990228652954,0.0018178019672632217,0.0018178019672632217,20.08602523803711,-29.78777503967285,0.0,-1.5707964,-1.578345537185669,5.211946487426758,0.04882173612713814,-0.02137214131653309,5.212175145725495,0.009367001052674493,5.207853317260742,-0.02673322707414627,-0.12235502898693085,-0.02673322707414627,-0.12235502898693085,-0.0129602812230587,-2.258068084716797,-0.012788519263267517,-3.418015718460083,-0.007741572335362599,56.54308199882628,-0.0,-2.25,2.25
12.52,62.02475357055664,62.02475357055664,0.03937805816531181,0.03937805816531181,0.0013100672513246536,0.0013100672513246536,20.086193084716797,-29.89201545715332,0.0,-1.5707964,-1.5787760019302368,5.2115302085876465,0.04841488599777222,-0.021714309230446815,5.211755089814541,0.009289688698776184,5.208515644073486,-0.0230807326734066,-0.12383965402841568,-0.0230807326734066,-0.12383965402841568,-0.01311511266976595,-1.1272064447402954,-0.0129602812230587,-2.258068084716797,-0.011982023715972092,55.38415024056657,-0.0,-2.25,2.25
12.540000000000001,62.128990173339844,62.128990173339844,0.03949320316314697,0.03949320316314697,0.0008002649992704391,0.0008002649992704391,20.0863094329834,-29.99625015258789,0.0,-1.5707964,-1.57921302318573,5.211184501647949,0.04803261533379555,-0.022033918648958206,5.211405860451822,0.00921695540640512,5.209222793579102,-0.01949635148048401,-0.12517906725406647,-0.01949635148048401,-0.12517906725406647,-0.013354753144085407,-0.019523439928889275,-0.01311511266976595,-1.1272064447402954,-0.015981215983629567,55.23792793974398,-0.0,-2.25,2.25
12.56,62.233211517333984,62.233211517333984,0.0395546555519104,0.0395546555519104,0.00027738980134017766,0.00027738980134017766,20.08637046813965,-30.100473403930664,0.0,-1.5707964,-1.5796568393707275,5.210906028747559,0.04761799797415733,-0.02239326573908329,5.211123594213509,0.009137887407836972,5.209974765777588,-0.016030192375183105,-0.12681619822978973,-0.016030192375183105,-0.12681619822978973,-0.013674377463757992,1.0852351188659668,-0.013354753144085407,-0.019523439928889275,-0.01943018287420314,55.661666393281216,-0.0,-2.25,2.25
12.58,62.33742904663086,62.33742904663086,0.03956069424748421,0.03956069424748421,-0.0002667540975380689,-0.0002667540975380689,20.086376190185547,-30.20469093322754,0.0,-1.5707964,-1.5801085233688354,5.210691928863525,0.047134093940258026,-0.02282833680510521,5.210905103754534,0.009045403006664446,5.210779190063477,-0.012688619084656239,-0.12902086973190308,-0.012688619084656239,-0.12902086973190308,-0.014062981121242046,2.1984684467315674,-0.013674377463757992,1.0852351188659668,-0.022243661805987833,56.685101985932604,-0.0,-2.25,2.25
12.6,62.441646575927734,62.441646575927734,0.0395088754594326,0.0395088754594326,-0.0008374936878681183,-0.0008374936878681183,20.08632469177246,-30.30890655517578,0.0,-1.5707964,-1.5805696249008179,5.210539817810059,0.04656168818473816,-0.02335498109459877,5.210747852639839,0.008935820568782397,5.211644649505615,-0.009449184872210026,-0.131913959980011,-0.009449184872210026,-0.131913959980011,-0.014507854357361794,3.3321704864501953,-0.014062981121242046,2.1984684467315674,-0.024380534887312198,58.095884323116195,-0.0,-2.25,2.25
12.620000000000001,62.54586410522461,62.54586410522461,0.03939631208777428,0.03939631208777428,-0.001437801867723465,-0.001437801867723465,20.086212158203125,-30.413124084472656,0.0,-1.5707964,-1.5810421705245972,5.210449695587158,0.04589494317770004,-0.023975396528840065,5.210651818731855,0.008808022145960511,5.212578773498535,-0.006277226377278566,-0.13550806045532227,-0.006277226377278566,-0.13550806045532227,-0.01499546505510807,4.494088172912598,-0.014507854357361794,3.3321704864501953,-0.02583749592304285,59.700298309327444,-0.0,-2.25,2.25
12.64,62.650081634521484,62.650081634521484,0.039219874888658524,0.039219874888658524,-0.00206872820854187,-0.00206872820854187,20.086036682128906,-30.51734161376953,0.0,-1.5707964,-1.5815279483795166,5.210421085357666,0.04513781517744064,-0.02468264475464821,5.210616595864519,0.008662771267597135,5.213592529296875,-0.003133550751954317,-0.1397407054901123,-0.003133550751954317,-0.1397407054901123,-0.015512214973568916,5.688094139099121,-0.01499546505510807,4.494088172912598,-0.02662474289536533,61.3377332687391,-0.0,-2.25,2.25
12.66,62.75429916381836,62.75429916381836,0.03897639736533165,0.03897639736533165,-0.0027298256754875183,-0.0027298256754875183,20.085792541503906,-30.621557235717773,0.0,-1.5707964,-1.5820282697677612,5.210455417633057,0.04430108144879341,-0.02546393685042858,5.210643745734226,0.008502138572971035,5.214691162109375,2.1089217625558376e-05,-0.14450138807296753,2.1089217625558376e-05,-0.14450138807296753,-0.01604470983147621,6.914848804473877,-0.015512214973568916,5.688094139099121,-0.026775337755680657,62.87004947662488,-0.0,-2.25,2.25
12.68,62.858516693115234,62.858516693115234,0.038662802428007126,0.038662802428007126,-0.0034194765612483025,-0.0034194765612483025,20.085477828979492,-30.72577476501465,0.0,-1.5707964,-1.5825449228286743,5.210554599761963,0.043400123715400696,-0.02630283124744892,5.210735342333082,0.008329078848112065,5.215879917144775,0.0032176997046917677,-0.14965097606182098,0.0032176997046917677,-0.14965097606182098,-0.016580216586589813,8.172249794006348,-0.01604470983147621,6.914848804473877,-0.026347581297157415,64.17274475097223,-0.0,-2.25,2.25
12.700000000000001,62.96273422241211,62.96273422241211,0.038276221603155136,0.038276221603155136,-0.004135182127356529,-0.004135182127356529,20.085092544555664,-30.82999038696289,0.0,-1.5707964,-1.5830786228179932,5.210720062255859,0.042453110218048096,-0.02718093805015087,5.2108929977272505,0.008147083403460098,5.217162609100342,0.006481973920017481,-0.15503723919391632,0.006481973920017481,-0.15503723919391632,-0.017107168212532997,9.455704689025879,-0.016580216586589813,8.172249794006348,-0.025384128093720024,65.17596244812151,-0.0,-2.25,2.25
12.72,63.066951751708984,63.066951751708984,0.037814076989889145,0.037814076989889145,-0.004873826168477535,-0.004873826168477535,20.08462905883789,-30.934213638305664,0.0,-1.5707964,-1.583630084991455,5.210954189300537,0.04147947207093239,-0.02807929739356041,5.211119276085714,0.00795988498788609,5.218538284301758,0.009830429218709469,-0.16050690412521362,0.009830429218709469,-0.16050690412521362,-0.017614850774407387,10.759223937988281,-0.017107168212532997,9.455704689025879,-0.023963581770659003,65.79947471618793,-0.0,-2.25,2.25
12.74,63.17116928100586,63.17116928100586,0.037274111062288284,0.037274111062288284,-0.005631851498037577,-0.005631851498037577,20.084089279174805,-31.03843116760254,0.0,-1.5707964,-1.5841994285583496,5.2112579345703125,0.04049897566437721,-0.028979068621993065,5.211415299863551,0.007771283035084431,5.220005989074707,0.013271584175527096,-0.1659122109413147,0.013271584175527096,-0.1659122109413147,-0.018094122409820557,12.075213432312012,-0.017614850774407387,10.759223937988281,-0.023136660456657902,63.02628517151013,-0.0,-2.25,2.25
12.76,63.2754020690918,63.2754020690918,0.036654453724622726,0.036654453724622726,-0.006405459716916084,-0.006405459716916084,20.08346939086914,-31.14266014099121,0.0,-1.5707964,-1.5847867727279663,5.211634635925293,0.039530735462903976,-0.02986246347427368,5.211784555929226,0.007584947935693055,5.22156286239624,0.016806839033961296,-0.17111796140670776,0.016806839033961296,-0.17111796140670776,-0.018556855618953705,13.335739135742188,-0.018094122409820557,12.075213432312012,-0.022867508232591992,57.6239585876426,-0.0,-2.25,2.25
12.780000000000001,63.379638671875,63.379638671875,0.03595353290438652,0.03595353290438652,-0.007193061988800764,-0.007193061988800764,20.0827693939209,-31.24690055847168,0.0,-1.5707964,-1.5853915214538574,5.212083339691162,0.03858111798763275,-0.030725592747330666,5.21222613117959,0.007402109834972128,5.223178386688232,0.020396588370203972,-0.17609341442584991,0.020396588370203972,-0.17609341442584991,-0.019014205783605576,14.488218307495117,-0.018556855618953705,13.335739135742188,-0.02225609496235895,53.025293350220856,-0.0,-2.25,2.25
12.8,63.483882904052734,63.483882904052734,0.03516986966133118,0.03516986966133118,-0.007994676008820534,-0.007994676008820534,20.081985473632812,-31.35114288330078,0.0,-1.5707964,-1.5860134363174438,5.2126030921936035,0.037648070603609085,-0.03157283738255501,5.21273904717726,0.0072223830062788765,5.2248125076293945,0.023955808952450752,-0.18087391555309296,0.023955808952450752,-0.18087391555309296,-0.019459327682852745,15.548724174499512,-0.019014205783605576,14.488218307495117,-0.021333526819944836,49.06554222107038,-0.0,-2.25,2.25
12.82,63.588138580322266,63.588138580322266,0.0343020036816597,0.0343020036816597,-0.008809441700577736,-0.008809441700577736,20.081117630004883,-31.455394744873047,0.0,-1.5707964,-1.586652159690857,5.213190078735352,0.03673428297042847,-0.03240247070789337,5.213319499567435,0.007046294966786281,5.226447582244873,0.027401790022850037,-0.18545611202716827,0.027401790022850037,-0.18545611202716827,-0.019885998219251633,16.5300350189209,-0.019459327682852745,15.548724174499512,-0.02013063058257146,45.60546875000097,-0.0,-2.25,2.25
12.84,63.692405700683594,63.692405700683594,0.03334861248731613,0.03334861248731613,-0.00963587500154972,-0.00963587500154972,20.080163955688477,-31.559667587280273,0.0,-1.5707964,-1.5873072147369385,5.213839530944824,0.03584536910057068,-0.03320935741066933,5.213962748709363,0.006874934325381382,5.228077411651611,0.03068383038043976,-0.18981321156024933,0.03068383038043976,-0.18981321156024933,-0.020288610830903053,17.4421443939209,-0.019885998219251633,16.5300350189209,-0.018681026995182436,42.52071380615325,-0.0,-2.25,2.25
12.86,63.79668426513672,63.79668426513672,0.03230852261185646,0.03230852261185646,-0.010472055524587631,-0.010472055524587631,20.079124450683594,-31.663944244384766,0.0,-1.5707964,-1.5879781246185303,5.214547157287598,0.03498856723308563,-0.0339866504073143,5.214664539106345,0.006709699061811968,5.22969913482666,0.03378141671419144,-0.1939059942960739,0.03378141671419144,-0.1939059942960739,-0.020662231370806694,18.292558670043945,-0.020288610830903053,17.4421443939209,-0.01701507717370872,39.71109390258521,-0.0,-2.25,2.25
12.88,63.900978088378906,63.900978088378906,0.03118077665567398,0.03118077665567398,-0.011315809562802315,-0.011315809562802315,20.0779972076416,-31.768234252929688,0.0,-1.5707964,-1.5886642932891846,5.215310096740723,0.03417179733514786,-0.0347268208861351,5.215422045903749,0.00655211438997109,5.231314659118652,0.03669082000851631,-0.1976904422044754,0.03669082000851631,-0.1976904422044754,-0.02100253291428089,19.086780548095703,-0.020662231370806694,18.292558670043945,-0.015168450772762621,37.095260620117976,-0.0,-2.25,2.25
12.9,64.00528717041016,64.00528717041016,0.02996465004980564,0.02996465004980564,-0.01216479018330574,-0.01216479018330574,20.076780319213867,-31.872549057006836,0.0,-1.5707964,-1.5893648862838745,5.216124534606934,0.03340306878089905,-0.035422299057245255,5.21623148695803,0.00640372214355158,5.232924461364746,0.03942069783806801,-0.20112261176109314,0.03942069783806801,-0.20112261176109314,-0.021305901929736137,19.828685760498047,-0.02100253291428089,19.086780548095703,-0.013180356472730918,34.59835052490308,-0.0,-2.25,2.25
12.92,64.109619140625,64.109619140625,0.028659667819738388,0.028659667819738388,-0.013016567565500736,-0.013016567565500736,20.075475692749023,-31.97687530517578,0.0,-1.5707964,-1.5900789499282837,5.216987133026123,0.03269001469016075,-0.03606593608856201,5.217089551006439,0.006265989549824609,5.234529495239258,0.04198455810546875,-0.2041621059179306,0.04198455810546875,-0.2041621059179306,-0.02156950905919075,20.520652770996094,-0.021305901929736137,19.828685760498047,-0.011079479008913276,32.17124938964913,-0.0,-2.25,2.25
12.94,64.21395111083984,64.21395111083984,0.027265602722764015,0.027265602722764015,-0.013868724927306175,-0.013868724927306175,20.074081420898438,-32.08121109008789,0.0,-1.5707964,-1.5908052921295166,5.2178955078125,0.03203953057527542,-0.036651335656642914,5.217993873316579,0.0061402394641781885,5.236131191253662,0.04439675435423851,-0.20677457749843597,0.04439675435423851,-0.20677457749843597,-0.02179109863936901,21.164077758789062,-0.02156950905919075,20.520652770996094,-0.009031035006045686,29.35237884521286,-0.0,-2.25,2.25
12.96,64.31831359863281,64.31831359863281,0.025782471522688866,0.025782471522688866,-0.014718885533511639,-0.014718885533511639,20.07259750366211,-32.18557357788086,0.0,-1.5707964,-1.5915428400039673,5.218846797943115,0.03145768120884895,-0.03717294707894325,5.21894160593009,0.00602763435073277,5.237728118896484,0.04666861891746521,-0.20893225073814392,0.04666861891746521,-0.20893225073814392,-0.021971719339489937,21.75112533569336,-0.02179109863936901,21.164077758789062,-0.007013697177171856,26.385974884033764,-0.0,-2.25,2.25
12.98,64.42268371582031,64.42268371582031,0.024210525676608086,0.024210525676608086,-0.015565074048936367,-0.015565074048936367,20.071025848388672,-32.28994369506836,0.0,-1.5707964,-1.5922902822494507,5.2198381423950195,0.03094802424311638,-0.03762783110141754,5.219929885832418,0.005928854645824785,5.239316463470459,0.04880598559975624,-0.21062637865543365,0.04880598559975624,-0.21062637865543365,-0.02211199328303337,22.278844833374023,-0.021971719339489937,21.75112533569336,-0.004979316145181762,23.54583740234425,-0.0,-2.25,2.25
13.0,64.52708435058594,64.52708435058594,0.022550208494067192,0.022550208494067192,-0.016405554488301277,-0.016405554488301277,20.069366455078125,-32.394344329833984,0.0,-1.5707964,-1.5930461883544922,5.220867156982422,0.030512623488903046,-0.03801444172859192,5.220956319588384,0.005844292753815592,5.240889549255371,0.050805751234292984,-0.21185865998268127,0.050805751234292984,-0.21185865998268127,-0.022211579605937004,22.7497615814209,-0.02211199328303337,22.278844833374023,-0.002950150519609514,20.805644989014116,-0.0,-2.25,2.25
13.02,64.6314926147461,64.6314926147461,0.020802142098546028,0.020802142098546028,-0.01723863184452057,-0.01723863184452057,20.067617416381836,-32.498756408691406,0.0,-1.5707964,-1.5938092470169067,5.221931457519531,0.03015308827161789,-0.03833150118589401,5.222018513540944,0.005774252955016963,5.242445945739746,0.05266350135207176,-0.2126326858997345,0.05266350135207176,-0.2126326858997345,-0.022270582616329193,23.165874481201172,-0.022211579605937004,22.7497615814209,-0.0009561888873576473,18.135643005369868,-0.0,-2.25,2.25
13.040000000000001,64.73593139648438,64.73593139648438,0.018967119976878166,0.018967119976878166,-0.01806272193789482,-0.01806272193789482,20.06578254699707,-32.60319137573242,0.0,-1.5707964,-1.5945780277252197,5.22302770614624,0.02987045794725418,-0.03857821598649025,5.223113119915099,0.00571893047054136,5.243982791900635,0.0543789267539978,-0.21295486390590668,0.0543789267539978,-0.21295486390590668,-0.022289706394076347,23.528587341308594,-0.022270582616329193,23.165874481201172,0.0009823590517044278,15.52429199218783,-0.0,-2.25,2.25
13.06,64.84037780761719,64.84037780761719,0.01704609952867031,0.01704609952867031,-0.018876370042562485,-0.018876370042562485,20.063861846923828,-32.707637786865234,0.0,-1.5707964,-1.5953510999679565,5.224152565002441,0.029665017500519753,-0.03875446692109108,5.224236789779431,0.005678375256399276,5.2454986572265625,0.055952273309230804,-0.21283577382564545,0.055952273309230804,-0.21283577382564545,-0.02227005921304226,23.839073181152344,-0.022289706394076347,23.528587341308594,0.002846773713827194,12.96424865722684,-0.0,-2.25,2.25
13.08,64.94486236572266,64.94486236572266,0.015040176920592785,0.015040176920592785,-0.019678259268403053,-0.019678259268403053,20.06185531616211,-32.81212615966797,0.0,-1.5707964,-1.5961271524429321,5.225303649902344,0.029536284506320953,-0.03886083886027336,5.225387126882103,0.0056524887196905465,5.246991157531738,0.057384978979825974,-0.21229013800621033,0.057384978979825974,-0.21229013800621033,-0.022213123738765717,24.098358154296875,-0.02227005921304226,23.839073181152344,0.0048937276005745975,11.123657226562736,-0.0,-2.25,2.25
13.1,65.04935455322266,65.04935455322266,0.01295058336108923,0.01295058336108923,-0.020467249676585197,-0.020467249676585197,20.05976676940918,-32.9166145324707,0.0,-1.5707964,-1.5969046354293823,5.226478099822998,0.029483044520020485,-0.03889862075448036,5.226561257446773,0.0056410323026686365,5.2484588623046875,0.05867777019739151,-0.21133653819561005,0.05867777019739151,-0.21133653819561005,-0.022115249186754227,24.320831298828125,-0.022213123738765717,24.098358154296875,0.006968993693589694,9.526157379149748,-0.0,-2.25,2.25
13.120000000000001,65.15387725830078,65.15387725830078,0.010778691619634628,0.010778691619634628,-0.02124171145260334,-0.02124171145260334,20.057594299316406,-33.02113723754883,0.0,-1.5707964,-1.597682237625122,5.227673530578613,0.029506560415029526,-0.03886626660823822,5.2277568018625145,0.005644240579899073,5.249905109405518,0.059839583933353424,-0.20997262001037598,0.059839583933353424,-0.20997262001037598,-0.021975869312882423,24.511354446411133,-0.022115249186754227,24.320831298828125,0.008884444832802008,7.697296142578289,-0.0,-2.25,2.25
13.14,65.25841522216797,65.25841522216797,0.008526044897735119,0.008526044897735119,-0.0220000222325325,-0.0220000222325325,20.055341720581055,-33.125675201416016,0.0,-1.5707964,-1.5984587669372559,5.228888034820557,0.02960803173482418,-0.03876243159174919,5.228971860340501,0.005662334918192015,5.251334190368652,0.060884974896907806,-0.20819565653800964,0.060884974896907806,-0.20819565653800964,-0.021798180416226387,24.665300369262695,-0.021975869312882423,24.511354446411133,0.01061763614416145,5.684947967529418,-0.0,-2.25,2.25
13.16,65.36297607421875,65.36297607421875,0.006194337736815214,0.006194337736815214,-0.022740976884961128,-0.022740976884961128,20.053010940551758,-33.2302360534668,0.0,-1.5707964,-1.5992324352264404,5.230119228363037,0.029786385595798492,-0.038588277995586395,5.230204046847468,0.00569510220745069,5.252745151519775,0.061825230717659,-0.2060198038816452,0.061825230717659,-0.2060198038816452,-0.021585827693343163,24.77899932861328,-0.021798180416226387,24.665300369262695,0.012161489576101562,3.54375839233406,-0.0,-2.25,2.25
13.18,65.46756744384766,65.46756744384766,0.0037853745743632317,0.0037853745743632317,-0.02346375584602356,-0.02346375584602356,20.050601959228516,-33.33482360839844,0.0,-1.5707964,-1.6000020503997803,5.231365203857422,0.030038701370358467,-0.03834681957960129,5.231451444839206,0.005741975578251827,5.254134654998779,0.06266427785158157,-0.2034721076488495,0.06266427785158157,-0.2034721076488495,-0.021342597901821136,24.84987449645996,-0.021585827693343163,24.77899932861328,0.013510044664143604,1.3189315795897547,-0.0,-2.25,2.25
13.200000000000001,65.57217407226562,65.57217407226562,0.00130103447008878,0.00130103447008878,-0.024167872965335846,-0.024167872965335846,20.04811668395996,-33.439430236816406,0.0,-1.5707964,-1.6007664203643799,5.232624053955078,0.03036070615053177,-0.0380423404276371,5.232712132585475,0.005802130086527831,5.255499362945557,0.06339826434850693,-0.20058825612068176,0.06339826434850693,-0.20058825612068176,-0.021072397008538246,24.876253128051758,-0.021342597901821136,24.84987449645996,0.014652963727712943,-0.9554862976074422,-0.0,-2.25,2.25
13.22,65.67681121826172,65.67681121826172,-0.0012567646335810423,-0.0012567646335810423,-0.02485312707722187,-0.02485312707722187,20.04555892944336,-33.5440673828125,0.0,-1.5707964,-1.601523995399475,5.233893394470215,0.030747126787900925,-0.03768003359436989,5.233983707510433,0.005874550888169716,5.256834983825684,0.06402141600847244,-0.19740960001945496,0.06402141600847244,-0.19740960001945496,-0.020779337733983994,24.85714340209961,-0.021072397008538246,24.876253128051758,0.015595648437738752,-3.2343864440918657,-0.0,-2.25,2.25
13.24,65.7814712524414,65.7814712524414,-0.0038860924541950226,-0.0038860924541950226,-0.025519583374261856,-0.025519583374261856,20.042930603027344,-33.64873123168945,0.0,-1.5707964,-1.6022740602493286,5.235170841217041,0.031191879883408546,-0.03726579248905182,5.235263763183265,0.005958069323680638,5.258139133453369,0.06452629715204239,-0.19398149847984314,0.06452629715204239,-0.19398149847984314,-0.020467424765229225,24.792455673217773,-0.020779337733983994,24.85714340209961,0.01634499058127438,-5.4811477661133985,-0.0,-2.25,2.25
13.26,65.88614654541016,65.88614654541016,-0.006585033610463142,-0.006585033610463142,-0.02616753987967968,-0.02616753987967968,20.040231704711914,-33.7534065246582,0.0,-1.5707964,-1.6030153036117554,5.236453533172607,0.03168836981058121,-0.03680591657757759,5.2365494132927966,0.006051420642383924,5.259407043457031,0.06490746885538101,-0.19035103917121887,0.06490746885538101,-0.19035103917121887,-0.020140524953603745,24.682832717895508,-0.020467424765229225,24.792455673217773,0.016655400395392247,-7.430362701415514,-0.0,-2.25,2.25
13.280000000000001,65.99085998535156,65.99085998535156,-0.009351707063615322,-0.009351707063615322,-0.026797432452440262,-0.026797432452440262,20.037464141845703,-33.858116149902344,0.0,-1.5707964,-1.6037471294403076,5.237738609313965,0.03222975134849548,-0.03630688041448593,5.237837769191613,0.00615329381237154,5.260636806488037,0.06515880674123764,-0.186565101146698,0.06515880674123764,-0.186565101146698,-0.019807416945695877,24.534225463867188,-0.020140524953603745,24.682832717895508,0.01661414280533826,-9.094238281250194,-0.0,-2.25,2.25
13.3,66.09558868408203,66.09558868408203,-0.012184307910501957,-0.012184307910501957,-0.02741045504808426,-0.02741045504808426,20.034631729125977,-33.96284484863281,0.0,-1.5707964,-1.6044687032699585,5.239023685455322,0.032806094735860825,-0.035778407007455826,5.2391263982284,0.006261789968617374,5.2618279457092285,0.0652761310338974,-0.18269231915473938,0.0652761310338974,-0.18269231915473938,-0.01947513408958912,24.352340698242188,-0.019807416945695877,24.534225463867188,0.016461312770843856,-10.627174377441634,-0.0,-2.25,2.25
13.32,66.2003402709961,66.2003402709961,-0.015081172809004784,-0.015081172809004784,-0.028008239343762398,-0.028008239343762398,20.031734466552734,-34.06760025024414,0.0,-1.5707964,-1.6051794290542603,5.240306377410889,0.03340631723403931,-0.03523116931319237,5.240412856938313,0.0063747922936528015,5.26298189163208,0.06525999307632446,-0.1788073629140854,0.06525999307632446,-0.1788073629140854,-0.01914590783417225,24.13979721069336,-0.01947513408958912,24.352340698242188,0.015469919890165659,-12.279224395752214,-0.0,-2.25,2.25
13.34,66.30512237548828,66.30512237548828,-0.018040796741843224,-0.018040796741843224,-0.028592200949788094,-0.028592200949788094,20.02877426147461,-34.172386169433594,0.0,-1.5707964,-1.6058791875839233,5.241582870483398,0.03402141109108925,-0.03467341884970665,5.241693280282394,0.006490583890913848,5.264099597930908,0.06511695683002472,-0.17496630549430847,0.06511695683002472,-0.17496630549430847,-0.018836509436368942,23.89421272277832,-0.01914590783417225,24.13979721069336,0.011562183499336489,-14.584732055664373,-0.0,-2.25,2.25
13.36,66.40991973876953,66.40991973876953,-0.021061887964606285,-0.021061887964606285,-0.029165346175432205,-0.029165346175432205,20.025754928588867,-34.27717971801758,0.0,-1.5707964,-1.6065678596496582,5.242852210998535,0.03463517874479294,-0.03412115201354027,5.2429666127087735,0.006606074998957695,5.26517915725708,0.0648464635014534,-0.1712784469127655,0.0648464635014534,-0.1712784469127655,-0.018605265766382217,23.60251808166504,-0.018836509436368942,23.89421272277832,0.007892400026320879,-15.843963623045806,-0.0,-2.25,2.25
13.38,66.5147476196289,66.5147476196289,-0.024143744260072708,-0.024143744260072708,-0.029736917465925217,-0.029736917465925217,20.022672653198242,-34.38200759887695,0.0,-1.5707964,-1.6072458028793335,5.244109630584717,0.03520198538899422,-0.03362177312374115,5.244227778936256,0.0067125707030698005,5.2662129402160645,0.06441303342580795,-0.1680760681629181,0.06441303342580795,-0.1680760681629181,-0.01844741776585579,23.2856388092041,-0.018605265766382217,23.60251808166504,0.004552770406007864,-16.235637664795266,-0.0,-2.25,2.25
13.4,66.61959838867188,66.61959838867188,-0.02728651463985443,-0.02728651463985443,-0.03031371347606182,-0.03031371347606182,20.019529342651367,-34.48685836791992,0.0,-1.5707964,-1.607914686203003,5.245352268218994,0.03569279611110687,-0.03320224955677986,5.245473705339145,0.006804546845164012,5.2672038078308105,0.06381159275770187,-0.16555023193359375,0.06381159275770187,-0.16555023193359375,-0.018356362357735634,22.960926055908203,-0.01844741776585579,23.2856388092041,0.001605227589607273,-15.930461883545261,-0.0,-2.25,2.25
13.42,66.7244644165039,66.7244644165039,-0.030490973964333534,-0.030490973964333534,-0.030900539830327034,-0.030900539830327034,20.016324996948242,-34.59172439575195,0.0,-1.5707964,-1.6085759401321411,5.246576309204102,0.03609135374426842,-0.03287568315863609,5.246700444480972,0.006878921098231818,5.268158912658691,0.06306101381778717,-0.16378642618656158,0.06306101381778717,-0.16378642618656158,-0.01832425780594349,22.642316818237305,-0.018356362357735634,22.960926055908203,-0.0009092502295971111,-15.090370178222978,-0.0,-2.25,2.25
13.44,66.82936096191406,66.82936096191406,-0.03375831991434097,-0.03375831991434097,-0.03150052949786186,-0.03150052949786186,20.013057708740234,-34.696624755859375,0.0,-1.5707964,-1.6092313528060913,5.247780799865723,0.036391016095876694,-0.03264563903212547,5.247906976070728,0.00693444222928273,5.269087791442871,0.06219412758946419,-0.16279390454292297,0.06219412758946419,-0.16279390454292297,-0.01834244281053543,22.34050941467285,-0.01832425780594349,22.642316818237305,-0.002960953861474791,-13.85736465454008,-0.0,-2.25,2.25
13.46,66.93427276611328,66.93427276611328,-0.037090033292770386,-0.037090033292770386,-0.032115478068590164,-0.032115478068590164,20.00972557067871,-34.801536560058594,0.0,-1.5707964,-1.6098830699920654,5.248964309692383,0.036592308431863785,-0.032509129494428635,5.2490918568320755,0.006971225845734609,5.270000457763672,0.06125171482563019,-0.16252858936786652,0.06125171482563019,-0.16252858936786652,-0.01840166188776493,22.06336212158203,-0.01834244281053543,22.34050941467285,-0.004548206925392248,-12.375164031982687,-0.0,-2.25,2.25
13.48,67.03921508789062,67.03921508789062,-0.04048771411180496,-0.04048771411180496,-0.03274605795741081,-0.03274605795741081,20.006328582763672,-34.90647888183594,0.0,-1.5707964,-1.6105328798294067,5.250128269195557,0.03670106828212738,-0.032458558678627014,5.250256547200277,0.006990395013521184,5.2709059715271,0.06027451902627945,-0.16291016340255737,0.06027451902627945,-0.16291016340255737,-0.018492626026272774,21.815858840942383,-0.01840166188776493,22.06336212158203,-0.005670171231031538,-10.750293731689682,-0.0,-2.25,2.25
13.5,67.1441650390625,67.1441650390625,-0.04395301267504692,-0.04395301267504692,-0.03339207172393799,-0.03339207172393799,20.00286293029785,-35.01142883300781,0.0,-1.5707964,-1.6111822128295898,5.251272201538086,0.03672682121396065,-0.03248334676027298,5.251400631645155,0.006993776174100542,5.271811485290527,0.059300899505615234,-0.16383619606494904,0.059300899505615234,-0.16383619606494904,-0.018606029450893402,21.600852966308594,-0.018492626026272774,21.815858840942383,-0.006348732858896391,-9.094905853271678,-0.0,-2.25,2.25
13.52,67.2491455078125,67.2491455078125,-0.047487523406744,-0.047487523406744,-0.034052591770887375,-0.034052591770887375,19.99932861328125,-35.11640548706055,0.0,-1.5707964,-1.611832618713379,5.2523980140686035,0.036681678146123886,-0.032570935785770416,5.252526101192019,0.006983682824834559,5.272722244262695,0.05836176499724388,-0.1651916652917862,0.05836176499724388,-0.1651916652917862,-0.018733004108071327,21.418954849243164,-0.018606029450893402,21.600852966308594,-0.006614811718463451,-7.499599456786603,-0.0,-2.25,2.25
13.540000000000001,67.35414123535156,67.35414123535156,-0.051092710345983505,-0.051092710345983505,-0.03472617268562317,-0.03472617268562317,19.995723724365234,-35.221405029296875,0.0,-1.5707964,-1.6124851703643799,5.253507137298584,0.03657926246523857,-0.03270774707198143,5.253634483297222,0.006962714695886234,5.273643970489502,0.0574827715754509,-0.1668572723865509,0.0574827715754509,-0.1668572723865509,-0.018865300342440605,21.268962860107422,-0.018733004108071327,21.418954849243164,-0.006493646651506563,-6.027603149414191,-0.0,-2.25,2.25
13.56,67.45915985107422,67.45915985107422,-0.05476987734436989,-0.05476987734436989,-0.03541094437241554,-0.03541094437241554,19.992046356201172,-35.326419830322266,0.0,-1.5707964,-1.6131409406661987,5.254601955413818,0.03643389418721199,-0.03287990763783455,5.254728264951897,0.006933600421797548,5.27457857131958,0.056684333831071854,-0.1687156856060028,0.056684333831071854,-0.1687156856060028,-0.018995173275470734,21.14841079711914,-0.018865300342440605,21.268962860107422,-0.006035156548023352,-4.747009277343851,-0.0,-2.25,2.25
13.58,67.56419372558594,67.56419372558594,-0.0585201270878315,-0.0585201270878315,-0.03610473498702049,-0.03610473498702049,19.988296508789062,-35.431453704833984,0.0,-1.5707964,-1.6138001680374146,5.255684852600098,0.03626009076833725,-0.03307363763451576,5.255809934161683,0.006899103824766432,5.275527477264404,0.055976491421461105,-0.17065472900867462,0.055976491421461105,-0.17065472900867462,-0.019115876406431198,21.053470611572266,-0.018995173275470734,21.14841079711914,-0.005276314914226645,-3.693294525146563,-0.0,-2.25,2.25
13.6,67.66925048828125,67.66925048828125,-0.06234432011842728,-0.06234432011842728,-0.0368051640689373,-0.0368051640689373,19.984472274780273,-35.5365104675293,0.0,-1.5707964,-1.614463448524475,5.25675630569458,0.036071907728910446,-0.03327580913901329,5.256880067110808,0.006861901041754299,5.276491165161133,0.05536623299121857,-0.17257167398929596,0.05536623299121857,-0.17257167398929596,-0.01922140270471573,20.979604721069336,-0.019115876406431198,21.053470611572266,-0.004264153540134142,-2.901268005370898,-0.0,-2.25,2.25
13.620000000000001,67.77432250976562,67.77432250976562,-0.06624306738376617,-0.06624306738376617,-0.037509795278310776,-0.037509795278310776,19.980573654174805,-35.64158248901367,0.0,-1.5707964,-1.6151306629180908,5.257819652557373,0.035882655531167984,-0.03347419202327728,5.257942093993286,0.00682452058711209,5.277467727661133,0.05485537275671959,-0.17437462508678436,0.05485537275671959,-0.17437462508678436,-0.019306685775518417,20.921579360961914,-0.01922140270471573,20.979604721069336,-0.003043934702873295,-2.3871421813965354,-0.0,-2.25,2.25
13.64,67.8794174194336,67.8794174194336,-0.07021671533584595,-0.07021671533584595,-0.03821611776947975,-0.03821611776947975,19.976598739624023,-35.74667739868164,0.0,-1.5707964,-1.6158018112182617,5.258876800537109,0.03570456802845001,-0.03365766629576683,5.2589980052673075,0.006789286151273609,5.278456687927246,0.05443842336535454,-0.17598392069339752,0.05443842336535454,-0.17598392069339752,-0.019367564469575882,20.873836517333984,-0.019306685775518417,20.921579360961914,-0.0016652978956699727,-2.1648406982422337,-0.0,-2.25,2.25
13.66,67.98452758789062,67.98452758789062,-0.07426536083221436,-0.07426536083221436,-0.03892165794968605,-0.03892165794968605,19.972551345825195,-35.85178756713867,0.0,-1.5707964,-1.6164764165878296,5.2599287033081055,0.0355486199259758,-0.033816419541835785,5.260048827555038,0.006758281472848806,5.279453754425049,0.05410818010568619,-0.1773327738046646,0.05410818010568619,-0.1773327738046646,-0.01940087042748928,20.83053970336914,-0.019367564469575882,20.873836517333984,-0.00016866251826286676,-2.229404449462938,-0.0,-2.25,2.25
13.68,68.08966064453125,68.08966064453125,-0.07838884741067886,-0.07838884741067886,-0.039624035358428955,-0.039624035358428955,19.968427658081055,-35.95691680908203,0.0,-1.5707964,-1.6171537637710571,5.260976791381836,0.03542431443929672,-0.033942077308893204,5.261096053248963,0.006733308374681333,5.28045654296875,0.053852811455726624,-0.17836791276931763,0.053852811455726624,-0.17836791276931763,-0.019404243677854538,20.785951614379883,-0.01940087042748928,20.83053970336914,0.0006800517439841766,-3.0446052551267475,-0.0,-2.25,2.25
13.700000000000001,68.19480895996094,68.19480895996094,-0.0825863853096962,-0.0825863853096962,-0.04026755690574646,-0.04026755690574646,19.9642276763916,-36.06206130981445,0.0,-1.570889,-1.6178724765777588,5.262022018432617,0.03533966466784477,-0.03402769938111305,5.262140687435914,0.006715884736492464,5.281459808349609,0.05365972965955734,-0.1790487915277481,0.05365972965955734,-0.1790487915277481,-0.019390642642974854,20.725059509277344,-0.019404243677854538,20.785951614379883,-0.004153978079557507,-7.068634033203276,-0.0025861263,-2.25,2.25
13.72,68.30001068115234,68.30001068115234,-0.08683723211288452,-0.08683723211288452,-0.04050225764513016,-0.04050225764513016,19.959943771362305,-36.167213439941406,0.0,-1.5713922,-1.6186001300811768,5.263064861297607,0.035292647778987885,-0.034077007323503494,5.263183191302851,0.006705621102028932,5.2824554443359375,0.05350123345851898,-0.17941264808177948,0.05350123345851898,-0.17941264808177948,-0.019473722204566002,20.58368682861328,-0.019390642642974854,20.725059509277344,-0.015173107385635699,-13.345813751220987,-0.0069695315,-2.25,2.25
13.74,68.40528106689453,68.40528106689453,-0.0910944938659668,-0.0910944938659668,-0.040282242000103,-0.040282242000103,19.955577850341797,-36.27239990234375,0.0,-1.5723563,-1.6193281412124634,5.264101505279541,0.03521512821316719,-0.03416450694203377,5.26421929284309,0.00668957520653137,5.283411026000977,0.05326418578624725,-0.18000319600105286,0.05326418578624725,-0.18000319600105286,-0.01977718435227871,20.316770553588867,-0.019473722204566002,20.58368682861328,-0.03178874030709335,-20.601654052734816,-0.011355798,-2.25,2.25
13.76,68.5106201171875,68.5106201171875,-0.09531135857105255,-0.09531135857105255,-0.03963124752044678,-0.03963124752044678,19.951128005981445,-36.377593994140625,0.0,-1.5737821,-1.620058298110962,5.2651238441467285,0.034986987709999084,-0.03441581502556801,5.265240087926802,0.006644947733447419,5.2842864990234375,0.05277564376592636,-0.181740403175354,0.05277564376592636,-0.181740403175354,-0.020412959158420563,19.90473747253418,-0.01977718435227871,20.316770553588867,-0.0534280203282797,-27.503299713132908,-0.015744925,-2.25,2.25
13.780000000000001,68.61602783203125,68.61602783203125,-0.09944384545087814,-0.09944384545087814,-0.03858112916350365,-0.03858112916350365,19.946584701538086,-36.4827995300293,0.0,-1.5756702,-1.6207948923110962,5.266119003295898,0.0344591848552227,-0.03498132899403572,5.266231745023672,0.006543470251858311,5.285044193267822,0.05184359475970268,-0.18572667241096497,0.05184359475970268,-0.18572667241096497,-0.02148151956498623,19.354671478271484,-0.020412959158420563,19.90473747253418,-0.07939971983432939,-33.015727996826875,-0.020136913,-2.25,2.25
13.8,68.72151947021484,68.72151947021484,-0.10345152765512466,-0.10345152765512466,-0.03716909885406494,-0.03716909885406494,19.94194984436035,-36.58802795410156,0.0,-1.5780221,-1.621545672416687,5.267071723937988,0.033469997346401215,-0.03601967543363571,5.2671780666529076,0.006354488527698624,5.285660266876221,0.05028640478849411,-0.19311439990997314,0.05028640478849411,-0.19311439990997314,-0.023069513961672783,18.69435691833496,-0.02148151956498623,19.354671478271484,-0.10887496173382037,-36.336040496826946,-0.024532398,-2.25,2.25
13.82,68.82709503173828,68.82709503173828,-0.10729794949293137,-0.10729794949293137,-0.03543541580438614,-0.03543541580438614,19.937198638916016,-36.693267822265625,0.0,-1.5808425,-1.6223253011703491,5.267962455749512,0.031857822090387344,-0.037685576826334,5.268058784411462,0.006047391947096763,5.286127090454102,0.04795338958501816,-0.20500719547271729,0.04795338958501816,-0.20500719547271729,-0.025247013196349144,17.967636108398438,-0.023069513961672783,18.69435691833496,-0.14093881472945513,-36.92188262939532,-0.02893138,-2.25,2.25
13.84,68.93275451660156,68.93275451660156,-0.11095093935728073,-0.11095093935728073,-0.03342128545045853,-0.03342128545045853,19.932313919067383,-36.79851531982422,0.0,-1.5841367,-1.6231515407562256,5.268771171569824,0.029471661895513535,-0.04012029990553856,5.26885359800594,0.005593591667348002,5.286448001861572,0.044727981090545654,-0.22238391637802124,0.044727981090545654,-0.22238391637802124,-0.028065789490938187,17.229198455810547,-0.025247013196349144,17.967636108398438,-0.1746501773595847,-34.479427337647216,-0.033333857,-2.25,2.25
13.86,69.03849792480469,69.03849792480469,-0.1143825501203537,-0.1143825501203537,-0.031166959553956985,-0.031166959553956985,19.92728042602539,-36.903778076171875,0.0,-1.587898,-1.6240332126617432,5.269476890563965,0.026179324835538864,-0.043444566428661346,5.269541921005707,0.004968066089979068,5.2866411209106445,0.04052533209323883,-0.24604402482509613,0.04052533209323883,-0.24604402482509613,-0.031558793038129807,16.539609909057617,-0.028065789490938187,17.229198455810547,-0.20909290760754126,-28.94363403320117,-0.037739832,-2.25,2.25
13.88,69.14432525634766,69.14432525634766,-0.11756894737482071,-0.11756894737482071,-0.028710298240184784,-0.028710298240184784,19.922073364257812,-37.009029388427734,0.0,-1.5921273,-1.6249879598617554,5.270058631896973,0.02187313325703144,-0.04775385558605194,5.270104023412657,0.004150429660969233,5.286733627319336,0.03529275208711624,-0.27657464146614075,0.03529275208711624,-0.27657464146614075,-0.035740651190280914,15.960737228393555,-0.031558793038129807,16.539609909057617,-0.24342760443687958,-20.42417526245161,-0.042149305,-2.25,2.25
13.9,69.250244140625,69.250244140625,-0.12049014866352081,-0.12049014866352081,-0.02608552947640419,-0.02608552947640419,19.916662216186523,-37.114288330078125,0.0,-1.5968262,-1.6260372400283813,5.270495414733887,0.016473358497023582,-0.053115908056497574,5.270521159076311,0.0031255704742940878,5.286760330200195,0.029004668816924095,-0.31433603167533875,0.029004668816924095,-0.31433603167533875,-0.0406092032790184,15.552253723144531,-0.035740651190280914,15.960737228393555,-0.2769397571682989,-9.189319610595899,-0.046562593,-2.25,2.25
13.92,69.35624694824219,69.35624694824219,-0.12312954664230347,-0.12312954664230347,-0.02332262694835663,-0.02332262694835663,19.911014556884766,-37.21954345703125,0.0,-1.6019953,-1.627201795578003,5.2707672119140625,0.009929402731359005,-0.059570297598838806,5.270776564722407,0.001883860657449795,5.28675651550293,0.021658511832356453,-0.3594645857810974,0.021658511832356453,-0.3594645857810974,-0.04614799842238426,15.368467330932617,-0.0406092032790184,15.552253723144531,-0.30907951295376485,4.368400573730562,-0.050979376,-2.25,2.25
13.94,69.46233367919922,69.46233367919922,-0.1254735141992569,-0.1254735141992569,-0.020446831360459328,-0.020446831360459328,19.905094146728516,-37.32479476928711,0.0,-1.6076356,-1.628503680229187,5.270855903625488,0.002218924928456545,-0.06712989509105682,5.270856370686978,0.00042097997705608506,5.286760330200195,0.013269484043121338,-0.4118906557559967,0.013269484043121338,-0.4118906557559967,-0.05232958868145943,15.455835342407227,-0.04614799842238426,15.368467330932617,-0.3394350409507522,19.80538368224964,-0.055399656,-2.25,2.25
13.96,69.56849670410156,69.56849670410156,-0.1275108903646469,-0.1275108903646469,-0.01747879385948181,-0.01747879385948181,19.89886474609375,-37.43001937866211,0.0,-1.6137478,-1.6299644708633423,5.270745277404785,-0.006654798518866301,-0.07578391581773758,5.270749478549343,-0.0012625908922552192,5.286806106567383,0.0038680529687553644,-0.47136831283569336,0.0038680529687553644,-0.47136831283569336,-0.05911828950047493,15.851943016052246,-0.05232958868145943,15.455835342407227,-0.3677414730191309,36.65013313293535,-0.059823114,-2.25,2.25
13.98,69.67473602294922,69.67473602294922,-0.12923255562782288,-0.12923255562782288,-0.014434751123189926,-0.014434751123189926,19.892284393310547,-37.535221099853516,0.0,-1.6203331,-1.6316055059432983,5.270420074462891,-0.01666644774377346,-0.08550167083740234,5.270446426232015,-0.003162251197128511,5.286924839019775,-0.006504231132566929,-0.5375101566314697,-0.006504231132566929,-0.5375101566314697,-0.06647311896085739,16.584945678710938,-0.05911828950047493,15.851943016052246,-0.39387159049511794,54.41770553588983,-0.064249754,-2.25,2.25
14.0,69.78103637695312,69.78103637695312,-0.13063091039657593,-0.13063091039657593,-0.011326981708407402,-0.011326981708407402,19.885292053222656,-37.640380859375,0.0,-1.6274033,-1.6334607601165771,5.269868850708008,-0.027772795408964157,-0.09623673558235168,5.269942033061405,-0.005270062515559624,5.287140846252441,-0.01779819279909134,-0.6098242402076721,-0.01779819279909134,-0.6098242402076721,-0.07435055077075958,17.67329978942871,-0.06647311896085739,16.584945678710938,-0.41778236627579624,72.66244888305819,-0.06867894,-2.25,2.25
14.02,69.88740539550781,69.88740539550781,-0.1316995918750763,-0.1316995918750763,-0.008164395578205585,-0.008164395578205585,19.877866744995117,-37.74549865722656,0.0,-1.6349486,-1.6355373859405518,5.2690815925598145,-0.03991711884737015,-0.1079312115907669,5.269232790969644,-0.00757558115894702,5.287473201751709,-0.029965750873088837,-0.6877509355545044,-0.029965750873088837,-0.6877509355545044,-0.08270619809627533,19.126548767089844,-0.07435055077075958,17.67329978942871,-0.4395123571157159,90.98558425902706,-0.073110975,-2.25,2.25
14.040000000000001,69.99382781982422,69.99382781982422,-0.13243310153484344,-0.13243310153484344,-0.004953040275722742,-0.004953040275722742,19.869956970214844,-37.85057067871094,0.0,-1.6429679,-1.6378543376922607,5.2680511474609375,-0.05303319916129112,-0.12051952630281448,5.268318081938275,-0.010066608364900718,5.287933349609375,-0.042960911989212036,-0.7706940770149231,-0.042960911989212036,-0.7706940770149231,-0.09149644523859024,20.946260452270508,-0.08270619809627533,19.126548767089844,-0.45914575457573914,109.03387069702381,-0.07754525,-2.25,2.25
14.06,70.10030364990234,70.10030364990234,-0.13282646238803864,-0.13282646238803864,-0.0016967160627245903,-0.0016967160627245903,19.86152458190918,-37.9555778503418,0.0,-1.6514615,-1.6404283046722412,5.2667717933654785,-0.06704888492822647,-0.1339317262172699,5.2671985605595255,-0.01272985915805501,5.288527965545654,-0.056743402034044266,-0.8580477833747864,-0.056743402034044266,-0.8580477833747864,-0.10067936033010483,23.126937866210938,-0.09149644523859024,20.946260452270508,-0.4768021404743296,126.50861740112575,-0.08198174,-2.25,2.25
14.08,70.20681762695312,70.20681762695312,-0.13287514448165894,-0.13287514448165894,0.0016025528311729431,0.0016025528311729431,19.85252571105957,-38.060516357421875,0.0,-1.6604288,-1.643275260925293,5.2652387619018555,-0.0818890705704689,-0.14809609949588776,5.265875524517521,-0.015551520557489606,5.289256572723389,-0.07128197699785233,-0.949216902256012,-0.07128197699785233,-0.949216902256012,-0.11021540313959122,25.6571102142334,-0.10067936033010483,23.126937866210938,-0.4926096647977934,143.18895339966124,-0.08641982,-2.25,2.25
14.1,70.31336212158203,70.31336212158203,-0.13257475197315216,-0.13257475197315216,0.004944067448377609,0.004944067448377609,19.842914581298828,-38.16536331176758,0.0,-1.6698703,-1.6464084386825562,5.263450622558594,-0.09747805446386337,-0.16294127702713013,5.2643531822261425,-0.018517683418620815,5.290113925933838,-0.0865568220615387,-1.043631911277771,-0.0865568220615387,-1.043631911277771,-0.12006759643554688,28.520889282226562,-0.11021540313959122,25.6571102142334,-0.5067519843577997,160.86549758910047,-0.090859175,-2.25,2.25
14.120000000000001,70.4199447631836,70.4199447631836,-0.13192100822925568,-0.13192100822925568,0.00832812674343586,0.00832812674343586,19.8326473236084,-38.270137786865234,0.0,-1.6797864,-1.649843692779541,5.261403560638428,-0.11374125629663467,-0.17839765548706055,5.262632848801316,-0.02161467778426864,5.291090488433838,-0.10255885869264603,-1.1407586336135864,-0.10255885869264603,-1.1407586336135864,-0.13020263612270355,31.73819923400879,-0.12006759643554688,28.520889282226562,-0.5193866789341084,178.72552871704482,-0.095300116,-2.25,2.25
14.14,70.52652740478516,70.52652740478516,-0.13090966641902924,-0.13090966641902924,0.011755628511309624,0.011755628511309624,19.821674346923828,-38.37479019165039,0.0,-1.6901773,-1.6535929441452026,5.259098052978516,-0.13060693442821503,-0.1943988800048828,5.260719580263061,-0.024829370433391985,5.29218864440918,-0.11927701532840729,-1.2401070594787598,-0.11927701532840729,-1.2401070594787598,-0.1405903697013855,35.31270980834961,-0.13020263612270355,31.73819923400879,-0.5275703966617696,233.2698822021534,-0.099741064,-2.25,2.25
14.16,70.63311004638672,70.63311004638672,-0.12953636050224304,-0.12953636050224304,0.015227777883410454,0.015227777883410454,19.8099365234375,-38.47929763793945,0.0,-1.7010502,-1.6576730012893677,5.256534099578857,-0.1480070948600769,-0.21088257431983948,5.258617388645444,-0.028149346525566964,5.293411731719971,-0.1366948038339615,-1.341234564781189,-0.1366948038339615,-1.341234564781189,-0.15114177763462067,39.97810745239258,-0.1405903697013855,35.31270980834961,-0.5346491932869072,283.3507537841857,-0.104182005,-2.25,2.25
14.18,70.73969268798828,70.73969268798828,-0.12779641151428223,-0.12779641151428223,0.018751762807369232,0.018751762807369232,19.797409057617188,-38.58369064331055,0.0,-1.7123947,-1.6620855331420898,5.253729820251465,-0.16584959626197815,-0.22775979340076447,5.256346936112546,-0.031557492125819556,5.295079708099365,-0.1543651521205902,-1.4435266256332397,-0.1543651521205902,-1.4435266256332397,-0.16183476150035858,45.64512252807617,-0.15114177763462067,39.97810745239258,-0.5408406257629029,324.97749328611087,-0.108622946,-2.25,2.25
14.200000000000001,70.84627532958984,70.84627532958984,-0.1256844699382782,-0.1256844699382782,0.02233361452817917,0.02233361452817917,19.784053802490234,-38.68794250488281,0.0,-1.7242106,-1.6668376922607422,5.250716209411621,-0.18405702710151672,-0.24495868384838104,5.253941158882862,-0.03503935232419498,5.297357559204102,-0.17171069979667664,-1.5465033054351807,-0.17171069979667664,-1.5465033054351807,-0.17265157401561737,52.14467239379883,-0.16183476150035858,45.64512252807617,-0.5465492606163141,360.1833343505936,-0.113063894,-2.25,2.25
14.22,70.95282745361328,70.95282745361328,-0.12319466471672058,-0.12319466471672058,0.025978177785873413,0.025978177785873413,19.76982879638672,-38.792030334472656,0.0,-1.7364938,-1.6719335317611694,5.247530937194824,-0.2025647610425949,-0.26242080330848694,5.251439176000521,-0.038582761847809004,5.300287246704102,-0.1883402168750763,-1.6497968435287476,-0.1883402168750763,-1.6497968435287476,-0.18358255922794342,59.34833908081055,-0.17265157401561737,52.14467239379883,-0.5518145859241603,389.76802825928564,-0.11750356,-2.25,2.25
14.24,71.0593490600586,71.0593490600586,-0.12032066285610199,-0.12032066285610199,0.029688924551010132,0.029688924551010132,19.754697799682617,-38.89593505859375,0.0,-1.7492453,-1.677378535270691,5.244208812713623,-0.22132058441638947,-0.2801007926464081,5.248876915343857,-0.04217782623208207,5.303856372833252,-0.20412345230579376,-1.7531436681747437,-0.20412345230579376,-1.7531436681747437,-0.1946188509464264,67.1436996459961,-0.18358255922794342,59.34833908081055,-0.5566589534282803,414.5195007324307,-0.12194196,-2.25,2.25
14.26,71.16581726074219,71.16581726074219,-0.11705584079027176,-0.11705584079027176,0.03345765918493271,0.03345765918493271,19.738618850708008,-38.99965286254883,0.0,-1.7624308,-1.6831568479537964,5.240780830383301,-0.2402811348438263,-0.2979623079299927,5.246286185090832,-0.04581626135209594,5.308027267456055,-0.21911558508872986,-1.8563517332077026,-0.21911558508872986,-1.8563517332077026,-0.20575203001499176,75.43408966064453,-0.1946188509464264,67.1436996459961,-0.5605749785899737,437.7010345458689,-0.125,-2.25,2.25
14.280000000000001,71.2721939086914,71.2721939086914,-0.11340473592281342,-0.11340473592281342,0.036967143416404724,0.036967143416404724,19.721561431884766,-39.10316467285156,0.0,-1.7757276,-1.6892695426940918,5.237271785736084,-0.2594093084335327,-0.3159753382205963,5.243692300943029,-0.049490935258768694,5.312748908996582,-0.23348279297351837,-1.9592771530151367,-0.23348279297351837,-1.9592771530151367,-0.216963529586792,84.1881103515625,-0.20575203001499176,75.43408966064453,-0.5635097622871519,460.7322692871192,-0.125,-2.25,2.25
14.3,71.37845611572266,71.37845611572266,-0.10940460115671158,-0.10940460115671158,0.04007183387875557,0.04007183387875557,19.70346450805664,-39.206451416015625,0.0,-1.7890103,-1.6957443952560425,5.233703136444092,-0.27866819500923157,-0.33410945534706116,5.241116721017995,-0.053194705772328515,5.317990303039551,-0.24739287793636322,-2.0617759227752686,-0.24739287793636322,-2.0617759227752686,-0.2282337248325348,93.40275573730469,-0.216963529586792,84.1881103515625,-0.5656272172927977,483.1226348877056,-0.125,-2.25,2.25
14.32,71.4845962524414,71.4845962524414,-0.10509800165891647,-0.10509800165891647,0.04277636110782623,0.04277636110782623,19.68429946899414,-39.309486389160156,0.0,-1.8022784,-1.702581763267517,5.2300944328308105,-0.29802072048187256,-0.3523339331150055,5.238578445166625,-0.05692034813796817,5.3237433433532715,-0.26096779108047485,-2.1637001037597656,-0.26096779108047485,-2.1637001037597656,-0.2395462691783905,103.0652084350586,-0.2282337248325348,93.40275573730469,-0.5670547485351684,504.8751831054795,-0.125,-2.25,2.25
14.34,71.59062194824219,71.59062194824219,-0.10052686929702759,-0.10052686929702759,0.04508594423532486,0.04508594423532486,19.664047241210938,-39.41227340698242,0.0,-1.8155311,-1.7097843885421753,5.226465225219727,-0.31743133068084717,-0.3706192374229431,5.236096007535471,-0.06066086093440617,5.330009937286377,-0.2742883563041687,-2.264911651611328,-0.2742883563041687,-2.264911651611328,-0.25088736414909363,113.16271209716797,-0.2395462691783905,103.0652084350586,-0.5678817629814269,526.1684417724722,-0.125,-2.25,2.25
14.36,71.69651794433594,71.69651794433594,-0.09573249518871307,-0.09573249518871307,0.04700616002082825,0.04700616002082825,19.642671585083008,-39.51477813720703,0.0,-1.828768,-1.7173529863357544,5.222833156585693,-0.3368665277957916,-0.3889380693435669,5.233685626695595,-0.06440959299560246,5.336794853210449,-0.2874106168746948,-2.3652875423431396,-0.2874106168746948,-2.3652875423431396,-0.2622449994087219,123.68608093261719,-0.25088736414909363,113.16271209716797,-0.5681499838828658,546.8490600585568,-0.125,-2.25,2.25
14.38,71.80229187011719,71.80229187011719,-0.09075550734996796,-0.09075550734996796,0.048542872071266174,0.048542872071266174,19.62013816833496,-39.61697769165039,0.0,-1.8419904,-1.7252871990203857,5.219216346740723,-0.35629522800445557,-0.40726539492607117,5.231363642835807,-0.06816028913944595,5.344111442565918,-0.3003721833229065,-2.464721441268921,-0.3003721833229065,-2.464721441268921,-0.27360799908638,134.62306213378906,-0.2622449994087219,123.68608093261719,-0.5678802728653075,566.870117187512,-0.125,-2.25,2.25
14.4,71.90794372558594,71.90794372558594,-0.08563579618930817,-0.08563579618930817,0.04970209300518036,0.04970209300518036,19.596412658691406,-39.7188606262207,0.0,-1.8551967,-1.7335875034332275,5.215629577636719,-0.37568870186805725,-0.4255782663822174,5.229142749230536,-0.07190713153917704,5.3519721031188965,-0.3131929934024811,-2.5631203651428223,-0.3131929934024811,-2.5631203651428223,-0.2849656045436859,145.96046447753906,-0.27360799908638,134.62306213378906,-0.5670666694641234,586.21520996095,-0.125,-2.25,2.25
14.42,72.01347351074219,72.01347351074219,-0.08041254431009293,-0.08041254431009293,0.05049022659659386,0.05049022659659386,19.571462631225586,-39.820404052734375,0.0,-1.8683877,-1.7422529458999634,5.212090492248535,-0.39501985907554626,-0.4438553750514984,5.227038165964703,-0.07564452786940784,5.360389709472656,-0.3258841931819916,-2.66040301322937,-0.3258841931819916,-2.66040301322937,-0.29630693793296814,157.6847686767578,-0.2849656045436859,145.96046447753906,-0.5656734108924987,604.865264892591,-0.125,-2.25,2.25
14.44,72.11888885498047,72.11888885498047,-0.07512418180704117,-0.07512418180704117,0.050913866609334946,0.050913866609334946,19.545251846313477,-39.921592712402344,0.0,-1.8815644,-1.7512840032577515,5.208614349365234,-0.414262980222702,-0.46207666397094727,5.225062416583788,-0.07936713169220509,5.369379043579102,-0.3384511172771454,-2.756495952606201,-0.3384511172771454,-2.756495952606201,-0.30762040615081787,169.78207397460938,-0.29630693793296814,157.6847686767578,-0.5633503198623276,623.0506896972236,-0.125,-2.25,2.25
14.46,72.22419738769531,72.22419738769531,-0.06980835646390915,-0.06980835646390915,0.05098007619380951,0.05098007619380951,19.517751693725586,-40.022396087646484,0.0,-1.894728,-1.7606788873672485,5.205217361450195,-0.433393269777298,-0.4802226722240448,5.223228647707353,-0.08306971503522305,5.378955364227295,-0.3508848249912262,-2.8513288497924805,-0.3508848249912262,-2.8513288497924805,-0.3188874125480652,182.2430877685547,-0.30762040615081787,169.78207397460938,-0.5599722266197324,640.5632019043105,-0.125,-2.25,2.25
14.48,72.32939910888672,72.32939910888672,-0.06450188905000687,-0.06450188905000687,0.05069669708609581,0.05069669708609581,19.48890495300293,-40.12278747558594,0.0,-1.9078785,-1.770435094833374,5.201915740966797,-0.45238423347473145,-0.4982719421386719,5.2215494703023415,-0.08674668291276416,5.389135837554932,-0.3631369471549988,-2.944815158843994,-0.3631369471549988,-2.944815158843994,-0.3300868570804596,195.05435180664062,-0.3188874125480652,182.2430877685547,-0.5556121468544125,657.1395874023577,-0.125,-2.25,2.25
14.5,72.43450164794922,72.43450164794922,-0.05924069508910179,-0.05924069508910179,0.05007261037826538,0.05007261037826538,19.458707809448242,-40.22274398803711,0.0,-1.9210161,-1.780551552772522,5.198728084564209,-0.4712074398994446,-0.5162007808685303,5.220039286121632,-0.0903919893334314,5.399938106536865,-0.37512722611427307,-3.0368521213531494,-0.37512722611427307,-3.0368521213531494,-0.3411991000175476,208.1971435546875,-0.3300868570804596,195.05435180664062,-0.5500435829162715,672.995758056655,-0.125,-2.25,2.25
14.52,72.53951263427734,72.53951263427734,-0.05405968800187111,-0.05405968800187111,0.04911746829748154,0.04911746829748154,19.427143096923828,-40.32225036621094,0.0,-1.9341425,-1.7910256385803223,5.19567346572876,-0.489833801984787,-0.5339848399162292,5.218712476851429,-0.09399941103027204,5.411379337310791,-0.38676896691322327,-3.127331256866455,-0.38676896691322327,-3.127331256866455,-0.3521999716758728,221.6570587158203,-0.3411991000175476,208.1971435546875,-0.5429968237876526,687.3054504394067,-0.125,-2.25,2.25
14.540000000000001,72.6444320678711,72.6444320678711,-0.04899270832538605,-0.04899270832538605,0.04784190654754639,0.04784190654754639,19.39417266845703,-40.4212760925293,0.0,-1.9472572,-1.801853895187378,5.192773818969727,-0.5082324743270874,-0.5515978336334229,5.217585666085232,-0.09756229475704528,5.423479080200195,-0.3979491889476776,-3.2161314487457275,-0.3979491889476776,-3.2161314487457275,-0.3630599081516266,235.40316772460938,-0.3521999716758728,221.6570587158203,-0.5366921424865837,699.7344970703274,-0.125,-2.25,2.25
14.56,72.74927520751953,72.74927520751953,-0.04407241940498352,-0.04407241940498352,0.0462576225399971,0.0462576225399971,19.359785079956055,-40.51979064941406,0.0,-1.9603629,-1.8130319118499756,5.190052032470703,-0.5263700485229492,-0.5690107941627502,5.216675716175516,-0.10107343549065233,5.436250686645508,-0.4085221588611603,-3.3031117916107178,-0.4085221588611603,-3.3031117916107178,-0.37379375100135803,249.39785766601562,-0.3630599081516266,235.40316772460938,-0.5298301577568167,710.8352661132964,-0.125,-2.25,2.25
14.58,72.85404205322266,72.85404205322266,-0.039330318570137024,-0.039330318570137024,0.044374752789735794,0.044374752789735794,19.323949813842773,-40.61777114868164,0.0,-1.9734586,-1.8245561122894287,5.187526702880859,-0.5442245602607727,-0.5862076282501221,5.215995941820986,-0.10452785442555404,5.449702739715576,-0.4185468256473541,-3.3882226943969727,-0.4185468256473541,-3.3882226943969727,-0.38439035415649414,263.61456298828125,-0.37379375100135803,249.39785766601562,-0.521308183670055,720.6649780273591,-0.125,-2.25,2.25
14.6,72.958740234375,72.958740234375,-0.03479684516787529,-0.03479684516787529,0.04220355302095413,0.04220355302095413,19.28664779663086,-40.71518325805664,0.0,-1.986546,-1.8364216089248657,5.185214519500732,-0.5617752075195312,-0.603173017501831,5.2155575921491675,-0.10792080638478053,5.463841438293457,-0.42804595828056335,-3.4714205265045166,-0.42804595828056335,-3.4714205265045166,-0.394816517829895,278.0278625488281,-0.38439035415649414,263.61456298828125,-0.2591744065284554,728.9184570312008,-0.125,-2.25,2.25
14.620000000000001,73.06339263916016,73.06339263916016,-0.03050132654607296,-0.03050132654607296,0.03975573927164078,0.03975573927164078,19.24785614013672,-40.81201934814453,0.0,-1.9996274,-1.848625898361206,5.183135032653809,-0.5789957642555237,-0.619885265827179,5.215373894722126,-0.11124643323622609,5.478675365447998,-0.4369148015975952,-3.552617311477661,-0.4369148015975952,-3.552617311477661,-0.4000000059604645,292.6062316894531,-0.394816517829895,278.0278625488281,0.0,661.4044189453266,-0.125,-2.25,2.25
14.64,73.16799926757812,73.16799926757812,-0.026458892971277237,-0.026458892971277237,0.037345752120018005,0.037345752120018005,19.207569122314453,-40.908241271972656,0.0,-2.0127032,-1.8611475229263306,5.182275295257568,-0.5944576859474182,-0.6347438097000122,5.216258925342843,-0.11421059053125046,5.494336128234863,-0.420376718044281,-3.620952844619751,-0.420376718044281,-3.620952844619751,-0.4000000059604645,305.8343200683594,-0.4000000059604645,292.6062316894531,0.0,524.6505737304799,-0.125,-2.25,2.25
14.66,73.27259826660156,73.27259826660156,-0.022652380168437958,-0.022652380168437958,0.035264626145362854,0.035264626145362854,19.165800094604492,-41.00385665893555,0.0,-2.0257783,-1.8739402294158936,5.183474063873291,-0.6070076823234558,-0.6464909315109253,5.218894681563021,-0.11657347222820212,5.51051664352417,-0.36900272965431213,-3.6681671142578125,-0.36900272965431213,-3.6681671142578125,-0.4000000059604645,316.32733154296875,-0.4000000059604645,305.8343200683594,0.0,403.3233642578211,-0.125,-2.25,2.25
14.68,73.3772201538086,73.3772201538086,-0.019048484042286873,-0.019048484042286873,0.03346613049507141,0.03346613049507141,19.12255096435547,-41.09889221191406,0.0,-2.0388558,-1.8869482278823853,5.1864190101623535,-0.6171795725822449,-0.6558026075363159,5.223011848903489,-0.11844218975070962,5.526504039764404,-0.306858092546463,-3.6993191242218018,-0.306858092546463,-3.6993191242218018,-0.4000000059604645,324.393798828125,-0.4000000059604645,316.32733154296875,0.0,298.1811523437299,-0.125,-2.25,2.25
14.700000000000001,73.48189544677734,73.48189544677734,-0.015618841163814068,-0.015618841163814068,0.031908392906188965,0.031908392906188965,19.077861785888672,-41.193355560302734,0.0,-2.051941,-1.9001259803771973,5.190805912017822,-0.6254108548164368,-0.6632307171821594,5.2283462733030035,-0.11990636891807767,5.541876792907715,-0.24579882621765137,-3.7184696197509766,-0.24579882621765137,-3.7184696197509766,-0.4000000059604645,330.357421875,-0.4000000059604645,324.393798828125,0.0,210.72235107422324,-0.125,-2.25,2.25
14.72,73.5866470336914,73.5866470336914,-0.012339528650045395,-0.012339528650045395,0.030553214251995087,0.030553214251995087,19.031753540039062,-41.28726577758789,0.0,-2.0650344,-1.913440227508545,5.196357727050781,-0.6320624947547913,-0.6692082285881042,5.234657259530562,-0.1210410711796475,5.556405067443848,-0.191203311085701,-3.7288780212402344,-0.191203311085701,-3.7288780212402344,-0.4000000059604645,334.5718688964844,-0.4000000059604645,330.357421875,0.0,138.75732421875296,-0.125,-2.25,2.25
14.74,73.69149017333984,73.69149017333984,-0.009190616197884083,-0.009190616197884083,0.02936655282974243,0.02936655282974243,18.98423957824707,-41.380619049072266,0.0,-2.07814,-1.9268646240234375,5.2028303146362305,-0.6374325156211853,-0.6740686893463135,5.241732871376496,-0.12190895100737838,5.570001602172852,-0.14505644142627716,-3.7331347465515137,-0.14505644142627716,-3.7331347465515137,-0.4000000059604645,337.3470153808594,-0.4000000059604645,334.5718688964844,0.0,81.41174316406423,-0.125,-2.25,2.25
14.76,73.79644775390625,73.79644775390625,-0.00615567434579134,-0.00615567434579134,0.028318436816334724,0.028318436816334724,18.935335159301758,-41.47342300415039,0.0,-2.0912592,-1.9403796195983887,5.210016250610352,-0.6417664289474487,-0.6780663728713989,5.249393629834584,-0.12256195727522526,5.582663536071777,-0.10760553926229477,-3.7332684993743896,-0.10760553926229477,-3.7332684993743896,-0.4000000059604645,338.9752502441406,-0.4000000059604645,337.3470153808594,0.0,33.17413330077901,-0.125,-2.25,2.25
14.780000000000001,73.90152740478516,73.90152740478516,-0.0032213120721280575,-0.0032213120721280575,0.027383185923099518,0.027383185923099518,18.885053634643555,-41.5656623840332,0.0,-2.1043947,-1.9539687633514404,5.2177414894104,-0.6452654004096985,-0.6813948750495911,5.257489295022915,-0.12304284706508993,5.59444522857666,-0.07825823873281479,-3.7308382987976074,-0.07825823873281479,-3.7308382987976074,-0.4000000059604645,339.63873291015625,-0.4000000059604645,338.9752502441406,0.0,-7.556152343750161,-0.125,-2.25,2.25
14.8,74.0067367553711,74.0067367553711,-0.00037671695463359356,-0.00037671695463359356,0.026539022102952003,0.026539022102952003,18.833398818969727,-41.65734100341797,0.0,-2.1175454,-1.9676203727722168,5.225861549377441,-0.6480935215950012,-0.6842015385627747,5.265895379324869,-0.12338659559719665,5.605401992797852,-0.05607835575938225,-3.727017402648926,-0.05607835575938225,-3.727017402648926,-0.4000000059604645,339.48760986328125,-0.4000000059604645,339.63873291015625,0.0,-41.79077148437589,-0.125,-2.25,2.25
14.82,74.11207580566406,74.11207580566406,0.0023867501877248287,0.0023867501877248287,0.02576768398284912,0.02576768398284912,18.780391693115234,-41.7484245300293,0.0,-2.1307125,-1.9813239574432373,5.234256744384766,-0.6503844261169434,-0.6865988373756409,5.274508846127085,-0.1236217378349072,5.615585803985596,-0.04006115719676018,-3.7226691246032715,-0.04006115719676018,-3.7226691246032715,-0.4000000059604645,338.65179443359375,-0.4000000059604645,339.48760986328125,0.0,-70.4956054687515,-0.125,-2.25,2.25
14.84,74.21755981445312,74.21755981445312,0.005075919441878796,0.005075919441878796,0.025054000318050385,0.025054000318050385,18.72603416442871,-41.83892059326172,0.0,-2.1438985,-1.9950731992721558,5.2428297996521,-0.6522462368011475,-0.6886727809906006,5.283246110256584,-0.12377135867982961,5.6250457763671875,-0.029258856549859047,-3.718407154083252,-0.029258856549859047,-3.718407154083252,-0.4000000059604645,337.24188232421875,-0.4000000059604645,338.65179443359375,0.0,-94.44274902343952,-0.125,-2.25,2.25
14.86,74.32318115234375,74.32318115234375,0.00769612705335021,0.00769612705335021,0.02438560128211975,0.02438560128211975,18.670337677001953,-41.928794860839844,0.0,-2.157101,-2.0088610649108887,5.251499652862549,-0.6537661552429199,-0.6904894113540649,5.292037300488024,-0.12385411497869543,5.6338276863098145,-0.022826867178082466,-3.714651346206665,-0.022826867178082466,-3.714651346206665,-0.4000000059604645,335.35302734375,-0.4000000059604645,337.24188232421875,0.0,-114.33868408202353,-0.125,-2.25,2.25
14.88,74.42894744873047,74.42894744873047,0.010251490399241447,0.010251490399241447,0.023752352222800255,0.023752352222800255,18.613277435302734,-42.01802444458008,0.0,-2.170322,-2.0226845741271973,5.260200023651123,-0.6550140976905823,-0.6920998692512512,5.300825195853253,-0.12388497040043173,5.641975402832031,-0.02003520168364048,-3.7116706371307373,-0.02003520168364048,-3.7116706371307373,-0.4000000059604645,333.0662536621094,-0.4000000059604645,335.35302734375,0.0,-130.78155517578404,-0.125,-2.25,2.25
14.9,74.53485870361328,74.53485870361328,0.01274513453245163,0.01274513453245163,0.02314610593020916,0.02314610593020916,18.55489158630371,-42.10660934448242,0.0,-2.1835608,-2.03653883934021,5.2688751220703125,-0.6560460329055786,-0.6935436129570007,5.309561323618232,-0.12387594124386887,5.649530410766602,-0.020262133330106735,-3.7096214294433594,-0.020262133330106735,-3.7096214294433594,-0.4000000059604645,330.45062255859375,-0.4000000059604645,333.0662536621094,0.0,-144.27185058594057,-0.125,-2.25,2.25
14.92,74.64091491699219,74.64091491699219,0.015179389156401157,0.015179389156401157,0.022560305893421173,0.022560305893421173,18.495189666748047,-42.194522857666016,0.0,-2.1968176,-2.0504214763641357,5.2774810791015625,-0.6569066047668457,-0.6948513388633728,5.3182076706030665,-0.12383657287860421,5.656530380249023,-0.022982832044363022,-3.7085728645324707,-0.022982832044363022,-3.7085728645324707,-0.4000000059604645,327.565185546875,-0.4000000059604645,330.45062255859375,0.0,-155.2429199218783,-0.125,-2.25,2.25
14.94,74.74710083007812,74.74710083007812,0.017555931583046913,0.017555931583046913,0.021989652886986732,0.021989652886986732,18.434192657470703,-42.281734466552734,0.0,-2.210091,-2.0643270015716553,5.28598165512085,-0.6576312184333801,-0.6960468888282776,5.326732664376196,-0.12377444678564821,5.663011074066162,-0.027757149189710617,-3.7085354328155518,-0.027757149189710617,-3.7085354328155518,-0.4000000059604645,324.4603271484375,-0.4000000059604645,327.565185546875,0.0,-164.07318115233267,-0.125,-2.25,2.25
14.96,74.85343170166016,74.85343170166016,0.019875943660736084,0.019875943660736084,0.021429991349577904,0.021429991349577904,18.371889114379883,-42.36824035644531,0.0,-2.2233827,-2.0782570838928223,5.294346332550049,-0.6582479476928711,-0.6971492767333984,5.335109506807525,-0.12369559542030796,5.669005870819092,-0.034217387437820435,-3.7094757556915283,-0.034217387437820435,-3.7094757556915283,-0.4000000059604645,321.1788635253906,-0.4000000059604645,324.4603271484375,0.0,-171.08154296875364,-0.125,-2.25,2.25
14.98,74.95989990234375,74.95989990234375,0.022140182554721832,0.022140182554721832,0.020877927541732788,0.020877927541732788,18.308300018310547,-42.45400619506836,0.0,-2.2366912,-2.0922086238861084,5.302550315856934,-0.6587788462638855,-0.6981732249259949,5.343316331687582,-0.12360475884933261,5.674546241760254,-0.04205324500799179,-3.711331844329834,-0.04205324500799179,-3.711331844329834,-0.4000000059604645,317.7572326660156,-0.4000000059604645,321.1788635253906,0.0,-176.5548706054725,-0.125,-2.25,2.25
15.0,75.06649780273438,75.06649780273438,0.024349091574549675,0.024349091574549675,0.020331010222434998,0.020331010222434998,18.243436813354492,-42.53902053833008,0.0,-2.2500157,-2.1061792373657227,5.310575008392334,-0.6592413783073425,-0.699130117893219,5.351336853033437,-0.1235056503091036,5.679659843444824,-0.05100511386990547,-3.7140250205993652,-0.05100511386990547,-3.7140250205993652,-0.4000000059604645,314.22613525390625,-0.4000000059604645,317.7572326660156,0.0,-180.70220947266012,-0.125,-2.25,2.25
15.02,75.17323303222656,75.17323303222656,0.026502864435315132,0.026502864435315132,0.0197870135307312,0.0197870135307312,18.17729949951172,-42.623252868652344,0.0,-2.2633579,-2.1201696395874023,5.318404197692871,-0.6596490740776062,-0.7000293135643005,5.359156660424156,-0.12340117445974509,5.684373378753662,-0.06085643172264099,-3.7174665927886963,-0.06085643172264099,-3.7174665927886963,-0.4000000059604645,310.6120910644531,-0.4000000059604645,314.22613525390625,0.0,-183.7402343749876,-0.125,-2.25,2.25
15.040000000000001,75.28009796142578,75.28009796142578,0.028601495549082756,0.028601495549082756,0.019244462251663208,0.019244462251663208,18.109872817993164,-42.706661224365234,0.0,-2.276716,-2.1341776847839355,5.326025485992432,-0.6600127220153809,-0.700877845287323,5.366764786224851,-0.1232936221070596,5.688710689544678,-0.07142458856105804,-3.721562623977661,-0.07142458856105804,-3.721562623977661,-0.4000000059604645,306.9372863769531,-0.4000000059604645,310.6120910644531,0.0,-185.82763671875395,-0.125,-2.25,2.25
15.06,75.38707733154297,75.38707733154297,0.03064482845366001,0.03064482845366001,0.018702015280723572,0.018702015280723572,18.041208267211914,-42.78923416137695,0.0,-2.290088,-2.1482019424438477,5.333429336547852,-0.6603406071662903,-0.7016814351081848,5.374152789549438,-0.12318474161499836,5.692693710327148,-0.08255750685930252,-3.7262213230133057,-0.08255750685930252,-3.7262213230133057,-0.4000000059604645,303.2207336425781,-0.4000000059604645,306.9372863769531,0.0,-187.11090087891023,-0.125,-2.25,2.25
15.08,75.49417877197266,75.49417877197266,0.03263258934020996,0.03263258934020996,0.01815873198211193,0.01815873198211193,17.971303939819336,-42.8709602355957,0.0,-2.3034756,-2.1622416973114014,5.340609073638916,-0.6606394052505493,-0.7024446129798889,5.381314867316735,-0.1230759085380965,5.6963419914245605,-0.09412636607885361,-3.7313520908355713,-0.09412636607885361,-3.7313520908355713,-0.4000000059604645,299.478515625,-0.4000000059604645,303.2207336425781,0.0,-187.725830078129,-0.125,-2.25,2.25
15.1,75.60139465332031,75.60139465332031,0.03456440195441246,0.03456440195441246,0.017613813281059265,0.017613813281059265,17.900188446044922,-42.95180892944336,0.0,-2.316878,-2.1762959957122803,5.347558498382568,-0.6609140634536743,-0.7031709551811218,5.388245474446619,-0.12296816131803771,5.699674129486084,-0.10602481663227081,-3.736870765686035,-0.10602481663227081,-3.736870765686035,-0.4000000059604645,295.7239990234375,-0.4000000059604645,299.478515625,0.0,-187.76550292967482,-0.125,-2.25,2.25
15.120000000000001,75.70872497558594,75.70872497558594,0.03643983602523804,0.03643983602523804,0.017066774889826775,0.017066774889826775,17.827857971191406,-43.031768798828125,0.0,-2.3302941,-2.1903650760650635,5.354273796081543,-0.6611684560775757,-0.7038635015487671,5.3949412981716,-0.12286228127820563,5.702706336975098,-0.1181621104478836,-3.7426984310150146,-0.1181621104478836,-3.7426984310150146,-0.4000000059604645,291.96868896484375,-0.4000000059604645,295.7239990234375,0.0,-187.32757568359773,-0.125,-2.25,2.25
15.14,75.81615447998047,75.81615447998047,0.03825841099023819,0.03825841099023819,0.016517117619514465,0.016517117619514465,17.754335403442383,-43.11081314086914,0.0,-2.343723,-2.204447031021118,5.360752582550049,-0.6614057421684265,-0.7045243382453918,5.4014003561197335,-0.12275888217181591,5.705453395843506,-0.13046252727508545,-3.748762845993042,-0.13046252727508545,-3.748762845993042,-0.4000000059604645,288.2221374511719,-0.4000000059604645,291.96868896484375,0.0,-186.47918701172273,-0.125,-2.25,2.25
15.16,75.92369842529297,75.92369842529297,0.04001960903406143,0.04001960903406143,0.015964508056640625,0.015964508056640625,17.679624557495117,-43.18891143798828,0.0,-2.3571658,-2.2185428142547607,5.366993427276611,-0.6616281867027283,-0.7051554322242737,5.407621501720501,-0.12265838959437551,5.707929611206055,-0.14286251366138458,-3.7549993991851807,-0.14286251366138458,-3.7549993991851807,-0.4000000059604645,284.4925537109375,-0.4000000059604645,288.2221374511719,0.0,-182.9498291015664,-0.125,-2.25,2.25
15.18,76.03134155273438,76.03134155273438,0.04172287881374359,0.04172287881374359,0.015408672392368317,0.015408672392368317,17.603713989257812,-43.266029357910156,0.0,-2.3706214,-2.232651472091675,5.372995376586914,-0.6618377566337585,-0.7057583332061768,5.41360402439358,-0.12256116242182656,5.710146427154541,-0.15530948340892792,-3.761349678039551,-0.15530948340892792,-3.761349678039551,-0.4000000059604645,280.83355712890625,-0.4000000059604645,284.4925537109375,0.0,-174.70855712889445,-0.125,-2.25,2.25
15.200000000000001,76.13907623291016,76.13907623291016,0.0433676615357399,0.0433676615357399,0.014849580824375153,0.014849580824375153,17.52665901184082,-43.3421516418457,0.0,-2.384088,-2.2467710971832275,5.378759384155273,-0.6620356440544128,-0.7063342928886414,5.419349011333091,-0.12246737382047954,5.712137222290039,-0.1677451729774475,-3.767760753631592,-0.1677451729774475,-3.767760753631592,-0.4000000059604645,277.3393859863281,-0.4000000059604645,280.83355712890625,0.0,-167.2500610351598,-0.125,-2.25,2.25
15.22,76.24691009521484,76.24691009521484,0.044953398406505585,0.044953398406505585,0.014287091791629791,0.014287091791629791,17.44845962524414,-43.417274475097656,0.0,-2.3975673,-2.2609031200408936,5.3842878341674805,-0.6622227430343628,-0.7068848013877869,5.424858932963685,-0.12237711047241864,5.713964939117432,-0.18007732927799225,-3.7741849422454834,-0.18007732927799225,-3.7741849422454834,-0.4000000059604645,273.994384765625,-0.4000000059604645,277.3393859863281,0.0,-160.5041503906284,-0.125,-2.25,2.25
15.24,76.35482025146484,76.35482025146484,0.04647952690720558,0.04647952690720558,0.013721272349357605,0.013721272349357605,17.369142532348633,-43.491371154785156,0.0,-2.4110558,-2.2750449180603027,5.389587879180908,-0.6623994708061218,-0.7074112892150879,5.430140934297929,-0.12229026550685641,5.715667247772217,-0.19219999015331268,-3.78058123588562,-0.19219999015331268,-3.78058123588562,-0.4000000059604645,270.7843017578125,-0.4000000059604645,273.994384765625,0.0,-154.3945312500033,-0.125,-2.25,2.25
15.26,76.46282196044922,76.46282196044922,0.04794551059603691,0.04794551059603691,0.01315227895975113,0.01315227895975113,17.288719177246094,-43.564422607421875,0.0,-2.4245565,-2.2891974449157715,5.3946661949157715,-0.6625663042068481,-0.7079149484634399,5.435201694697017,-0.12220675538288767,5.717264652252197,-0.20402993261814117,-3.7869157791137695,-0.20402993261814117,-3.7869157791137695,-0.4000000059604645,267.6964111328125,-0.4000000059604645,270.7843017578125,0.0,-148.82659912108372,-0.125,-2.25,2.25
15.280000000000001,76.5708999633789,76.5708999633789,0.04935083165764809,0.04935083165764809,0.01258017122745514,0.01258017122745514,17.20720863342285,-43.63639831542969,0.0,-2.4380665,-2.3033597469329834,5.399529457092285,-0.6627237796783447,-0.7083969712257385,5.440047901090436,-0.1221265089847325,5.7187676429748535,-0.21551461517810822,-3.7931621074676514,-0.21551461517810822,-3.7931621074676514,-0.4000000059604645,264.7198791503906,-0.4000000059604645,267.6964111328125,0.0,-143.75152587890932,-0.125,-2.25,2.25
15.3,76.6790542602539,76.6790542602539,0.050694987177848816,0.050694987177848816,0.012004964053630829,0.012004964053630829,17.124601364135742,-43.70725631713867,0.0,-2.4515853,-2.317530870437622,5.404185771942139,-0.6628726124763489,-0.7088582515716553,5.444687682322382,-0.1220494572400845,5.720180988311768,-0.2266286462545395,-3.7992987632751465,-0.2266286462545395,-3.7992987632751465,-0.4000000059604645,261.8448486328125,-0.4000000059604645,264.7198791503906,0.0,-139.09912109375296,-0.125,-2.25,2.25
15.32,76.78728485107422,76.78728485107422,0.05197748914361,0.05197748914361,0.011426836252212524,0.011426836252212524,17.040925979614258,-43.777008056640625,0.0,-2.4651144,-2.331712007522583,5.408642768859863,-0.6630133390426636,-0.7092996835708618,5.44912867244742,-0.12197551058882014,5.721506118774414,-0.23736628890037537,-3.8053102493286133,-0.23736628890037537,-3.8053102493286133,-0.4000000059604645,259.0628662109375,-0.4000000059604645,261.8448486328125,0.0,-134.80834960937787,-0.125,-2.25,2.25
15.34,76.89558410644531,76.89558410644531,0.053197868168354034,0.053197868168354034,0.010845787823200226,0.010845787823200226,16.95621681213379,-43.84563064575195,0.0,-2.4786515,-2.3459010124206543,5.412906646728516,-0.663146436214447,-0.7097219228744507,5.453377078660678,-0.12190460192104693,5.722743511199951,-0.24773329496383667,-3.811182737350464,-0.24773329496383667,-3.811182737350464,-0.4000000059604645,256.36669921875,-0.4000000059604645,259.0628662109375,0.0,-130.82733154297154,-0.125,-2.25,2.25
15.36,77.00394439697266,77.00394439697266,0.05435566604137421,0.05435566604137421,0.01026192307472229,0.01026192307472229,16.87049102783203,-43.91310119628906,0.0,-2.4921966,-2.360097885131836,5.416984558105469,-0.6632723808288574,-0.7101258039474487,5.457440055000466,-0.12183664407555075,5.723890781402588,-0.25774410367012024,-3.816906690597534,-0.25774410367012024,-3.816906690597534,-0.4000000059604645,253.75015258789062,-0.4000000059604645,256.36669921875,0.0,-127.10647583006954,-0.125,-2.25,2.25
15.38,77.11237335205078,77.11237335205078,0.055450450628995895,0.055450450628995895,0.009675286710262299,0.009675286710262299,16.783756256103516,-43.97941207885742,0.0,-2.5057502,-2.3743040561676025,5.420881748199463,-0.6633918881416321,-0.7105118632316589,5.461322891499292,-0.12177163687752303,5.724948883056641,-0.2674163579940796,-3.822474718093872,-0.2674163579940796,-3.822474718093872,-0.4000000059604645,251.20802307128906,-0.4000000059604645,253.75015258789062,0.0,-123.622894287112,-0.125,-2.25,2.25
15.4,77.22086334228516,77.22086334228516,0.05648179352283478,0.05648179352283478,0.009085976518690586,0.009085976518690586,16.696041107177734,-44.0445442199707,0.0,-2.519312,-2.388516426086426,5.424604892730713,-0.6635052561759949,-0.7108806371688843,5.465032247591148,-0.12170947343287702,5.72591495513916,-0.2767688035964966,-3.827880382537842,-0.2767688035964966,-3.827880382537842,-0.4000000059604645,248.73556518554688,-0.4000000059604645,251.20802307128906,0.0,-120.33615112304945,-0.125,-2.25,2.25
15.42,77.32941436767578,77.32941436767578,0.057449277490377426,0.057449277490377426,0.008494004607200623,0.008494004607200623,16.607332229614258,-44.10844039916992,0.0,-2.5328805,-2.4027364253997803,5.428158283233643,-0.6636128425598145,-0.7112328410148621,5.468572423644797,-0.1216501117208308,5.7267889976501465,-0.285820871591568,-3.8331191539764404,-0.285820871591568,-3.8331191539764404,-0.4000000059604645,246.32884216308594,-0.4000000059604645,248.73556518554688,0.0,-117.21878051758063,-0.125,-2.25,2.25
15.44,77.43802642822266,77.43802642822266,0.0583525076508522,0.0583525076508522,0.00789952278137207,0.00789952278137207,16.517662048339844,-44.171119689941406,0.0,-2.5464566,-2.416964530944824,5.43154764175415,-0.6637150049209595,-0.7115688920021057,5.471949140151277,-0.12159347883335639,5.7275710105896,-0.2945901155471802,-3.8381876945495605,-0.2945901155471802,-3.8381876945495605,-0.4000000059604645,243.98446655273438,-0.4000000059604645,246.32884216308594,0.0,-114.24713134764853,-0.125,-2.25,2.25
15.46,77.54669189453125,77.54669189453125,0.059191104024648666,0.059191104024648666,0.007302604615688324,0.007302604615688324,16.427066802978516,-44.23255920410156,0.0,-2.5600405,-2.4311983585357666,5.434778690338135,-0.6638121604919434,-0.7118892669677734,5.475168125032369,-0.12153951358409465,5.728261470794678,-0.30309465527534485,-3.8430840969085693,-0.30309465527534485,-3.8430840969085693,-0.4000000059604645,241.69952392578125,-0.4000000059604645,243.98446655273438,0.0,-111.39678955078362,-0.125,-2.25,2.25
15.48,77.65540313720703,77.65540313720703,0.059964705258607864,0.059964705258607864,0.006703331600874662,0.006703331600874662,16.3355655670166,-44.29275131225586,0.0,-2.573629,-2.4454381465911865,5.437854290008545,-0.6639043092727661,-0.7121944427490234,5.478232215891846,-0.12148814331738532,5.728859901428223,-0.3113490641117096,-3.847806692123413,-0.3113490641117096,-3.847806692123413,-0.4000000059604645,239.47158813476562,-0.4000000059604645,241.69952392578125,0.0,-108.66928100586169,-0.125,-2.25,2.25
15.5,77.76417541503906,77.76417541503906,0.060672957450151443,0.060672957450151443,0.006101749837398529,0.006101749837398529,16.2431697845459,-44.3516845703125,0.0,-2.5872257,-2.4596846103668213,5.440778732299805,-0.6639918088912964,-0.7124848365783691,5.481145713819384,-0.12143932924340231,5.729367733001709,-0.3193652927875519,-3.8523552417755127,-0.3193652927875519,-3.8523552417755127,-0.4000000059604645,237.29820251464844,-0.4000000059604645,239.47158813476562,0.0,-106.02874755859601,-0.125,-2.25,2.25
15.52,77.87299346923828,77.87299346923828,0.061315521597862244,0.061315521597862244,0.005497985053807497,0.005497985053807497,16.149898529052734,-44.40932846069336,0.0,-2.600828,-2.4739370346069336,5.443556785583496,-0.6640748381614685,-0.712760865688324,5.483913371721996,-0.12139299033881049,5.729785442352295,-0.32715627551078796,-3.856729745864868,-0.32715627551078796,-3.856729745864868,-0.4000000059604645,235.17762756347656,-0.4000000059604645,237.29820251464844,0.0,-100.49285888671197,-0.125,-2.25,2.25
15.540000000000001,77.98184967041016,77.98184967041016,0.061892084777355194,0.061892084777355194,0.0048921480774879456,0.0048921480774879456,16.055755615234375,-44.46563720703125,0.0,-2.6144347,-2.488194227218628,5.446191787719727,-0.6641536355018616,-0.7130229473114014,5.486538529909011,-0.1213490886536557,5.7301154136657715,-0.3347320258617401,-3.8609306812286377,-0.3347320258617401,-3.8609306812286377,-0.4000000059604645,233.1677703857422,-0.4000000059604645,235.17762756347656,0.0,-82.24487304687675,-0.125,-2.25,2.25
15.56,78.09075164794922,78.09075164794922,0.062402330338954926,0.062402330338954926,0.004284262657165527,0.004284262657165527,15.960779190063477,-44.520633697509766,0.0,-2.6280475,-2.5024564266204834,5.44868803024292,-0.6642282605171204,-0.7132715582847595,5.489025453847164,-0.1213075334402953,5.730384826660156,-0.34208378195762634,-3.8649585247039795,-0.34208378195762634,-3.8649585247039795,-0.4000000059604645,231.5228729248047,-0.4000000059604645,233.1677703857422,0.0,-67.19665527343894,-0.125,-2.25,2.25
15.58,78.19969940185547,78.19969940185547,0.06284597516059875,0.06284597516059875,0.0036747006233781576,0.0036747006233781576,15.864995002746582,-44.57430648803711,0.0,-2.6416664,-2.5167236328125,5.451054096221924,-0.6642983555793762,-0.7135077118873596,5.4913826187184664,-0.12126806464644142,5.730726718902588,-0.34910887479782104,-3.8688111305236816,-0.34910887479782104,-3.8688111305236816,-0.4000000059604645,230.17893981933594,-0.4000000059604645,231.5228729248047,0.0,-54.800415039063665,-0.125,-2.25,2.25
15.6,78.30868530273438,78.30868530273438,0.06322279572486877,0.06322279572486877,0.003063879907131195,0.003063879907131195,15.768418312072754,-44.626644134521484,0.0,-2.6552892,-2.5309956073760986,5.453302383422852,-0.6643631458282471,-0.7137327790260315,5.493622236246333,-0.12123026385909311,5.731203556060791,-0.3556392788887024,-3.8724868297576904,-0.3556392788887024,-3.8724868297576904,-0.4000000059604645,229.0829315185547,-0.4000000059604645,230.17893981933594,0.0,-44.58312988280949,-0.125,-2.25,2.25
15.620000000000001,78.41770935058594,78.41770935058594,0.06353259831666946,0.06353259831666946,0.002452201908454299,0.002452201908454299,15.671073913574219,-44.67763137817383,0.0,-2.6689172,-2.545271873474121,5.455447673797607,-0.6644225120544434,-0.7139482498168945,5.495758964516954,-0.12119377990274155,5.731838703155518,-0.36155346035957336,-3.875990629196167,-0.36155346035957336,-3.875990629196167,-0.4000000059604645,228.19126892089844,-0.4000000059604645,229.0829315185547,0.0,-36.15722656250077,-0.125,-2.25,2.25
15.64,78.52677154541016,78.52677154541016,0.06377525627613068,0.06377525627613068,0.0018400101689621806,0.0018400101689621806,15.572969436645508,-44.72722625732422,0.0,-2.6825497,-2.5595521926879883,5.457503795623779,-0.6644766330718994,-0.7141553163528442,5.497806551266289,-0.1211583374823815,5.732632637023926,-0.3667958974838257,-3.8793320655822754,-0.3667958974838257,-3.8793320655822754,-0.4000000059604645,227.46812438964844,-0.4000000059604645,228.19126892089844,0.0,-29.190826416016247,-0.125,-2.25,2.25
15.66,78.63587188720703,78.63587188720703,0.06395066529512405,0.06395066529512405,0.001227542757987976,0.001227542757987976,15.474124908447266,-44.77541732788086,0.0,-2.6961877,-2.573836326599121,5.459483623504639,-0.6645260453224182,-0.714354932308197,5.499777840988415,-0.12112374768543838,5.733575344085693,-0.37136587500572205,-3.88252329826355,-0.37136587500572205,-3.88252329826355,-0.4000000059604645,226.88430786132812,-0.4000000059604645,227.46812438964844,0.0,-22.94311523437549,-0.125,-2.25,2.25
15.68,78.74501037597656,78.74501037597656,0.06405875831842422,0.06405875831842422,0.0006150379776954651,0.0006150379776954651,15.374567031860352,-44.822227478027344,0.0,-2.7098303,-2.588125228881836,5.461400032043457,-0.6645714044570923,-0.7145479917526245,5.501685692733305,-0.12108984378328252,5.734651565551758,-0.3753000497817993,-3.8855788707733154,-0.3753000497817993,-3.8855788707733154,-0.4000000059604645,226.42544555664062,-0.4000000059604645,226.88430786132812,0.0,-15.538787841795827,-0.125,-2.25,2.25
15.700000000000001,78.85418701171875,78.85418701171875,0.06409948319196701,0.06409948319196701,2.6598572731018066e-06,2.6598572731018066e-06,15.274322509765625,-44.867637634277344,0.0,-2.7234766,-2.6024184226989746,5.463263511657715,-0.6646133661270142,-0.7147354483604431,5.503540598945852,-0.12105651196542117,5.7358479499816895,-0.378653347492218,-3.888511896133423,-0.378653347492218,-3.888511896133423,-0.4000000059604645,226.1146697998047,-0.4000000059604645,226.42544555664062,0.0,-9.444427490234576,-0.125,-2.25,2.25
15.72,78.9634017944336,78.9634017944336,0.06407281756401062,0.06407281756401062,-0.0006093308329582214,-0.0006093308329582214,15.173410415649414,-44.91163635253906,0.0,-2.7371292,-2.6167149543762207,5.465083122253418,-0.6646523475646973,-0.7149181365966797,5.505351603327659,-0.1210236272468302,5.737171649932861,-0.3814734220504761,-3.891334295272827,-0.3814734220504761,-3.891334295272827,-0.4000000059604645,225.92578125,-0.4000000059604645,226.1146697998047,0.0,-4.428100585937594,-0.125,-2.25,2.25
15.74,79.07264709472656,79.07264709472656,0.06397877633571625,0.06397877633571625,-0.0012207254767417908,-0.0012207254767417908,15.071856498718262,-44.95420837402344,0.0,-2.7507849,-2.631014585494995,5.4668684005737305,-0.664688766002655,-0.7150968909263611,5.507128223025292,-0.12099105459763647,5.73861837387085,-0.3837965130805969,-3.8940579891204834,-0.3837965130805969,-3.8940579891204834,-0.4000000059604645,225.83721923828125,-0.4000000059604645,225.92578125,0.0,-0.2922058105468812,-0.125,-2.25,2.25
15.76,79.18193054199219,79.18193054199219,0.06381738930940628,0.06381738930940628,-0.0018312929896637797,-0.0018312929896637797,14.969655990600586,-44.995304107666016,0.0,-2.7644448,-2.645317554473877,5.4686279296875,-0.6647230386734009,-0.7152725458145142,5.508879028577537,-0.12095868029100422,5.74017858505249,-0.38566362857818604,-3.8966944217681885,-0.38566362857818604,-3.8966944217681885,-0.4000000059604645,225.8313751220703,-0.4000000059604645,225.83721923828125,0.0,3.1333923339841636,-0.125,-2.25,2.25
15.780000000000001,79.29125213623047,79.29125213623047,0.06358873099088669,0.06358873099088669,-0.00244082510471344,-0.00244082510471344,14.86684513092041,-45.03495788574219,0.0,-2.7781103,-2.6596248149871826,5.4703688621521,-0.6647555232048035,-0.7154458165168762,5.5106111633497195,-0.12092641153138628,5.7418413162231445,-0.38712117075920105,-3.899254560470581,-0.38712117075920105,-3.899254560470581,-0.4000000059604645,225.89404296875,-0.4000000059604645,225.8313751220703,0.0,5.958557128906377,-0.125,-2.25,2.25
15.8,79.4006118774414,79.4006118774414,0.06329286098480225,0.06329286098480225,-0.0030491575598716736,-0.0030491575598716736,14.76345157623291,-45.07316589355469,0.0,-2.7917805,-2.6739354133605957,5.472096920013428,-0.6647865176200867,-0.715617299079895,5.512330343514427,-0.12089417637340366,5.743595600128174,-0.38821855187416077,-3.9017486572265625,-0.38821855187416077,-3.9017486572265625,-0.4000000059604645,226.01321411132812,-0.4000000059604645,225.89404296875,0.0,8.316802978515803,-0.125,-2.25,2.25
15.82,79.510009765625,79.510009765625,0.06292986869812012,0.06292986869812012,-0.0036560893058776855,-0.0036560893058776855,14.659496307373047,-45.10990905761719,0.0,-2.805455,-2.688249111175537,5.473817825317383,-0.6648163795471191,-0.7157875299453735,5.514042292481665,-0.12086191382685557,5.745431423187256,-0.38900265097618103,-3.904186248779297,-0.38900265097618103,-3.904186248779297,-0.4000000059604645,226.17955017089844,-0.4000000059604645,226.01321411132812,0.0,10.262298583984593,-0.125,-2.25,2.25
15.84,79.61944580078125,79.61944580078125,0.06249990314245224,0.06249990314245224,-0.004261434078216553,-0.004261434078216553,14.554993629455566,-45.14519119262695,0.0,-2.8191342,-2.7025668621063232,5.475536823272705,-0.6648452281951904,-0.71595698595047,5.515752231606244,-0.12082953062162871,5.747339725494385,-0.38951829075813293,-3.906576156616211,-0.38951829075813293,-3.906576156616211,-0.4000000059604645,226.38479614257812,-0.4000000059604645,226.17955017089844,0.0,11.912536621092945,-0.125,-2.25,2.25
15.860000000000001,79.72891998291016,79.72891998291016,0.062003087252378464,0.062003087252378464,-0.004865065682679415,-0.004865065682679415,14.449963569641113,-45.178951263427734,0.0,-2.8328187,-2.7168869972229004,5.4772562980651855,-0.6648734211921692,-0.7161260843276978,5.517462570865572,-0.12079703910808717,5.749312877655029,-0.38980618119239807,-3.9089267253875732,-0.38980618119239807,-3.9089267253875732,-0.4000000059604645,226.623046875,-0.4000000059604645,226.38479614257812,0.0,13.276672363281532,-0.125,-2.25,2.25
15.88,79.83843231201172,79.83843231201172,0.06143958494067192,0.06143958494067192,-0.005466789472848177,-0.005466789472848177,14.344427108764648,-45.21121597290039,0.0,-2.8465078,-2.731210231781006,5.47898006439209,-0.6649010181427002,-0.7162952423095703,5.519177104418117,-0.12076436684866654,5.751343727111816,-0.38990071415901184,-3.9112446308135986,-0.38990071415901184,-3.9112446308135986,-0.4000000059604645,226.88858032226562,-0.4000000059604645,226.623046875,0.0,14.436340332031557,-0.125,-2.25,2.25
15.9,79.94799041748047,79.94799041748047,0.06080956757068634,0.06080956757068634,-0.0060664936900138855,-0.0060664936900138855,14.238404273986816,-45.24198532104492,0.0,-2.860202,-2.7455379962921143,5.480710506439209,-0.6649281978607178,-0.7164645791053772,5.5208982207339625,-0.12073149422795909,5.753427028656006,-0.3898327350616455,-3.913536548614502,-0.3898327350616455,-3.913536548614502,-0.4000000059604645,227.17730712890625,-0.4000000059604645,226.88858032226562,0.0,15.417480468750329,-0.125,-2.25,2.25
15.92,80.0575942993164,80.0575942993164,0.060113225132226944,0.060113225132226944,-0.006664015352725983,-0.006664015352725983,14.131922721862793,-45.271263122558594,0.0,-2.8739028,-2.75986909866333,5.482450485229492,-0.6649550795555115,-0.7166345119476318,5.522628774489534,-0.12069838060271536,5.755557060241699,-0.38962918519973755,-3.9158084392547607,-0.38962918519973755,-3.9158084392547607,-0.4000000059604645,227.48565673828125,-0.4000000059604645,227.17730712890625,0.0,18.650054931641023,-0.125,-2.25,2.25
15.94,80.167236328125,80.167236328125,0.05935075506567955,0.05935075506567955,-0.007259167730808258,-0.007259167730808258,14.025008201599121,-45.29903030395508,0.0,-2.8876085,-2.774202585220337,5.484201431274414,-0.6649816632270813,-0.7168052196502686,5.524370185932564,-0.12066499519918472,5.757730484008789,-0.3893130421638489,-3.918065309524536,-0.3893130421638489,-3.918065309524536,-0.4000000059604645,227.85865783691406,-0.4000000059604645,227.48565673828125,0.0,27.23617553710754,-0.125,-2.25,2.25
15.96,80.27692413330078,80.27692413330078,0.05852239578962326,0.05852239578962326,-0.007851824164390564,-0.007851824164390564,13.917664527893066,-45.32525634765625,0.0,-2.901319,-2.7885403633117676,5.485965251922607,-0.6650079488754272,-0.7169768810272217,5.526124348706766,-0.12063129693590098,5.759965896606445,-0.38888880610466003,-3.9203109741210938,-0.38888880610466003,-3.9203109741210938,-0.4000000059604645,228.40338134765625,-0.4000000059604645,227.85865783691406,0.0,34.18579101562573,-0.125,-2.25,2.25
15.98,80.38665771484375,80.38665771484375,0.05762838199734688,0.05762838199734688,-0.008441716432571411,-0.008441716432571411,13.80992317199707,-45.34993362426758,0.0,-2.9150355,-2.8028807640075684,5.487745761871338,-0.6650336384773254,-0.7171501517295837,5.527895014129991,-0.12059714980246918,5.762323379516602,-0.3883090019226074,-3.922548532485962,-0.3883090019226074,-3.922548532485962,-0.4000000059604645,229.08709716796875,-0.4000000059604645,228.40338134765625,0.0,39.76211547851647,-0.125,-2.25,2.25
16.0,80.4964370727539,80.4964370727539,0.05666898936033249,0.05666898936033249,-0.009028531610965729,-0.009028531610965729,13.701812744140625,-45.373085021972656,0.0,-2.9287581,-2.8172242641448975,5.48954963684082,-0.6650584936141968,-0.7173255681991577,5.529688781049758,-0.12056236653578147,5.764829635620117,-0.3875010311603546,-3.9247796535491943,-0.3875010311603546,-3.9247796535491943,-0.4000000059604645,229.88233947753906,-0.4000000059604645,229.08709716796875,0.0,44.195556640625945,-0.125,-2.25,2.25
16.02,80.60626983642578,80.60626983642578,0.05564452335238457,0.05564452335238457,-0.009611979126930237,-0.009611979126930237,13.593337059020996,-45.394710540771484,0.0,-2.9424877,-2.831573009490967,5.491383075714111,-0.6650822758674622,-0.7175039649009705,5.53151177508576,-0.12052677065963983,5.76749324798584,-0.3864140510559082,-3.927008628845215,-0.3864140510559082,-3.927008628845215,-0.4000000059604645,230.76625061035156,-0.4000000059604645,229.88233947753906,0.0,47.709655761719766,-0.125,-2.25,2.25
16.04,80.71614837646484,80.71614837646484,0.05455532297492027,0.05455532297492027,-0.010191813111305237,-0.010191813111305237,13.484536170959473,-45.414794921875,0.0,-2.9562225,-2.845924139022827,5.493252754211426,-0.6651050448417664,-0.7176858186721802,5.533370631208919,-0.12049022922116319,5.770312309265137,-0.3850286602973938,-3.9292426109313965,-0.3850286602973938,-3.9292426109313965,-0.4000000059604645,231.72044372558594,-0.4000000059604645,230.76625061035156,0.0,50.44860839843857,-0.125,-2.25,2.25
16.06,80.82608032226562,80.82608032226562,0.05340174585580826,0.05340174585580826,-0.010767818428575993,-0.010767818428575993,13.375414848327637,-45.433311462402344,0.0,-2.9699636,-2.8602795600891113,5.495163917541504,-0.6651269793510437,-0.7178716659545898,5.535270578689964,-0.12045266208864434,5.77327823638916,-0.38335204124450684,-3.9314894676208496,-0.38335204124450684,-3.9314894676208496,-0.4000000059604645,232.7294158935547,-0.4000000059604645,231.72044372558594,0.0,52.54898071288241,-0.125,-2.25,2.25
16.080000000000002,80.93607330322266,80.93607330322266,0.052184175699949265,0.052184175699949265,-0.011339761316776276,-0.011339761316776276,13.265997886657715,-45.45024871826172,0.0,-2.983713,-2.874638557434082,5.497121810913086,-0.6651483774185181,-0.7180617451667786,5.537216861203727,-0.12041401079780287,5.776383399963379,-0.381407231092453,-3.9337568283081055,-0.381407231092453,-3.9337568283081055,-0.4000000059604645,233.7803955078125,-0.4000000059604645,232.7294158935547,0.0,54.90112304687617,-0.125,-2.25,2.25
16.1,81.04611206054688,81.04611206054688,0.05090301111340523,0.05090301111340523,-0.011907488107681274,-0.011907488107681274,13.156319618225098,-45.46563720703125,0.0,-2.9974675,-2.88900089263916,5.4991302490234375,-0.6651692986488342,-0.7182564735412598,5.53921327370499,-0.12037420544570418,5.77961540222168,-0.37922632694244385,-3.9360523223876953,-0.37922632694244385,-3.9360523223876953,-0.4000000059604645,234.87841796875,-0.4000000059604645,233.7803955078125,0.0,55.63888549804806,-0.125,-2.25,2.25
16.12,81.15621185302734,81.15621185302734,0.04955867677927017,0.04955867677927017,-0.01247084978967905,-0.01247084978967905,13.04638385772705,-45.479469299316406,0.0,-3.0112298,-2.9033684730529785,5.501193523406982,-0.6651901602745056,-0.7184562087059021,5.54126412755257,-0.12033323014147286,5.7829718589782715,-0.3768415153026581,-3.938382625579834,-0.3768415153026581,-3.938382625579834,-0.4000000059604645,235.99119567871094,-0.4000000059604645,234.87841796875,0.0,56.10122680664182,-0.125,-2.25,2.25
16.14,81.26636505126953,81.26636505126953,0.04815160483121872,0.04815160483121872,-0.013029620051383972,-0.013029620051383972,12.93623161315918,-45.49174118041992,0.0,-3.024999,-2.917738437652588,5.5033135414123535,-0.6652109026908875,-0.7186611890792847,5.543371309965751,-0.120291035426413,5.786438465118408,-0.3742852509021759,-3.940753936767578,-0.3742852509021759,-3.940753936767578,-0.4000000059604645,237.11322021484375,-0.4000000059604645,235.99119567871094,0.0,56.366729736329326,-0.125,-2.25,2.25
16.16,81.3765869140625,81.3765869140625,0.046682246029376984,0.046682246029376984,-0.013583660125732422,-0.013583660125732422,12.825864791870117,-45.502418518066406,0.0,-3.0387774,-2.9321134090423584,5.5054931640625,-0.6652318835258484,-0.7188715934753418,5.545537705074078,-0.12024762611181862,5.790003299713135,-0.37159615755081177,-3.943171739578247,-0.37159615755081177,-3.943171739578247,-0.4000000059604645,238.2405548095703,-0.4000000059604645,237.11322021484375,0.0,56.4697265625012,-0.125,-2.25,2.25
16.18,81.48686981201172,81.48686981201172,0.04515106603503227,0.04515106603503227,-0.014132849872112274,-0.014132849872112274,12.715312957763672,-45.511497497558594,0.0,-3.0525625,-2.9464921951293945,5.50773286819458,-0.6652531027793884,-0.7190876007080078,5.5477637871622205,-0.12020299470373863,5.7936577796936035,-0.3688092529773712,-3.945641279220581,-0.3688092529773712,-3.945641279220581,-0.4000000059604645,239.3699493408203,-0.4000000059604645,238.2405548095703,0.0,56.4422607421887,-0.125,-2.25,2.25
16.2,81.59721374511719,81.59721374511719,0.043558549135923386,0.043558549135923386,-0.014676994644105434,-0.014676994644105434,12.604602813720703,-45.51900863647461,0.0,-3.0663552,-2.9608750343322754,5.510034561157227,-0.6652746796607971,-0.7193092703819275,5.550051465035697,-0.12015712424233758,5.7973952293396,-0.36595454812049866,-3.948166847229004,-0.36595454812049866,-3.948166847229004,-0.4000000059604645,240.49879455566406,-0.4000000059604645,239.3699493408203,0.0,56.30340576171995,-0.125,-2.25,2.25
16.22,81.70762634277344,81.70762634277344,0.04190519079566002,0.04190519079566002,-0.015215970575809479,-0.015215970575809479,12.493745803833008,-45.52494812011719,0.0,-3.0801573,-2.9752631187438965,5.5123982429504395,-0.6652966737747192,-0.7195367813110352,5.552400746795821,-0.12011002844324971,5.801210403442383,-0.3630567193031311,-3.950752019882202,-0.3630567193031311,-3.950752019882202,-0.4000000059604645,241.62486267089844,-0.4000000059604645,240.49879455566406,0.0,56.07681274413186,-0.125,-2.25,2.25
16.240000000000002,81.818115234375,81.818115234375,0.04019149765372276,0.04019149765372276,-0.015749670565128326,-0.015749670565128326,12.382762908935547,-45.5293083190918,0.0,-3.0939684,-2.989656448364258,5.514823913574219,-0.6653190851211548,-0.7197700142860413,5.55481163341805,-0.12006171042797292,5.805098533630371,-0.3601347804069519,-3.953399658203125,-0.3601347804069519,-3.953399658203125,-0.4000000059604645,242.74639892578125,-0.4000000059604645,241.62486267089844,0.0,55.78613281250119,-0.125,-2.25,2.25
16.26,81.92867279052734,81.92867279052734,0.0384180024266243,0.0384180024266243,-0.016277939081192017,-0.016277939081192017,12.271685600280762,-45.532047271728516,0.0,-3.1077878,-3.0040535926818848,5.517312049865723,-0.6653419733047485,-0.7200090885162354,5.55728460644536,-0.12001217376949745,5.809056758880615,-0.3572041094303131,-3.9561119079589844,-0.3572041094303131,-3.9561119079589844,-0.4000000059604645,243.86212158203125,-0.4000000059604645,242.74639892578125,0.0,56.2591552734387,-0.125,-2.25,2.25
16.28,82.03929901123047,82.03929901123047,0.036585237830877304,0.036585237830877304,-0.016800619661808014,-0.016800619661808014,12.160528182983398,-45.5331916809082,0.0,-3.121616,-3.018455743789673,5.519862174987793,-0.6653652787208557,-0.7202539443969727,5.559819186357435,-0.11996142137362971,5.813082218170166,-0.3542757034301758,-3.958890676498413,-0.3542757034301758,-3.958890676498413,-0.4000000059604645,244.9873046875,-0.4000000059604645,243.86212158203125,0.0,60.91766357422005,-0.125,-2.25,2.25
16.3,82.1500015258789,82.1500015258789,0.03469376266002655,0.03469376266002655,-0.017317568883299828,-0.017317568883299828,12.04931926727295,-45.53274917602539,0.0,-3.1354537,-3.032862424850464,5.52247428894043,-0.6653889417648315,-0.7205047011375427,5.562415367071307,-0.11990944594982166,5.817179203033447,-0.3513544201850891,-3.9617369174957275,-0.3513544201850891,-3.9617369174957275,-0.4000000059604645,246.20565795898438,-0.4000000059604645,244.9873046875,0.0,64.591217041017,-0.125,-2.25,2.25
16.32,82.26078796386719,82.26078796386719,0.0327441431581974,0.0327441431581974,-0.017828598618507385,-0.017828598618507385,11.93807315826416,-45.530723571777344,0.0,3.1338832,-3.047274589538574,5.525149822235107,-0.6654127836227417,-0.7207614779472351,5.565074548535105,-0.11985618829913133,5.821387767791748,-0.34841403365135193,-3.964650869369507,-0.34841403365135193,-3.964650869369507,-0.4000000059604645,247.4974822998047,-0.4000000059604645,246.20565795898438,0.0,67.40646362304831,-0.125,-2.25,2.25
16.34,82.37165069580078,82.37165069580078,0.030736973509192467,0.030736973509192467,-0.01833350956439972,-0.01833350956439972,11.82680892944336,-45.5271110534668,0.0,3.1200254,-3.061692476272583,5.527890682220459,-0.6654366254806519,-0.7210246324539185,5.567798604216109,-0.11980157923883453,5.825728416442871,-0.3454044759273529,-3.96763277053833,-0.3454044759273529,-3.96763277053833,-0.4000000059604645,248.84561157226562,-0.4000000059604645,247.4974822998047,0.0,69.5503234863296,-0.125,-2.25,2.25
16.36,82.48258972167969,82.48258972167969,0.02867286652326584,0.02867286652326584,-0.018832020461559296,-0.018832020461559296,11.715567588806152,-45.5218505859375,0.0,3.106158,-3.076113700866699,5.530699253082275,-0.665459930896759,-0.7212944030761719,5.570589838398979,-0.11974547592174664,5.830206394195557,-0.34228795766830444,-3.9706830978393555,-0.34228795766830444,-3.9706830978393555,-0.4000000059604645,250.2366180419922,-0.4000000059604645,248.84561157226562,0.0,71.12731933593902,-0.125,-2.25,2.25
16.38,82.59362030029297,82.59362030029297,0.026552461087703705,0.026552461087703705,-0.019323987886309624,-0.019323987886309624,11.604345321655273,-45.51499938964844,0.0,3.092279,-3.0905425548553467,5.533578395843506,-0.6654829382896423,-0.721571147441864,5.573451121531488,-0.11968786380006644,5.83482027053833,-0.33904653787612915,-3.9738049507141113,-0.33904653787612915,-3.9738049507141113,-0.4000000059604645,251.65916442871094,-0.4000000059604645,250.2366180419922,0.0,72.22900390625153,-0.125,-2.25,2.25
16.4,82.7047348022461,82.7047348022461,0.024376418441534042,0.024376418441534042,-0.019809171557426453,-0.019809171557426453,11.493172645568848,-45.506561279296875,0.0,3.0783901,-3.1049766540527344,5.536531448364258,-0.6655056476593018,-0.7218549251556396,5.5763857690974765,-0.11962867593171429,5.839565753936768,-0.3356802463531494,-3.9770009517669678,-0.3356802463531494,-3.9770009517669678,-0.4000000059604645,253.10374450683594,-0.4000000059604645,251.65916442871094,0.0,72.85385131834799,-0.125,-2.25,2.25
16.42,82.8159408569336,82.8159408569336,0.02214541658759117,0.02214541658759117,-0.02028740756213665,-0.02028740756213665,11.38207721710205,-45.496543884277344,0.0,3.064489,-3.1194159984588623,5.539560317993164,-0.6655279397964478,-0.7221459746360779,5.579395662196241,-0.11956785514665925,5.8444366455078125,-0.3322007656097412,-3.9802749156951904,-0.3322007656097412,-3.9802749156951904,-0.4000000059604645,254.56082153320312,-0.4000000059604645,253.10374450683594,0.0,73.15368652343906,-0.125,-2.25,2.25
16.44,82.92723083496094,82.92723083496094,0.019860146567225456,0.019860146567225456,-0.02075856365263462,-0.02075856365263462,11.27108383178711,-45.484893798828125,0.0,3.0505779,-3.1338605880737305,5.542666435241699,-0.6655500531196594,-0.7224443554878235,5.582482251253694,-0.11950541839864619,5.849424839019775,-0.32862573862075806,-3.983630657196045,-0.32862573862075806,-3.983630657196045,-0.4000000059604645,256.0238952636719,-0.4000000059604645,254.56082153320312,0.0,73.21929931640781,-0.125,-2.25,2.25
16.46,83.03861236572266,83.03861236572266,0.017521318048238754,0.017521318048238754,-0.021222442388534546,-0.021222442388534546,11.160205841064453,-45.47162628173828,0.0,3.0366554,3.134873628616333,5.545851230621338,-0.6655719876289368,-0.7227501273155212,5.58564695831204,-0.11944134042147213,5.854523181915283,-0.3249776065349579,-3.9870710372924805,-0.3249776065349579,-3.9870710372924805,-0.4000000059604645,257.48828125,-0.4000000059604645,256.0238952636719,0.010438263416290505,73.08654785156406,-0.125,-2.25,2.25
16.48,83.15008544921875,83.15008544921875,0.015129657462239265,0.015129657462239265,-0.021678907796740532,-0.021678907796740532,11.049474716186523,-45.45677185058594,0.0,3.0227208,3.120417594909668,5.549116611480713,-0.6655938625335693,-0.7230633497238159,5.58889169314038,-0.1193756072245344,5.8597259521484375,-0.32127758860588074,-3.990598678588867,-0.32127758860588074,-3.990598678588867,-0.39979124069213867,258.95001220703125,-0.4000000059604645,257.48828125,0.030261278152466466,67.9183959960952,-0.125,-2.25,2.25
16.5,83.26166534423828,83.26166534423828,0.012686516158282757,0.012686516158282757,-0.022114431485533714,-0.022114431485533714,10.938888549804688,-45.440338134765625,0.0,3.008773,3.105954170227051,5.552502632141113,-0.6655489206314087,-0.7233083248138428,5.5922482818351,-0.1192955194025039,5.865032196044922,-0.31647831201553345,-3.993701696395874,-0.31647831201553345,-3.993701696395874,-0.39918601512908936,260.3083801269531,-0.39979124069213867,258.95001220703125,0.04789978265762431,56.3903808593762,-0.125,-2.25,2.25
16.52,83.37335205078125,83.37335205078125,0.010195224545896053,0.010195224545896053,-0.022504761815071106,-0.022504761815071106,10.828481674194336,-45.422298431396484,0.0,2.9948125,3.091487407684326,5.5560808181762695,-0.6653248071670532,-0.7233580946922302,5.595774401915982,-0.11917965153678221,5.870410442352295,-0.3092730939388275,-3.9955337047576904,-0.3092730939388275,-3.9955337047576904,-0.3982280194759369,261.4361877441406,-0.39918601512908936,260.3083801269531,0.06394833326339858,38.558959960938324,-0.125,-2.25,2.25
16.54,83.48513793945312,83.48513793945312,0.007661591283977032,0.007661591283977032,-0.02283036708831787,-0.02283036708831787,10.718282699584961,-45.40263366699219,0.0,2.9808397,3.0770225524902344,5.559898853302002,-0.6648461222648621,-0.7231296300888062,5.599508516400305,-0.11901370036090755,5.875801086425781,-0.29955175518989563,-3.995562791824341,-0.29955175518989563,-3.995562791824341,-0.39694905281066895,262.2073669433594,-0.3982280194759369,261.4361877441406,0.07829666137695479,16.02020263671909,-0.125,-2.25,2.25
16.56,83.59703826904297,83.59703826904297,0.005093443673104048,0.005093443673104048,-0.023075051605701447,-0.023075051605701447,10.608297348022461,-45.38139343261719,0.0,2.9668517,3.0625646114349365,5.563984394073486,-0.6640616059303284,-0.7225694060325623,5.603472151618501,-0.11878811609882259,5.8811211585998535,-0.2876875102519989,-3.9934563636779785,-0.2876875102519989,-3.9934563636779785,-0.3953831195831299,262.52777099609375,-0.39694905281066895,262.2073669433594,0.09076446294783128,-9.72290039062348,-0.125,-2.25,2.25
16.580000000000002,83.70905303955078,83.70905303955078,0.002500307047739625,0.002500307047739625,-0.02322550117969513,-0.02322550117969513,10.498543739318848,-45.35860061645508,0.0,2.9528499,3.048121452331543,5.568347930908203,-0.6629391312599182,-0.7216469645500183,5.607672152632081,-0.11849714281712773,5.886276721954346,-0.27427002787590027,-3.9890408515930176,-0.27427002787590027,-3.9890408515930176,-0.393567830324173,262.33331298828125,-0.3953831195831299,262.52777099609375,0.10122954845428682,-37.313842773438296,-0.125,-2.25,2.25
16.6,83.8211898803711,83.8211898803711,-0.00010692507930798456,-0.00010692507930798456,-0.023271344602108,-0.023271344602108,10.389036178588867,-45.334251403808594,0.0,2.9388328,3.0336997509002686,5.5729851722717285,-0.661463737487793,-0.7203510999679565,5.6121028150214665,-0.11813840700042594,5.89117956161499,-0.2599620521068573,-3.9822726249694824,-0.2599620521068573,-3.9822726249694824,-0.3915432393550873,261.5870361328125,-0.393567830324173,262.33331298828125,0.10961890220642323,-65.57769775390764,-0.125,-2.25,2.25
16.62,83.93345642089844,83.93345642089844,-0.002716292394325137,-0.002716292394325137,-0.023205026984214783,-0.023205026984214783,10.279797554016113,-45.30830001831055,0.0,2.9248,3.0193064212799072,5.577877998352051,-0.6596349477767944,-0.7186864614486694,5.616746498537065,-0.11771240775829273,5.895750045776367,-0.24542386829853058,-3.9732160568237305,-0.24542386829853058,-3.9732160568237305,-0.38935086131095886,260.2754821777344,-0.3915432393550873,261.5870361328125,0.11588633060455569,-93.51501464843949,-0.125,-2.25,2.25
16.64,84.04585266113281,84.04585266113281,-0.005315070040524006,-0.005315070040524006,-0.023021668195724487,-0.023021668195724487,10.170842170715332,-45.280826568603516,0.0,2.91075,3.0049502849578857,5.582997798919678,-0.6574647426605225,-0.7166707515716553,5.621576674793615,-0.11722207193758123,5.899923801422119,-0.2312653511762619,-3.9620249271392822,-0.2312653511762619,-3.9620249271392822,-0.3870331346988678,258.4051818847656,-0.38935086131095886,260.2754821777344,0.12004673480987804,-120.26290893554943,-0.125,-2.25,2.25
16.66,84.15838623046875,84.15838623046875,-0.007890064269304276,-0.007890064269304276,-0.02271914668381214,-0.02271914668381214,10.062173843383789,-45.251834869384766,0.0,2.8966835,2.9906368255615234,5.588306427001953,-0.6549761295318604,-0.7143324613571167,5.626558668700422,-0.11667246440333998,5.9036478996276855,-0.2180229127407074,-3.948922634124756,-0.2180229127407074,-3.948922634124756,-0.3846322000026703,255.9999237060547,-0.3870331346988678,258.4051818847656,0.12212246656418108,-145.14007568359685,-0.125,-2.25,2.25
16.68,84.27105712890625,84.27105712890625,-0.010427896864712238,-0.010427896864712238,-0.02229774184525013,-0.02229774184525013,9.95380973815918,-45.22134780883789,0.0,2.882599,2.9763715267181396,5.593759059906006,-0.6522011756896973,-0.7117085456848145,5.631652225932594,-0.11607036432056832,5.906887531280518,-0.20614933967590332,-3.934187173843384,-0.20614933967590332,-3.934187173843384,-0.3821897506713867,253.0971221923828,-0.3846322000026703,255.9999237060547,0.12245625257492326,-163.58871459961287,-0.125,-2.25,2.25
16.7,84.38386535644531,84.38386535644531,-0.012915268540382385,-0.012915268540382385,-0.02176002413034439,-0.02176002413034439,9.845793724060059,-45.18930435180664,0.0,2.8684983,2.9621622562408447,5.599307060241699,-0.6491791605949402,-0.7088428139686584,5.636814094630343,-0.11542386528807418,5.909621715545654,-0.1960071325302124,-3.9181370735168457,-0.1960071325302124,-3.9181370735168457,-0.3797406256198883,249.82534790039062,-0.3821897506713867,253.0971221923828,0.12120008468628188,-174.5628356933631,-0.125,-2.25,2.25
16.72,84.49681091308594,84.49681091308594,-0.015339191071689129,-0.015339191071689129,-0.02111021988093853,-0.02111021988093853,9.738113403320312,-45.155792236328125,0.0,2.8543806,2.9480113983154297,5.60490083694458,-0.645953357219696,-0.7057823538780212,5.642000454775367,-0.11474173808211476,5.911877155303955,-0.18782396614551544,-3.901103973388672,-0.18782396614551544,-3.901103973388672,-0.3773166239261627,246.33409118652344,-0.3797406256198883,249.82534790039062,0.11813491582868636,-183.8722229003619,-0.125,-2.25,2.25
16.740000000000002,84.60990142822266,84.60990142822266,-0.017687160521745682,-0.017687160521745682,-0.02035396732389927,-0.02035396732389927,9.630789756774902,-45.12082290649414,0.0,2.8402438,2.93392276763916,5.610492706298828,-0.6425690054893494,-0.7025755047798157,5.647169497566717,-0.11403300927254106,5.913723945617676,-0.1816784143447876,-3.8834192752838135,-0.1816784143447876,-3.8834192752838135,-0.3749539256095886,242.65664672851562,-0.3773166239261627,246.33409118652344,0.11341273784637693,-191.09725952148844,-0.125,-2.25,2.25
16.76,84.72312927246094,84.72312927246094,-0.019947335124015808,-0.019947335124015808,-0.01949850469827652,-0.01949850469827652,9.523839950561523,-45.08439636230469,0.0,2.8260903,2.9198989868164062,5.616038799285889,-0.6390750408172607,-0.6992742419242859,5.652283494560413,-0.11330722461924446,5.915210723876953,-0.17758134007453918,-3.8654282093048096,-0.17758134007453918,-3.8654282093048096,-0.37268567085266113,238.83470153808594,-0.3749539256095886,242.65664672851562,0.1072317361831688,-195.8930969238323,-0.125,-2.25,2.25
16.78,84.83648681640625,84.83648681640625,-0.022108711302280426,-0.022108711302280426,-0.01855257898569107,-0.01855257898569107,9.41730785369873,-45.04648208618164,0.0,2.8119206,2.905942440032959,5.621495723724365,-0.6355226039886475,-0.695931613445282,5.657305290686709,-0.11257425297845691,5.916374206542969,-0.17551198601722717,-3.847479820251465,-0.17551198601722717,-3.847479820251465,-0.3705410361289978,234.91683959960938,-0.37268567085266113,238.83470153808594,0.0997707247734091,-198.0735778808636,-0.125,-2.25,2.25
16.8,84.94998168945312,84.94998168945312,-0.02416127920150757,-0.02416127920150757,-0.017525970935821533,-0.017525970935821533,9.311176300048828,-45.007144927978516,0.0,2.7977335,2.8920514583587646,5.626824378967285,-0.6319631934165955,-0.6926002502441406,5.66220187467507,-0.1118438862646705,5.9172468185424805,-0.17542347311973572,-3.8299148082733154,-0.17542347311973572,-3.8299148082733154,-0.36854562163352966,230.9553680419922,-0.3705410361289978,234.91683959960938,0.09123980998993114,-197.5280761718792,-0.125,-2.25,2.25
16.82,85.06360626220703,85.06360626220703,-0.026096161454916,-0.026096161454916,-0.016429496929049492,-0.016429496929049492,9.205471992492676,-44.96641159057617,0.0,2.7835312,2.8782267570495605,5.631989002227783,-0.6284475922584534,-0.6893308758735657,5.666943311647836,-0.1111256747367445,5.917863368988037,-0.17724287509918213,-3.813056230545044,-0.17724287509918213,-3.813056230545044,-0.3667208254337311,227.0048065185547,-0.36854562163352966,230.9553680419922,0.08184015750885185,-194.25735473633227,-0.125,-2.25,2.25
16.84,85.1773452758789,85.1773452758789,-0.027905700728297234,-0.027905700728297234,-0.015274404548108578,-0.015274404548108578,9.10024356842041,-44.92423629760742,0.0,2.7693136,2.8644678592681885,5.636957168579102,-0.625024139881134,-0.686171293258667,5.671502560682616,-0.11042862987274968,5.918257713317871,-0.18086659908294678,-3.797200918197632,-0.18086659908294678,-3.797200918197632,-0.3650840222835541,223.11965942382812,-0.3667208254337311,227.0048065185547,0.07179528474807892,-188.32550048828526,-0.125,-2.25,2.25
16.86,85.29120635986328,85.29120635986328,-0.029583513736724854,-0.029583513736724854,-0.014072321355342865,-0.014072321355342865,8.995487213134766,-44.88064193725586,0.0,2.7550807,2.850769281387329,5.641700744628906,-0.621738076210022,-0.6831653118133545,5.6758563695142685,-0.1097610987098705,5.918468475341797,-0.18616405129432678,-3.78261399269104,-0.18616405129432678,-3.78261399269104,-0.36364811658859253,219.3531494140625,-0.3650840222835541,223.11965942382812,0.06130337715149056,-179.89807128906634,-0.125,-2.25,2.25
16.88,85.40518188476562,85.40518188476562,-0.031124532222747803,-0.031124532222747803,-0.012834854423999786,-0.012834854423999786,8.891214370727539,-44.83567428588867,0.0,2.7408342,2.8371291160583496,5.64619779586792,-0.6186302900314331,-0.6803520321846008,5.6799870585951275,-0.10913051708835918,5.918534755706787,-0.192976176738739,-3.7695224285125732,-0.192976176738739,-3.7695224285125732,-0.36242204904556274,215.75518798828125,-0.36364811658859253,219.3531494140625,0.05057156085968125,-169.1894531250036,-0.125,-2.25,2.25
16.9,85.51924896240234,85.51924896240234,-0.03252500295639038,-0.03252500295639038,-0.011573472060263157,-0.011573472060263157,8.787467956542969,-44.78935623168945,0.0,2.7265754,2.823545217514038,5.650430202484131,-0.615736722946167,-0.6777653098106384,5.683880117061701,-0.10854336142267598,5.918498516082764,-0.20112241804599762,-3.758112668991089,-0.20112241804599762,-3.758112668991089,-0.36141061782836914,212.37139892578125,-0.36242204904556274,215.75518798828125,0.03981143236159656,-156.4285278320068,-0.125,-2.25,2.25
16.92,85.63341522216797,85.63341522216797,-0.03378245234489441,-0.03378245234489441,-0.01029917597770691,-0.01029917597770691,8.684284210205078,-44.74159622192383,0.0,2.712305,2.8100101947784424,5.654384613037109,-0.6130877137184143,-0.6754329800605774,5.68752511175672,-0.10800502489752027,5.918402194976807,-0.2104027271270752,-3.748528242111206,-0.2104027271270752,-3.748528242111206,-0.3606143891811371,209.24282836914062,-0.36141061782836914,212.37139892578125,0.029204785823822643,-141.9303894042999,-0.125,-2.25,2.25
16.94,85.74767303466797,85.74767303466797,-0.0348956473171711,-0.0348956473171711,-0.009022422134876251,-0.009022422134876251,8.581659317016602,-44.6924934387207,0.0,2.6980226,2.7965199947357178,5.658053398132324,-0.6107077598571777,-0.6733769178390503,5.6909166418132076,-0.10751976676638068,5.9182868003845215,-0.22060330212116241,-3.7408688068389893,-0.22060330212116241,-3.7408688068389893,-0.36003029346466064,206.4042205810547,-0.3606143891811371,209.24282836914062,0.01892298460006754,-126.02081298828394,-0.125,-2.25,2.25
16.96,85.86201477050781,85.86201477050781,-0.03586452826857567,-0.03586452826857567,-0.007752879988402128,-0.007752879988402128,8.479602813720703,-44.642051696777344,0.0,2.6837294,2.783067226409912,5.661435127258301,-0.6086152195930481,-0.6716127991676331,5.694054810561144,-0.10709065970254537,5.91819429397583,-0.23150430619716644,-3.7351908683776855,-0.23150430619716644,-3.7351908683776855,-0.3596518337726593,203.88380432128906,-0.36003029346466064,206.4042205810547,0.00912249088287373,-109.0324401855492,-0.125,-2.25,2.25
16.98,85.97643280029297,85.97643280029297,-0.036690108478069305,-0.036690108478069305,-0.006499335169792175,-0.006499335169792175,8.378170013427734,-44.59023666381836,0.0,2.6694272,2.7696475982666016,5.6645307540893555,-0.6068224310874939,-0.6701502203941345,5.69694147125412,-0.10671968913907244,5.918162822723389,-0.24288396537303925,-3.7315096855163574,-0.24288396537303925,-3.7315096855163574,-0.35946938395500183,201.70315551757812,-0.3596518337726593,203.88380432128906,-7.748603820800947e-05,-91.33224487304882,-0.125,-2.25,2.25
17.0,86.09092712402344,86.09092712402344,-0.03737439215183258,-0.03737439215183258,-0.005269594490528107,-0.005269594490528107,8.277377128601074,-44.53705596923828,0.0,2.6551158,2.756253957748413,5.667348384857178,-0.6053357720375061,-0.6689928770065308,5.699584994738784,-0.10640767914334873,5.918229103088379,-0.25452396273612976,-3.7298011779785156,-0.25452396273612976,-3.7298011779785156,-0.359470933675766,199.8765106201172,-0.35946938395500183,201.70315551757812,-0.008562207221985045,-73.25592041015781,-0.125,-2.25,2.25
17.02,86.20547485351562,86.20547485351562,-0.037920236587524414,-0.037920236587524414,-0.0040704235434532166,-0.0040704235434532166,8.177230834960938,-44.48255920410156,0.0,2.6407976,2.7428805828094482,5.669897556304932,-0.604155957698822,-0.6681389808654785,5.701994626463236,-0.10615445526328711,5.918425559997559,-0.26621511578559875,-3.730006456375122,-0.26621511578559875,-3.730006456375122,-0.3596421778202057,198.41139221191406,-0.359470933675766,199.8765106201172,-0.016258656978607525,-55.14526367187617,-0.125,-2.25,2.25
17.04,86.32008361816406,86.32008361816406,-0.03833124786615372,-0.03833124786615372,-0.0029075071215629578,-0.0029075071215629578,8.0777587890625,-44.4267463684082,0.0,2.626471,2.729522466659546,5.67219352722168,-0.6032784581184387,-0.6675817966461182,5.704184806638481,-0.10595883921209122,5.918780326843262,-0.2777612805366516,-3.732034921646118,-0.2777612805366516,-3.732034921646118,-0.35996735095977783,197.30848693847656,-0.3596421778202057,198.41139221191406,-0.023092329502106206,-37.28713989257892,-0.125,-2.25,2.25
17.06,86.43473815917969,86.43473815917969,-0.038611654192209244,-0.038611654192209244,-0.0017854945035651326,-0.0017854945035651326,7.97902250289917,-44.36955261230469,0.0,2.6121397,2.716171979904175,5.674252986907959,-0.6026942133903503,-0.6673102378845215,5.70617098186587,-0.10581885428751207,5.919317245483398,-0.28898507356643677,-3.7357709407806396,-0.28898507356643677,-3.7357709407806396,-0.36042919754981995,196.562744140625,-0.35996735095977783,197.30848693847656,-0.02903789281844639,-20.001220703121874,-0.125,-2.25,2.25
17.080000000000002,86.54943084716797,86.54943084716797,-0.038766179233789444,-0.038766179233789444,-0.0007079616189002991,-0.0007079616189002991,7.881010055541992,-44.31106948852539,0.0,2.597803,2.7028260231018066,5.6760969161987305,-0.6023899912834167,-0.6673091650009155,5.707972486240554,-0.10573173421966306,5.9200568199157715,-0.2997254729270935,-3.7410759925842285,-0.2997254729270935,-3.7410759925842285,-0.36100995540618896,196.1627197265625,-0.36042919754981995,196.562744140625,-0.03366172313690257,0.5828857421875124,-0.125,-2.25,2.25
17.1,86.6641616821289,86.6641616821289,-0.03879992291331291,-0.03879992291331291,0.00032252076198346913,0.00032252076198346913,7.783737659454346,-44.25128936767578,0.0,2.5834618,2.6894776821136475,5.6777472496032715,-0.6023489832878113,-0.6675605773925781,5.709609279805876,-0.1056940877433013,5.921013832092285,-0.3098449409008026,-3.747795343399048,-0.3098449409008026,-3.747795343399048,-0.361683189868927,196.17437744140625,-0.36100995540618896,196.1627197265625,-0.037276744842530095,20.777893066406694,-0.125,-2.25,2.25
17.12,86.77892303466797,86.77892303466797,-0.03871823474764824,-0.03871823474764824,0.0013049468398094177,0.0013049468398094177,7.687264919281006,-44.1901741027832,0.0,2.569116,2.6761224269866943,5.679228782653809,-0.6025486588478088,-0.6680406332015991,5.711103610687058,-0.10570148795722342,5.922235012054443,-0.31916317343711853,-3.755739212036133,-0.31916317343711853,-3.755739212036133,-0.3624287247657776,196.58993530273438,-0.361683189868927,196.17437744140625,-0.04002451896667566,38.755798339844574,-0.125,-2.25,2.25
17.14,86.89370727539062,86.89370727539062,-0.038526542484760284,-0.038526542484760284,0.002239331603050232,0.002239331603050232,7.591597557067871,-44.12775421142578,0.0,2.554768,2.6627564430236816,5.68057107925415,-0.6029640436172485,-0.6687238812446594,5.712482247180636,-0.1057490063074478,5.9237565994262695,-0.3275090754032135,-3.7647111415863037,-0.3275090754032135,-3.7647111415863037,-0.3632292151451111,197.36505126953125,-0.3624287247657776,196.58993530273438,-0.041936337947846354,54.531860351563665,-0.125,-2.25,2.25
17.16,87.0085220336914,87.0085220336914,-0.03823024407029152,-0.03823024407029152,0.0031264126300811768,0.0031264126300811768,7.496734142303467,-44.06406021118164,0.0,2.5404162,2.64937424659729,5.6818037033081055,-0.6035694479942322,-0.6695846319198608,5.713771906672314,-0.1058315991209611,5.925593852996826,-0.3347581624984741,-3.7745201587677,-0.3347581624984741,-3.7745201587677,-0.364067941904068,198.4556884765625,-0.3632292151451111,197.36505126953125,-0.04300326108932587,68.44787597656396,-0.125,-2.25,2.25
17.18,87.12334442138672,87.12334442138672,-0.03783462941646576,-0.03783462941646576,0.003967560827732086,0.003967560827732086,7.40272855758667,-43.999088287353516,0.0,2.526064,2.6359755992889404,5.682955741882324,-0.6043388247489929,-0.6705970764160156,5.714998808336907,-0.10594417613882331,5.927746772766113,-0.34083545207977295,-3.7849819660186768,-0.34083545207977295,-3.7849819660186768,-0.3649280071258545,199.82464599609375,-0.364067941904068,198.4556884765625,-0.043319165706635444,80.1788330078142,-0.125,-2.25,2.25
17.2,87.23820495605469,87.23820495605469,-0.03734482452273369,-0.03734482452273369,0.004764735698699951,0.004764735698699951,7.3095927238464355,-43.93278884887695,0.0,2.5117064,2.6225521564483643,5.684057235717773,-0.6052460670471191,-0.6717353463172913,5.716190117603821,-0.1060816237830755,5.930210113525391,-0.34570571780204773,-3.7959187030792236,-0.34570571780204773,-3.7959187030792236,-0.3657943904399872,201.42822265625,-0.3649280071258545,199.82464599609375,-0.04294216632843109,89.79568481445504,-0.125,-2.25,2.25
17.22,87.35306549072266,87.35306549072266,-0.036765698343515396,-0.036765698343515396,0.0055204411037266254,0.0055204411037266254,7.217347621917725,-43.86524963378906,0.0,2.4973488,2.6091079711914062,5.685133934020996,-0.6062650084495544,-0.6729742288589478,5.717368722430572,-0.1062389006334652,5.932969093322754,-0.3493686616420746,-3.807162284851074,-0.3493686616420746,-3.807162284851074,-0.3666532337665558,203.22413635253906,-0.3657943904399872,201.42822265625,-0.041952729225152134,97.37243652342228,-0.125,-2.25,2.25
17.240000000000002,87.46794128417969,87.46794128417969,-0.0361018069088459,-0.0361018069088459,0.006237521301954985,0.006237521301954985,7.125990867614746,-43.79647445678711,0.0,2.482989,2.595637798309326,5.686211585998535,-0.6073706150054932,-0.6742895245552063,5.718557621001657,-0.10641116431408593,5.93600606918335,-0.35185256600379944,-3.818556785583496,-0.35185256600379944,-3.818556785583496,-0.36749228835105896,205.1715850830078,-0.3666532337665558,203.22413635253906,-0.04041045904159632,103.0273437500022,-0.125,-2.25,2.25
17.26,87.58283996582031,87.58283996582031,-0.035357389599084854,-0.035357389599084854,0.006919309496879578,0.006919309496879578,7.035593032836914,-43.72637939453125,0.0,2.4686265,2.582139492034912,5.687315464019775,-0.6085385680198669,-0.6756580471992493,5.71977939924663,-0.10659370689728936,5.939300060272217,-0.35320937633514404,-3.8299598693847656,-0.35320937633514404,-3.8299598693847656,-0.36830049753189087,207.2321319580078,-0.36749228835105896,205.1715850830078,-0.03840029239654623,106.85348510742415,-0.125,-2.25,2.25
17.28,87.69773864746094,87.69773864746094,-0.03453628346323967,-0.03453628346323967,0.007569186855107546,0.007569186855107546,6.946139335632324,-43.655067443847656,0.0,2.4542646,2.568615436553955,5.688465595245361,-0.6097459197044373,-0.6770581007003784,5.721051556740804,-0.1067821572817761,5.942827224731445,-0.353507936000824,-3.8412423133850098,-0.353507936000824,-3.8412423133850098,-0.3690685033798218,209.36920166015625,-0.36830049753189087,207.2321319580078,-0.03600865602493363,108.96606445312732,-0.125,-2.25,2.25
17.3,87.81266021728516,87.81266021728516,-0.03364191949367523,-0.03364191949367523,0.008190847933292389,0.008190847933292389,6.857630729675293,-43.58253479003906,0.0,2.4398994,2.555062770843506,5.6896820068359375,-0.6109712719917297,-0.6784694194793701,5.72239174070701,-0.10697241489320758,5.946564197540283,-0.3528273403644562,-3.8522896766662598,-0.3528273403644562,-3.8522896766662598,-0.36978867650032043,211.54852294921875,-0.3690685033798218,209.36920166015625,-0.03331303596496653,109.4963073730492,-0.125,-2.25,2.25
17.32,87.92759704589844,87.92759704589844,-0.032677315175533295,-0.032677315175533295,0.00878792256116867,0.00878792256116867,6.770122528076172,-43.50875473022461,0.0,2.425532,2.541480779647827,5.690980434417725,-0.6121951341629028,-0.6798738837242126,5.72381351785836,-0.10716079197369674,5.950484752655029,-0.35125771164894104,-3.863003969192505,-0.35125771164894104,-3.863003969192505,-0.37045493721961975,213.7384490966797,-0.36978867650032043,211.54852294921875,-0.028732419013977665,110.67123413086173,-0.125,-2.25,2.25
17.34,88.04253387451172,88.04253387451172,-0.03164505958557129,-0.03164505958557129,0.009364135563373566,0.009364135563373566,6.683633327484131,-43.433753967285156,0.0,2.411165,2.5278730392456055,5.6923747062683105,-0.6133997440338135,-0.6812549829483032,5.725328727902354,-0.10734393857231633,5.954563617706299,-0.348897248506546,-3.8733019828796387,-0.348897248506546,-3.8733019828796387,-0.3710295855998993,215.95187377929688,-0.37045493721961975,213.7384490966797,-0.02405941486358694,109.67407226562734,-0.125,-2.25,2.25
17.36,88.15750885009766,88.15750885009766,-0.03054722398519516,-0.03054722398519516,0.009925305843353271,0.009925305843353271,6.5981245040893555,-43.357547760009766,0.0,2.3967934,2.5142345428466797,5.693883419036865,-0.6145585179328918,-0.682586133480072,5.726952991036928,-0.10751688636309385,5.958795547485352,-0.3456719219684601,-3.883030652999878,-0.3456719219684601,-3.883030652999878,-0.371510773897171,218.14535522460938,-0.3710295855998993,215.95187377929688,-0.019398331642151292,106.74133300781477,-0.125,-2.25,2.25
17.38,88.2724838256836,88.2724838256836,-0.029385214671492577,-0.029385214671492577,0.010476812720298767,0.010476812720298767,6.513667583465576,-43.28017044067383,0.0,2.3824215,2.50057315826416,5.695520877838135,-0.6156494617462158,-0.6838459372520447,5.728698135670833,-0.1076755487335438,5.963162899017334,-0.34161141514778137,-3.8920772075653076,-0.34161141514778137,-3.8920772075653076,-0.37189874053001404,220.28018188476562,-0.371510773897171,218.14535522460938,-0.01482367515563733,102.16979980467153,-0.125,-2.25,2.25
17.400000000000002,88.38748168945312,88.38748168945312,-0.028159845620393753,-0.028159845620393753,0.011023618280887604,0.011023618280887604,6.4302849769592285,-43.201568603515625,0.0,2.3680468,2.486886501312256,5.697299003601074,-0.6166555881500244,-0.6850181818008423,5.73057414670035,-0.10781675772535025,5.9676408767700195,-0.3368072509765625,-3.900364398956299,-0.3368072509765625,-3.900364398956299,-0.37219521403312683,222.32357788085938,-0.37189874053001404,220.28018188476562,-0.010417401790619119,96.23413085937705,-0.125,-2.25,2.25
17.42,88.50249481201172,88.50249481201172,-0.02687137946486473,-0.02687137946486473,0.011570216156542301,0.011570216156542301,6.347954750061035,-43.121822357177734,0.0,2.3536701,2.4731783866882324,5.699224948883057,-0.6175636053085327,-0.686090886592865,5.732586660886406,-0.1079380812398549,5.972201347351074,-0.3313847780227661,-3.907844305038452,-0.3313847780227661,-3.907844305038452,-0.3724035620689392,224.24826049804688,-0.37219521403312683,222.32357788085938,-0.006239116191864146,89.2089843750019,-0.125,-2.25,2.25
17.44,88.61753845214844,88.61753845214844,-0.025519581511616707,-0.025519581511616707,0.012120559811592102,0.012120559811592102,6.26667594909668,-43.04092025756836,0.0,2.3392897,2.4594476222991943,5.701303482055664,-0.6183642148971558,-0.6870558857917786,5.734739374789879,-0.10803782994359683,5.976815700531006,-0.3254867494106293,-3.9144957065582275,-0.3254867494106293,-3.9144957065582275,-0.3725283443927765,226.03244018554688,-0.3724035620689392,224.24826049804688,-0.0023722648620605976,81.31103515625173,-0.125,-2.25,2.25
17.46,88.73259735107422,88.73259735107422,-0.024103781208395958,-0.024103781208395958,0.012678191065788269,0.012678191065788269,6.186544418334961,-42.95884323120117,0.0,2.3249078,2.445699691772461,5.703536510467529,-0.6190511584281921,-0.6879083514213562,5.7370334723607295,-0.1081149004145695,5.981456756591797,-0.3192601799964905,-3.9203195571899414,-0.3192601799964905,-3.9203195571899414,-0.3725757896900177,227.65866088867188,-0.3725283443927765,226.03244018554688,0.0011429190635681395,72.80578613281405,-0.125,-2.25,2.25
17.48,88.84768676757812,88.84768676757812,-0.022622916847467422,-0.022622916847467422,0.013246051967144012,0.013246051967144012,6.107502460479736,-42.875640869140625,0.0,2.3105204,2.4319353103637695,5.705920219421387,-0.6196214556694031,-0.6886466145515442,5.739464809433688,-0.1081688696881427,5.986097812652588,-0.31285110116004944,-3.925337314605713,-0.31285110116004944,-3.925337314605713,-0.37255293130874634,229.11477661132812,-0.3725757896900177,227.65866088867188,0.004255771636962982,63.89694213867324,-0.125,-2.25,2.25
17.5,88.96280670166016,88.96280670166016,-0.021075624972581863,-0.021075624972581863,0.013826467096805573,0.013826467096805573,6.02955961227417,-42.79133605957031,0.0,2.2961307,2.418156862258911,5.7084503173828125,-0.6200752854347229,-0.6892719268798828,5.742029117449239,-0.10819987490891704,5.990714073181152,-0.30639776587486267,-3.9295876026153564,-0.30639776587486267,-3.9295876026153564,-0.3724678158760071,230.39271545410156,-0.37255293130874634,229.11477661132812,0.00842064619064349,56.60171508789183,-0.125,-2.25,2.25
17.52,89.07794952392578,89.07794952392578,-0.01946028135716915,-0.01946028135716915,0.014421314001083374,0.014421314001083374,5.952780723571777,-42.70590591430664,0.0,2.2817383,2.4043667316436768,5.71112060546875,-0.6204149723052979,-0.6897876262664795,5.744720472579178,-0.10820846349049568,5.995284080505371,-0.30003127455711365,-3.933123826980591,-0.30003127455711365,-3.933123826980591,-0.3722994029521942,231.52474975585938,-0.3724678158760071,230.39271545410156,0.012627243995666773,49.19204711914168,-0.125,-2.25,2.25
17.54,89.19312286376953,89.19312286376953,-0.017774978652596474,-0.017774978652596474,0.015033796429634094,0.015033796429634094,5.877158164978027,-42.619388580322266,0.0,2.2673414,2.390568971633911,5.713927268981934,-0.6206355094909668,-0.6901883482933044,5.747534538465728,-0.10819387199791346,5.999805450439453,-0.2937135398387909,-3.9359335899353027,-0.2937135398387909,-3.9359335899353027,-0.3720468580722809,232.5085906982422,-0.3722994029521942,231.52474975585938,0.016315281391144146,41.023254394532124,-0.125,-2.25,2.25
17.56,89.3083267211914,89.3083267211914,-0.016017446294426918,-0.016017446294426918,0.015667013823986053,0.015667013823986053,5.802671909332275,-42.531803131103516,0.0,2.2529411,2.3767635822296143,5.7168660163879395,-0.6207325458526611,-0.6904693245887756,5.750466584792232,-0.10815546371747263,6.004272937774658,-0.2874261438846588,-3.9380075931549072,-0.2874261438846588,-3.9380075931549072,-0.371720552444458,233.3290557861328,-0.3720468580722809,232.5085906982422,0.01945942640304261,32.37152099608869,-0.125,-2.25,2.25
17.580000000000002,89.42356872558594,89.42356872558594,-0.014185077510774136,-0.014185077510774136,0.016323404386639595,0.016323404386639595,5.7293620109558105,-42.44314956665039,0.0,2.238536,2.362952709197998,5.719931602478027,-0.6207061409950256,-0.6906304955482483,5.753511419167932,-0.10809338607492422,6.008676052093506,-0.2812207341194153,-3.9393668174743652,-0.2812207341194153,-3.9393668174743652,-0.3713313639163971,233.9764862060547,-0.371720552444458,233.3290557861328,0.022038817405701152,23.479461669922376,-0.125,-2.25,2.25
17.6,89.5388412475586,89.5388412475586,-0.012275020591914654,-0.012275020591914654,0.017004594206809998,0.017004594206809998,5.657264709472656,-42.353431701660156,0.0,2.2241268,2.34913969039917,5.723116397857666,-0.6205598711967468,-0.6906758546829224,5.756661867538082,-0.10800844076488425,6.01300048828125,-0.27518320083618164,-3.940056562423706,-0.27518320083618164,-3.940056562423706,-0.3708905875682831,234.44607543945312,-0.3713313639163971,233.9764862060547,0.024048984050751246,14.592742919922186,-0.125,-2.25,2.25
17.62,89.6541519165039,89.6541519165039,-0.010284258052706718,-0.010284258052706718,0.01771160215139389,0.01771160215139389,5.586341857910156,-42.262699127197266,0.0,2.209713,2.335326671600342,5.726409912109375,-0.6203003525733948,-0.6906123161315918,5.759908246570181,-0.10790200808916695,6.017230987548828,-0.2694137990474701,-3.940141201019287,-0.2694137990474701,-3.940141201019287,-0.37040960788726807,234.73793029785156,-0.3708905875682831,234.44607543945312,0.025492906570435115,5.904388427734501,-0.125,-2.25,2.25
17.64,89.76949310302734,89.76949310302734,-0.008209680207073689,-0.008209680207073689,0.018444756045937538,0.018444756045937538,5.5166120529174805,-42.170963287353516,0.0,2.1952953,2.3215153217315674,5.729799747467041,-0.6199367046356201,-0.6904495358467102,5.763239250961896,-0.1077759342440159,6.021353721618652,-0.2640119791030884,-3.939697742462158,-0.2640119791030884,-3.939697742462158,-0.3698997497558594,234.85601806640625,-0.37040960788726807,234.73793029785156,0.026385486125946607,-2.399444580078176,-0.125,-2.25,2.25
17.66,89.88487243652344,89.88487243652344,-0.006048168055713177,-0.006048168055713177,0.01920376531779766,0.01920376531779766,5.448151588439941,-42.07819747924805,0.0,2.1808727,2.307708740234375,5.733272552490234,-0.6194798350334167,-0.6901989579200745,5.766642821187291,-0.10763238809214572,6.025356769561768,-0.25906887650489807,-3.938814878463745,-0.25906887650489807,-3.938814878463745,-0.36937204003334045,234.8080291748047,-0.3698997497558594,234.85601806640625,0.026740133762360188,-10.189819335937717,-0.125,-2.25,2.25
17.68,90.00028228759766,90.00028228759766,-0.0037966512609273195,-0.0037966512609273195,0.019987843930721283,0.019987843930721283,5.380898952484131,-41.984466552734375,0.0,2.1664472,2.293907642364502,5.736814022064209,-0.6189422607421875,-0.6898733973503113,5.77010612085126,-0.10747382865909627,6.029231548309326,-0.2546631097793579,-3.9375860691070557,-0.2546631097793579,-3.9375860691070557,-0.36883723735809326,234.60423278808594,-0.36937204003334045,234.8080291748047,0.026592612266541093,-17.33703613281287,-0.125,-2.25,2.25
17.7,90.11573028564453,90.11573028564453,-0.0014521755510941148,-0.0014521755510941148,0.020795635879039764,0.020795635879039764,5.314864635467529,-41.88978576660156,0.0,2.1520157,2.280113697052002,5.740407943725586,-0.6183374524116516,-0.6894867420196533,5.773614514794241,-0.10730290832646686,6.032971382141113,-0.25085726380348206,-3.936109781265259,-0.25085726380348206,-3.936109781265259,-0.36830538511276245,234.2574920654297,-0.36883723735809326,234.60423278808594,0.02596676349639948,-23.762512207031758,-0.125,-2.25,2.25
17.72,90.23120880126953,90.23120880126953,0.0009880447760224342,0.0009880447760224342,0.021625466644763947,0.021625466644763947,5.2501373291015625,-41.794132232666016,0.0,2.1375806,2.2663285732269287,5.744040012359619,-0.6176796555519104,-0.6890532374382019,5.777155339825217,-0.10712237005169674,6.036572456359863,-0.24769893288612366,-3.9344844818115234,-0.24769893288612366,-3.9344844818115234,-0.3677860498428345,233.78224182128906,-0.36830538511276245,234.2574920654297,0.024910271167751234,-29.399108886714153,-0.125,-2.25,2.25
17.740000000000002,90.34671783447266,90.34671783447266,0.0035265746992081404,0.0035265746992081404,0.02247515320777893,0.02247515320777893,5.1866607666015625,-41.69755935668945,0.0,2.1231415,2.252551794052124,5.7476935386657715,-0.6169832944869995,-0.6885875463485718,5.780713571878154,-0.10693502367228884,6.040033340454102,-0.24521958827972412,-3.9328064918518066,-0.24521958827972412,-3.9328064918518066,-0.36728784441947937,233.1942596435547,-0.3677860498428345,233.78224182128906,0.023469328880310558,-34.20486450195386,-0.125,-2.25,2.25
17.76,90.46226501464844,90.46226501464844,0.00616572005674243,0.00616572005674243,0.023342324420809746,0.023342324420809746,5.1244354248046875,-41.60007858276367,0.0,2.1086984,2.2387843132019043,5.751355171203613,-0.6162629723548889,-0.6881040334701538,5.784277513780457,-0.10674363961057233,6.043356418609619,-0.2434360384941101,-3.9311702251434326,-0.2434360384941101,-3.9311702251434326,-0.36681845784187317,232.51016235351562,-0.36728784441947937,233.1942596435547,0.021688640117645725,-38.16680908203207,-0.125,-2.25,2.25
17.78,90.57784271240234,90.57784271240234,0.008907495066523552,0.008907495066523552,0.02422422170639038,0.02422422170639038,5.0635294914245605,-41.501686096191406,0.0,2.094251,2.2250261306762695,5.755009174346924,-0.6155329346656799,-0.6876167058944702,5.787833047909675,-0.10655096234269591,6.046543598175049,-0.242350772023201,-3.9296631813049316,-0.242350772023201,-3.9296631813049316,-0.36638468503952026,231.746826171875,-0.36681845784187317,232.51016235351562,0.0196233391761784,-41.28265380859463,-0.125,-2.25,2.25
17.8,90.69345092773438,90.69345092773438,0.011753587052226067,0.011753587052226067,0.025118043646216393,0.025118043646216393,5.003928184509277,-41.40241241455078,0.0,2.0798004,2.211277961730957,5.758642196655273,-0.6148068308830261,-0.6871389150619507,5.791368351987214,-0.1063595816838716,6.049601078033447,-0.24195200204849243,-3.928366184234619,-0.24195200204849243,-3.928366184234619,-0.3659922182559967,230.92117309570312,-0.36638468503952026,231.746826171875,0.017327070236206422,-43.613433837891556,-0.125,-2.25,2.25
17.82,90.80907440185547,90.80907440185547,0.01470534224063158,0.01470534224063158,0.026020750403404236,0.026020750403404236,4.945619583129883,-41.302303314208984,0.0,2.065348,2.1975395679473877,5.762240886688232,-0.6140974760055542,-0.686683177947998,5.794871503860804,-0.10617193639174737,6.052535057067871,-0.24221742153167725,-3.9273526668548584,-0.24221742153167725,-3.9273526668548584,-0.3656456768512726,230.0489044189453,-0.3659922182559967,230.92117309570312,0.015030801296234452,-45.72753906250097,-0.125,-2.25,2.25
17.84,90.92473602294922,90.92473602294922,0.017763756215572357,0.017763756215572357,0.026929296553134918,0.026929296553134918,4.888645648956299,-41.201332092285156,0.0,2.0508897,2.1838088035583496,5.76579475402832,-0.6134167909622192,-0.6862607002258301,5.798333321310089,-0.10599025234995488,6.055353164672852,-0.24311359226703644,-3.9266858100891113,-0.24311359226703644,-3.9266858100891113,-0.3653450608253479,229.1343536376953,-0.3656456768512726,230.0489044189453,0.012594461441040308,-47.06878662109475,-0.125,-2.25,2.25
17.86,91.0404052734375,91.0404052734375,0.02092946693301201,0.02092946693301201,0.02784087508916855,0.02784087508916855,4.833037853240967,-41.09953689575195,0.0,2.036431,2.1700878143310547,5.769293308258057,-0.6127740740776062,-0.6858801245689392,5.801744336195181,-0.10581629968245071,6.05805778503418,-0.24458667635917664,-3.926409959793091,-0.24458667635917664,-3.926409959793091,-0.3650931715965271,228.19297790527344,-0.3653450608253479,229.1343536376953,0.010061264038086153,-47.70431518554789,-0.125,-2.25,2.25
17.88,91.1561050415039,91.1561050415039,0.02420278638601303,0.02420278638601303,0.028752565383911133,0.028752565383911133,4.778749465942383,-40.9969482421875,0.0,2.0219686,2.156372308731079,5.77272891998291,-0.6121780276298523,-0.6855493187904358,5.8050978562914715,-0.10565168949729112,6.06065559387207,-0.24659179151058197,-3.926563024520874,-0.24659179151058197,-3.926563024520874,-0.3648919463157654,227.2388916015625,-0.3650931715965271,228.19297790527344,0.008189678192137392,-46.25091552733652,-0.125,-2.25,2.25
17.900000000000002,91.27180480957031,91.27180480957031,0.027583681046962738,0.027583681046962738,0.029661551117897034,0.029661551117897034,4.725830078125,-40.893585205078125,0.0,2.0075061,2.142665147781372,5.776093482971191,-0.6116361618041992,-0.6852748990058899,5.808386584796922,-0.10549783347894812,6.063154697418213,-0.24908365309238434,-3.9271748065948486,-0.24908365309238434,-3.9271748065948486,-0.3647281527519226,226.31387329101562,-0.3648919463157654,227.2388916015625,0.008176267147064382,-40.84091186523525,-0.125,-2.25,2.25
17.92,91.38753509521484,91.38753509521484,0.031071830540895462,0.031071830540895462,0.030566053465008736,0.030566053465008736,4.674315929412842,-40.789424896240234,0.0,1.9930403,2.128960371017456,5.779383659362793,-0.6111499071121216,-0.6850569844245911,5.811607324232499,-0.10535501340024389,6.065576076507568,-0.25193747878074646,-3.9282286167144775,-0.25193747878074646,-3.9282286167144775,-0.3645646274089813,225.49705505371094,-0.3647281527519226,226.31387329101562,0.008103251457214529,-36.54785156250078,-0.125,-2.25,2.25
17.94,91.5032730102539,91.5032730102539,0.03466682508587837,0.03466682508587837,0.031466856598854065,0.031466856598854065,4.624164581298828,-40.684532165527344,0.0,1.9785726,2.115260601043701,5.782604694366455,-0.6107076406478882,-0.6848815083503723,5.814764042818476,-0.10522112336216281,6.067969799041748,-0.25485795736312866,-3.929609537124634,-0.25485795736312866,-3.929609537124634,-0.36440256237983704,224.76609802246094,-0.3645646274089813,225.49705505371094,0.007981061935424975,-33.1359863281257,-0.125,-2.25,2.25
17.96,91.61901092529297,91.61901092529297,0.038368333131074905,0.038368333131074905,0.03236439451575279,0.03236439451575279,4.575399398803711,-40.578922271728516,0.0,1.9641054,2.101564407348633,5.785762786865234,-0.6103009581565857,-0.6847383975982666,5.817862002952753,-0.10509459604210233,6.07036018371582,-0.25768157839775085,-3.931232213973999,-0.25768157839775085,-3.931232213973999,-0.36424294114112854,224.10337829589844,-0.36440256237983704,224.76609802246094,0.007764995098114179,-30.4275512695319,-0.125,-2.25,2.25
17.98,91.73474884033203,91.73474884033203,0.042176052927970886,0.042176052927970886,0.03325887769460678,0.03325887769460678,4.528097629547119,-40.47257995605469,0.0,1.9496381,2.0878708362579346,5.7888641357421875,-0.6099234223365784,-0.6846204400062561,5.820906678791278,-0.10497420445805802,6.072758674621582,-0.26032865047454834,-3.9330332279205322,-0.26032865047454834,-3.9330332279205322,-0.36408764123916626,223.4948272705078,-0.36424294114112854,224.10337829589844,0.007541477680206459,-28.436279296875608,-0.125,-2.25,2.25
18.0,91.8504867553711,91.8504867553711,0.04608971253037453,0.04608971253037453,0.034150466322898865,0.034150466322898865,4.482193470001221,-40.36557388305664,0.0,1.9351704,2.0741798877716064,5.791914463043213,-0.6095707416534424,-0.6845228672027588,5.823903299015968,-0.10485910000771545,6.075168132781982,-0.2627781629562378,-3.9349687099456787,-0.2627781629562378,-3.9349687099456787,-0.36393681168556213,222.9261016845703,-0.36408764123916626,223.4948272705078,0.007292628288269198,-27.05612182617245,-0.125,-2.25,2.25
18.02,91.96622467041016,91.96622467041016,0.05010904371738434,0.05010904371738434,0.03503910452127457,0.03503910452127457,4.4376935958862305,-40.25790786743164,0.0,1.9207036,2.0604913234710693,5.794917583465576,-0.6092394590377808,-0.6844422221183777,5.8268552854526225,-0.10474861318542944,6.077585220336914,-0.265032559633255,-3.937004804611206,-0.265032559633255,-3.937004804611206,-0.36379095911979675,222.38497924804688,-0.36393681168556213,222.9261016845703,0.007367134094238438,-24.860382080078654,-0.125,-2.25,2.25
18.04,92.08196258544922,92.08196258544922,0.05423377454280853,0.05423377454280853,0.03592461347579956,0.03592461347579956,4.394694805145264,-40.149559020996094,0.0,1.9062364,2.0468027591705322,5.797876834869385,-0.6089270114898682,-0.684376060962677,5.8297656811948295,-0.1046422373974481,6.0800042152404785,-0.2671123743057251,-3.939117193222046,-0.2671123743057251,-3.939117193222046,-0.363643616437912,221.8877716064453,-0.36379095911979675,222.38497924804688,0.0074982643127443,-23.03924560546924,-0.125,-2.25,2.25
18.06,92.19770050048828,92.19770050048828,0.05846361815929413,0.05846361815929413,0.036807335913181305,0.036807335913181305,4.35312557220459,-40.040592193603516,0.0,1.8917687,2.0331151485443115,5.800796031951904,-0.6086291074752808,-0.6843199729919434,5.832637824756061,-0.10453916420285837,6.082428455352783,-0.2690052390098572,-3.941269636154175,-0.2690052390098572,-3.941269636154175,-0.3634936511516571,221.42698669433594,-0.363643616437912,221.8877716064453,0.0075906515121448095,-21.897888183590325,-0.125,-2.25,2.25
18.080000000000002,92.31343841552734,92.31343841552734,0.06279833614826202,0.06279833614826202,0.037687480449676514,0.037687480449676514,4.312987804412842,-39.9310188293457,0.0,1.8773019,2.019428253173828,5.803679943084717,-0.6083420515060425,-0.6842702627182007,5.835476067416813,-0.10443867168197894,6.084859848022461,-0.2707086205482483,-3.9434316158294678,-0.2707086205482483,-3.9434316158294678,-0.3633418381214142,220.98902893066406,-0.3634936511516571,221.42698669433594,0.00764727592468278,-21.32492065429733,-0.125,-2.25,2.25
18.1,92.42913818359375,92.42913818359375,0.06723770499229431,0.06723770499229431,0.03856523334980011,0.03856523334980011,4.274375915527344,-39.82086944580078,0.0,1.8628395,2.0057449340820312,5.80653190612793,-0.6080629825592041,-0.6842243075370789,5.838283426456825,-0.1043402073938253,6.087294101715088,-0.27223724126815796,-3.9455819129943848,-0.27223724126815796,-3.9455819129943848,-0.36318889260292053,220.56253051757812,-0.3633418381214142,220.98902893066406,0.007654726505279704,-21.2173461914067,-0.125,-2.25,2.25
18.12,92.54483795166016,92.54483795166016,0.07178153097629547,0.07178153097629547,0.03944065421819687,0.03944065421819687,4.237233638763428,-39.710140228271484,0.0,1.8483771,1.9920611381530762,5.80935525894165,-0.6077900528907776,-0.684180498123169,5.841063025938514,-0.10424339276934962,6.089724540710449,-0.2736190855503082,-3.9477076530456543,-0.2736190855503082,-3.9477076530456543,-0.36303579807281494,220.13818359375,-0.36318889260292053,220.56253051757812,0.007615983486175699,-21.48895263671921,-0.125,-2.25,2.25
18.14,92.66053009033203,92.66053009033203,0.07642962038516998,0.07642962038516998,0.04031367599964142,0.04031367599964142,4.201550006866455,-39.5988655090332,0.0,1.833915,1.9783766269683838,5.812150478363037,-0.6075218319892883,-0.6841379404067993,5.8438151886827585,-0.10414797212683109,6.092143535614014,-0.2748854160308838,-3.9498021602630615,-0.2748854160308838,-3.9498021602630615,-0.36288347840309143,219.70840454101562,-0.36303579807281494,220.13818359375,0.007531046867370766,-22.05505371093797,-0.125,-2.25,2.25
18.16,92.77619171142578,92.77619171142578,0.08118173480033875,0.08118173480033875,0.04118416830897331,0.04118416830897331,4.167396068572998,-39.48706817626953,0.0,1.8194573,1.9646953344345093,5.814919471740723,-0.6072578430175781,-0.6840962171554565,5.84654175994115,-0.1040538271508291,6.094542503356934,-0.27607208490371704,-3.9518628120422363,-0.27607208490371704,-3.9518628120422363,-0.362732857465744,219.26730346679688,-0.36288347840309143,219.70840454101562,0.007396936416626134,-22.850036621094237,-0.125,-2.25,2.25
18.18,92.891845703125,92.891845703125,0.08603765815496445,0.08603765815496445,0.04205189272761345,0.04205189272761345,4.134755611419678,-39.374759674072266,0.0,1.805001,1.9510138034820557,5.817662715911865,-0.6069977283477783,-0.6840552091598511,5.849243174832996,-0.10396088555030084,6.0969133377075195,-0.2772136628627777,-3.953890800476074,-0.2772136628627777,-3.953890800476074,-0.3625849187374115,218.810302734375,-0.362732857465744,219.26730346679688,0.007224082946777498,-23.755645751953633,-0.125,-2.25,2.25
18.2,93.0074691772461,93.0074691772461,0.0909971073269844,0.0909971073269844,0.04291655123233795,0.04291655123233795,4.103600978851318,-39.2619743347168,0.0,1.7905476,1.937333345413208,5.820379257202148,-0.6067415475845337,-0.6840153932571411,5.851918489114002,-0.10386917148674017,6.099248886108398,-0.2783432900905609,-3.955890417098999,-0.2783432900905609,-3.955890417098999,-0.36244043707847595,218.33518981933594,-0.3625849187374115,218.810302734375,0.0070169568061830105,-24.70474243164115,-0.125,-2.25,2.25
18.22,93.12307739257812,93.12307739257812,0.09605978429317474,0.09605978429317474,0.043777838349342346,0.043777838349342346,4.073976993560791,-39.148712158203125,0.0,1.776097,1.9236536026000977,5.823069095611572,-0.6064895987510681,-0.6839772462844849,5.854567731750979,-0.10377873268040995,6.101543426513672,-0.27948734164237976,-3.9578661918640137,-0.27948734164237976,-3.9578661918640137,-0.3623000979423523,217.84109497070312,-0.36244043707847595,218.33518981933594,0.007502734661101122,-26.83029174804268,-0.125,-2.25,2.25
18.240000000000002,93.23866271972656,93.23866271972656,0.10122533142566681,0.10122533142566681,0.04463532939553261,0.04463532939553261,4.045907974243164,-39.03500747680664,0.0,1.7616489,1.9099738597869873,5.825730800628662,-0.6062425971031189,-0.6839414834976196,5.857189551989572,-0.10368971293132524,6.103792190551758,-0.280669242143631,-3.959824323654175,-0.280669242143631,-3.959824323654175,-0.36215004324913025,217.3044891357422,-0.3623000979423523,217.84109497070312,0.01025348901748679,-29.433441162110004,-0.125,-2.25,2.25
18.26,93.3542251586914,93.3542251586914,0.1064915880560875,0.1064915880560875,0.04536832496523857,0.04536832496523857,4.01934289932251,-38.920894622802734,0.0,1.7473776,1.8963463306427002,5.828365802764893,-0.6059960126876831,-0.6839030385017395,5.859784902044837,-0.10360131492485483,6.105981826782227,-0.28184130787849426,-3.961733102798462,-0.28184130787849426,-3.961733102798462,-0.3619449734687805,216.7158203125,-0.36215004324913025,217.3044891357422,0.01932233572006267,-28.929138183594368,-0.12130245,-2.25,2.25
18.28,93.46981811523438,93.46981811523438,0.11182292550802231,0.11182292550802231,0.04558136686682701,0.04558136686682701,3.9942996501922607,-38.80638885498047,0.0,1.7336276,1.8827191591262817,5.830982685089111,-0.605731189250946,-0.6838405728340149,5.86236039044346,-0.10351022000891881,6.108099460601807,-0.2827848792076111,-3.9634499549865723,-0.2827848792076111,-3.9634499549865723,-0.3615585267543793,216.13723754882812,-0.3619449734687805,216.7158203125,0.034500658512116214,-28.253173828125604,-0.11648607,-2.25,2.25
18.3,93.58545684814453,93.58545684814453,0.11715640872716904,0.11715640872716904,0.045257292687892914,0.045257292687892914,3.970832347869873,-38.69149398803711,0.0,1.7204449,1.8691083192825317,5.833611965179443,-0.6053904294967651,-0.6836884617805481,5.864940420192778,-0.10340610855158387,6.110168933868408,-0.2828078269958496,-3.964534044265747,-0.2828078269958496,-3.964534044265747,-0.36086851358413696,215.57217407226562,-0.3615585267543793,216.13723754882812,0.05489587783813594,-30.112457275391268,-0.11166779,-2.25,2.25
18.32,93.70114135742188,93.70114135742188,0.12243001163005829,0.12243001163005829,0.04441475868225098,0.04441475868225098,3.9488747119903564,-38.57624816894531,0.0,1.707804,1.855492115020752,5.836302757263184,-0.6048864126205444,-0.6833487749099731,5.867564865138756,-0.10327333228940912,6.11221981048584,-0.28105947375297546,-3.9643280506134033,-0.28105947375297546,-3.9643280506134033,-0.35977059602737427,214.9699249267578,-0.36086851358413696,215.57217407226562,0.0809714198112505,-34.80682373046949,-0.10684761,-2.25,2.25
18.34,93.81689453125,93.81689453125,0.1275840550661087,0.1275840550661087,0.043077729642391205,0.043077729642391205,3.9284307956695557,-38.460662841796875,0.0,1.6957052,1.8418749570846558,5.839115619659424,-0.6041139960289001,-0.682704508304596,5.87028320781448,-0.10309305499474707,6.114263534545898,-0.2767670452594757,-3.9620537757873535,-0.2767670452594757,-3.9620537757873535,-0.3581511676311493,214.27378845214844,-0.35977059602737427,214.9699249267578,0.1117303967475915,-42.91458129882904,-0.102024555,-2.25,2.25
18.36,93.9327163696289,93.9327163696289,0.13256195187568665,0.13256195187568665,0.04127589613199234,0.04127589613199234,3.9095747470855713,-38.34476089477539,0.0,1.6841791,1.8282970190048218,5.8421220779418945,-0.6029489636421204,-0.6816193461418152,5.87315399307163,-0.10284306273588646,6.116301536560059,-0.2692159116268158,-3.9568071365356445,-0.2692159116268158,-3.9568071365356445,-0.3559165596961975,213.41549682617188,-0.3581511676311493,214.27378845214844,0.14645904302597357,-56.50558471679808,-0.09719864,-2.25,2.25
18.38,94.04861450195312,94.04861450195312,0.13731074333190918,0.13731074333190918,0.03904341533780098,0.03904341533780098,3.892220973968506,-38.22857666015625,0.0,1.6731937,1.8147366046905518,5.845396518707275,-0.6012572050094604,-0.6799479722976685,5.8762378004545495,-0.10249947892881563,6.118326663970947,-0.25787147879600525,-3.947629451751709,-0.25787147879600525,-3.947629451751709,-0.3529873788356781,212.28538513183594,-0.3559165596961975,213.41549682617188,0.18364936113354674,-77.21939086912856,-0.09236956,-2.25,2.25
18.400000000000002,94.16461944580078,94.16461944580078,0.14178156852722168,0.14178156852722168,0.03641802817583084,0.03641802817583084,3.8763577938079834,-38.11210632324219,0.0,1.6627486,1.8012042045593262,5.849013328552246,-0.5988990068435669,-0.6775415539741516,5.8795949637691916,-0.10203756043593515,6.120306968688965,-0.24240800738334656,-3.933544874191284,-0.24240800738334656,-3.933544874191284,-0.3493143916130066,210.74099731445312,-0.3529873788356781,212.28538513183594,0.221791863441472,-104.5005798339866,-0.087536015,-2.25,2.25
18.42,94.2807388305664,94.2807388305664,0.14593002200126648,0.14593002200126648,0.03343907743692398,0.03343907743692398,3.862034797668457,-37.99536895751953,0.0,1.6528738,1.7877464294433594,5.853037357330322,-0.5957394242286682,-0.6742587685585022,5.883277298231372,-0.10143363874346856,6.122178077697754,-0.2228049337863922,-3.91363263130188,-0.2228049337863922,-3.91363263130188,-0.34487855434417725,208.65098571777344,-0.3493143916130066,210.74099731445312,0.2625018358230647,-127.24914550781521,-0.08269771,-2.25,2.25
18.44,94.3969955444336,94.3969955444336,0.14971618354320526,0.14971618354320526,0.030145974829792976,0.030145974829792976,3.849170684814453,-37.87837600708008,0.0,1.643543,1.7743549346923828,5.857517719268799,-0.5916554927825928,-0.6699742078781128,5.887322825672783,-0.1006664613358241,6.1238579750061035,-0.19936613738536835,-3.8870863914489746,-0.19936613738536835,-3.8870863914489746,-0.33962851762771606,206.1060028076172,-0.34487855434417725,208.65098571777344,0.30233860015869785,-155.73196411133145,-0.07785368,-2.25,2.25
18.46,94.51339721679688,94.51339721679688,0.1531047821044922,0.1531047821044922,0.026580654084682465,0.026580654084682465,3.8377370834350586,-37.76115036010742,0.0,1.6347535,1.7610480785369873,5.862496852874756,-0.5865204930305481,-0.6645604372024536,5.891763372600025,-0.09971438816634225,6.125347137451172,-0.17234674096107483,-3.8530826568603516,-0.17234674096107483,-3.8530826568603516,-0.33358174562454224,202.99136352539062,-0.33962851762771606,206.1060028076172,0.3399178385734631,-187.26196289062898,-0.07300361,-2.25,2.25
18.48,94.62995910644531,94.62995910644531,0.15606530010700226,0.15606530010700226,0.022783122956752777,0.022783122956752777,3.8277525901794434,-37.643707275390625,0.0,1.6265347,1.7478777170181274,5.867999076843262,-0.5802289247512817,-0.657916247844696,5.896615874461504,-0.09855981754690693,6.126606464385986,-0.14229345321655273,-3.8109757900238037,-0.14229345321655273,-3.8109757900238037,-0.3267833888530731,199.24612426757812,-0.33358174562454224,202.99136352539062,0.37377774715424383,-216.3238525390671,-0.06814686,-2.25,2.25
18.5,94.74668884277344,94.74668884277344,0.1585715264081955,0.1585715264081955,0.018789470195770264,0.018789470195770264,3.8191399574279785,-37.526058197021484,0.0,1.6188657,1.734845757484436,5.874022960662842,-0.57270348072052,-0.6499733328819275,5.901875550977304,-0.09719047707638381,6.127589702606201,-0.11001981049776077,-3.760343551635742,-0.11001981049776077,-3.760343551635742,-0.3193078339099884,194.91964721679688,-0.3267833888530731,199.24612426757812,0.40542334318161877,-248.97155761719281,-0.06328312,-2.25,2.25
18.52,94.86360931396484,94.86360931396484,0.16060110926628113,0.16060110926628113,0.014630027115345001,0.014630027115345001,3.8118507862091064,-37.40821075439453,0.0,1.6117408,1.7219713926315308,5.880545616149902,-0.5639021992683411,-0.640703558921814,5.907520836523516,-0.09560052209942999,6.128289222717285,-0.07652859389781952,-3.701035499572754,-0.07652859389781952,-3.701035499572754,-0.3111993670463562,189.94021606445312,-0.3193078339099884,194.91964721679688,0.4340678453445527,-282.7590942382873,-0.058411438,-2.25,2.25
18.54,94.98072052001953,94.98072052001953,0.16213490068912506,0.16213490068912506,0.010331779718399048,0.010331779718399048,3.80588436126709,-37.29018783569336,0.0,1.6051948,1.7093141078948975,5.887526988983154,-0.5538011193275452,-0.6300980448722839,5.913515851485771,-0.09378749432939391,6.128659725189209,-0.04269593581557274,-3.6330294609069824,-0.04269593581557274,-3.6330294609069824,-0.30251801013946533,184.2850341796875,-0.3111993670463562,189.94021606445312,0.45944005250931763,-315.8775329589911,-0.053531807,-2.25,2.25
18.56,95.09806060791016,95.09806060791016,0.163156658411026,0.163156658411026,0.005917236674576998,0.005917236674576998,3.8011555671691895,-37.17196273803711,0.0,1.5992014,1.6968717575073242,5.894913196563721,-0.5423992872238159,-0.618171751499176,5.919814066489082,-0.09175306385267712,6.1286540031433105,-0.009388318285346031,-3.5564677715301514,-0.009388318285346031,-3.5564677715301514,-0.2933292090892792,177.9674835205078,-0.30251801013946533,184.2850341796875,0.4816234111785136,-347.23892211908634,-0.048642635,-2.25,2.25
18.580000000000002,95.21561431884766,95.21561431884766,0.16365240514278412,0.16365240514278412,0.001403994858264923,0.001403994858264923,3.7976109981536865,-37.05356979370117,0.0,1.5937593,1.684666395187378,5.90263557434082,-0.5297189950942993,-0.6049627661705017,5.9263571388533025,-0.08950302672855891,6.12822961807251,0.022570379078388214,-3.4716508388519287,0.022570379078388214,-3.4716508388519287,-0.2836967408657074,171.022705078125,-0.2933292090892792,177.9674835205078,0.5008116364479172,-376.0063171386799,-0.043744564,-2.25,2.25
18.6,95.33338928222656,95.33338928222656,0.16360990703105927,0.16360990703105927,-0.0031949132680892944,-0.0031949132680892944,3.7952353954315186,-36.935028076171875,0.0,1.5889084,1.672760009765625,5.910615921020508,-0.5158021450042725,-0.5905280113220215,5.933079505502358,-0.087046550059462,6.127355098724365,0.052458539605140686,-3.379006862640381,0.052458539605140686,-3.379006862640381,-0.27368050813674927,163.50257873535156,-0.2836967408657074,171.022705078125,0.5172654986381641,-401.60980224610233,-0.038837273,-2.25,2.25
18.62,95.4513931274414,95.4513931274414,0.16301818192005157,0.16301818192005157,-0.007870517671108246,-0.007870517671108246,3.7939367294311523,-36.816322326660156,0.0,1.584614,1.661138892173767,5.9187703132629395,-0.5007065534591675,-0.5749391317367554,5.939911537543268,-0.08439543796073992,6.126012802124023,0.07969606667757034,-3.279060125350952,0.07969606667757034,-3.279060125350952,-0.2633351981639862,155.4703826904297,-0.27368050813674927,163.50257873535156,0.53127557039262,-423.7083435058684,-0.03392045,-2.25,2.25
18.64,95.56963348388672,95.56963348388672,0.16186712682247162,0.16186712682247162,-0.012617439031600952,-0.012617439031600952,3.793667793273926,-36.69747543334961,0.0,1.5808876,1.6498334407806396,5.9270124435424805,-0.48450207710266113,-0.558277428150177,5.9467822197070745,-0.08156338588327763,6.1241936683654785,0.10385535657405853,-3.172398805618286,0.10385535657405853,-3.172398805618286,-0.25270968675613403,146.9962158203125,-0.2633351981639862,155.4703826904297,0.5431361496448632,-442.16308593750944,-0.028993765,-2.25,2.25
18.66,95.68810272216797,95.68810272216797,0.16014710068702698,0.16014710068702698,-0.01743325963616371,-0.01743325963616371,3.7943851947784424,-36.5784912109375,0.0,1.5777543,1.6388862133026123,5.9352569580078125,-0.46726667881011963,-0.5406299829483032,5.953621864605308,-0.07856523914076982,6.121898174285889,0.12466009706258774,-3.0596442222595215,0.12466009706258774,-3.0596442222595215,-0.241846963763237,138.1529541015625,-0.25270968675613403,146.9962158203125,0.5531005561351894,-457.3410034179785,-0.024057547,-2.25,2.25
18.68,95.80679321289062,95.80679321289062,0.15784864127635956,0.15784864127635956,-0.022317728027701378,-0.022317728027701378,3.796010732650757,-36.45937728881836,0.0,1.575187,1.628285527229309,5.943422794342041,-0.4490826725959778,-0.522085964679718,5.9603649015081706,-0.07541629823930794,6.11913537979126,0.14196902513504028,-2.9414265155792236,0.14196902513504028,-2.9414265155792236,-0.23078495264053345,129.00613403320312,-0.241846963763237,138.1529541015625,0.560905784368527,-478.187942504893,-0.01911211,-2.25,2.25
18.7,95.92569732666016,95.92569732666016,0.15496225655078888,0.15496225655078888,-0.02727246657013893,-0.02727246657013893,3.798497438430786,-36.34015655517578,0.0,1.5732095,1.6180689334869385,5.9514336585998535,-0.4300343096256256,-0.5027339458465576,5.966949983045813,-0.07213190148394705,6.1159162521362305,0.1557520031929016,-2.818364381790161,0.1557520031929016,-2.818364381790161,-0.21956683695316315,119.44237518310547,-0.23078495264053345,129.00613403320312,0.5674324929714324,-496.9459533691512,-0.014157772,-2.25,2.25
18.72,96.0448226928711,96.0448226928711,0.15147823095321655,0.15147823095321655,-0.03230123221874237,-0.03230123221874237,3.801783561706543,-36.22081756591797,0.0,1.5718234,1.6082501411437988,5.959216594696045,-0.41021066904067993,-0.48266535997390747,5.973318609909866,-0.06872792397935969,6.1121745109558105,0.16597478091716766,-2.6910924911499023,0.16597478091716766,-2.6910924911499023,-0.20821818709373474,109.50345611572266,-0.21956683695316315,119.44237518310547,0.5730420351027546,-508.596801757733,-0.009194215,-2.25,2.25
18.740000000000002,96.16414642333984,96.16414642333984,0.14738647639751434,0.14738647639751434,-0.03740838170051575,-0.03740838170051575,3.805804967880249,-36.10136795043945,0.0,1.5710118,1.5988224744796753,5.966701984405518,-0.3896954357624054,-0.4619639813899994,5.979414277616395,-0.06521906965436444,6.10786247253418,0.1726420819759369,-2.5601842403411865,0.1726420819759369,-2.5601842403411865,-0.19675734639167786,99.3315200805664,-0.20821818709373474,109.50345611572266,0.0,0.0,-0.004222393,-2.25,2.25
18.75695795296667,96.26548245743669,96.26548245743669,0.14339285003880495,0.14339285003880495,-0.041808556657705886,-0.041808556657705886,3.8097924664290845,-36.00000280608704,0.0,1.5707964,1.5911865916438888,5.972744383980914,-0.37177835142426147,-0.44393760724688897,5.984304021267911,-0.062165611618433037,6.103732859334909,0.1753571565977931,-2.446523651794236,0.1753571565977931,-2.446523651794236,-0.19675734639167786,99.3315200805664,-0.19850056721453765,100.87869547251648,0.0,0.0,-0.0,-2.25,2.25
