t,s,s_track,e,e_track,dphi,dphi_track,x_ref,y_ref,z_ref,psi_ref,yaw,vx,vy,r,V,beta,rear_wheelspeed_ms,fcog_x,fcog_y,accel_x,accel_y,roadwheel_angle,rear_wheel_torque,measured_roadwheel_angle,measured_rear_wheel_torque,roadwheel_angle_rate,rear_wheel_torque_rate,kappa_track,e_min,e_max
0.0,0.0,0.0,0.0,0.0,0.0,0.0,3.953184127807617,-36.0,0.0,1.5707964,1.5707963705062866,0.10000000149011612,0.0,0.0,0.10000000149011612,0.0,0.10000000149011612,0.0,0.0,0.0,0.0,0.011933565139770508,308.6641540527344,0.0,250.0,0.5889257416129112,2913.75732421875,-0.0,-2.25,2.25
0.02,0.0020912359468638897,0.0020912359468638897,7.284231105586514e-05,7.284231105586514e-05,0.02996101789176464,0.02996101789176464,3.953111171722412,-35.99790954589844,0.0,1.5707964,1.5707488059997559,0.12029659748077393,0.0036110144574195147,0.022585036233067513,0.120350782261118,0.030008583315108295,0.10759209096431732,0.5818721055984497,0.024003231897950172,0.5818721055984497,0.024003231897950172,0.023712079972028732,366.9393005371094,0.011933565139770508,308.6641540527344,0.5808647722005844,2883.1298828125,-0.0,-2.25,2.25
0.04,0.0045963856391608715,0.0045963856391608715,0.00024918720009736717,0.00024918720009736717,0.05304870754480362,0.05304870754480362,3.952934980392456,-35.99540328979492,0.0,1.5707964,1.5708273649215698,0.1398272067308426,0.007420280482620001,-0.019635098055005074,0.1400239561810426,0.05301776983931258,0.15593938529491425,0.8305890560150146,0.044459085911512375,0.8305890560150146,0.044459085911512375,0.03532937541604042,424.6018981933594,0.023712079972028732,366.9393005371094,0.5877071991562844,2870.6726074218755,-0.0,-2.25,2.25
0.06,0.007583078928291798,0.007583078928291798,0.0004366936336737126,0.0004366936336737126,0.03350518271327019,0.03350518271327019,3.952747344970703,-35.99241638183594,0.0,1.5707964,1.5707542896270752,0.16215622425079346,0.005441950634121895,0.019833184778690338,0.16224751427981213,0.0335473337898067,0.2062903493642807,0.9607435464859009,0.0199723020195961,0.9607435464859009,0.0199723020195961,0.04708351939916611,482.0153503417969,0.03532937541604042,424.6018981933594,0.5495125427842139,2818.232727050781,-0.0,-2.25,2.25
0.08,0.011095435358583927,0.011095435358583927,0.0006109899841248989,0.0006109899841248989,0.07134763151407242,0.07134763151407242,3.95257306098938,-35.9889030456543,0.0,1.5707964,1.5708551406860352,0.19563625752925873,0.013970359228551388,-0.015015387907624245,0.1961344339911511,0.07128885577675764,0.21181803941726685,1.3251093626022339,0.08020568639039993,1.3251093626022339,0.08020568639039993,0.05807377025485039,538.3800048828125,0.04708351939916611,482.0153503417969,0.5873834714293479,2817.7917480468745,-0.0,-2.25,2.25
0.1,0.015232600271701813,0.015232600271701813,0.0008330605342052877,0.0008330605342052877,0.024955930188298225,0.024955930188298225,3.9523510932922363,-35.98476791381836,0.0,1.5707964,1.5708544254302979,0.22494767606258392,0.005601893644779921,0.017582714557647705,0.22501741749998957,0.024897950235429914,0.2692716419696808,1.4015181064605713,0.006126829888671637,1.4015181064605713,0.006126829888671637,0.06982143968343735,594.73583984375,0.05807377025485039,538.3800048828125,0.5422964692115786,2737.3413085937514,-0.0,-2.25,2.25
0.12,0.020039640367031097,0.020039640367031097,0.0010491881985217333,0.0010491881985217333,0.0636875182390213,0.0636875182390213,3.952134847640991,-35.97996139526367,0.0,1.5707964,1.571002721786499,0.26344913244247437,0.01674656569957733,-0.003929126542061567,0.2639808569715286,0.063481189148512,0.2944951355457306,1.6689540147781372,0.08681190013885498,1.6689540147781372,0.08681190013885498,0.08066736906766891,649.482666015625,0.06982143968343735,594.73583984375,0.5666848272085184,2716.830444335935,-0.0,-2.25,2.25
0.14,0.025600086897611618,0.025600086897611618,0.0013419335009530187,0.0013419335009530187,0.04108746349811554,0.04108746349811554,3.9518423080444336,-35.97439956665039,0.0,1.5707964,1.5711158514022827,0.3011845648288727,0.012285522185266018,0.013200021348893642,0.30143502806827555,0.040768075586151545,0.34801775217056274,1.7866672277450562,0.04180437698960304,1.7866672277450562,0.04180437698960304,0.0920010656118393,703.8192749023438,0.08066736906766891,649.482666015625,0.5327466875314715,2631.8359375000014,-0.0,-2.25,2.25
0.16,0.0319640189409256,0.0319640189409256,0.0016749146161600947,0.0016749146161600947,0.055319029837846756,0.055319029837846756,3.9515092372894287,-35.96803665161133,0.0,1.5707964,1.5713224411010742,0.34384584426879883,0.01885920763015747,0.009638611227273941,0.34436264944584283,0.05479295649447769,0.39538705348968506,1.9632607698440552,0.08268971741199493,1.9632607698440552,0.08268971741199493,0.10265599936246872,756.4559936523438,0.0920010656118393,703.8192749023438,0.5096178501844408,2541.525268554689,-0.0,-2.25,2.25
0.18,0.039190810173749924,0.039190810173749924,0.002093940507620573,0.002093940507620573,0.058632947504520416,0.058632947504520416,3.951090097427368,-35.96080780029297,0.0,1.5707964,1.5715656280517578,0.38847091794013977,0.02250348962843418,0.013468419201672077,0.3891221673597019,0.05786371005065605,0.4536065459251404,2.1047017574310303,0.0975121259689331,2.1047017574310303,0.0975121259689331,0.11284835636615753,807.2864990234375,0.10265599936246872,756.4559936523438,0.4668131470680233,2416.64123535156,-0.0,-2.25,2.25
0.2,0.047333426773548126,0.047333426773548126,0.0026025131810456514,0.0026025131810456514,0.06352924555540085,0.06352924555540085,3.9505815505981445,-35.95266342163086,0.0,1.5707964,1.5718696117401123,0.43595343828201294,0.027263378724455833,0.016484161838889122,0.4368050963180054,0.06245602822154405,0.5162606239318848,2.246361017227173,0.11834179610013962,2.246361017227173,0.11834179610013962,0.122184619307518,855.6193237304688,0.11284835636615753,807.2864990234375,0.402411073446274,2263.8824462890634,-0.0,-2.25,2.25
0.22,0.05644616857171059,0.05644616857171059,0.0032120828982442617,0.0032120828982442617,0.0680391788482666,0.0680391788482666,3.949972152709961,-35.94355392456055,0.0,1.5707964,1.5722370147705078,0.486026793718338,0.03241664171218872,0.01983366534113884,0.4871066442495158,0.06659859358409763,0.5838000178337097,2.381808280944824,0.13939154148101807,2.381808280944824,0.13939154148101807,0.13023284077644348,900.89697265625,0.122184619307518,855.6193237304688,0.3229267895221712,2090.7562255859384,-0.0,-2.25,2.25
0.24,0.06657972186803818,0.06657972186803818,0.003930502571165562,0.003930502571165562,0.0720430314540863,0.0720430314540863,3.949253559112549,-35.93341827392578,0.0,1.5707964,1.57267165184021,0.5385202765464783,0.037848882377147675,0.023344464600086212,0.5398487067215171,0.07016773029634657,0.6559886336326599,2.5095252990722656,0.15988333523273468,2.5095252990722656,0.15988333523273468,0.1366913765668869,942.7120971679688,0.13023284077644348,900.89697265625,0.23577138781547524,1903.860473632811,-0.0,-2.25,2.25
0.26,0.07778105139732361,0.07778105139732361,0.004763245116919279,0.004763245116919279,0.07540461421012878,0.07540461421012878,3.948421001434326,-35.922218322753906,0.0,1.5707964,1.573175311088562,0.5932471752166748,0.04339946061372757,0.02689073607325554,0.5948325176754601,0.07302569450846629,0.7325677275657654,2.6284868717193604,0.17881137132644653,2.6284868717193604,0.17881137132644653,0.1414068043231964,980.789306640625,0.1366913765668869,942.7120971679688,0.15035942196845994,960.5346679687491,-0.0,-2.25,2.25
0.28,0.0900932252407074,0.0900932252407074,0.005713215097784996,0.005713215097784996,0.07805917412042618,0.07805917412042618,3.9474709033966064,-35.909908294677734,0.0,1.5707964,1.573747158050537,0.6500145792961121,0.048913586884737015,0.030352957546710968,0.6518523546627966,0.07510842907167574,0.8132291436195374,2.7381210327148438,0.19533684849739075,2.7381210327148438,0.19533684849739075,0.1444139927625656,1000.0,0.1414068043231964,980.789306640625,0.07183253765106215,0.0,-0.0,-2.25,2.25
0.3,0.10355357825756073,0.10355357825756073,0.00678059458732605,0.00678059458732605,0.07995878159999847,0.07995878159999847,3.9464035034179688,-35.896446228027344,0.0,1.5707964,1.5743849277496338,0.7082566618919373,0.0541951023042202,0.03368803486227989,0.710327113538597,0.07637019402846772,0.8926281929016113,2.8277015686035156,0.20840787887573242,2.8277015686035156,0.20840787887573242,0.14585064351558685,1000.0,0.1444139927625656,1000.0,0.004296004772186276,0.0,-0.0,-2.25,2.25
0.32,0.11818454414606094,0.11818454414606094,0.007962147705256939,0.007962147705256939,0.08116528391838074,0.08116528391838074,3.9452219009399414,-35.881813049316406,0.0,1.5707964,1.5750858783721924,0.7671117782592773,0.059088803827762604,0.03683048114180565,0.7693841479273579,0.07687583057502864,0.9674854278564453,2.8855106830596924,0.21742162108421326,2.8855106830596924,0.21742162108421326,0.14593656361103058,1000.0,0.14585064351558685,1000.0,-0.04866570234298702,0.0,-0.0,-2.25,2.25
0.34,0.13399279117584229,0.13399279117584229,0.009252634830772877,0.009252634830772877,0.08185956627130508,0.08185956627130508,3.9439315795898438,-35.866004943847656,0.0,1.5707964,1.5758453607559204,0.826089084148407,0.06357752531766891,0.0396701842546463,0.828532000996143,0.07681065413465211,1.041672945022583,2.9164934158325195,0.22287340462207794,2.9164934158325195,0.22287340462207794,0.14496324956417084,1000.0,0.14593656361103058,1000.0,-0.08960515260696428,0.0,-0.0,-2.25,2.25
0.36,0.15097971260547638,0.15097971260547638,0.010647185146808624,0.010647185146808624,0.08217538148164749,0.08217538148164749,3.9425368309020996,-35.84901809692383,0.0,1.5707964,1.5766575336456299,0.8851138949394226,0.06767825037240982,0.04219144210219383,0.8876975569349652,0.07631426495056401,1.115838885307312,2.932605743408203,0.2254023253917694,2.932605743408203,0.2254023253917694,0.14317114651203156,1000.0,0.14496324956417084,1000.0,-0.12143626809120167,0.0,-0.0,-2.25,2.25
0.38,0.16914589703083038,0.16914589703083038,0.012141185812652111,0.012141185812652111,0.08219894766807556,0.08219894766807556,3.941042900085449,-35.83085250854492,0.0,1.5707964,1.5775165557861328,0.9441787004470825,0.07140115648508072,0.04440562054514885,0.9468746186931766,0.07547883977236242,1.1900815963745117,2.9412758350372314,0.22550195455551147,2.9412758350372314,0.22550195455551147,0.14074242115020752,1000.0,0.14317114651203156,1000.0,-0.14650598168373094,0.0,-0.0,-2.25,2.25
0.4,0.18849200010299683,0.18849200010299683,0.013730211183428764,0.013730211183428764,0.0819941833615303,0.0819941833615303,3.9394538402557373,-35.81150817871094,0.0,1.5707964,1.5784164667129517,1.0032857656478882,0.07475633919239044,0.046326812356710434,1.0060670145676762,0.07437407425424829,1.2644009590148926,2.946377992630005,0.22359086573123932,2.946377992630005,0.22359086573123932,0.1378123015165329,1000.0,0.14074242115020752,1000.0,-0.16645640134811432,0.0,-0.0,-2.25,2.25
0.42,0.20901864767074585,0.20901864767074585,0.015410017222166061,0.015410017222166061,0.08160944283008575,0.08160944283008575,3.937774181365967,-35.79098129272461,0.0,1.5707964,1.5793520212173462,1.0624366998672485,0.07775348424911499,0.047966890037059784,1.0652780601972835,0.07305387227944712,1.3387833833694458,2.94980525970459,0.22002065181732178,2.94980525970459,0.22002065181732178,0.13448317348957062,1000.0,0.1378123015165329,1000.0,-0.18244683742523177,0.0,-0.0,-2.25,2.25
0.44,0.23072658479213715,0.23072658479213715,0.017176538705825806,0.017176538705825806,0.08108188956975937,0.08108188956975937,3.936007499694824,-35.76927185058594,0.0,1.5707964,1.5803173780441284,1.1216319799423218,0.0804021880030632,0.0493357889354229,1.1245100311980383,0.07156081260899733,1.4132179021835327,2.9524474143981934,0.2150866985321045,2.9524474143981934,0.2150866985321045,0.13083423674106598,1000.0,0.13448317348957062,1000.0,-0.1953154802322386,0.0,-0.0,-2.25,2.25
0.46,0.25361648201942444,0.25361648201942444,0.01902586780488491,0.01902586780488491,0.08044013381004333,0.08044013381004333,3.9341583251953125,-35.74638366699219,0.0,1.5707964,1.5813077688217163,1.1808706521987915,0.08271165192127228,0.050441961735486984,1.1837637917202675,0.06992873185840953,1.487696886062622,2.954707145690918,0.20903408527374268,2.954707145690918,0.20903408527374268,0.1269279271364212,1000.0,0.13083423674106598,1000.0,-0.20572878420352975,0.0,-0.0,-2.25,2.25
0.48,0.2776890993118286,0.2776890993118286,0.02095424011349678,0.02095424011349678,0.07970647513866425,0.07970647513866425,3.932229995727539,-35.72230911254883,0.0,1.5707964,1.58231782913208,1.2401506900787354,0.08469099551439285,0.051292989403009415,1.243039138090182,0.06818502549646951,1.5622152090072632,2.956756353378296,0.20206651091575623,2.956756353378296,0.20206651091575623,0.12281335145235062,1000.0,0.1269279271364212,1000.0,-0.21423846483230571,0.0,-0.0,-2.25,2.25
0.5,0.30294516682624817,0.30294516682624817,0.022958002984523773,0.022958002984523773,0.07889783382415771,0.07889783382415771,3.9302260875701904,-35.69705581665039,0.0,1.5707964,1.5833426713943481,1.2994697093963623,0.08634861558675766,0.0518953911960125,1.3023354441358095,0.06635157422955526,1.6367695331573486,2.9586641788482666,0.19434800744056702,2.9586641788482666,0.19434800744056702,0.1185285821557045,1000.0,0.12281335145235062,1000.0,-0.22102966904640178,0.0,-0.0,-2.25,2.25
0.52,0.329385370016098,0.329385370016098,0.025033583864569664,0.025033583864569664,0.07802669703960419,0.07802669703960419,3.9281506538391113,-35.67061233520508,0.0,1.5707964,1.5843772888183594,1.3588247299194336,0.08769193291664124,0.0522545650601387,1.3616513950858635,0.06444576331296871,1.7113568782806396,2.9604556560516357,0.18600638210773468,2.9604556560516357,0.18600638210773468,0.11410798877477646,1000.0,0.1185285821557045,1000.0,-0.22637806832790355,0.0,-0.0,-2.25,2.25
0.54,0.35701027512550354,0.35701027512550354,0.027177484706044197,0.027177484706044197,0.0771036446094513,0.0771036446094513,3.926006555557251,-35.64298629760742,0.0,1.5707964,1.5854170322418213,1.4182124137878418,0.08872954547405243,0.05237690359354019,1.420985356315106,0.062482914718474725,1.7859745025634766,2.9621317386627197,0.17715446650981903,2.9621317386627197,0.17715446650981903,0.10958042740821838,1000.0,0.11410798877477646,1000.0,-0.23052282631397228,0.0,-0.0,-2.25,2.25
0.56,0.38582050800323486,0.38582050800323486,0.029386257752776146,0.029386257752776146,0.07613719254732132,0.07613719254732132,3.923797845840454,-35.61417770385742,0.0,1.5707964,1.586457371711731,1.4776291847229004,0.08947045356035233,0.052268944680690765,1.480335424694403,0.06047616848190586,1.8606195449829102,2.9636852741241455,0.1678868681192398,2.9636852741241455,0.1678868681192398,0.10496997088193893,1000.0,0.10958042740821838,1000.0,-0.23371465504169572,0.0,-0.0,-2.25,2.25
0.58,0.41581660509109497,0.41581660509109497,0.03165651112794876,0.03165651112794876,0.07513388991355896,0.07513388991355896,3.921527624130249,-35.58418273925781,0.0,1.5707964,1.587493658065796,1.537071704864502,0.08992365002632141,0.05193711072206497,1.5396998696918576,0.05843661567516592,1.9352898597717285,2.9651098251342773,0.15827998518943787,2.9651098251342773,0.15827998518943787,0.10029567778110504,1000.0,0.10496997088193893,1000.0,-0.23590587079524972,0.0,-0.0,-2.25,2.25
0.6,0.44699904322624207,0.44699904322624207,0.033984873443841934,0.033984873443841934,0.07409828156232834,0.07409828156232834,3.919199228286743,-35.55299758911133,0.0,1.5707964,1.5885213613510132,1.5965361595153809,0.09009731560945511,0.05138692632317543,1.5990763693207874,0.056373201210889075,2.0099823474884033,2.9664013385772705,0.1483885794878006,2.9664013385772705,0.1483885794878006,0.09557756036520004,1000.0,0.10029567778110504,1000.0,-0.23721642792224862,0.0,-0.0,-2.25,2.25
0.62,0.47936826944351196,0.47936826944351196,0.036367982625961304,0.036367982625961304,0.07303470373153687,0.07303470373153687,3.916816234588623,-35.5206298828125,0.0,1.5707964,1.589536428451538,1.6560189723968506,0.09000121802091599,0.05062546581029892,1.6584628594525623,0.05429452444441747,2.0846946239471436,2.9675519466400146,0.13826683163642883,2.9675519466400146,0.13826683163642883,0.09083323180675507,1000.0,0.09557756036520004,1000.0,-0.239395350217819,0.0,-0.0,-2.25,2.25
0.64,0.5129246711730957,0.5129246711730957,0.03880250081419945,0.03880250081419945,0.07194679230451584,0.07194679230451584,3.914381742477417,-35.48707580566406,0.0,1.5707964,1.5905346870422363,1.7155165672302246,0.08964580297470093,0.04966016486287117,1.7178572299327883,0.05220837866007196,2.159423589706421,2.968557834625244,0.12796208262443542,2.968557834625244,0.12796208262443542,0.08604532480239868,1000.0,0.09083323180675507,1000.0,-0.2410270273685453,0.0,-0.0,-2.25,2.25
0.66,0.5476686358451843,0.5476686358451843,0.0412849560379982,0.0412849560379982,0.0708279088139534,0.0708279088139534,3.9118990898132324,-35.452327728271484,0.0,1.5707964,1.5915120840072632,1.7750263214111328,0.08902514725923538,0.04848286509513855,1.7772574148239941,0.0501122786310525,2.2341675758361816,2.9694440364837646,0.11739011108875275,2.9694440364837646,0.11739011108875275,0.08122478425502777,1000.0,0.08604532480239868,1000.0,-0.2416834235191343,0.0,-0.0,-2.25,2.25
0.68,0.5836004614830017,0.5836004614830017,0.043811604380607605,0.043811604380607605,0.06967630982398987,0.06967630982398987,3.909372568130493,-35.41640090942383,0.0,1.5707964,1.5924639701843262,1.8345447778701782,0.08814187347888947,0.04709549993276596,1.8366609735798032,0.048008719426898806,2.3089232444763184,2.9702036380767822,0.10653503984212875,2.9702036380767822,0.10653503984212875,0.07639111578464508,1000.0,0.08122478425502777,1000.0,-0.24085342884063698,0.0,-0.0,-2.25,2.25
0.7000000000000001,0.6207204461097717,0.6207204461097717,0.04637860134243965,0.04637860134243965,0.06849426031112671,0.06849426031112671,3.9068055152893066,-35.37928009033203,0.0,1.5707964,1.5933865308761597,1.8940683603286743,0.08700651675462723,0.04550669714808464,1.8960656865087575,0.04590404293636796,2.383688449859619,2.9708199501037598,0.09543704241514206,2.9708199501037598,0.09543704241514206,0.07157404720783234,1000.0,0.07639111578464508,1000.0,-0.23960173130035511,0.0,-0.0,-2.25,2.25
0.72,0.6590287089347839,0.6590287089347839,0.04898214340209961,0.04898214340209961,0.06728816032409668,0.06728816032409668,3.9042019844055176,-35.34096908569336,0.0,1.5707964,1.5942760705947876,1.9535928964614868,0.08563879132270813,0.04373268410563469,1.955469050556412,0.04380851245100028,2.4584598541259766,2.9712753295898438,0.0841950848698616,2.9712753295898438,0.0841950848698616,0.06678201258182526,1000.0,0.07157404720783234,1000.0,-0.23771114647388436,0.0,-0.0,-2.25,2.25
0.74,0.6985254883766174,0.6985254883766174,0.05161850526928902,0.05161850526928902,0.06606027483940125,0.06606027483940125,3.9015655517578125,-35.301475524902344,0.0,1.5707964,1.5951286554336548,2.0131149291992188,0.08405210822820663,0.04178226366639137,2.014868848104606,0.04172802889028217,2.5332345962524414,2.9715750217437744,0.07284635305404663,2.9715750217437744,0.07284635305404663,0.062027789652347565,1000.0,0.06678201258182526,1000.0,-0.23515671491622903,-36.544799804687464,-0.0,-2.25,2.25
0.76,0.7392109036445618,0.7392109036445618,0.054283954203128815,0.054283954203128815,0.06481260061264038,0.06481260061264038,3.898900270462036,-35.26078796386719,0.0,1.5707964,1.5959409475326538,2.072631359100342,0.08226033300161362,0.0396653451025486,2.074263125331901,0.039668019664515775,2.6080100536346436,2.9717228412628174,0.06142428144812584,2.9717228412628174,0.06142428144812584,0.05732465535402298,999.2691040039062,0.062027789652347565,1000.0,-0.23211687803268413,-99.34692382812491,-0.0,-2.25,2.25
0.78,0.7810849547386169,0.7810849547386169,0.05697476118803024,0.05697476118803024,0.06354662775993347,0.06354662775993347,3.896209478378296,-35.21891403198242,0.0,1.5707964,1.5967098474502563,2.132131338119507,0.08027683943510056,0.0373946875333786,2.1336420538461853,0.03763320619338825,2.6824591159820557,2.9715137481689453,0.04995191469788551,2.9715137481689453,0.04995191469788551,0.05268231779336929,997.2821655273438,0.05732465535402298,999.2691040039062,-0.228590704500675,-157.04956054687486,-0.0,-2.25,2.25
0.8,0.8241472244262695,0.8241472244262695,0.059687141329050064,0.059687141329050064,0.06226254254579544,0.06226254254579544,3.8934969902038574,-35.17585372924805,0.0,1.5707964,1.5974321365356445,2.19158673286438,0.07811212539672852,0.034984152764081955,2.1929783199569397,0.03562673250588897,2.7561206817626953,2.9703783988952637,0.038428179919719696,2.9703783988952637,0.038428179919719696,0.04811050370335579,994.1411743164062,0.05268231779336929,997.2821655273438,-0.22630840539932232,-211.2762451171873,-0.0,-2.25,2.25
0.8200000000000001,0.8683968186378479,0.8683968186378479,0.06241721287369728,0.06241721287369728,0.06096101924777031,0.06096101924777031,3.8907668590545654,-35.1316032409668,0.0,1.5707964,1.5981054306030273,2.25095272064209,0.07577746361494064,0.032447583973407745,2.252227869146002,0.03365190925858305,2.828706741333008,2.9676501750946045,0.026858562603592873,2.9676501750946045,0.026858562603592873,0.04358433559536934,989.9156494140625,0.04811050370335579,994.1411743164062,-0.22349450737238036,-260.6597900390637,-0.0,-2.25,2.25
0.84,0.9138318300247192,0.9138318300247192,0.06516087055206299,0.06516087055206299,0.05963534116744995,0.05963534116744995,3.8880233764648438,-35.08616638183594,0.0,1.5707964,1.5987269878387451,2.310178756713867,0.07326789945363998,0.02977968379855156,2.311340319611627,0.031704623884872496,2.9000208377838135,2.9628403186798096,0.0151275135576725,2.9628403186798096,0.0151275135576725,0.03911444544792175,984.7024536132812,0.04358433559536934,989.9156494140625,-0.21940190345048885,-305.0292968749997,-0.0,-2.25,2.25
0.86,0.96044921875,0.96044921875,0.06791365146636963,0.06791365146636963,0.058284077793359756,0.058284077793359756,3.885270595550537,-35.03955078125,0.0,1.5707964,1.5992944240570068,2.369210720062256,0.07059022784233093,0.02698700502514839,2.3702620986559158,0.029786016906995248,2.9699389934539795,2.955631971359253,0.0032188056502491236,2.955631971359253,0.0032188056502491236,0.03472640737891197,978.6018676757812,0.03911444544792175,984.7024536132812,-0.21405825391411762,-344.9127197265622,-0.0,-2.25,2.25
0.88,1.0082448720932007,1.0082448720932007,0.07067105174064636,0.07067105174064636,0.05691151320934296,0.05691151320934296,3.8825130462646484,-34.991756439208984,0.0,1.5707964,1.5998051166534424,2.427994728088379,0.06776519864797592,0.02408783510327339,2.428940205474964,0.02790270115107005,3.038386344909668,2.9458746910095215,-0.008778429590165615,2.9458746910095215,-0.008778429590165615,0.030445242300629616,971.70361328125,0.03472640737891197,978.6018676757812,-0.20755920559167843,-380.82885742187466,-0.0,-2.25,2.25
0.9,1.0572137832641602,1.0572137832641602,0.0734286680817604,0.0734286680817604,0.055524423718452454,0.055524423718452454,3.8797554969787598,-34.94278335571289,0.0,1.5707964,1.6002575159072876,2.486478805541992,0.06482066214084625,0.021104935556650162,2.4873235753817617,0.026063356664922314,3.1053202152252197,2.933549642562866,-0.020731747150421143,2.933549642562866,-0.020731747150421143,0.026294058188796043,964.0870361328125,0.030445242300629616,971.70361328125,-0.1959723420441149,-426.2023925781246,-0.0,-2.25,2.25
0.92,1.1073496341705322,1.1073496341705322,0.07618238031864166,0.07618238031864166,0.05413033440709114,0.05413033440709114,3.8770017623901367,-34.89265060424805,0.0,1.5707964,1.6006497144699097,2.544614553451538,0.06178769841790199,0.018062738701701164,2.545364599681773,0.024276981051848258,3.1707193851470947,2.9187240600585938,-0.03249826282262802,2.9187240600585938,-0.03249826282262802,0.022374611347913742,955.56298828125,0.026294058188796043,964.0870361328125,-0.18108552321791632,-467.1966552734371,-0.0,-2.25,2.25
0.9400000000000001,1.1586452722549438,1.1586452722549438,0.07892876863479614,0.07892876863479614,0.05275404080748558,0.05275404080748558,3.874255418777466,-34.84135437011719,0.0,1.5707964,1.6009814739227295,2.602354049682617,0.05874224379658699,0.015031218528747559,2.60301695175152,0.022568900610513823,3.2344589233398438,2.90144419670105,-0.043612606823444366,2.90144419670105,-0.043612606823444366,0.018752900883555412,946.2190551757812,0.022374611347913742,955.56298828125,-0.16607288271188814,-504.05883789062733,-0.0,-2.25,2.25
0.96,1.2110927104949951,1.2110927104949951,0.08166574686765671,0.08166574686765671,0.051421601325273514,0.051421601325273514,3.87151837348938,-34.78890609741211,0.0,1.5707964,1.6012537479400635,2.659649610519409,0.055765897035598755,0.012080811895430088,2.6602341787910757,0.02096431305339918,3.29646897315979,2.8817331790924072,-0.053609419614076614,2.8817331790924072,-0.053609419614076614,0.015431443229317665,936.1378784179688,0.018752900883555412,946.2190551757812,-0.15160064212977872,-538.644409179687,-0.0,-2.25,2.25
0.98,1.2646827697753906,1.2646827697753906,0.08439240604639053,0.08439240604639053,0.050147246569395065,0.050147246569395065,3.8687918186187744,-34.73531723022461,0.0,1.5707964,1.6014682054519653,2.7164554595947266,0.05291100591421127,0.00924972165375948,2.7169707099100004,0.019475495514876703,3.356720447540283,2.8596479892730713,-0.06228218972682953,2.8596479892730713,-0.06228218972682953,0.012399430386722088,925.364990234375,0.015431443229317665,936.1378784179688,-0.13780691660940636,-571.023559570312,-0.0,-2.25,2.25
1.0,1.319405436515808,1.319405436515808,0.08710859715938568,0.08710859715938568,0.048936955630779266,0.048936955630779266,3.8660755157470703,-34.68059539794922,0.0,1.5707964,1.6016274690628052,2.7727277278900146,0.05020822584629059,0.006557362154126167,2.7731822729407374,0.01810590298459558,3.4151971340179443,2.8352673053741455,-0.06959841400384903,2.8352673053741455,-0.06959841400384903,0.009643292054533958,913.9445190429688,0.012399430386722088,925.364990234375,-0.1247586915269493,-601.2725830078119,-0.0,-2.25,2.25
1.02,1.3752496242523193,1.3752496242523193,0.08981457352638245,0.08981457352638245,0.047792285680770874,0.047792285680770874,3.8633694648742676,-34.62474822998047,0.0,1.5707964,1.6017345190048218,2.8284244537353516,0.04767536744475365,0.004014134407043457,2.828826228517601,0.016854207651223547,3.471893548965454,2.808677911758423,-0.07561422884464264,2.808677911758423,-0.07561422884464264,0.00714811822399497,901.9190673828125,0.009643292054533958,913.9445190429688,-0.1124772010371088,-629.4494628906244,-0.0,-2.25,2.25
1.04,1.4322036504745483,1.4322036504745483,0.09251082688570023,0.09251082688570023,0.04671231657266617,0.04671231657266617,3.860673189163208,-34.56779479980469,0.0,1.5707964,1.6017920970916748,2.883505344390869,0.04532239958643913,0.001625542063266039,2.883861506909612,0.015716519455456587,3.5268137454986572,2.779971122741699,-0.08042726665735245,2.779971122741699,-0.08042726665735245,0.004898574203252792,889.330078125,0.00714811822399497,901.9190673828125,-0.10096025653183452,-655.6213378906244,-0.0,-2.25,2.25
1.06,1.4902548789978027,1.4902548789978027,0.09519800543785095,0.09519800543785095,0.04569495469331741,0.04569495469331741,3.8579862117767334,-34.50974655151367,0.0,1.5707964,1.6018036603927612,2.937932252883911,0.04315435513854027,-0.0006058452418074012,2.938249176108615,0.014687626603375817,3.579967975616455,2.749241352081299,-0.08415080606937408,2.749241352081299,-0.08415080606937408,0.0028793690726161003,876.2176513671875,0.004898574203252792,889.330078125,-0.09018470300361506,-679.8431396484369,-0.0,-2.25,2.25
1.08,1.5493898391723633,1.5493898391723633,0.09787681698799133,0.09787681698799133,0.04473748803138733,0.04473748803138733,3.8553073406219482,-34.45060729980469,0.0,1.5707964,1.6017721891403198,2.991668701171875,0.041173022240400314,-0.002679371740669012,2.991952010867123,0.013761691934219042,3.6313722133636475,2.716585159301758,-0.08690016716718674,2.716585159301758,-0.08690016716718674,0.0010756750125437975,862.6207885742188,0.0028793690726161003,876.2176513671875,-0.08098031394183629,-702.0843505859369,-0.0,-2.25,2.25
1.1,1.609594702720642,1.609594702720642,0.10054800659418106,0.10054800659418106,0.043836984783411026,0.043836984783411026,3.8526360988616943,-34.390403747558594,0.0,1.5707964,1.6017006635665894,3.04468035697937,0.03937801346182823,-0.004595666192471981,3.0449349917724393,0.012932660722198652,3.6810474395751953,2.682102918624878,-0.0887850746512413,2.682102918624878,-0.0887850746512413,-0.0005439312662929296,848.5791015625,0.0010756750125437975,862.6207885742188,-0.07332691457122557,-722.2961425781243,-0.0,-2.25,2.25
1.12,1.6708545684814453,1.6708545684814453,0.10321225225925446,0.10321225225925446,0.04298733174800873,0.04298733174800873,3.8499717712402344,-34.32914352416992,0.0,1.5707964,1.6015923023223877,3.0969345569610596,0.037757765501737595,-0.006366219837218523,3.097164719377269,0.012191376390913812,3.7290189266204834,2.645893096923828,-0.08997917175292969,2.645893096923828,-0.08997917175292969,-0.0020104695577174425,834.1331787109375,-0.0005439312662929296,848.5791015625,-0.06618864135816688,-740.5487060546868,-0.0,-2.25,2.25
1.1400000000000001,1.733154058456421,1.733154058456421,0.10586998611688614,0.10586998611688614,0.042180582880973816,0.042180582880973816,3.8473141193389893,-34.266845703125,0.0,1.5707964,1.601449728012085,3.1484010219573975,0.03629371523857117,-0.008008127100765705,3.1486102059207335,0.011527155358649972,3.775315999984741,2.608053684234619,-0.09068416804075241,2.608053684234619,-0.09068416804075241,-0.003334242384880781,819.3222045898438,-0.0020104695577174425,834.1331787109375,-0.05948110483586849,-756.9244384765702,-0.0,-2.25,2.25
1.16,1.7964773178100586,1.7964773178100586,0.10852138698101044,0.10852138698101044,0.041411422193050385,0.041411422193050385,3.844662666320801,-34.203521728515625,0.0,1.5707964,1.6012755632400513,3.1990511417388916,0.03497409448027611,-0.009530073031783104,3.1992423157281507,0.01093221071831689,3.8199706077575684,2.568690061569214,-0.09102470427751541,2.568690061569214,-0.09102470427751541,-0.004523864481598139,804.1837158203125,-0.003334242384880781,819.3222045898438,-0.053143687546253156,-771.5057373046868,-0.0,-2.25,2.25
1.18,1.8608075380325317,1.8608075380325317,0.11116646230220795,0.11116646230220795,0.040676288306713104,0.040676288306713104,3.842017650604248,-34.139190673828125,0.0,1.5707964,1.6010719537734985,3.24885892868042,0.03379141166806221,-0.010936710983514786,3.2490346563200903,0.010400634179393709,3.863018274307251,2.5279123783111572,-0.09107566624879837,2.5279123783111572,-0.09107566624879837,-0.005586738232523203,788.7536010742188,-0.004523864481598139,804.1837158203125,-0.04714168608188625,-784.3658447265618,-0.0,-2.25,2.25
1.2,1.9261279106140137,1.9261279106140137,0.11380515247583389,0.11380515247583389,0.03997279331088066,0.03997279331088066,3.839379072189331,-34.07387161254883,0.0,1.5707964,1.6008414030075073,3.2978005409240723,0.03274082392454147,-0.012230642139911652,3.297963063660714,0.009927752713664115,3.9044930934906006,2.4858343601226807,-0.09088023751974106,2.4858343601226807,-0.09088023751974106,-0.006529571954160929,773.0662841796875,-0.005586738232523203,788.7536010742188,-0.04144879058003422,-795.5780029296868,-0.0,-2.25,2.25
1.22,1.9924206733703613,1.9924206733703613,0.11643737554550171,0.11643737554550171,0.03929928317666054,0.03929928317666054,3.8367466926574707,-34.0075798034668,0.0,1.5707964,1.6005859375,3.3458545207977295,0.031818974763154984,-0.013413487002253532,3.3460058161183137,0.009509682918510157,3.9444310665130615,2.4425692558288574,-0.09046237170696259,2.4425692558288574,-0.09046237170696259,-0.007358547765761614,757.1547241210938,-0.006529571954160929,773.0662841796875,-0.03604644443839785,-805.2154541015618,-0.0,-2.25,2.25
1.24,2.0596680641174316,2.0596680641174316,0.11906307190656662,0.11906307190656662,0.03865461051464081,0.03865461051464081,3.834120988845825,-33.940330505371094,0.0,1.5707964,1.600307822227478,3.3930017948150635,0.03102332167327404,-0.014486419968307018,3.3931436200234564,0.00914307126015284,3.9828684329986572,2.398228645324707,-0.08983438462018967,2.398228645324707,-0.08983438462018967,-0.008079476654529572,741.0504150390625,-0.007358547765761614,757.1547241210938,-0.030925031751394244,-813.3453369140618,-0.0,-2.25,2.25
1.26,2.127851963043213,2.127851963043213,0.12168220430612564,0.12168220430612564,0.03803795203566551,0.03803795203566551,3.8315019607543945,-33.87214660644531,0.0,1.5707964,1.6000093221664429,3.4392244815826416,0.030351681634783745,-0.015450483188033104,3.439358408089429,0.008824923720701339,4.019841194152832,2.352922201156616,-0.08900190889835358,2.352922201156616,-0.08900190889835358,-0.008697977289557457,724.7835083007812,-0.008079476654529572,741.0504150390625,-0.026078289374709105,-820.0378417968743,-0.0,-2.25,2.25
1.28,2.196953535079956,2.196953535079956,0.12429481744766235,0.12429481744766235,0.0374487079679966,0.0374487079679966,3.8288893699645996,-33.80304718017578,0.0,1.5707964,1.599692702293396,3.4845075607299805,0.029801901429891586,-0.01630680449306965,3.484635001562321,0.008552478158848985,4.055384635925293,2.3067564964294434,-0.0879673883318901,2.3067564964294434,-0.0879673883318901,-0.00921954307705164,708.3827514648438,-0.008697977289557457,724.7835083007812,-0.021495716646313646,-825.3570556640618,-0.0,-2.25,2.25
1.3,2.266953706741333,2.266953706741333,0.12690098583698273,0.12690098583698273,0.03688640892505646,0.03688640892505646,3.8262832164764404,-33.7330436706543,0.0,1.5707964,1.5993597507476807,3.5288381576538086,0.029371662065386772,-0.017056750133633614,3.5289603904614752,0.008323131442752523,4.089534759521484,2.2598354816436768,-0.08673214912414551,2.2598354816436768,-0.08673214912414551,-0.009649457409977913,691.8756103515625,-0.00921954307705164,708.3827514648438,-0.01717656850814818,-829.3670654296868,-0.0,-2.25,2.25
1.32,2.337833881378174,2.337833881378174,0.1295008659362793,0.1295008659362793,0.03635070100426674,0.03635070100426674,3.823683261871338,-33.662166595458984,0.0,1.5707964,1.5990127325057983,3.572205066680908,0.0290584247559309,-0.017701903358101845,3.572323253916147,0.008134410900794151,4.122326374053955,2.2122576236724854,-0.08529732376337051,2.2122576236724854,-0.08529732376337051,-0.009992988780140877,675.2882690429688,-0.009649457409977913,691.8756103515625,-0.013115257024765003,-832.1350097656242,-0.0,-2.25,2.25
1.34,2.409574270248413,2.409574270248413,0.13209465146064758,0.13209465146064758,0.035841263830661774,0.035841263830661774,3.821089506149292,-33.59042739868164,0.0,1.5707964,1.5986536741256714,3.614598274230957,0.02885930798947811,-0.01824420690536499,3.6147134801711522,0.007983928670172976,4.15379524230957,2.164118766784668,-0.08366485685110092,2.164118766784668,-0.08366485685110092,-0.010255293920636177,658.6455688476562,-0.009992988780140877,675.2882690429688,-0.009961985051631919,-834.3353271484367,-0.0,-2.25,2.25
1.36,2.4821550846099854,2.4821550846099854,0.13468268513679504,0.13468268513679504,0.03535781055688858,0.03535781055688858,3.8185014724731445,-33.517845153808594,0.0,1.5707964,1.5982848405838013,3.656010389328003,0.028771083801984787,-0.018685925751924515,3.6561235950303206,0.00786936765325348,4.183974266052246,2.115511417388916,-0.08183788508176804,2.115511417388916,-0.08183788508176804,-0.010454533621668816,641.9588623046875,-0.010255293920636177,658.6455688476562,-0.00814008526504039,-836.7950439453117,-0.0,-2.25,2.25
1.3800000000000001,2.5555572509765625,2.5555572509765625,0.13726523518562317,0.13726523518562317,0.034897953271865845,0.034897953271865845,3.8159189224243164,-33.44444274902344,0.0,1.5707964,1.5979079008102417,3.6964352130889893,0.028782570734620094,-0.019037548452615738,3.6965472702161315,0.007786417830585256,4.212891578674316,2.0665132999420166,-0.07987841218709946,2.0665132999420166,-0.07987841218709946,-0.010617335326969624,625.2229614257812,-0.010454533621668816,641.9588623046875,-0.007405737414956086,-839.2059326171867,-0.0,-2.25,2.25
1.4000000000000001,2.629760503768921,2.629760503768921,0.1398424357175827,0.1398424357175827,0.034456513822078705,0.034456513822078705,3.8133416175842285,-33.3702392578125,0.0,1.5707964,1.5975245237350464,3.7358670234680176,0.028872422873973846,-0.019319215789437294,3.7359785911911216,0.007728285796847674,4.240565299987793,2.017181396484375,-0.07792001962661743,2.017181396484375,-0.07792001962661743,-0.010765450075268745,608.4388427734375,-0.010617335326969624,625.2229614257812,-0.00719055533409126,-839.578247070321,-0.0,-2.25,2.25
1.42,2.704745054244995,2.704745054244995,0.14241404831409454,0.14241404831409454,0.03402718901634216,0.03402718901634216,3.810770034790039,-33.29525375366211,0.0,1.5707964,1.59713613986969,3.7743005752563477,0.029015449807047844,-0.019553592428565025,3.7744121037199823,0.007687484779453665,4.2670087814331055,1.9675543308258057,-0.0761149525642395,1.9675543308258057,-0.0761149525642395,-0.01090926118195057,591.6472778320312,-0.010765450075268745,608.4388427734375,-0.006511621177196497,-838.4826660156242,-0.0,-2.25,2.25
1.44,2.7804911136627197,2.7804911136627197,0.14497943222522736,0.14497943222522736,0.03360465541481972,0.03360465541481972,3.8082046508789062,-33.21950912475586,0.0,1.5707964,1.596743106842041,3.8117318153381348,0.02919040061533451,-0.01975836046040058,3.81184358434984,0.007657891850741398,4.29224967956543,1.917671799659729,-0.07457432895898819,1.917671799659729,-0.07457432895898819,-0.0110394936054945,574.8776245117188,-0.01090926118195057,591.6472778320312,-0.005389144644141192,-836.0626220703117,-0.0,-2.25,2.25
1.46,2.856978416442871,2.856978416442871,0.14753775298595428,0.14753775298595428,0.03318716585636139,0.03318716585636139,3.8056464195251465,-33.14302062988281,0.0,1.5707964,1.5963462591171265,3.8481578826904297,0.029389776289463043,-0.019937099888920784,3.848270111239963,0.0076372139025938195,4.316320896148682,1.8675950765609741,-0.07329783588647842,1.8675950765609741,-0.07329783588647842,-0.011147276498377323,558.1563720703125,-0.0110394936054945,574.8776245117188,-0.0038837082684040035,-832.4371337890617,-0.0,-2.25,2.25
1.48,2.9341869354248047,2.9341869354248047,0.1500881016254425,0.1500881016254425,0.03277522698044777,0.03277522698044777,3.803096055984497,-33.06581115722656,0.0,1.5707964,1.595946192741394,3.883577346801758,0.029614439234137535,-0.020086364820599556,3.883690258453026,0.007625408892845129,4.339256286621094,1.8173999786376953,-0.07222367823123932,1.8173999786376953,-0.07222367823123932,-0.011224950663745403,541.5076293945312,-0.011147276498377323,558.1563720703125,-0.002069491893053053,-827.7130126953118,-0.0,-2.25,2.25
1.5,3.012096405029297,3.012096405029297,0.15262974798679352,0.15262974798679352,0.032370615750551224,0.032370615750551224,3.8005542755126953,-32.9879035949707,0.0,1.5707964,1.595543384552002,3.9179911613464355,0.029869738966226578,-0.020199602469801903,3.9181050192273688,0.0076235905253924955,4.361091136932373,1.7671666145324707,-0.07126297801733017,1.7671666145324707,-0.07126297801733017,-0.011266340501606464,524.953369140625,-0.011224950663745403,541.5076293945312,-3.9488077163696255e-05,-821.9909667968743,-0.0,-2.25,2.25
1.52,3.090686559677124,3.090686559677124,0.15516211092472076,0.15516211092472076,0.03197570517659187,0.03197570517659187,3.7980220317840576,-32.9093132019043,0.0,1.5707964,1.5951387882232666,3.951401948928833,0.030163008719682693,-0.020269373431801796,3.951517071846407,0.007633347166726591,4.381860256195068,1.7169755697250366,-0.07032090425491333,1.7169755697250366,-0.07032090425491333,-0.011267130263149738,508.5135498046875,-0.011266340501606464,524.953369140625,0.0021287705749273283,-815.3533935546868,-0.0,-2.25,2.25
1.54,3.1699376106262207,3.1699376106262207,0.15768486261367798,0.15768486261367798,0.03159300610423088,0.03159300610423088,3.795499324798584,-32.83006286621094,0.0,1.5707964,1.5947331190109253,3.9838132858276367,0.03050171583890915,-0.020288735628128052,3.9839300509680022,0.00765626239520225,4.401596546173096,1.666904330253601,-0.0693107545375824,1.666904330253601,-0.0693107545375824,-0.011224554851651192,492.20648193359375,-0.011267130263149738,508.5135498046875,0.004351465031504628,-807.8872680664056,-0.0,-2.25,2.25
1.56,3.2498297691345215,3.2498297691345215,0.160197913646698,0.160197913646698,0.03122492879629135,0.03122492879629135,3.7929861545562744,-32.75016784667969,0.0,1.5707964,1.594327688217163,4.015230178833008,0.03089252859354019,-0.02025187760591507,4.015349018122117,0.007693685710863281,4.420334339141846,1.6170274019241333,-0.06815994530916214,1.6170274019241333,-0.06815994530916214,-0.011137525551021099,476.0487365722656,-0.011224554851651192,492.20648193359375,0.006602983921766275,-798.7442016601556,-0.0,-2.25,2.25
1.58,3.330343008041382,3.330343008041382,0.16270142793655396,0.16270142793655396,0.03087359480559826,0.03087359480559826,3.790482759475708,-32.669654846191406,0.0,1.5707964,1.5939233303070068,4.045660018920898,0.03134062513709068,-0.020154548808932304,4.045781410738725,0.007746572395474553,4.43810510635376,1.5674129724502563,-0.06681381911039352,1.5674129724502563,-0.06681381911039352,-0.011005465872585773,460.0738525390625,-0.011137525551021099,476.0487365722656,0.010092463344335547,-776.9851684570306,-0.0,-2.25,2.25
1.6,3.4114577770233154,3.4114577770233154,0.1651957482099533,0.1651957482099533,0.03054087609052658,0.03054087609052658,3.7879884243011475,-32.58854293823242,0.0,1.5707964,1.5935215950012207,4.075109004974365,0.0318499356508255,-0.019993672147393227,4.075233468259717,0.007815566923940127,4.454947471618652,1.5181299448013306,-0.0652318000793457,1.5181299448013306,-0.0652318000793457,-0.010803616605699062,444.5341491699219,-0.011005465872585773,460.0738525390625,0.012358883395791043,-758.1558227539056,-0.0,-2.25,2.25
1.62,3.4931540489196777,3.4931540489196777,0.16768160462379456,0.16768160462379456,0.030232151970267296,0.030232151970267296,3.7855024337768555,-32.5068473815918,0.0,1.5707964,1.5931239128112793,4.103591442108154,0.03243805095553398,-0.01975221559405327,4.103719648184202,0.007904630809227832,4.471000671386719,1.4693399667739868,-0.06327282637357712,1.4693399667739868,-0.06327282637357712,-0.010556438937783241,429.37103271484375,-0.010803616605699062,444.5341491699219,0.013555260375142085,-741.4367675781243,-0.0,-2.25,2.25
1.6400000000000001,3.575413227081299,3.575413227081299,0.17016001045703888,0.17016001045703888,0.029948005452752113,0.029948005452752113,3.7830240726470947,-32.42458724975586,0.0,1.5707964,1.5927315950393677,4.131124019622803,0.03310243785381317,-0.019435793161392212,4.131256641373945,0.008012765836282621,4.486329555511475,1.4212453365325928,-0.06095932051539421,1.4212453365325928,-0.06095932051539421,-0.0102853337302804,414.54229736328125,-0.010556438937783241,429.37103271484375,0.013927556574344623,-725.2456665039056,-0.0,-2.25,2.25
1.6600000000000001,3.6582162380218506,3.6582162380218506,0.17263203859329224,0.17263203859329224,0.02968597412109375,0.02968597412109375,3.7805521488189697,-32.34178161621094,0.0,1.5707964,1.59234619140625,4.157726287841797,0.03382869437336922,-0.019060257822275162,4.157863906523846,0.008136165195440236,4.500964641571045,1.373981237411499,-0.05840269848704338,1.373981237411499,-0.05840269848704338,-0.010006782598793507,400.0373840332031,-0.0102853337302804,414.54229736328125,0.014250306412577775,-709.0667724609448,-0.0,-2.25,2.25
1.68,3.741544008255005,3.741544008255005,0.1750985085964203,0.1750985085964203,0.02944222278892994,0.02944222278892994,3.778085708618164,-32.258453369140625,0.0,1.5707964,1.5919685363769531,4.183417797088623,0.03459760546684265,-0.018644317984580994,4.183560858802208,0.008269988416172382,4.514928817749023,1.3276190757751465,-0.055743198841810226,1.3276190757751465,-0.055743198841810226,-0.009721776470541954,385.8560485839844,-0.010006782598793507,400.0373840332031,0.013885367661714542,-692.4057006835932,-0.0,-2.25,2.25
1.7,3.8253791332244873,3.8253791332244873,0.17756007611751556,0.17756007611751556,0.029214199632406235,0.029214199632406235,3.7756240367889404,-32.17462158203125,0.0,1.5707964,1.5915995836257935,4.208218097686768,0.035395972430706024,-0.01819898933172226,4.208366955549712,0.008410956114618914,4.5282416343688965,1.2821940183639526,-0.05306515470147133,1.2821940183639526,-0.05306515470147133,-0.009444069117307663,372.0079345703125,-0.009721776470541954,385.8560485839844,0.015823869034647928,-668.4402465820307,-0.0,-2.25,2.25
1.72,3.909703493118286,3.909703493118286,0.18001720309257507,0.18001720309257507,0.028998343273997307,0.028998343273997307,3.7731668949127197,-32.09029769897461,0.0,1.5707964,1.5912396907806396,4.232146739959717,0.0362071767449379,-0.01773916929960251,4.2323016182922855,0.00855506570096374,4.54093074798584,1.237723708152771,-0.0504734106361866,1.237723708152771,-0.0504734106361866,-0.009127591736614704,358.6391296386719,-0.009444069117307663,372.0079345703125,0.020785816013813,-641.3742065429682,-0.0,-2.25,2.25
1.74,3.994500160217285,3.994500160217285,0.18247033655643463,0.18247033655643463,0.028798989951610565,0.028798989951610565,3.7707138061523438,-32.00550079345703,0.0,1.5707964,1.5908890962600708,4.25522518157959,0.03704768046736717,-0.017245037481188774,4.255386454433612,0.008706177191803026,4.55308198928833,1.194294810295105,-0.047814421355724335,1.194294810295105,-0.047814421355724335,-0.008711875416338444,345.8116455078125,-0.009127591736614704,358.6391296386719,0.021455809473991377,-621.1517333984369,-0.0,-2.25,2.25
1.76,4.079752445220947,4.079752445220947,0.18492065370082855,0.18492065370082855,0.02862812764942646,0.02862812764942646,3.768263578414917,-31.92024803161621,0.0,1.5707964,1.590549349784851,4.2774810791015625,0.037964336574077606,-0.01666831411421299,4.277649550036021,0.00887516252409562,4.564781188964844,1.1520723104476929,-0.044714152812957764,1.1520723104476929,-0.044714152812957764,-0.008282759226858616,333.38861083984375,-0.008711875416338444,345.8116455078125,0.007931329309940331,-619.3618774414057,-0.0,-2.25,2.25
1.78,4.165443420410156,4.165443420410156,0.18736982345581055,0.18736982345581055,0.028482360765337944,0.028482360765337944,3.7658143043518066,-31.834556579589844,0.0,1.5707964,1.5902215242385864,4.298941612243652,0.03893749788403511,-0.016035059466958046,4.299117946070045,0.009057213767645518,4.576034069061279,1.11113440990448,-0.0413314625620842,1.11113440990448,-0.0413314625620842,-0.008124132640659809,321.0013732910156,-0.008282759226858616,333.38861083984375,-0.0029851682484149907,-614.1281127929682,-0.0,-2.25,2.25
1.8,4.251557350158691,4.251557350158691,0.1898178607225418,0.1898178607225418,0.028318997472524643,0.028318997472524643,3.763366222381592,-31.748443603515625,0.0,1.5707964,1.5899051427841187,4.319624900817871,0.03978576511144638,-0.015536150895059109,4.319808119682089,0.009210207144693502,4.586698055267334,1.0712611675262451,-0.039050329476594925,1.0712611675262451,-0.039050329476594925,-0.008183836005628109,308.71881103515625,-0.008124132640659809,321.0013732910156,-0.010552722960710517,-606.0684204101557,-0.0,-2.25,2.25
1.82,4.338079929351807,4.338079929351807,0.19226181507110596,0.19226181507110596,0.028114426881074905,0.028114426881074905,3.760922431945801,-31.66192054748535,0.0,1.5707964,1.5895968675613403,4.339541435241699,0.040419161319732666,-0.015247123315930367,4.33972966632501,0.009313885614272361,4.5967278480529785,1.0321818590164185,-0.03846951574087143,1.0321818590164185,-0.03846951574087143,-0.00839489046484232,296.5974426269531,-0.008183836005628109,308.71881103515625,-0.016689533367753015,-598.0239868164057,-0.0,-2.25,2.25
1.84,4.424994945526123,4.424994945526123,0.19469724595546722,0.19469724595546722,0.027860689908266068,0.027860689908266068,3.7584869861602783,-31.57500648498535,0.0,1.5707964,1.5892925262451172,4.358700752258301,0.040818292647600174,-0.015171351842582226,4.358891875322413,0.009364510616048673,4.606124401092529,0.993729829788208,-0.0396115705370903,0.993729829788208,-0.0396115705370903,-0.00872868113219738,284.636962890625,-0.00839489046484232,296.5974426269531,-0.04644007422029968,-598.3856201171869,-0.0,-2.25,2.25
1.86,4.512287616729736,4.512287616729736,0.19711916148662567,0.19711916148662567,0.02755541354417801,0.02755541354417801,3.7560648918151855,-31.487712860107422,0.0,1.5707964,1.588987946510315,4.377111434936523,0.04098781943321228,-0.015295303426682949,4.37730333826592,0.009363851497657479,4.614892482757568,0.9558206796646118,-0.0423189140856266,0.9558206796646118,-0.0423189140856266,-0.009657482616603374,272.66925048828125,-0.00872868113219738,284.636962890625,-0.07205954752862447,-592.5338745117182,-0.0,-2.25,2.25
1.8800000000000001,4.5999436378479,4.5999436378479,0.19951993227005005,0.19951993227005005,0.02713034115731716,0.02713034115731716,3.753664255142212,-31.400056838989258,0.0,1.5707964,1.5886765718460083,4.394773006439209,0.04065370559692383,-0.015906276181340218,4.394961035311404,0.009250203822150836,4.622968673706055,0.9181540608406067,-0.0485801137983799,0.9181540608406067,-0.0485801137983799,-0.011098673567175865,260.8185729980469,-0.009657482616603374,272.66925048828125,-0.0869929324835538,-579.7897338867182,-0.0,-2.25,2.25
1.9000000000000001,4.6879472732543945,4.6879472732543945,0.201886847615242,0.201886847615242,0.026545748114585876,0.026545748114585876,3.7512972354888916,-31.312053680419922,0.0,1.5707964,1.5883475542068481,4.411682605743408,0.039682239294052124,-0.017117831856012344,4.4118610692013345,0.008994565726381635,4.630371570587158,0.8805530667304993,-0.05920009687542915,0.8805530667304993,-0.05920009687542915,-0.012838532216846943,249.2227783203125,-0.011098673567175865,260.8185729980469,-0.09312503971159554,-562.6922607421933,-0.0,-2.25,2.25
1.92,4.776284694671631,4.776284694671631,0.20420505106449127,0.20420505106449127,0.025799984112381935,0.025799984112381935,3.748979091644287,-31.223716735839844,0.0,1.5707964,1.5879895687103271,4.4278435707092285,0.03811023011803627,-0.018866809085011482,4.42800757410268,0.008606737904762664,4.637169361114502,0.8430799841880798,-0.07364170253276825,0.8430799841880798,-0.07364170253276825,-0.014701033011078835,237.96893310546875,-0.012838532216846943,249.2227783203125,-0.09243953973054878,-542.7925109863277,-0.0,-2.25,2.25
1.94,4.864940166473389,4.864940166473389,0.20646022260189056,0.20646022260189056,0.024913450703024864,0.024913450703024864,3.7467238903045654,-31.135061264038086,0.0,1.5707964,1.5875931978225708,4.443266868591309,0.03606502711772919,-0.021012812852859497,4.443413232156359,0.008116603436581153,4.64343786239624,0.8059576749801636,-0.0907234475016594,0.8059576749801636,-0.0907234475016594,-0.01654982380568981,227.1130828857422,-0.014701033011078835,237.96893310546875,-0.0823081471025943,-518.4028625488277,-0.0,-2.25,2.25
1.96,4.953900337219238,4.953900337219238,0.2086401730775833,0.2086401730775833,0.02391716092824936,0.02391716092824936,3.74454402923584,-31.046100616455078,0.0,1.5707964,1.5871518850326538,4.457971096038818,0.03371039032936096,-0.023393629118800163,4.458098550226733,0.007561679313741846,4.64924955368042,0.7694740891456604,-0.10907568037509918,0.7694740891456604,-0.10907568037509918,-0.0181959867477417,216.74502563476562,-0.01654982380568981,227.1130828857422,-0.07040807977318757,-495.23925781249955,-0.0,-2.25,2.25
1.98,5.043151378631592,5.043151378631592,0.21073594689369202,0.21073594689369202,0.022857366129755974,0.022857366129755974,3.742448091506958,-30.956850051879883,0.0,1.5707964,1.5866626501083374,4.471983432769775,0.03126441314816475,-0.025799931958317757,4.472092718906535,0.006991059843573978,4.65469217300415,0.7339853048324585,-0.12701331079006195,0.7339853048324585,-0.12701331079006195,-0.019604148343205452,206.84024047851562,-0.0181959867477417,216.74502563476562,-0.048095639795064885,-463.27972412109335,-0.0,-2.25,2.25
2.0,5.132678508758545,5.132678508758545,0.2127424031496048,0.2127424031496048,0.021771762520074844,0.021771762520074844,3.7404417991638184,-30.86732292175293,0.0,1.5707964,1.586126446723938,4.485333442687988,0.028893444687128067,-0.028086744248867035,4.485426504050777,0.006441671596868176,4.659815311431885,0.6997600197792053,-0.14336025714874268,0.6997600197792053,-0.14336025714874268,-0.02056606113910675,197.57464599609375,-0.019604148343205452,206.84024047851562,-0.022978056222200373,-429.8126220703121,-0.0,-2.25,2.25
2.02,5.222469806671143,5.222469806671143,0.2146584540605545,0.2146584540605545,0.020715637132525444,0.020715637132525444,3.738525629043579,-30.777530670166016,0.0,1.5707964,1.5855474472045898,4.4980597496032715,0.026829080656170845,-0.03003864735364914,4.498139761120134,0.005964518925133163,4.664735794067383,0.667145311832428,-0.15651753544807434,0.667145311832428,-0.15651753544807434,-0.02102562226355076,188.9783935546875,-0.02056606113910675,197.57464599609375,-0.004026293754577633,-402.66723632812466,-0.0,-2.25,2.25
2.04,5.312511920928955,5.312511920928955,0.2164878100156784,0.2164878100156784,0.019738245755434036,0.019738245755434036,3.736696243286133,-30.687488555908203,0.0,1.5707964,1.584933876991272,4.510208606719971,0.025260616093873978,-0.03149082139134407,4.5102793455457215,0.005600705903374291,4.669548034667969,0.6364438533782959,-0.16530250012874603,0.6364438533782959,-0.16530250012874603,-0.02110614813864231,180.925048828125,-0.02102562226355076,188.9783935546875,0.009365845471620551,-377.0759582519528,-0.0,-2.25,2.25
2.06,5.402794361114502,5.402794361114502,0.21823768317699432,0.21823768317699432,0.01886121928691864,0.01886121928691864,3.7349464893341064,-30.597206115722656,0.0,1.5707964,1.5842958688735962,4.521820068359375,0.02424461953341961,-0.03241707384586334,4.521885064018535,0.005361643507402556,4.674273490905762,0.6077244877815247,-0.1696086823940277,0.6077244877815247,-0.1696086823940277,-0.0209188312292099,173.38352966308594,-0.02110614813864231,180.925048828125,0.01820083707571028,-350.7232666015622,-0.0,-2.25,2.25
2.08,5.493306636810303,5.493306636810303,0.21991661190986633,0.21991661190986633,0.01808754727244377,0.01808754727244377,3.7332675457000732,-30.506694793701172,0.0,1.5707964,1.5836436748504639,4.53292989730835,0.023753903806209564,-0.032865963876247406,4.532992135649247,0.0052402501063971135,4.678926467895508,0.5808984637260437,-0.16996091604232788,0.5808984637260437,-0.16996091604232788,-0.020554814487695694,166.3690643310547,-0.0209188312292099,173.38352966308594,0.023145042359828928,-328.04641723632784,-0.0,-2.25,2.25
2.1,5.584038257598877,5.584038257598877,0.22153308987617493,0.22153308987617493,0.017409231513738632,0.017409231513738632,3.7316510677337646,-30.41596221923828,0.0,1.5707964,1.5829858779907227,4.543571472167969,0.023716291412711143,-0.032919611781835556,4.543633368261239,0.005219699122616342,4.683538913726807,0.5558444857597351,-0.16717617213726044,0.5558444857597351,-0.16717617213726044,-0.020091913640499115,159.80813598632812,-0.020554814487695694,166.3690643310547,0.025049690157175043,-308.0444335937497,-0.0,-2.25,2.25
2.12,5.674980163574219,5.674980163574219,0.22309474647045135,0.22309474647045135,0.016811780631542206,0.016811780631542206,3.7300894260406494,-30.32501983642578,0.0,1.5707964,1.5823296308517456,4.553775787353516,0.024037068709731102,-0.03267335891723633,4.553839226648136,0.005278442899214692,4.688113689422607,0.532435953617096,-0.16217301785945892,0.532435953617096,-0.16217301785945892,-0.019590919837355614,153.64724731445312,-0.020091913640499115,159.80813598632812,0.024147704243659952,-289.43862915039034,-0.0,-2.25,2.25
2.14,5.766123294830322,5.766123294830322,0.22460786998271942,0.22460786998271942,0.016277963295578957,0.016277963295578957,3.728576183319092,-30.233877182006836,0.0,1.5707964,1.581680178642273,4.563569068908691,0.024616511538624763,-0.03222093731164932,4.563635460829499,0.005394083538124783,4.6926422119140625,0.510532557964325,-0.1558334231376648,0.510532557964325,-0.1558334231376648,-0.019107965752482414,147.8584747314453,-0.019590919837355614,153.64724731445312,0.02254582941532133,-272.7088928222654,-0.0,-2.25,2.25
2.16,5.857460021972656,5.857460021972656,0.226077139377594,0.226077139377594,0.015788855031132698,0.015788855031132698,3.727107048034668,-30.142539978027344,0.0,1.5707964,1.581040859222412,4.572976589202881,0.025354566052556038,-0.031653061509132385,4.573046877019448,0.005544377006240628,4.697118759155273,0.48998895287513733,-0.14897295832633972,0.48998895287513733,-0.14897295832633972,-0.018657049164175987,142.404296875,-0.019107965752482414,147.8584747314453,0.020772777497768385,-257.69882202148415,-0.0,-2.25,2.25
2.18,5.948983192443848,5.948983192443848,0.22750577330589294,0.22750577330589294,0.015329568646848202,0.015329568646848202,3.7256784439086914,-30.05101776123047,0.0,1.5707964,1.5804133415222168,4.582020282745361,0.026175901293754578,-0.031032823026180267,4.582095050225216,0.005712680200044474,4.701537609100342,0.47068727016448975,-0.1421581506729126,0.47068727016448975,-0.1421581506729126,-0.01824159361422062,137.2503204345703,-0.018657049164175987,142.404296875,0.018874928355216963,-245.3041076660154,-0.0,-2.25,2.25
2.2,6.040685176849365,6.040685176849365,0.22889581322669983,0.22889581322669983,0.014889337122440338,0.014889337122440338,3.72428822517395,-29.95931625366211,0.0,1.5707964,1.5797982215881348,4.59072208404541,0.027028311043977737,-0.03040066920220852,4.590801649226432,0.005887526679809377,4.705887317657471,0.45252493023872375,-0.1357383280992508,0.45252493023872375,-0.1357383280992508,-0.01786409504711628,132.34423828125,-0.01824159361422062,137.2503204345703,0.016936007887125,-235.7635498046873,-0.0,-2.25,2.25
2.22,6.132559299468994,6.132559299468994,0.23024842143058777,0.23024842143058777,0.014460296370089054,0.014460296370089054,3.722935676574707,-29.867441177368164,0.0,1.5707964,1.5791956186294556,4.599099159240723,0.027875741943717003,-0.02978304587304592,4.599183637725029,0.006061056660483349,4.710150718688965,0.4353933334350586,-0.12991613149642944,0.4353933334350586,-0.12991613149642944,-0.01752537488937378,127.62896728515625,-0.01786409504711628,132.34423828125,0.015527568757534013,-227.07862854003886,-0.0,-2.25,2.25
2.24,6.2245988845825195,6.2245988845825195,0.23156414926052094,0.23156414926052094,0.014036773703992367,0.014036773703992367,3.7216200828552246,-29.775402069091797,0.0,1.5707964,1.578605055809021,4.607169151306152,0.028693974018096924,-0.02919689565896988,4.607258505108217,0.00622803332741333,4.714300632476807,0.4191705882549286,-0.12479298561811447,0.4191705882549286,-0.12479298561811447,-0.0172148235142231,123.08739471435547,-0.01752537488937378,127.62896728515625,0.014616735279560077,-219.2474365234373,-0.0,-2.25,2.25
2.2600000000000002,6.316797733306885,6.316797733306885,0.23284320533275604,0.23284320533275604,0.01361608225852251,0.01361608225852251,3.7203409671783447,-29.683202743530273,0.0,1.5707964,1.5780260562896729,4.6149444580078125,0.0294734425842762,-0.02864622138440609,4.615038573437365,0.0063864347977950235,4.718322277069092,0.40373873710632324,-0.12035574018955231,0.40373873710632324,-0.12035574018955231,-0.016922488808631897,118.70244598388672,-0.0172148235142231,123.08739471435547,0.014124251902103412,-212.23793029785136,-0.0,-2.25,2.25
2.2800000000000002,6.40915060043335,6.40915060043335,0.23408560454845428,0.23408560454845428,0.013197580352425575,0.013197580352425575,3.7190985679626465,-29.590850830078125,0.0,1.5707964,1.5774576663970947,4.622437953948975,0.030214061960577965,-0.028127647936344147,4.622536698356017,0.006536297940605796,4.722205638885498,0.3889988660812378,-0.11652453988790512,0.3889988660812378,-0.11652453988790512,-0.01664000377058983,114.45768737792969,-0.016922488808631897,118.70244598388672,0.013065710663795459,-207.13005065917952,-0.0,-2.25,2.25
2.3000000000000003,6.501651763916016,6.501651763916016,0.23529137670993805,0.23529137670993805,0.012781881727278233,0.012781881727278233,3.717892646789551,-29.498348236083984,0.0,1.5707964,1.5768994092941284,4.629659652709961,0.030921082943677902,-0.027634233236312866,4.629762911132807,0.006678811295247842,4.725943088531494,0.37486907839775085,-0.11318904161453247,0.37486907839775085,-0.11318904161453247,-0.01637868955731392,110.3150863647461,-0.01664000377058983,114.45768737792969,0.012014992535114545,-202.95867919922307,-0.0,-2.25,2.25
2.32,6.594295978546143,6.594295978546143,0.23646053671836853,0.23646053671836853,0.012367883697152138,0.012367883697152138,3.716723680496216,-29.405704498291016,0.0,1.5707964,1.5763508081436157,4.6366190910339355,0.03159167617559433,-0.02716906927525997,4.63672671497296,0.006813410094373938,4.729518890380859,0.36126092076301575,-0.11031288653612137,0.36126092076301575,-0.11031288653612137,-0.016138389706611633,106.25591278076172,-0.01637868955731392,110.3150863647461,0.011459086090326299,-198.9860534667967,-0.0,-2.25,2.25
2.34,6.68707799911499,6.68707799911499,0.23759302496910095,0.23759302496910095,0.01195470243692398,0.01195470243692398,3.7155911922454834,-29.31292152404785,0.0,1.5707964,1.5758112668991089,4.6433234214782715,0.03222418203949928,-0.026733895763754845,4.643435236369384,0.006939784675924436,4.732921123504639,0.3480883240699768,-0.10785844177007675,0.3480883240699768,-0.10785844177007675,-0.015909207984805107,102.27619171142578,-0.016138389706611633,106.25591278076172,0.011287163943052281,-195.26672363281233,-0.0,-2.25,2.25
2.36,6.77999210357666,6.77999210357666,0.23868878185749054,0.23868878185749054,0.011542877182364464,0.011542877182364464,3.7144954204559326,-29.220006942749023,0.0,1.5707964,1.5752803087234497,4.649778366088867,0.032823462039232254,-0.02632356621325016,4.649894217442833,0.007059028249692734,4.73614501953125,0.3352876603603363,-0.10574498772621155,0.3352876603603363,-0.10574498772621155,-0.01568346470594406,98.37085723876953,-0.015909207984805107,102.27619171142578,0.011390028521418561,-191.81671142578108,-0.0,-2.25,2.25
2.38,6.873034477233887,6.873034477233887,0.2397477924823761,0.2397477924823761,0.011133728548884392,0.011133728548884392,3.7134363651275635,-29.126964569091797,0.0,1.5707964,1.5747570991516113,4.655989170074463,0.03339749202132225,-0.02593025006353855,4.65610894893193,0.007172894529564589,4.739186763763428,0.32280996441841125,-0.10387673228979111,0.32280996441841125,-0.10387673228979111,-0.01545566413551569,94.5345230102539,-0.01568346470594406,98.37085723876953,0.011647399514913549,-188.64898681640608,-0.0,-2.25,2.25
2.4,6.966198921203613,6.966198921203613,0.24077023565769196,0.24077023565769196,0.010728897526860237,0.010728897526860237,3.712413787841797,-29.03380012512207,0.0,1.5707964,1.5742419958114624,4.661961555480957,0.03395501896739006,-0.025545841082930565,4.662085208154769,0.007283290126907185,4.742045879364014,0.3106192648410797,-0.10216096043586731,0.3106192648410797,-0.10216096043586731,-0.015222716145217419,90.76154327392578,-0.01545566413551569,94.5345230102539,0.011988915503025045,-185.73379516601545,-0.0,-2.25,2.25
2.42,7.059481620788574,7.059481620788574,0.24175642430782318,0.24175642430782318,0.010329963639378548,0.010329963639378548,3.711427688598633,-28.94051742553711,0.0,1.5707964,1.5737344026565552,4.667700290679932,0.034503862261772156,-0.025163518264889717,4.66782781603226,0.007391912864180533,4.744721412658691,0.29868656396865845,-0.10052038729190826,0.29868656396865845,-0.10052038729190826,-0.014982937835156918,87.04686737060547,-0.015222716145217419,90.76154327392578,0.012338440865278234,-183.05778503417952,-0.0,-2.25,2.25
2.44,7.1528778076171875,7.1528778076171875,0.2427067905664444,0.2427067905664444,0.009938299655914307,0.009938299655914307,3.710477352142334,-28.84712028503418,0.0,1.5707964,1.5732345581054688,4.6732096672058105,0.035050343722105026,-0.024778075516223907,4.673341108913502,0.007500131386920282,4.747213363647461,0.2869866192340851,-0.09889595210552216,0.2869866192340851,-0.09889595210552216,-0.014736169017851353,83.38571166992188,-0.014982937835156918,87.04686737060547,0.01266072504222392,-180.5850982666014,-0.0,-2.25,2.25
2.46,7.246383190155029,7.246383190155029,0.24362196028232574,0.24362196028232574,0.00955494586378336,0.00955494586378336,3.709562063217163,-28.753616333007812,0.0,1.5707964,1.5727424621582031,4.678492546081543,0.03559885174036026,-0.0243862085044384,4.678627980721035,0.007608896323970404,4.749521255493164,0.27549946308135986,-0.09724848717451096,0.27549946308135986,-0.09724848717451096,-0.014482954517006874,79.77400970458984,-0.014736169017851353,83.38571166992188,0.01292983070015906,-178.29093933105452,-0.0,-2.25,2.25
2.48,7.339992523193359,7.339992523193359,0.24450263381004333,0.24450263381004333,0.009180623106658459,0.009180623106658459,3.708681583404541,-28.660005569458008,0.0,1.5707964,1.5722582340240479,4.6835527420043945,0.03615204617381096,-0.02398619055747986,4.683692267600364,0.007718783194593036,4.751645565032959,0.26420721411705017,-0.09555555135011673,0.26420721411705017,-0.09555555135011673,-0.014224357903003693,76.20819091796875,-0.014482954517006874,79.77400970458984,0.013132998719811427,-176.1539459228514,-0.0,-2.25,2.25
2.5,7.433701992034912,7.433701992034912,0.24534949660301208,0.24534949660301208,0.008815749548375607,0.008815749548375607,3.7078347206115723,-28.56629753112793,0.0,1.5707964,1.571782112121582,4.688394546508789,0.036711085587739944,-0.02357758954167366,4.688538271949839,0.007830043946457067,4.7535858154296875,0.25309181213378906,-0.09380816668272018,0.25309181213378906,-0.09380816668272018,-0.013961697928607464,72.68511199951172,-0.014224357903003693,76.20819091796875,0.013267574831843364,-174.15161132812486,-0.0,-2.25,2.25
2.52,7.5275068283081055,7.5275068283081055,0.24616336822509766,0.24616336822509766,0.008460506796836853,0.008460506796836853,3.7070207595825195,-28.472492218017578,0.0,1.5707964,1.5713142156600952,4.693019866943359,0.03727599233388901,-0.023160919547080994,4.693167903573187,0.007942691383948547,4.755342483520508,0.2421371191740036,-0.09200715273618698,0.2421371191740036,-0.09200715273618698,-0.013696346431970596,69.20207977294922,-0.013961697928607464,72.68511199951172,0.013338634744286525,-172.26448059082017,-0.0,-2.25,2.25
2.54,7.621402740478516,7.621402740478516,0.24694505333900452,0.24694505333900452,0.00811487715691328,0.00811487715691328,3.7062389850616455,-28.378597259521484,0.0,1.5707964,1.5708547830581665,4.697431564331055,0.03784595802426338,-0.02273731864988804,4.6975840192712335,0.008056559987150769,4.756916046142578,0.2313307523727417,-0.09015977382659912,0.2313307523727417,-0.09015977382659912,-0.013429573737084866,65.75679016113281,-0.013696346431970596,69.20207977294922,0.013358704745769489,-170.47748565673814,-0.0,-2.25,2.25
2.56,7.7153849601745605,7.7153849601745605,0.24769531190395355,0.24769531190395355,0.007778720464557409,0.007778720464557409,3.705488920211792,-28.28461456298828,0.0,1.5707964,1.5704036951065063,4.701632976531982,0.0384196899831295,-0.02230825647711754,4.701789948369811,0.008171381104829073,4.758307456970215,0.22066134214401245,-0.0882766917347908,0.22066134214401245,-0.0882766917347908,-0.013162399642169476,62.34724044799805,-0.013429573737084866,65.75679016113281,0.01333290711045264,-168.77841949462876,-0.0,-2.25,2.25
2.58,7.809450149536133,7.809450149536133,0.24841497838497162,0.24841497838497162,0.007451827172189951,0.007451827172189951,3.7047691345214844,-28.190549850463867,0.0,1.5707964,1.5699613094329834,4.705625534057617,0.038995712995529175,-0.021875256672501564,4.705787110825039,0.0082868515721295,4.759517192840576,0.21011878550052643,-0.08636947721242905,0.21011878550052643,-0.08636947721242905,-0.012895741499960423,58.97167205810547,-0.013162399642169476,62.34724044799805,0.013265199959278095,-167.16308593749986,-0.0,-2.25,2.25
2.6,7.903594017028809,7.903594017028809,0.2491047978401184,0.2491047978401184,0.0071339476853609085,0.0071339476853609085,3.7040793895721436,-28.096405029296875,0.0,1.5707964,1.5695276260375977,4.709412097930908,0.039572492241859436,-0.021439827978610992,4.709578355891345,0.008402654106567832,4.7605462074279785,0.19969472289085388,-0.08444948494434357,0.19969472289085388,-0.08444948494434357,-0.01263043750077486,55.62841033935547,-0.012895741499960423,58.97167205810547,0.013167317956686008,-165.61889648437486,-0.0,-2.25,2.25
2.62,7.997812271118164,7.997812271118164,0.2497655302286148,0.2497655302286148,0.006824800744652748,0.006824800744652748,3.703418493270874,-28.002187728881836,0.0,1.5707964,1.5691027641296387,4.712994575500488,0.04014848917722702,-0.02100343070924282,4.713165578449397,0.008518473215396127,4.7613959312438965,0.18938302993774414,-0.08252748847007751,0.18938302993774414,-0.08252748847007751,-0.01236709114164114,52.31603240966797,-0.01263043750077486,55.62841033935547,0.013053603470325458,-164.13478851318345,-0.0,-2.25,2.25
2.64,8.092101097106934,8.092101097106934,0.2503979206085205,0.2503979206085205,0.00652411300688982,0.00652411300688982,3.7027862071990967,-27.90789794921875,0.0,1.5707964,1.5686864852905273,4.71637487411499,0.0407223142683506,-0.02056734263896942,4.716550673963184,0.008634025803620764,4.762065887451172,0.17917628586292267,-0.08061260730028152,0.17917628586292267,-0.08061260730028152,-0.01210601907223463,49.0333366394043,-0.01236709114164114,52.31603240966797,0.012914324179291713,-162.71553039550767,-0.0,-2.25,2.25
2.66,8.186455726623535,8.186455726623535,0.251002699136734,0.251002699136734,0.006231639999896288,0.006231639999896288,3.702181339263916,-27.81354331970215,0.0,1.5707964,1.5682789087295532,4.719555377960205,0.04129284247756004,-0.02013257145881653,4.719736016396783,0.008749084512868942,4.7625579833984375,0.16906806826591492,-0.07871150970458984,0.16906806826591492,-0.07871150970458984,-0.011847732588648796,45.77902603149414,-0.01210601907223463,49.0333366394043,0.01276731491088866,-161.34357452392564,-0.0,-2.25,2.25
2.68,8.28087329864502,8.28087329864502,0.2515805959701538,0.2515805959701538,0.005947137251496315,0.005947137251496315,3.701603412628174,-27.719125747680664,0.0,1.5707964,1.5678800344467163,4.722537040710449,0.04185900837182999,-0.019700074568390846,4.722722549278549,0.008863437565449089,4.762872219085693,0.15905417501926422,-0.07683012634515762,0.15905417501926422,-0.07683012634515762,-0.011592386290431023,42.552154541015625,-0.011847732588648796,45.77902603149414,0.012663798406720151,-159.98153686523423,-0.0,-2.25,2.25
2.7,8.375349044799805,8.375349044799805,0.25213226675987244,0.25213226675987244,0.005670392420142889,0.005670392420142889,3.701051950454712,-27.624650955200195,0.0,1.5707964,1.5674898624420166,4.725322246551514,0.04242000728845596,-0.019270554184913635,4.725512648461858,0.008976925931004813,4.763010501861572,0.1491296887397766,-0.07497230172157288,0.1491296887397766,-0.07497230172157288,-0.01133911032229662,39.35252380371094,-0.011592386290431023,42.552154541015625,0.013340916484594333,-158.08696746826158,-0.0,-2.25,2.25
2.72,8.469879150390625,8.469879150390625,0.25265830755233765,0.25265830755233765,0.005401354283094406,0.005401354283094406,3.7005257606506348,-27.530120849609375,0.0,1.5707964,1.567108154296875,4.727912425994873,0.042975809425115585,-0.01884392276406288,4.728107742857862,0.009089556233752794,4.762974739074707,0.13929243385791779,-0.07313593477010727,0.13929243385791779,-0.07313593477010727,-0.011072291992604733,36.1907844543457,-0.01133911032229662,39.35252380371094,0.013771420344710338,-156.4989089965819,-0.0,-2.25,2.25
2.74,8.564459800720215,8.564459800720215,0.25315961241722107,0.25315961241722107,0.005142004229128361,0.005142004229128361,3.7000246047973633,-27.43553924560547,0.0,1.5707964,1.566735029220581,4.730309963226318,0.04353560134768486,-0.018410321325063705,4.730510299828431,0.009203281078509767,4.76276969909668,0.12955138087272644,-0.0712485983967781,0.12955138087272644,-0.0712485983967781,-0.010796863585710526,33.06080627441406,-0.011072291992604733,36.1907844543457,0.01395922154188155,-155.12323379516587,-0.0,-2.25,2.25
2.7600000000000002,8.659087181091309,8.659087181091309,0.25363701581954956,0.25363701581954956,0.004893226083368063,0.004893226083368063,3.699547052383423,-27.340911865234375,0.0,1.5707964,1.5663707256317139,4.732515811920166,0.044102743268013,-0.017966993153095245,4.7327213061871864,0.009318820766736841,4.762397766113281,0.11991110444068909,-0.06928659230470657,0.11991110444068909,-0.06928659230470657,-0.010517679154872894,29.958341598510742,-0.010796863585710526,33.06080627441406,0.013942224904894817,-153.89003753662095,-0.0,-2.25,2.25
2.7800000000000002,8.753756523132324,8.753756523132324,0.2540915012359619,0.2540915012359619,0.004655080381780863,0.004655080381780863,3.6990926265716553,-27.24624252319336,0.0,1.5707964,1.5660154819488525,4.734533309936523,0.04467662051320076,-0.017515288665890694,4.73474409692002,0.009436050312221066,4.7618584632873535,0.11036744713783264,-0.0672583058476448,0.11036744713783264,-0.0672583058476448,-0.010238834656774998,26.88054084777832,-0.010517679154872894,29.958341598510742,0.013773050159215915,-152.74400711059556,-0.0,-2.25,2.25
2.8000000000000003,8.848464965820312,8.848464965820312,0.25452396273612976,0.25452396273612976,0.004427103791385889,0.004427103791385889,3.698660135269165,-27.151535034179688,0.0,1.5707964,1.565669059753418,4.736363410949707,0.045254357159137726,-0.017058566212654114,4.736579601086108,0.0095543724571244,4.761152267456055,0.1009138897061348,-0.06518906354904175,0.1009138897061348,-0.06518906354904175,-0.00996337365359068,23.825660705566406,-0.010238834656774998,26.88054084777832,0.013488018885255148,-151.66158676147785,-0.0,-2.25,2.25
2.82,8.943208694458008,8.943208694458008,0.2549353837966919,0.2549353837966919,0.004208574537187815,0.004208574537187815,3.698248863220215,-27.056791305541992,0.0,1.5707964,1.5653319358825684,4.73800802230835,0.04583217203617096,-0.016600746661424637,4.738229691293134,0.009672998094030228,4.760279178619385,0.09154241532087326,-0.06310956925153732,0.09154241532087326,-0.06310956925153732,-0.009693613275885582,20.792428970336914,-0.00996337365359068,23.825660705566406,0.013130810111761081,-150.6200790405272,-0.0,-2.25,2.25
2.84,9.037983894348145,9.037983894348145,0.2553265392780304,0.2553265392780304,0.00399865722283721,0.00399865722283721,3.697857618331909,-26.96201515197754,0.0,1.5707964,1.5650038719177246,4.739468097686768,0.046406108886003494,-0.01614566147327423,4.7396952830253305,0.00979110419179911,4.759239196777344,0.08224654197692871,-0.06105005368590355,0.08224654197692871,-0.06105005368590355,-0.00943099707365036,17.780027389526367,-0.009693613275885582,20.792428970336914,0.012733088806271541,-149.60765838623033,-0.0,-2.25,2.25
2.86,9.13278865814209,9.13278865814209,0.25569820404052734,0.25569820404052734,0.0037965381052345037,0.0037965381052345037,3.69748592376709,-26.867210388183594,0.0,1.5707964,1.5646849870681763,4.7407450675964355,0.046972643584012985,-0.0156965684145689,4.740977771007285,0.009907958736356871,4.75803279876709,0.07301993668079376,-0.05903574079275131,0.07301993668079376,-0.05903574079275131,-0.009176335297524929,14.787874221801758,-0.00943099707365036,17.780027389526367,0.01232563517987727,-148.61230850219712,-0.0,-2.25,2.25
2.88,9.227617263793945,9.227617263793945,0.25605106353759766,0.25605106353759766,0.0036014746874570847,0.0036014746874570847,3.6971330642700195,-26.772382736206055,0.0,1.5707964,1.5643748044967651,4.741840839385986,0.047528885304927826,-0.015255982056260109,4.742079031501597,0.010022962668641245,4.756660461425781,0.06385735422372818,-0.05708542466163635,0.06385735422372818,-0.05708542466163635,-0.008929822593927383,11.815628051757812,-0.009176335297524929,14.787874221801758,0.011915946379303922,-147.63889312744126,-0.0,-2.25,2.25
2.9,9.322465896606445,9.322465896606445,0.2563857436180115,0.2563857436180115,0.003412865800783038,0.003412865800783038,3.696798324584961,-26.677534103393555,0.0,1.5707964,1.5640735626220703,4.74275541305542,0.04807278886437416,-0.014825594611465931,4.742999040806954,0.010135699283539393,4.755123615264893,0.05475517362356186,-0.055210620164871216,0.05475517362356186,-0.055210620164871216,-0.008691503666341305,8.862850189208984,-0.008929822593927383,11.815628051757812,0.011519202962517728,-146.678853034973,-0.0,-2.25,2.25
2.92,9.417330741882324,9.417330741882324,0.2567027807235718,0.2567027807235718,0.003230209229514003,0.003230209229514003,3.696481227874756,-26.58266830444336,0.0,1.5707964,1.563780665397644,4.743490219116211,0.04860292747616768,-0.014406503178179264,4.743739211150884,0.010245878977841788,4.753422260284424,0.04571354389190674,-0.053417567163705826,0.04571354389190674,-0.053417567163705826,-0.00846111960709095,5.9292731285095215,-0.008691503666341305,8.862850189208984,0.011144112795591344,-145.72778940200791,-0.0,-2.25,2.25
2.94,9.512210845947266,9.512210845947266,0.2570027709007263,0.2570027709007263,0.0030531189404428005,0.0030531189404428005,3.696181297302246,-26.487789154052734,0.0,1.5707964,1.5634961128234863,4.744046211242676,0.049118515104055405,-0.013999251648783684,4.74430048404736,0.010353347726872604,4.751557350158691,0.036728691309690475,-0.051707636564970016,0.036728691309690475,-0.051707636564970016,-0.008238237351179123,3.0147173404693604,-0.00846111960709095,5.9292731285095215,0.010786112397909154,-144.79075297713266,-0.0,-2.25,2.25
2.96,9.607099533081055,9.607099533081055,0.2572861909866333,0.2572861909866333,0.002881305990740657,0.002881305990740657,3.6958980560302734,-26.392900466918945,0.0,1.5707964,1.5632195472717285,4.744425296783447,0.049619272351264954,-0.013603932224214077,4.744684759701888,0.010458055563257138,4.749530792236328,0.027800386771559715,-0.05007849633693695,0.027800386771559715,-0.05007849633693695,-0.00802251510322094,0.1189022809267044,-0.008238237351179123,3.0147173404693604,0.010445713996887198,-143.86399164795864,-0.0,-2.25,2.25
2.98,9.701994895935059,9.701994895935059,0.25755345821380615,0.25755345821380615,0.0027145473286509514,0.0027145473286509514,3.6956305503845215,-26.298004150390625,0.0,1.5707964,1.562950849533081,4.744628429412842,0.050105202943086624,-0.013220417313277721,4.744892987682076,0.010560013539383782,4.747343063354492,0.01892733760178089,-0.04852604493498802,0.01892733760178089,-0.04852604493498802,-0.007813600823283195,-2.7583775520324707,-0.00802251510322094,0.1189022809267044,0.010125641711056224,-142.94197559356678,-0.0,-2.25,2.25
3.0,9.796894073486328,9.796894073486328,0.25780510902404785,0.25780510902404785,0.0025526685640215874,0.0025526685640215874,3.6953790187835693,-26.20310401916504,0.0,1.5707964,1.5626896619796753,4.744656562805176,0.05057654529809952,-0.012848432175815105,4.744926120173476,0.010659281468959527,4.7449951171875,0.01010802946984768,-0.04704509302973747,0.01010802946984768,-0.04704509302973747,-0.007611087989062071,-5.617217063903809,-0.007813600823283195,-2.7583775520324707,0.00981853809207677,-142.0243740081786,-0.0,-2.25,2.25
3.02,9.891791343688965,9.891791343688965,0.2580415904521942,0.2580415904521942,0.0023955299984663725,0.0023955299984663725,3.6951425075531006,-26.10820770263672,0.0,1.5707964,1.5624359846115112,4.744510173797607,0.05103367939591408,-0.012487568892538548,4.7447846342802205,0.010755949397298256,4.742487907409668,0.0013428997481241822,-0.04562986642122269,0.0013428997481241822,-0.04562986642122269,-0.007414717227220535,-8.457704544067383,-0.007611087989062071,-5.617217063903809,0.009523355402052394,-141.1107063293456,-0.0,-2.25,2.25
3.04,9.986684799194336,9.986684799194336,0.25826331973075867,0.25826331973075867,0.0022430066019296646,0.0022430066019296646,3.694920778274536,-26.013315200805664,0.0,1.5707964,1.5621893405914307,4.744191646575928,0.05147701874375343,-0.01213743630796671,4.744470914959808,0.010850109464523526,4.7398223876953125,-0.007369754370301962,-0.04427500069141388,-0.007369754370301962,-0.04427500069141388,-0.007224250119179487,-11.279918670654297,-0.007414717227220535,-8.457704544067383,0.009241956286132327,-140.1940345764159,-0.0,-2.25,2.25
3.06,10.081570625305176,10.081570625305176,0.25847068428993225,0.25847068428993225,0.0020949868485331535,0.0020949868485331535,3.6947133541107178,-25.918428421020508,0.0,1.5707964,1.5619494915008545,4.7437005043029785,0.05190698429942131,-0.011797653511166573,4.7439844866465775,0.01094186125920115,4.736999988555908,-0.016029629856348038,-0.04297563433647156,-0.016029629856348038,-0.04297563433647156,-0.0070394109934568405,-14.083799362182617,-0.007224250119179487,-11.279918670654297,0.008969451300799838,-139.2765998840331,-0.0,-2.25,2.25
3.08,10.176445960998535,10.176445960998535,0.25866419076919556,0.25866419076919556,0.0019513638690114021,0.0019513638690114021,3.6945199966430664,-25.82355308532715,0.0,1.5707964,1.5617164373397827,4.743038654327393,0.05232401192188263,-0.011467826552689075,4.743327258229966,0.011031301511181969,4.73402214050293,-0.024636806920170784,-0.04172724485397339,-0.024636806920170784,-0.04172724485397339,-0.006860021967440844,-16.86933135986328,-0.0070394109934568405,-14.083799362182617,0.008702417835593217,-138.35706710815418,-0.0,-2.25,2.25
3.1,10.271306037902832,10.271306037902832,0.25884416699409485,0.25884416699409485,0.0018120305612683296,0.0018120305612683296,3.6943399906158447,-25.72869300842285,0.0,1.5707964,1.5614898204803467,4.742207050323486,0.052728503942489624,-0.011147608049213886,4.742500184846153,0.011118521518028425,4.730889797210693,-0.03319032862782478,-0.04052601754665375,-0.03319032862782478,-0.04052601754665375,-0.006685973610728979,-19.636472702026367,-0.006860021967440844,-16.86933135986328,0.00843883026391267,-137.43438720703114,-0.0,-2.25,2.25
3.12,10.366147994995117,10.366147994995117,0.25901103019714355,0.25901103019714355,0.0016768751665949821,0.0016768751665949821,3.6941730976104736,-25.633852005004883,0.0,1.5707964,1.5612696409225464,4.741206169128418,0.053120773285627365,-0.010836726054549217,4.741503744038997,0.011203594357575862,4.727604389190674,-0.04169074445962906,-0.0393691211938858,-0.04169074445962906,-0.0393691211938858,-0.0065171970054507256,-22.385160446166992,-0.006685973610728979,-19.636472702026367,0.00818339176476001,-136.50388717651356,-0.0,-2.25,2.25
3.14,10.460967063903809,10.460967063903809,0.2591651678085327,0.2591651678085327,0.0015457654371857643,0.0015457654371857643,3.694018840789795,-25.539031982421875,0.0,1.5707964,1.5610555410385132,4.74003791809082,0.05350106582045555,-0.010534974746406078,4.7403398431950725,0.01128657511807012,4.724165916442871,-0.0501374751329422,-0.03825445845723152,-0.0501374751329422,-0.03825445845723152,-0.006353529170155525,-25.115238189697266,-0.0065171970054507256,-22.385160446166992,0.007935892790555947,-135.56604385375965,-0.0,-2.25,2.25
3.16,10.55576229095459,10.55576229095459,0.25930702686309814,0.25930702686309814,0.0014185840263962746,0.0014185840263962746,3.6938772201538086,-25.444236755371094,0.0,1.5707964,1.5608474016189575,4.738702774047852,0.05386964976787567,-0.01024213433265686,4.739008959680802,0.011367526506554872,4.720577239990234,-0.058532219380140305,-0.037180040031671524,-0.058532219380140305,-0.037180040031671524,-0.006194811314344406,-27.82655906677246,-0.006353529170155525,-25.115238189697266,0.007690093480050557,-134.62429046630848,-0.0,-2.25,2.25
3.18,10.650530815124512,10.650530815124512,0.2594369351863861,0.2594369351863861,0.0012952079996466637,0.0012952079996466637,3.6937472820281982,-25.349468231201172,0.0,1.5707964,1.5606451034545898,4.737202167510986,0.05422677844762802,-0.009957966394722462,4.737512524455381,0.01144650538449229,4.716838359832764,-0.06687254458665848,-0.03614408150315285,-0.06687254458665848,-0.03614408150315285,-0.006041009444743395,-30.519044876098633,-0.006194811314344406,-27.82655906677246,0.007447670213878148,-133.67586135864246,-0.0,-2.25,2.25
3.2,10.745267868041992,10.745267868041992,0.25955522060394287,0.25955522060394287,0.0011755144223570824,0.0011755144223570824,3.6936287879943848,-25.254732131958008,0.0,1.5707964,1.5604482889175415,4.735537052154541,0.05457264557480812,-0.00968231912702322,4.73585149112317,0.011523556746000127,4.71295166015625,-0.07516026496887207,-0.035145387053489685,-0.07516026496887207,-0.035145387053489685,-0.005892056040465832,-33.192562103271484,-0.006041009444743395,-30.519044876098633,0.007212953642010683,-132.71827697753895,-0.0,-2.25,2.25
3.22,10.839971542358398,10.839971542358398,0.2596622705459595,0.2596622705459595,0.0010593682527542114,0.0010593682527542114,3.6935219764709473,-25.1600284576416,0.0,1.5707964,1.560257077217102,4.733708381652832,0.05490740388631821,-0.009415053762495518,4.734026812929117,0.011598716524639579,4.70891809463501,-0.08339360356330872,-0.034183114767074585,-0.08339360356330872,-0.034183114767074585,-0.005747796967625618,-35.846927642822266,-0.005892056040465832,-33.192562103271484,0.006929389201104635,-131.6333770751952,-0.0,-2.25,2.25
3.24,10.934636116027832,10.934636116027832,0.2597584128379822,0.2597584128379822,0.000946650339756161,0.000946650339756161,3.6934256553649902,-25.06536293029785,0.0,1.5707964,1.5600709915161133,4.731717109680176,0.0552312433719635,-0.00915598776191473,4.732039443652655,0.011672028124957658,4.704738616943359,-0.09157194942235947,-0.03325624391436577,-0.09157194942235947,-0.03325624391436577,-0.005609209183603525,-38.47959518432617,-0.005747796967625618,-35.846927642822266,0.004419009201228614,-128.99131774902332,-0.0,-2.25,2.25
3.2600000000000002,11.02925968170166,11.02925968170166,0.25984397530555725,0.25984397530555725,0.0008370932191610336,0.0008370932191610336,3.6933400630950928,-24.970739364624023,0.0,1.5707964,1.5598900318145752,4.729564666748047,0.05554370582103729,-0.008905637077987194,4.729890806372585,0.011743396362208551,4.700415134429932,-0.09969547390937805,-0.0323687344789505,-0.09969547390937805,-0.0323687344789505,-0.005520828999578953,-41.05942153930664,-0.005609209183603525,-38.47959518432617,0.002467283047735689,-125.8939743041991,-0.0,-2.25,2.25
3.2800000000000002,11.12384033203125,11.12384033203125,0.25991901755332947,0.25991901755332947,0.0007246378809213638,0.0007246378809213638,3.693265199661255,-24.87615966796875,0.0,1.5707964,1.5597138404846191,4.727252006530762,0.05581814795732498,-0.008692387491464615,4.727581538047811,0.011807188191466015,4.695963382720947,-0.1077650934457779,-0.03172487020492554,-0.1077650934457779,-0.03172487020492554,-0.005471483338624239,-43.577301025390625,-0.005520828999578953,-41.05942153930664,0.0011869706213474263,-122.61505126953114,-0.0,-2.25,2.25
3.3000000000000003,11.21837329864502,11.21837329864502,0.2599831223487854,0.2599831223487854,0.0006059762090444565,0.0006059762090444565,3.6932010650634766,-24.781625747680664,0.0,1.5707964,1.5595413446426392,4.7247819900512695,0.056042902171611786,-0.008526120334863663,4.725114354213732,0.011860922725890097,4.6913957595825195,-0.11575216799974442,-0.031403183937072754,-0.11575216799974442,-0.031403183937072754,-0.00544774392619729,-46.02960205078125,-0.005471483338624239,-43.577301025390625,0.00046864151954650836,-119.32964324951162,-0.0,-2.25,2.25
3.3200000000000003,11.312854766845703,11.312854766845703,0.2600356936454773,0.2600356936454773,0.00048017222434282303,0.00048017222434282303,3.693148374557495,-24.687145233154297,0.0,1.5707964,1.5593719482421875,4.722156047821045,0.05621795356273651,-0.008404430001974106,4.722490677415431,0.011904582832341156,4.6867218017578125,-0.12362268567085266,-0.03138817474246025,-0.12362268567085266,-0.03138817474246025,-0.00543837109580636,-48.416194915771484,-0.00544774392619729,-46.02960205078125,0.0001899199560284655,-116.14589691162357,-0.0,-2.25,2.25
3.34,11.407282829284668,11.407282829284668,0.26007604598999023,0.26007604598999023,0.0003478015132714063,0.0003478015132714063,3.693108081817627,-24.592716217041016,0.0,1.5707964,1.5592046976089478,4.7193779945373535,0.05634996294975281,-0.008318937383592129,4.7197143953472285,0.011939557579433144,4.681948184967041,-0.13134586811065674,-0.031614139676094055,-0.13134586811065674,-0.031614139676094055,-0.005434572696685791,-50.739112854003906,-0.00543837109580636,-48.416194915771484,0.00022582244127988796,-113.12427520751943,-0.0,-2.25,2.25
3.36,11.501654624938965,11.501654624938965,0.260103702545166,0.260103702545166,0.0002102721482515335,0.0002102721482515335,3.693080425262451,-24.49834442138672,0.0,1.5707964,1.559038758277893,4.716452598571777,0.05644870176911354,-0.008259170688688755,4.716790388654757,0.011967894409018982,4.677080154418945,-0.138901025056839,-0.03199578821659088,-0.138901025056839,-0.03199578821659088,-0.005430056247860193,-53.0015983581543,-0.005434572696685791,-50.739112854003906,0.00045569613575935326,-110.30387878417959,-0.0,-2.25,2.25
3.38,11.595966339111328,11.595966339111328,0.2601182460784912,0.2601182460784912,6.935186684131622e-05,6.935186684131622e-05,3.693065881729126,-24.404033660888672,0.0,1.5707964,1.5588740110397339,4.713382720947266,0.05652454495429993,-0.008214889094233513,4.713721639883558,0.011991777204090823,4.672120571136475,-0.14627617597579956,-0.032448720186948776,-0.14627617597579956,-0.032448720186948776,-0.005420942325145006,-55.20767593383789,-0.005430056247860193,-53.0015983581543,0.0007919501513242715,-107.68814086914053,-0.0,-2.25,2.25
3.4,11.690215110778809,11.690215110778809,0.2601194381713867,0.2601194381713867,-7.322710007429123e-05,-7.322710007429123e-05,3.6930646896362305,-24.309783935546875,0.0,1.5707964,1.558709979057312,4.710172176361084,0.056586842983961105,-0.008177467621862888,4.710512074261672,0.012013174615130434,4.6670708656311035,-0.15346820652484894,-0.03290189802646637,-0.15346820652484894,-0.03290189802646637,-0.005405103322118521,-57.3614387512207,-0.005420942325145006,-55.20767593383789,0.0011675991117954243,-105.2703857421874,-0.0,-2.25,2.25
3.42,11.784399032592773,11.784399032592773,0.26010721921920776,0.26010721921920776,-0.00021594855934381485,-0.00021594855934381485,3.6930768489837646,-24.215600967407227,0.0,1.5707964,1.5585466623306274,4.706825256347656,0.05664318427443504,-0.008140303194522858,4.707166073564531,0.012033684491135574,4.661932468414307,-0.16047866642475128,-0.03330225497484207,-0.16047866642475128,-0.03330225497484207,-0.005381751339882612,-59.46684646606445,-0.005405103322118521,-57.3614387512207,0.0015305820852518069,-103.04317474365226,-0.0,-2.25,2.25
3.44,11.878515243530273,11.878515243530273,0.26008158922195435,0.26008158922195435,-0.00035759154707193375,-0.00035759154707193375,3.6931025981903076,-24.121484756469727,0.0,1.5707964,1.5583842992782593,4.703344821929932,0.056699175387620926,-0.008098851889371872,4.7036865659251506,0.01205449125551035,4.656705379486084,-0.16731424629688263,-0.03361514210700989,-0.16731424629688263,-0.03361514210700989,-0.005351139698177576,-61.5277099609375,-0.005381751339882612,-59.46684646606445,0.0018511665984988195,-100.98781585693351,-0.0,-2.25,2.25
3.46,11.972561836242676,11.972561836242676,0.2600427269935608,0.2600427269935608,-0.0004972768947482109,-0.0004972768947482109,3.693141460418701,-24.027437210083008,0.0,1.5707964,1.558222770690918,4.699733734130859,0.05675845220685005,-0.008050460368394852,4.700076456146698,0.01207636351345082,4.651390075683594,-0.17398440837860107,-0.03382287919521332,-0.17398440837860107,-0.03382287919521332,-0.0053141163662076,-63.54746627807617,-0.005351139698177576,-61.5277099609375,0.0021217390894889814,-99.08008575439445,-0.0,-2.25,2.25
3.48,12.066533088684082,12.066533088684082,0.2599908411502838,0.2599908411502838,-0.0006344448775053024,-0.0006344448775053024,3.693193197250366,-23.9334659576416,0.0,1.5707964,1.558062195777893,4.695995330810547,0.056822970509529114,-0.00799399334937334,4.69633910583254,0.01209971336442311,4.645986080169678,-0.18049950897693634,-0.033921390771865845,-0.18049950897693634,-0.033921390771865845,-0.00527168158441782,-65.52906799316406,-0.0053141163662076,-63.54746627807617,0.002080248668789862,-97.0470428466796,-0.0,-2.25,2.25
3.5,12.160429000854492,12.160429000854492,0.2599262595176697,0.2599262595176697,-0.0007687825709581375,-0.0007687825709581375,3.6932578086853027,-23.839570999145508,0.0,1.5707964,1.5579029321670532,4.692131996154785,0.056893445551395416,-0.007929345592856407,4.692476908146293,0.012124692493083938,4.640494346618652,-0.18687061965465546,-0.03391576558351517,-0.18687061965465546,-0.03391576558351517,-0.005230076611042023,-67.47000885009766,-0.00527168158441782,-65.52906799316406,0.0020573614165186865,-95.09658813476554,-0.0,-2.25,2.25
3.52,12.254246711730957,12.254246711730957,0.2598491907119751,0.2598491907119751,-0.0009008422493934631,-0.0009008422493934631,3.6933350563049316,-23.745752334594727,0.0,1.5707964,1.5577448606491089,4.688146591186523,0.05696668103337288,-0.007860337384045124,4.688492685629549,0.012150617824071811,4.63491678237915,-0.19310809671878815,-0.03384024649858475,-0.19310809671878815,-0.03384024649858475,-0.005188929382711649,-69.37194061279297,-0.005230076611042023,-67.47000885009766,0.0020470703020691854,-93.24607849121085,-0.0,-2.25,2.25
3.54,12.347984313964844,12.347984313964844,0.25975990295410156,0.25975990295410156,-0.0010309796780347824,-0.0010309796780347824,3.6934242248535156,-23.652015686035156,0.0,1.5707964,1.5575883388519287,4.684041500091553,0.05704069882631302,-0.007788985501974821,4.6843887985416535,0.012177065350129222,4.629255294799805,-0.1992173045873642,-0.03371720388531685,-0.1992173045873642,-0.03371720388531685,-0.005147987976670265,-71.23686218261719,-0.005188929382711649,-69.37194061279297,0.0020595267415046675,-91.49093627929679,-0.0,-2.25,2.25
3.56,12.441638946533203,12.441638946533203,0.2596585750579834,0.2596585750579834,-0.0011594147654250264,-0.0011594147654250264,3.693525552749634,-23.558361053466797,0.0,1.5707964,1.5574331283569336,4.679819583892822,0.057114314287900925,-0.007716343272477388,4.680168093421791,0.012203777912631395,4.623510360717773,-0.20520275831222534,-0.033560991287231445,-0.20520275831222534,-0.033560991287231445,-0.005106797441840172,-73.06668090820312,-0.005147987976670265,-71.23686218261719,0.0020813196897506697,-89.84031677246085,-0.0,-2.25,2.25
3.58,12.535207748413086,12.535207748413086,0.25954538583755493,0.25954538583755493,-0.0012862375006079674,-0.0012862375006079674,3.693638801574707,-23.464792251586914,0.0,1.5707964,1.5572794675827026,4.675482273101807,0.05718699097633362,-0.007642772514373064,4.675831994204471,0.012230639771760064,4.617684364318848,-0.21106967329978943,-0.033379510045051575,-0.21106967329978943,-0.033379510045051575,-0.005065171048045158,-74.86348724365234,-0.005106797441840172,-73.06668090820312,0.0021058600395917875,-88.29116821289054,-0.0,-2.25,2.25
3.6,12.62868881225586,12.62868881225586,0.2594204843044281,0.2594204843044281,-0.0014114836230874062,-0.0014114836230874062,3.6937637329101562,-23.37131118774414,0.0,1.5707964,1.5571273565292358,4.671032428741455,0.05725850909948349,-0.007568386383354664,4.671383359050998,0.012257598779606154,4.611776828765869,-0.21682214736938477,-0.03317750617861748,-0.21682214736938477,-0.03317750617861748,-0.005023053847253323,-76.62931060791016,-0.005065171048045158,-74.86348724365234,0.002135685645043848,-86.83242797851555,-0.0,-2.25,2.25
3.62,12.72208023071289,12.72208023071289,0.2592840790748596,0.2592840790748596,-0.001535167102701962,-0.001535167102701962,3.6939001083374023,-23.27791976928711,0.0,1.5707964,1.556976556777954,4.6664719581604,0.057328760623931885,-0.007493236567825079,4.66682409386641,0.012284628996130925,4.605788707733154,-0.22246642410755157,-0.032958198338747025,-0.22246642410755157,-0.032958198338747025,-0.004980340134352446,-78.36595916748047,-0.005023053847253323,-76.62931060791016,0.0021610176190733892,-85.46333312988274,-0.0,-2.25,2.25
3.64,12.815378189086914,12.815378189086914,0.2591363191604614,0.2591363191604614,-0.0016572633758187294,-0.0016572633758187294,3.6940479278564453,-23.184621810913086,0.0,1.5707964,1.556827425956726,4.661801815032959,0.05739776790142059,-0.007417293265461922,4.662155152545297,0.012311734830045155,4.5997209548950195,-0.2280067354440689,-0.03272340074181557,-0.2280067354440689,-0.03272340074181557,-0.004937119781970978,-80.07522583007812,-0.004980340134352446,-78.36595916748047,0.0021812506020069105,-84.17549133300774,-0.0,-2.25,2.25
3.66,12.908583641052246,12.908583641052246,0.25897741317749023,0.25897741317749023,-0.0017777729080989957,-0.0017777729080989957,3.694206714630127,-23.091415405273438,0.0,1.5707964,1.5566797256469727,4.65702486038208,0.05746549367904663,-0.007340596988797188,4.657379395451965,0.012338902846056652,4.593572616577148,-0.23344813287258148,-0.032475121319293976,-0.23344813287258148,-0.032475121319293976,-0.0048934947699308395,-81.75873565673828,-0.004937119781970978,-80.07522583007812,0.002196617424488066,-82.95974731445305,-0.0,-2.25,2.25
3.68,13.001690864562988,13.001690864562988,0.2588074803352356,0.2588074803352356,-0.001896694186143577,-0.001896694186143577,3.6943767070770264,-22.998308181762695,0.0,1.5707964,1.5565334558486938,4.652142524719238,0.05753188580274582,-0.007263247389346361,4.652498252357018,0.012366120095722005,4.587344646453857,-0.23879793286323547,-0.032215267419815063,-0.23879793286323547,-0.032215267419815063,-0.004849562421441078,-83.41793060302734,-0.0048934947699308395,-81.75873565673828,0.002200924791395662,-81.81343078613274,-0.0,-2.25,2.25
3.7,13.094700813293457,13.094700813293457,0.2586267292499542,0.2586267292499542,-0.0020140307024121284,-0.0020140307024121284,3.6945574283599854,-22.90530014038086,0.0,1.5707964,1.5563889741897583,4.647156715393066,0.05759686231613159,-0.007185359951108694,4.647513629455167,0.012393365866460322,4.581037998199463,-0.24406085908412933,-0.03194570168852806,-0.24406085908412933,-0.03194570168852806,-0.004805543925613165,-85.05419921875,-0.004849562421441078,-83.41793060302734,0.0021973391994833925,-80.72814941406243,-0.0,-2.25,2.25
3.72,13.187610626220703,13.187610626220703,0.25843536853790283,0.25843536853790283,-0.0021298201754689217,-0.0021298201754689217,3.694748878479004,-22.812389373779297,0.0,1.5707964,1.5562459230422974,4.642068386077881,0.05766025185585022,-0.00710715027526021,4.642426478218883,0.01242060261102737,4.574652194976807,-0.2492423951625824,-0.03166878968477249,-0.2492423951625824,-0.03166878968477249,-0.004761597141623497,-86.66876220703125,-0.004805543925613165,-85.05419921875,0.0014649936929345118,-80.27534484863274,-0.0,-2.25,2.25
3.74,13.280417442321777,13.280417442321777,0.2582334578037262,0.2582334578037262,-0.00224409531801939,-0.00224409531801939,3.694950580596924,-22.71958351135254,0.0,1.5707964,1.5561044216156006,4.636879920959473,0.05772187188267708,-0.007028844673186541,4.637239180362683,0.012447786345860417,4.568187713623047,-0.2543475329875946,-0.03138680011034012,-0.2543475329875946,-0.03138680011034012,-0.004732297267764807,-88.2742691040039,-0.004761597141623497,-86.66876220703125,0.0001881271600723265,-80.21392822265618,-0.0,-2.25,2.25
3.7600000000000002,13.373120307922363,13.373120307922363,0.2580212354660034,0.2580212354660034,-0.0023588165640830994,-0.0023588165640830994,3.695162773132324,-22.62687873840332,0.0,1.5707964,1.5559645891189575,4.631592273712158,0.05777303874492645,-0.006959730759263039,4.63195258113854,0.012473041505458473,4.56164026260376,-0.2593900263309479,-0.03116697631776333,-0.2593900263309479,-0.03116697631776333,-0.00472853472456336,-89.87854766845703,-0.004732297267764807,-88.2742691040039,-0.0007121590897440904,-79.77638244628899,-0.0,-2.25,2.25
3.7800000000000002,13.465716361999512,13.465716361999512,0.2577984631061554,0.2577984631061554,-0.00247692852281034,-0.00247692852281034,3.695385694503784,-22.534284591674805,0.0,1.5707964,1.5558257102966309,4.626204967498779,0.057801470160484314,-0.0069121504202485085,4.626566049594785,0.012493709870416769,4.555005073547363,-0.2643904685974121,-0.031100088730454445,-0.2643904685974121,-0.031100088730454445,-0.004742777906358242,-91.47407531738281,-0.00472853472456336,-89.87854766845703,-0.0014998717233538615,-78.8352966308593,-0.0,-2.25,2.25
3.8000000000000003,13.55820369720459,13.55820369720459,0.25756484270095825,0.25756484270095825,-0.002599732019007206,-0.002599732019007206,3.6956193447113037,-22.441795349121094,0.0,1.5707964,1.555687665939331,4.6207194328308105,0.05780337005853653,-0.006888705305755138,4.621080967320354,0.012508951465609087,4.548282146453857,-0.2693604826927185,-0.031206995248794556,-0.2693604826927185,-0.031206995248794556,-0.004772775340825319,-93.05078125,-0.004742777906358242,-91.47407531738281,-0.005991267971694464,-73.11897277832024,-0.0,-2.25,2.25
3.8200000000000003,13.650580406188965,13.650580406188965,0.25731998682022095,0.25731998682022095,-0.0027279795613139868,-0.0027279795613139868,3.695864200592041,-22.34942054748535,0.0,1.5707964,1.5555498600006104,4.615135669708252,0.057777564972639084,-0.0068895951844751835,4.615497318472583,0.012518493694825052,4.541475772857666,-0.2743018865585327,-0.03148703649640083,-0.2743018865585327,-0.03148703649640083,-0.004892600700259209,-94.5131607055664,-0.004772775340825319,-93.05078125,-0.009735557250678747,-66.12510681152484,-0.0,-2.25,2.25
3.84,13.742844581604004,13.742844581604004,0.2570629119873047,0.2570629119873047,-0.002872217446565628,-0.002872217446565628,3.6961212158203125,-22.257156372070312,0.0,1.5707964,1.555411458015442,4.609454154968262,0.057679686695337296,-0.0069613223895430565,4.609815023730501,0.01251269119318697,4.534627914428711,-0.2791978120803833,-0.03227056562900543,-0.2791978120803833,-0.03227056562900543,-0.0050873118452727795,-95.83566284179688,-0.004892600700259209,-94.5131607055664,-0.012991297990083682,-59.4558715820312,-0.0,-2.25,2.25
3.86,13.834994316101074,13.834994316101074,0.2567920386791229,0.2567920386791229,-0.003038773313164711,-0.003038773313164711,3.696392059326172,-22.165006637573242,0.0,1.5707964,1.555270791053772,4.603679180145264,0.05748816579580307,-0.0071217999793589115,4.604038106153069,0.012486790600488096,4.527773857116699,-0.2839619219303131,-0.033694829791784286,-0.2839619219303131,-0.033694829791784286,-0.005347137805074453,-97.0247802734375,-0.0050873118452727795,-95.83566284179688,-0.01484323292970656,-52.7114868164062,-0.0,-2.25,2.25
3.88,13.92702865600586,13.92702865600586,0.2565051317214966,0.2565051317214966,-0.0032314781565219164,-0.0032314781565219164,3.69667911529541,-22.07297134399414,0.0,1.5707964,1.5551260709762573,4.5978169441223145,0.05719415098428726,-0.007375657558441162,4.598172661238927,0.012438772986681102,4.520931720733643,-0.2885105013847351,-0.0357915498316288,-0.2885105013847351,-0.0357915498316288,-0.005644002463668585,-98.07901000976562,-0.005347137805074453,-97.0247802734375,-0.015319930389523492,-45.989608764648395,-0.0,-2.25,2.25
3.9,14.018943786621094,14.018943786621094,0.2561999261379242,0.2561999261379242,-0.0034498656168580055,-0.0034498656168580055,3.69698429107666,-21.981056213378906,0.0,1.5707964,1.5549756288528442,4.591874122619629,0.056808266788721085,-0.007708254270255566,4.592225510268341,0.012370846261058275,4.514115333557129,-0.29277440905570984,-0.03844214230775833,-0.29277440905570984,-0.03844214230775833,-0.005950401071459055,-98.9988021850586,-0.005644002463668585,-98.07901000976562,-0.014799833297729478,-39.61219787597653,-0.0,-2.25,2.25
3.92,14.110739707946777,14.110739707946777,0.25587424635887146,0.25587424635887146,-0.0036902623251080513,-0.0036902623251080513,3.697309970855713,-21.88926124572754,0.0,1.5707964,1.5548181533813477,4.585858345031738,0.056353989988565445,-0.00809388980269432,4.586204589078519,0.012288027522518124,4.507336616516113,-0.2967001497745514,-0.04143780097365379,-0.2967001497745514,-0.04143780097365379,-0.006246397737413645,-99.79104614257812,-0.005950401071459055,-98.9988021850586,-0.013631558977067458,-33.77380371093747,-0.0,-2.25,2.25
3.94,14.202415466308594,14.202415466308594,0.25552627444267273,0.25552627444267273,-0.003947526216506958,-0.003947526216506958,3.697657823562622,-21.797584533691406,0.0,1.5707964,1.5546525716781616,4.57977819442749,0.05585901811718941,-0.008504949510097504,4.580118834709263,0.012196278085319527,4.500601768493652,-0.30025219917297363,-0.0445515476167202,-0.30025219917297363,-0.0445515476167202,-0.006519028916954994,-100.46652221679688,-0.006246397737413645,-99.79104614257812,-0.01211198978126048,-28.5713195800781,-0.0,-2.25,2.25
3.96,14.293968200683594,14.293968200683594,0.2551547586917877,0.2551547586917877,-0.004216237459331751,-0.004216237459331751,3.6980292797088623,-21.706031799316406,0.0,1.5707964,1.5544788837432861,4.573641777038574,0.05534973368048668,-0.008916907012462616,4.573976683116243,0.012101304500495512,4.493913650512695,-0.30341729521751404,-0.047581594437360764,-0.30341729521751404,-0.047581594437360764,-0.006761268712580204,-101.03794860839844,-0.006519028916954994,-100.46652221679688,-0.010468834079802028,-24.031829833984354,-0.0,-2.25,2.25
3.98,14.385396957397461,14.385396957397461,0.2547589838504791,0.2547589838504791,-0.004491493105888367,-0.004491493105888367,3.698425054550171,-21.61460304260254,0.0,1.5707964,1.5542970895767212,4.567456245422363,0.0548480749130249,-0.009310676716268063,4.567785553763379,0.012007873918654016,4.487272262573242,-0.3061977028846741,-0.050373565405607224,-0.3061977028846741,-0.050373565405607224,-0.006970645394176245,-101.51858520507812,-0.006761268712580204,-101.03794860839844,-0.008863070979714385,-20.135879516601545,-0.0,-2.25,2.25
4.0,14.476701736450195,14.476701736450195,0.2543385326862335,0.2543385326862335,-0.004769261926412582,-0.004769261926412582,3.698845624923706,-21.523298263549805,0.0,1.5707964,1.554107666015625,4.561229228973389,0.054370276629924774,-0.009673216380178928,4.561553266840363,0.01191952848403584,4.480675220489502,-0.3086107671260834,-0.052826620638370514,-0.3086107671260834,-0.052826620638370514,-0.007147906813770533,-101.92130279541016,-0.006970645394176245,-101.51858520507812,-0.007393420673906632,-16.830825805663675,-0.0,-2.25,2.25
4.0200000000000005,14.56788158416748,14.56788158416748,0.2538933753967285,0.2538933753967285,-0.005046539008617401,-0.005046539008617401,3.6992907524108887,-21.432119369506836,0.0,1.5707964,1.5539113283157349,4.554966449737549,0.05392681807279587,-0.009997072629630566,4.555285661727719,0.011838572101670155,4.474118709564209,-0.3106825649738312,-0.054889973253011703,-0.3106825649738312,-0.054889973253011703,-0.007295775227248669,-102.25791931152344,-0.007147906813770533,-101.92130279541016,-0.0061084749177099575,-14.049911499023738,-0.0,-2.25,2.25
4.04,14.658935546875,14.658935546875,0.2534237205982208,0.2534237205982208,-0.005321340635418892,-0.005321340635418892,3.6997604370117188,-21.341064453125,0.0,1.5707964,1.553708791732788,4.548673629760742,0.053523119539022446,-0.010279366746544838,4.548988515528035,0.011766210085175177,4.467597961425781,-0.3124453127384186,-0.05655384063720703,-0.3124453127384186,-0.05655384063720703,-0.007417944725602865,-102.5389175415039,-0.007295775227248669,-102.25791931152344,-0.0052722170948981024,-12.261581420898155,-0.0,-2.25,2.25
4.0600000000000005,14.749863624572754,14.749863624572754,0.25292983651161194,0.25292983651161194,-0.005592489615082741,-0.005592489615082741,3.700254201889038,-21.25013542175293,0.0,1.5707964,1.5535011291503906,4.542356014251709,0.0531606450676918,-0.010520599782466888,4.542667081615456,0.011702785515568177,4.461108207702637,-0.313936710357666,-0.05783802270889282,-0.313936710357666,-0.05783802270889282,-0.00752338906750083,-102.78414916992188,-0.007417944725602865,-102.5389175415039,-0.004682247526943783,-10.976028442383047,-0.0,-2.25,2.25
4.08,14.840664863586426,14.840664863586426,0.25241219997406006,0.25241219997406006,-0.005860131233930588,-0.005860131233930588,3.7007718086242676,-21.159334182739258,0.0,1.5707964,1.5532889366149902,4.536017417907715,0.0528351292014122,-0.010726608335971832,4.5363251169244805,0.01164738471660615,4.4546403884887695,-0.3151989281177521,-0.058803487569093704,-0.3151989281177521,-0.058803487569093704,-0.007617034018039703,-103.00366973876953,-0.00752338906750083,-102.78414916992188,-0.004172069020569414,-9.84649658203146,-0.0,-2.25,2.25
4.1,14.9313383102417,14.9313383102417,0.2518710792064667,0.2518710792064667,-0.00612485921010375,-0.00612485921010375,3.701313018798828,-21.068660736083984,0.0,1.5707964,1.5530728101730347,4.529660701751709,0.052540820091962814,-0.01090388186275959,4.529965409445167,0.01159876366057914,4.448187828063965,-0.316275030374527,-0.0595172680914402,-0.316275030374527,-0.0595172680914402,-0.00770047539845109,-103.20059967041016,-0.007617034018039703,-103.00366973876953,-0.0031874980777501323,-9.932327270507583,-0.0,-2.25,2.25
4.12,15.02188491821289,15.02188491821289,0.2513068914413452,0.2513068914413452,-0.0063871704041957855,-0.0063871704041957855,3.7018771171569824,-20.97811508178711,0.0,1.5707964,1.5528533458709717,4.523288249969482,0.05227296054363251,-0.011057281866669655,4.523590283692366,0.01155589270769263,4.441744804382324,-0.3172028064727783,-0.0600331611931324,-0.3172028064727783,-0.0600331611931324,-0.007764225360006094,-103.39924621582031,-0.00770047539845109,-103.20059967041016,-0.0023738248273730785,-10.259246826172093,-0.0,-2.25,2.25
4.14,15.112303733825684,15.112303733825684,0.25071990489959717,0.25071990489959717,-0.006646004971116781,-0.006646004971116781,3.7024641036987305,-20.8876953125,0.0,1.5707964,1.5526310205459595,4.51690149307251,0.05203399062156677,-0.011183840222656727,4.517201194799792,0.011519332252564764,4.435299873352051,-0.3180178105831146,-0.06034524738788605,-0.3180178105831146,-0.06034524738788605,-0.0078117018565535545,-103.60443115234375,-0.007764225360006094,-103.39924621582031,-0.0017669983208179066,-10.698318481445066,-0.0,-2.25,2.25
4.16,15.202594757080078,15.202594757080078,0.25011053681373596,0.25011053681373596,-0.006900849286466837,-0.006900849286466837,3.703073501586914,-20.797405242919922,0.0,1.5707964,1.5524064302444458,4.510500431060791,0.0518236868083477,-0.011284048669040203,4.510798137038942,0.011489059221772636,4.4288458824157715,-0.3187572956085205,-0.0604671910405159,-0.3187572956085205,-0.0604671910405159,-0.007847041822969913,-103.81839752197266,-0.0078117018565535545,-103.60443115234375,-0.001333560794591932,-11.19880676269555,-0.0,-2.25,2.25
4.18,15.292757034301758,15.292757034301758,0.24947921931743622,0.24947921931743622,-0.007151738740503788,-0.007151738740503788,3.703704833984375,-20.707242965698242,0.0,1.5707964,1.5521800518035889,4.504086971282959,0.05163954198360443,-0.01136082410812378,4.5043829862898175,0.011464538732810248,4.422377586364746,-0.319454163312912,-0.06042850762605667,-0.319454163312912,-0.06042850762605667,-0.007873713038861752,-104.04237365722656,-0.007847041822969913,-103.81839752197266,-0.0010252930223941567,-11.71264648437473,-0.0,-2.25,2.25
4.2,15.382790565490723,15.382790565490723,0.24882636964321136,0.24882636964321136,-0.007399025373160839,-0.007399025373160839,3.704357862472534,-20.61720848083496,0.0,1.5707964,1.5519523620605469,4.497659683227539,0.051477886736392975,-0.011418061330914497,4.497954268214973,0.011444983099349534,4.415891647338867,-0.32013610005378723,-0.06026517227292061,-0.32013610005378723,-0.06026517227292061,-0.007894218899309635,-104.27662658691406,-0.007873713038861752,-104.04237365722656,-0.0008159317076206381,-12.225723266601824,-0.0,-2.25,2.25
4.22,15.472695350646973,15.472695350646973,0.24815233051776886,0.24815233051776886,-0.007643211167305708,-0.007643211167305708,3.7050318717956543,-20.52730369567871,0.0,1.5707964,1.551723599433899,4.491218566894531,0.05133478343486786,-0.011459626257419586,4.491511936487364,0.011429536837152149,4.40938663482666,-0.32081955671310425,-0.06001243367791176,-0.32081955671310425,-0.06001243367791176,-0.007910537533462048,-104.5211410522461,-0.007894218899309635,-104.27662658691406,-0.0006680842489003981,-12.715911865234082,-0.0,-2.25,2.25
4.24,15.562471389770508,15.562471389770508,0.24745742976665497,0.24745742976665497,-0.007884836755692959,-0.007884836755692959,3.7057266235351562,-20.437528610229492,0.0,1.5707964,1.5514941215515137,4.484763145446777,0.051206447184085846,-0.01148906722664833,4.48505547022452,0.011417374892255057,4.402859687805176,-0.3215164542198181,-0.05970173329114914,-0.3215164542198181,-0.05970173329114914,-0.007923899218440056,-104.77545928955078,-0.007910537533462048,-104.5211410522461,-0.0005575828254222989,-13.178634643554968,-0.0,-2.25,2.25
4.26,15.652117729187012,15.652117729187012,0.24674195051193237,0.24674195051193237,-0.008124394342303276,-0.008124394342303276,3.70644211769104,-20.347883224487305,0.0,1.5707964,1.5512642860412598,4.478293418884277,0.051089633256196976,-0.01150928158313036,4.478584831869156,0.011407786902503544,4.396311283111572,-0.3222352862358093,-0.059358179569244385,-0.3222352862358093,-0.059358179569244385,-0.007935050874948502,-105.03903198242188,-0.007923899218440056,-104.77545928955078,-0.0004606787115335358,-13.607406616210623,-0.0,-2.25,2.25
4.28,15.741634368896484,15.741634368896484,0.24600611627101898,0.24600611627101898,-0.008362287655472755,-0.008362287655472755,3.7071781158447266,-20.258365631103516,0.0,1.5707964,1.551033854484558,4.471808433532715,0.05098174512386322,-0.011522469110786915,4.472099037873623,0.011400205812374083,4.389740467071533,-0.3229803740978241,-0.05900014936923981,-0.3229803740978241,-0.05900014936923981,-0.007944264449179173,-105.3111801147461,-0.007935050874948502,-105.03903198242188,-0.00037327408790589176,-14.009475708008111,-0.0,-2.25,2.25
4.3,15.831021308898926,15.831021308898926,0.2452501356601715,0.2452501356601715,-0.008598806336522102,-0.008598806336522102,3.7079339027404785,-20.16897964477539,0.0,1.5707964,1.550803303718567,4.465307712554932,0.05088087543845177,-0.011530133895576,4.465597589493251,0.011394214412929198,4.383147716522217,-0.3237515389919281,-0.058639444410800934,-0.3237515389919281,-0.058639444410800934,-0.00795172993093729,-105.59136962890625,-0.007944264449179173,-105.3111801147461,-0.0002819579094648296,-14.382934570312168,-0.0,-2.25,2.25
4.32,15.920276641845703,15.920276641845703,0.24447420239448547,0.24447420239448547,-0.008834156207740307,-0.008834156207740307,3.708709955215454,-20.079723358154297,0.0,1.5707964,1.5505727529525757,4.4587907791137695,0.05078565329313278,-0.011533321812748909,4.459079994179336,0.011389513390758298,4.376532077789307,-0.32455042004585266,-0.058283161371946335,-0.32455042004585266,-0.058283161371946335,-0.007957369089126587,-105.8790283203125,-0.00795172993093729,-105.59136962890625,-0.0002652872353792247,-14.777755737305002,-0.0,-2.25,2.25
4.34,16.009403228759766,16.009403228759766,0.243678480386734,0.243678480386734,-0.00906843040138483,-0.00906843040138483,3.709505558013916,-19.990596771240234,0.0,1.5707964,1.5503419637680054,4.452256679534912,0.05069521442055702,-0.011532626114785671,4.452545288397232,0.011385916706163757,4.369894504547119,-0.32537558674812317,-0.057934172451496124,-0.32537558674812317,-0.057934172451496124,-0.007962674833834171,-106.1745834350586,-0.007957369089126587,-105.8790283203125,-0.004237797111272714,-17.43659973144491,-0.0,-2.25,2.25
4.36,16.098398208618164,16.098398208618164,0.24286308884620667,0.24286308884620667,-0.009301877580583096,-0.009301877580583096,3.7103209495544434,-19.901601791381836,0.0,1.5707964,1.5501114130020142,4.445704936981201,0.05060809850692749,-0.011529337614774704,4.445992978664441,0.01138310197304941,4.36323356628418,-0.32622429728507996,-0.057599928230047226,-0.32622429728507996,-0.057599928230047226,-0.008047430776059628,-106.5233154296875,-0.007962674833834171,-106.1745834350586,-0.007246760651469385,-18.26896667480508,-0.0,-2.25,2.25
4.38,16.1872615814209,16.1872615814209,0.24202777445316315,0.24202777445316315,-0.009545625187456608,-0.009545625187456608,3.7111563682556152,-19.8127384185791,0.0,1.5707964,1.5498803853988647,4.439133644104004,0.05047668144106865,-0.011573786847293377,4.43942061597968,0.011370350653644477,4.356530666351318,-0.3271450400352478,-0.057640258222818375,-0.3271450400352478,-0.057640258222818375,-0.008192365989089012,-106.8886947631836,-0.008047430776059628,-106.5233154296875,-0.009048217907547743,-18.17932128906208,-0.0,-2.25,2.25
4.4,16.27599334716797,16.27599334716797,0.2411714643239975,0.2411714643239975,-0.009805467911064625,-0.009805467911064625,3.712012767791748,-19.72400665283203,0.0,1.5707964,1.5496479272842407,4.432539939880371,0.05028030276298523,-0.011683136224746704,4.432825106800473,0.011342965212701511,4.349788188934326,-0.32816246151924133,-0.05818752199411392,-0.32816246151924133,-0.05818752199411392,-0.008373330347239971,-107.25228118896484,-0.008192365989089012,-106.8886947631836,-0.009797839447856158,-17.562103271484748,-0.0,-2.25,2.25
4.42,16.364593505859375,16.364593505859375,0.2402927726507187,0.2402927726507187,-0.010082616470754147,-0.010082616470754147,3.7128913402557373,-19.635406494140625,0.0,1.5707964,1.549412727355957,4.425922870635986,0.05001946538686752,-0.011852563358843327,4.4262055085294305,0.01130099585108796,4.343014717102051,-0.3292628228664398,-0.059204041957855225,-0.3292628228664398,-0.059204041957855225,-0.00856928713619709,-107.60352325439453,-0.008373330347239971,-107.25228118896484,-0.010895775631069885,-12.728118896484082,-0.0,-2.25,2.25
4.44,16.453060150146484,16.453060150146484,0.2393902987241745,0.2393902987241745,-0.010375279001891613,-0.010375279001891613,3.7137937545776367,-19.546939849853516,0.0,1.5707964,1.5491738319396973,4.419281005859375,0.04970703646540642,-0.012066426686942577,4.419560543563536,0.01124729121681717,4.33621883392334,-0.330412894487381,-0.06056062877178192,-0.330412894487381,-0.06056062877178192,-0.008787202648818493,-107.85808563232422,-0.00856928713619709,-107.60352325439453,-0.011167069897055864,-7.407760620117346,-0.0,-2.25,2.25
4.46,16.541393280029297,16.541393280029297,0.23846276104450226,0.23846276104450226,-0.010683320462703705,-0.010683320462703705,3.714721441268921,-19.458606719970703,0.0,1.5707964,1.548930287361145,4.412616729736328,0.04934763163328171,-0.012319969944655895,4.412892655877405,0.01118283720714321,4.329440116882324,-0.3315541744232178,-0.06220060586929321,-0.3315541744232178,-0.06220060586929321,-0.009010544046759605,-108.00624084472656,-0.008787202648818493,-107.85808563232422,-0.01061107032000994,-2.59704589843744,-0.0,-2.25,2.25
4.48,16.629592895507812,16.629592895507812,0.23750895261764526,0.23750895261764526,-0.011004640720784664,-0.011004640720784664,3.715675115585327,-19.370407104492188,0.0,1.5707964,1.5486812591552734,4.405933856964111,0.04895375669002533,-0.012600027024745941,4.406205807975464,0.011110412447869035,4.322705268859863,-0.3325921595096588,-0.06401200592517853,-0.3325921595096588,-0.06401200592517853,-0.009222765453159809,-108.05818176269531,-0.009010544046759605,-108.00624084472656,-0.009525800123810971,1.574325561523471,-0.0,-2.25,2.25
4.5,16.7176570892334,16.7176570892334,0.2365279495716095,0.2365279495716095,-0.011335588060319424,-0.011335588060319424,3.71665620803833,-19.2823429107666,0.0,1.5707964,1.5484267473220825,4.39923620223999,0.048543281853199005,-0.01288866251707077,4.399504019013054,0.0110340317181957,4.31602668762207,-0.3334446847438812,-0.0658501386642456,-0.3334446847438812,-0.0658501386642456,-0.009413281455636024,-108.02669525146484,-0.009222765453159809,-108.05818176269531,-0.008169561624526788,5.06858825683582,-0.0,-2.25,2.25
4.5200000000000005,16.805587768554688,16.805587768554688,0.2355191558599472,0.2355191558599472,-0.011672121472656727,-0.011672121472656727,3.717664957046509,-19.194412231445312,0.0,1.5707964,1.5481665134429932,4.39253044128418,0.04813423752784729,-0.013168882578611374,4.392794165725339,0.010957763781418727,4.309408187866211,-0.33406177163124084,-0.06757897883653641,-0.33406177163124084,-0.06757897883653641,-0.009576672688126564,-107.92532348632812,-0.009413281455636024,-108.02669525146484,-0.006736768409609939,7.913208007812669,-0.0,-2.25,2.25
4.54,16.893383026123047,16.893383026123047,0.2344823032617569,0.2344823032617569,-0.01201051939278841,-0.01201051939278841,3.7187018394470215,-19.106616973876953,0.0,1.5707964,1.5479007959365845,4.385822296142578,0.047741781920194626,-0.01342740934342146,4.386082134557249,0.010885050312327641,4.302847862243652,-0.3344259560108185,-0.06909371167421341,-0.3344259560108185,-0.06909371167421341,-0.00971140805631876,-107.76705932617188,-0.009576672688126564,-107.92532348632812,-0.005377968773245687,10.16464233398414,-0.0,-2.25,2.25
4.5600000000000005,16.98104476928711,16.98104476928711,0.23341740667819977,0.23341740667819977,-0.012347748503088951,-0.012347748503088951,3.719766616821289,-19.01895523071289,0.0,1.5707964,1.5476303100585938,4.379116058349609,0.04737689718604088,-0.013655503280460835,4.379372332067964,0.010818404500641508,4.296342849731445,-0.3345452547073364,-0.07032833993434906,-0.3345452547073364,-0.07032833993434906,-0.009818967431783676,-107.56376647949219,-0.00971140805631876,-107.76705932617188,-0.004157470539212315,11.917114257812754,-0.0,-2.25,2.25
4.58,17.068572998046875,17.068572998046875,0.2323247790336609,0.2323247790336609,-0.012681685388088226,-0.012681685388088226,3.7208592891693115,-18.931427001953125,0.0,1.5707964,1.5473552942276,4.372416019439697,0.04704599827528,-0.013848904520273209,4.372669113139777,0.010759310793035003,4.28988790512085,-0.33443862199783325,-0.07125580310821533,-0.33443862199783325,-0.07125580310821533,-0.00990211684256792,-107.32542419433594,-0.009818967431783676,-107.56376647949219,-0.003127893432974743,13.241577148437194,-0.0,-2.25,2.25
4.6000000000000005,17.15596580505371,17.15596580505371,0.2312048226594925,0.2312048226594925,-0.013010984286665916,-0.013010984286665916,3.7219793796539307,-18.84403419494629,0.0,1.5707964,1.547076940536499,4.365725517272949,0.0467517226934433,-0.014006775803864002,4.3659758377415425,0.010708400125187624,4.283478260040283,-0.3341340124607086,-0.07187913358211517,-0.3341340124607086,-0.07187913358211517,-0.009964674711227417,-107.06059265136719,-0.00990211684256792,-107.32542419433594,-0.0022895168513060106,14.221572875976866,-0.0,-2.25,2.25
4.62,17.24322509765625,17.24322509765625,0.23005802929401398,0.23005802929401398,-0.01333504356443882,-0.01333504356443882,3.723126173019409,-18.75677490234375,0.0,1.5707964,1.5467958450317383,4.359046936035156,0.04649356007575989,-0.014130939729511738,4.359294878955311,0.010665587636478603,4.277108669281006,-0.3336625099182129,-0.07222415506839752,-0.3336625099182129,-0.07222415506839752,-0.010010465048253536,-106.77616119384766,-0.009964674711227417,-107.06059265136719,-0.0016228761523962368,14.92805480957063,-0.0,-2.25,2.25
4.64,17.33034896850586,17.33034896850586,0.2288849651813507,0.2288849651813507,-0.013653790578246117,-0.013653790578246117,3.724299192428589,-18.66965103149414,0.0,1.5707964,1.5465123653411865,4.352383613586426,0.046268921345472336,-0.01422480121254921,4.35262954234542,0.010630308031370602,4.2707743644714355,-0.33305448293685913,-0.07232990860939026,-0.33305448293685913,-0.07232990860939026,-0.01004292257130146,-106.47760009765625,-0.010010465048253536,-106.77616119384766,-0.0034591183066367305,17.38471984863241,-0.0,-2.25,2.25
4.66,17.417339324951172,17.417339324951172,0.22768613696098328,0.22768613696098328,-0.013967471197247505,-0.013967471197247505,3.7254979610443115,-18.582660675048828,0.0,1.5707964,1.5462270975112915,4.345736980438232,0.04607410356402397,-0.014292474836111069,4.3459812155792426,0.010601740869928907,4.264471530914307,-0.33234071731567383,-0.07224036008119583,-0.33234071731567383,-0.07224036008119583,-0.010112104937434196,-106.1299057006836,-0.01004292257130146,-106.47760009765625,-0.004829652607441052,20.175552368164492,-0.0,-2.25,2.25
4.68,17.50419807434082,17.50419807434082,0.22646184265613556,0.22646184265613556,-0.014283131808042526,-0.014283131808042526,3.726722240447998,-18.49580192565918,0.0,1.5707964,1.545940637588501,4.339107036590576,0.04587738960981369,-0.01436721719801426,4.3393495606907795,0.010572608561597665,4.258213043212891,-0.3315470814704895,-0.07220938056707382,-0.3315470814704895,-0.07220938056707382,-0.010208697989583015,-105.72639465332031,-0.010112104937434196,-106.1299057006836,-0.0054979231208561585,22.93243408203072,-0.0,-2.25,2.25
4.7,17.590923309326172,17.590923309326172,0.22521181404590607,0.22521181404590607,-0.014604708179831505,-0.014604708179831505,3.7279722690582275,-18.409076690673828,0.0,1.5707964,1.5456523895263672,4.332496166229248,0.045662906020879745,-0.014462340623140335,4.3327367946111615,0.010539239638911577,4.252008438110352,-0.3306604027748108,-0.07235291600227356,-0.3306604027748108,-0.07235291600227356,-0.010318656452000141,-105.26774597167969,-0.010208697989583015,-105.72639465332031,-0.005577364936471104,25.47264099121148,-0.0,-2.25,2.25
4.72,17.677515029907227,17.677515029907227,0.2239355891942978,0.2239355891942978,-0.014933162368834019,-0.014933162368834019,3.729248523712158,-18.322486877441406,0.0,1.5707964,1.5453622341156006,4.325908184051514,0.0454283282160759,-0.014577028341591358,4.326146709237722,0.010501068547964216,4.245864391326904,-0.3296562135219574,-0.07267481833696365,-0.3296562135219574,-0.07267481833696365,-0.01043020375072956,-104.75829315185547,-0.010318656452000141,-105.26774597167969,-0.0052812974900006025,28.169631958007162,-0.0,-2.25,2.25
4.74,17.76397705078125,17.76397705078125,0.22263270616531372,0.22263270616531372,-0.015267575159668922,-0.015267575159668922,3.7305514812469482,-18.23602294921875,0.0,1.5707964,1.5450694561004639,4.319345474243164,0.04517915099859238,-0.014703788794577122,4.319581748450868,0.010459340137557045,4.239783763885498,-0.3285141587257385,-0.0731186792254448,-0.3285141587257385,-0.0731186792254448,-0.010535829700529575,-104.19490051269531,-0.01043020375072956,-104.75829315185547,-0.004706718027591806,30.61637878418034,-0.0,-2.25,2.25
4.76,17.85030746459961,17.85030746459961,0.22130276262760162,0.22130276262760162,-0.015606238506734371,-0.015606238506734371,3.7318813800811768,-18.14969253540039,0.0,1.5707964,1.5447741746902466,4.312811374664307,0.04492354393005371,-0.014833820052444935,4.313045336909068,0.010415924882496564,4.233770370483398,-0.3272203505039215,-0.07361167669296265,-0.3272203505039215,-0.07361167669296265,-0.01062996406108141,-103.58257293701172,-0.010535829700529575,-104.19490051269531,-0.003964314237236885,32.57637023925706,-0.0,-2.25,2.25
4.78,17.936506271362305,17.936506271362305,0.21994559466838837,0.21994559466838837,-0.0159471333026886,-0.0159471333026886,3.733238458633423,-18.063493728637695,0.0,1.5707964,1.5444763898849487,4.306309223175049,0.04467024654150009,-0.01495868805795908,4.3065409038494655,0.010372837180395627,4.2278265953063965,-0.3257675766944885,-0.07408200204372406,-0.3257675766944885,-0.07408200204372406,-0.010709250345826149,-102.93104553222656,-0.01062996406108141,-103.58257293701172,-0.003158720210194655,34.08279418945385,-0.0,-2.25,2.25
4.8,18.022573471069336,18.022573471069336,0.2185610979795456,0.2185610979795456,-0.016288280487060547,-0.016288280487060547,3.7346229553222656,-17.977426528930664,0.0,1.5707964,1.5441762208938599,4.29984188079834,0.0444270595908165,-0.015071475878357887,4.30007139051101,0.010331886608776741,4.221950531005859,-0.3241548240184784,-0.07447047531604767,-0.3241548240184784,-0.07447047531604767,-0.01077242475003004,-102.2493896484375,-0.010709250345826149,-102.93104553222656,-0.002379622310399954,35.17456054687419,-0.0,-2.25,2.25
4.82,18.10851287841797,18.10851287841797,0.21714943647384644,0.21714943647384644,-0.016628015786409378,-0.016628015786409378,3.736034631729126,-17.89148712158203,0.0,1.5707964,1.543873906135559,4.293412685394287,0.04419991374015808,-0.015167404897511005,4.293640194459617,0.010294457019022997,4.216139316558838,-0.3223946690559387,-0.07473653554916382,-0.3223946690559387,-0.07473653554916382,-0.010820017196238041,-101.5458984375,-0.01077242475003004,-102.2493896484375,-0.0016734469681978583,35.91194152832108,-0.0,-2.25,2.25
4.84,18.194320678710938,18.194320678710938,0.2157108336687088,0.2157108336687088,-0.016965098679065704,-0.016965098679065704,3.737473249435425,-17.805679321289062,0.0,1.5707964,1.543569803237915,4.287023544311523,0.04399245232343674,-0.01524402480572462,4.287249258597261,0.010261410457277208,4.21038818359375,-0.32050445675849915,-0.07486008107662201,-0.32050445675849915,-0.07486008107662201,-0.010853486135601997,-100.8276596069336,-0.010820017196238041,-101.5458984375,-0.001067016273736929,36.351394653319474,-0.0,-2.25,2.25
4.86,18.28000259399414,18.28000259399414,0.21424561738967896,0.21424561738967896,-0.017298784106969833,-0.017298784106969833,3.738938570022583,-17.71999740600586,0.0,1.5707964,1.543264389038086,4.280675888061523,0.04380623623728752,-0.015300784260034561,4.280900027443363,0.010233128666441473,4.204692840576172,-0.318506121635437,-0.07483821362257004,-0.318506121635437,-0.07483821362257004,-0.010874826461076736,-100.10063171386719,-0.010853486135601997,-100.8276596069336,-0.0005664769560098768,36.54556274414141,-0.0,-2.25,2.25
4.88,18.365556716918945,18.365556716918945,0.21275414526462555,0.21275414526462555,-0.017628677189350128,-0.017628677189350128,3.7404298782348633,-17.634443283081055,0.0,1.5707964,1.54295814037323,4.274371147155762,0.04364114627242088,-0.015338577330112457,4.274593928466847,0.010209602403156083,4.199049472808838,-0.31642311811447144,-0.07468094676733017,-0.31642311811447144,-0.07468094676733017,-0.010886156000196934,-99.36972045898438,-0.010874826461076736,-100.10063171386719,-0.00015776604413985843,36.54556274413978,-0.0,-2.25,2.25
4.9,18.450984954833984,18.450984954833984,0.211236834526062,0.211236834526062,-0.01795469969511032,-0.01795469969511032,3.7419471740722656,-17.54901695251465,0.0,1.5707964,1.5426511764526367,4.268111705780029,0.04349588230252266,-0.01535920612514019,4.268333331031421,0.010190543183713707,4.193454742431641,-0.31427809596061707,-0.07440632581710815,-0.31427809596061707,-0.07440632581710815,-0.010889311321079731,-98.63880920410156,-0.010886156000196934,-99.36972045898438,0.00016693957149982807,36.3868713378914,-0.0,-2.25,2.25
4.92,18.536287307739258,18.536287307739258,0.2096940577030182,0.2096940577030182,-0.01827697455883026,-0.01827697455883026,3.743489980697632,-17.463712692260742,0.0,1.5707964,1.5423439741134644,4.26189661026001,0.04336852952837944,-0.01536483969539404,4.2621172609278615,0.010175524343410892,4.187905788421631,-0.31209036707878113,-0.07403556257486343,-0.31209036707878113,-0.07403556257486343,-0.010885972529649734,-97.91107177734375,-0.010889311321079731,-98.63880920410156,-0.0014718156307935374,36.4315032958976,-0.0,-2.25,2.25
4.94,18.6214656829834,18.6214656829834,0.20812618732452393,0.20812618732452393,-0.01859571970999241,-0.01859571970999241,3.745058059692383,-17.3785343170166,0.0,1.5707964,1.5420366525650024,4.255725860595703,0.04325684532523155,-0.015357764437794685,4.255945694579587,0.010164037145292749,4.182399749755859,-0.309874951839447,-0.07359055429697037,-0.309874951839447,-0.07359055429697037,-0.010915408842265606,-97.18244171142578,-0.010885972529649734,-97.91107177734375,-0.0033506192266941786,36.97662353515704,-0.0,-2.25,2.25
4.96,18.706520080566406,18.706520080566406,0.20653341710567474,0.20653341710567474,-0.018916618078947067,-0.018916618078947067,3.7466506958007812,-17.293479919433594,0.0,1.5707964,1.54172945022583,4.249599933624268,0.04313647374510765,-0.015363434329628944,4.249818860990024,0.010150365436639962,4.176936149597168,-0.3076592683792114,-0.07325999438762665,-0.3076592683792114,-0.07325999438762665,-0.010982421226799488,-96.44290924072266,-0.010915408842265606,-97.18244171142578,-0.004471233114600078,37.87307739257725,-0.0,-2.25,2.25
4.98,18.791452407836914,18.791452407836914,0.20491541922092438,0.20491541922092438,-0.019244574010372162,-0.019244574010372162,3.7482686042785645,-17.208547592163086,0.0,1.5707964,1.5414217710494995,4.243517875671387,0.04298841953277588,-0.01539920549839735,4.243735614450613,0.010130026626097084,4.171518802642822,-0.3054521977901459,-0.07317915558815002,-0.3054521977901459,-0.07317915558815002,-0.011071845889091492,-95.6854476928711,-0.010982421226799488,-96.44290924072266,-0.004911096766591177,38.869094848633644,-0.0,-2.25,2.25
5.0,18.876262664794922,18.876262664794922,0.20327162742614746,0.20327162742614746,-0.01958107203245163,-0.01958107203245163,3.7499125003814697,-17.12373924255371,0.0,1.5707964,1.5411131381988525,4.237480163574219,0.04280900955200195,-0.015465746633708477,4.237696396390828,0.01010212476002357,4.1661529541015625,-0.3032417595386505,-0.07335714995861053,-0.3032417595386505,-0.07335714995861053,-0.011170067824423313,-94.90806579589844,-0.011071845889091492,-95.6854476928711,-0.004824064671993145,39.78691101074127,-0.0,-2.25,2.25
5.0200000000000005,18.96095085144043,18.96095085144043,0.20160138607025146,0.20160138607025146,-0.01992535963654518,-0.01992535963654518,3.751582622528076,-17.03904914855957,0.0,1.5707964,1.540803074836731,4.231487274169922,0.042603909969329834,-0.015555265359580517,4.231701743342349,0.01006796610723108,4.160841464996338,-0.30100753903388977,-0.07373136281967163,-0.30100753903388977,-0.07373136281967163,-0.011266549117863178,-94.1123275756836,-0.011170067824423313,-94.90806579589844,-0.004368461668491456,40.52314758300868,-0.0,-2.25,2.25
5.04,19.045520782470703,19.045520782470703,0.1999041736125946,0.1999041736125946,-0.020275460556149483,-0.020275460556149483,3.7532799243927,-16.954479217529297,0.0,1.5707964,1.540490984916687,4.2255401611328125,0.04238314554095268,-0.015657000243663788,4.225752712165285,0.0100298950392517,4.155586242675781,-0.2987331449985504,-0.07421067357063293,-0.2987331449985504,-0.07421067357063293,-0.011353918351233006,-93.30186462402344,-0.011266549117863178,-94.1123275756836,-0.0037034507840870957,41.02249145507718,-0.0,-2.25,2.25
5.0600000000000005,19.12997055053711,19.12997055053711,0.19817966222763062,0.19817966222763062,-0.02062893845140934,-0.02062893845140934,3.755004405975342,-16.87002944946289,0.0,1.5707964,1.5401769876480103,4.219640731811523,0.04215771332383156,-0.015760356560349464,4.219851321830614,0.009990497629089814,4.150387763977051,-0.2964079976081848,-0.07470360398292542,-0.2964079976081848,-0.07470360398292542,-0.01142798736691475,-92.48141479492188,-0.011353918351233006,-93.30186462402344,-0.003967713564634408,40.034866333008665,-0.0,-2.25,2.25
5.08,19.21430206298828,19.21430206298828,0.19642768800258636,0.19642768800258636,-0.020983437076210976,-0.020983437076210976,3.756756544113159,-16.78569984436035,0.0,1.5707964,1.5398608446121216,4.213789939880371,0.04193733632564545,-0.01585671864449978,4.213998623352304,0.009952074586202514,4.145244598388672,-0.2940305769443512,-0.07513550668954849,-0.2940305769443512,-0.07513550668954849,-0.011507341638207436,-91.68071746826172,-0.01142798736691475,-92.48141479492188,-0.0041018240153788575,39.121627807616285,-0.0,-2.25,2.25
5.1000000000000005,19.29851722717285,19.29851722717285,0.19464823603630066,0.19464823603630066,-0.021339930593967438,-0.021339930593967438,3.758535861968994,-16.70148468017578,0.0,1.5707964,1.5395429134368896,4.2079877853393555,0.04171762987971306,-0.015952518209815025,4.208194572760152,0.009913589425544241,4.140143871307373,-0.2916247844696045,-0.07554486393928528,-0.2916247844696045,-0.07554486393928528,-0.011589378118515015,-90.89828491210938,-0.011507341638207436,-91.68071746826172,-0.004000868648290719,38.36212158203207,-0.0,-2.25,2.25
5.12,19.382614135742188,19.382614135742188,0.19284115731716156,0.19284115731716156,-0.02169875055551529,-0.02169875055551529,3.760343074798584,-16.617385864257812,0.0,1.5707964,1.5392229557037354,4.202233791351318,0.041497182101011276,-0.01604967564344406,4.2024386793024355,0.009874708395034858,4.135080814361572,-0.289218544960022,-0.07594553381204605,-0.289218544960022,-0.07594553381204605,-0.011669395491480827,-90.13104248046875,-0.011589378118515015,-90.89828491210938,-0.003716908395290454,37.67509460449299,-0.0,-2.25,2.25
5.14,19.466596603393555,19.466596603393555,0.19100633263587952,0.19100633263587952,-0.022059468552470207,-0.022059468552470207,3.7621777057647705,-16.533405303955078,0.0,1.5707964,1.5389010906219482,4.196527481079102,0.04127781465649605,-0.016146359965205193,4.1967304842502005,0.00983586636888957,4.13005256652832,-0.2868291735649109,-0.0763256847858429,-0.2868291735649109,-0.0763256847858429,-0.011743733659386635,-89.3775405883789,-0.011669395491480827,-90.13104248046875,-0.0033086631447076034,37.00561523437415,-0.0,-2.25,2.25
5.16,19.550464630126953,19.550464630126953,0.18914371728897095,0.18914371728897095,-0.022421231493353844,-0.022421231493353844,3.764040470123291,-16.449535369873047,0.0,1.5707964,1.5385771989822388,4.190867900848389,0.04106291010975838,-0.016239304095506668,4.191069067069649,0.009797874111630687,4.125057697296143,-0.28446823358535767,-0.07666228711605072,-0.28446823358535767,-0.07666228711605072,-0.011809906922280788,-88.6374282836914,-0.011743733659386635,-89.3775405883789,-0.002829963341355384,36.32316589355546,-0.0,-2.25,2.25
5.18,19.634220123291016,19.634220123291016,0.18725331127643585,0.18725331127643585,-0.022783052176237106,-0.022783052176237106,3.7659308910369873,-16.365779876708984,0.0,1.5707964,1.5382517576217651,4.185254096984863,0.04085615649819374,-0.016325129196047783,4.185453509699085,0.009761619683331339,4.120096683502197,-0.2821381986141205,-0.07693149894475937,-0.2821381986141205,-0.07693149894475937,-0.011866506189107895,-87.91096496582031,-0.011809906922280788,-88.6374282836914,-0.0023215543478726803,35.614013671874176,-0.0,-2.25,2.25
5.2,19.717863082885742,19.717863082885742,0.1853352040052414,0.1853352040052414,-0.023143984377384186,-0.023143984377384186,3.7678489685058594,-16.28213882446289,0.0,1.5707964,1.5379245281219482,4.179686069488525,0.04066076874732971,-0.01640103943645954,4.179883842595577,0.009727880387336216,4.11516809463501,-0.2798416018486023,-0.07711445540189743,-0.2798416018486023,-0.07711445540189743,-0.01191293727606535,-87.19868469238281,-0.011866506189107895,-87.91096496582031,-0.0018223654478788764,34.86862182617262,-0.0,-2.25,2.25
5.22,19.801393508911133,19.801393508911133,0.1833895742893219,0.1833895742893219,-0.02350321039557457,-0.02350321039557457,3.769794464111328,-16.198606491088867,0.0,1.5707964,1.5375959873199463,4.174163341522217,0.04047919809818268,-0.016465073451399803,4.174359611627464,0.00969725569750842,4.11027193069458,-0.2775803208351135,-0.07719924300909042,-0.2775803208351135,-0.07719924300909042,-0.011949384585022926,-86.50131225585938,-0.01191293727606535,-87.19868469238281,-0.001343386247754066,34.097671508788274,-0.0,-2.25,2.25
5.24,19.884815216064453,19.884815216064453,0.1814166009426117,0.1814166009426117,-0.023860113695263863,-0.023860113695263863,3.7717676162719727,-16.115184783935547,0.0,1.5707964,1.5372661352157593,4.1686835289001465,0.04031289368867874,-0.01651621423661709,4.168878445519962,0.00967011211911974,4.105406284332275,-0.27535492181777954,-0.07718213647603989,-0.27535492181777954,-0.07718213647603989,-0.011976252309978008,-85.8193588256836,-0.011949384585022926,-86.50131225585938,-0.0009024050086736871,33.301544189453836,-0.0,-2.25,2.25
5.26,19.968124389648438,19.968124389648438,0.17941658198833466,0.17941658198833466,-0.024214284494519234,-0.024214284494519234,3.7737674713134766,-16.03187370300293,0.0,1.5707964,1.5369354486465454,4.1632466316223145,0.04016252979636192,-0.016554109752178192,4.163440349580403,0.009646626187543273,4.100569725036621,-0.2731662094593048,-0.07706519961357117,-0.2731662094593048,-0.07706519961357117,-0.011994300410151482,-85.15332794189453,-0.011976252309978008,-85.8193588256836,-0.0016876030713319388,31.802368164061765,-0.0,-2.25,2.25
5.28,20.051319122314453,20.051319122314453,0.17739005386829376,0.17739005386829376,-0.024527890607714653,-0.024527890607714653,3.7757954597473145,-15.948668479919434,0.0,1.5707341,1.5365792512893677,4.157851696014404,0.04002807289361954,-0.016579024493694305,4.1580443687711455,0.0096268071285273,4.095761299133301,-0.2710179388523102,-0.0768553763628006,-0.2710179388523102,-0.0768553763628006,-0.012028052471578121,-84.51728057861328,-0.011994300410151482,-85.15332794189453,-0.010316818952560645,26.00669860839899,-0.0021382968,-2.25,2.25
5.3,20.13435935974121,20.13435935974121,0.17534764111042023,0.17534764111042023,-0.024586817249655724,-0.024586817249655724,3.7778544425964355,-15.86557388305664,0.0,1.570413,1.5362190008163452,4.1524977684021,0.039895229041576385,-0.016606103628873825,4.152689411199048,0.009607230113258496,4.0909743309021,-0.26892879605293274,-0.07666737586259842,-0.26892879605293274,-0.07666737586259842,-0.01223438885062933,-83.99714660644531,-0.012028052471578121,-84.51728057861328,-0.02725385129451689,17.814254760741775,-0.0055983067,-2.25,2.25
5.32,20.21724510192871,20.21724510192871,0.17331156134605408,0.17331156134605408,-0.024385161697864532,-0.024385161697864532,3.779946804046631,-15.782581329345703,0.0,1.5698,1.5358511209487915,4.147179126739502,0.039663515985012054,-0.016739623621106148,4.147368792832886,0.009563683049085702,4.0861687660217285,-0.2670195698738098,-0.07726434618234634,-0.2670195698738098,-0.07726434618234634,-0.01277946587651968,-83.64086151123047,-0.01223438885062933,-83.99714660644531,-0.049384636804462534,9.632492065429894,-0.009051879,-2.25,2.25
5.34,20.299976348876953,20.299976348876953,0.17130185663700104,0.17130185663700104,-0.023967357352375984,-0.023967357352375984,3.782072067260742,-15.699701309204102,0.0,1.5689151,1.535490870475769,4.141883373260498,0.03917062655091286,-0.017139017581939697,4.14206859137752,0.009456919786042992,4.081299304962158,-0.26549017429351807,-0.07982850074768066,-0.26549017429351807,-0.07982850074768066,-0.01376715861260891,-83.44821166992188,-0.01277946587651968,-83.64086151123047,-0.0737055204808695,3.313064575195236,-0.012499015,-2.25,2.25
5.36,20.38255500793457,20.38255500793457,0.16933465003967285,0.16933465003967285,-0.023381860926747322,-0.023381860926747322,3.7842421531677246,-15.616927146911621,0.0,1.567739,1.5351104736328125,4.136596202850342,0.03825089707970619,-0.017956389114260674,4.13677305113095,0.009246686171882804,4.076336860656738,-0.2645339369773865,-0.08548718690872192,-0.2645339369773865,-0.08548718690872192,-0.015241269022226334,-83.38195037841797,-0.01376715861260891,-83.44821166992188,-0.098192971199753,1.9607543945312917,-0.015939793,-2.25,2.25
5.38,20.464984893798828,20.464984893798828,0.16742219030857086,0.16742219030857086,-0.022671828046441078,-0.022671828046441078,3.786468029022217,-15.534258842468262,0.0,1.5662792,1.534706473350525,4.13129997253418,0.03677249327301979,-0.019303234294056892,4.131463624349418,0.008900714651569155,4.071273326873779,-0.26428210735321045,-0.09503445774316788,-0.26428210735321045,-0.09503445774316788,-0.01720512844622135,-83.34273529052734,-0.015241269022226334,-83.38195037841797,-0.12271348387002662,1.3729095458984057,-0.01937437,-2.25,2.25
5.4,20.54726791381836,20.54726791381836,0.16557347774505615,0.16557347774505615,-0.021871201694011688,-0.021871201694011688,3.78875470161438,-15.451700210571289,0.0,1.5645523,1.5342833995819092,4.125979900360107,0.03464971110224724,-0.021243860945105553,4.126125390806134,0.0083977376072822,4.066136837005615,-0.26476356387138367,-0.10886316746473312,-0.26476356387138367,-0.10886316746473312,-0.01965939812362194,-83.31527709960938,-0.01720512844622135,-83.34273529052734,-0.14635585248470617,1.6990661621094112,-0.02280283,-2.25,2.25
5.42,20.6294002532959,20.6294002532959,0.16379490494728088,0.16379490494728088,-0.021007351577281952,-0.021007351577281952,3.791132688522339,-15.369250297546387,0.0,1.5625331,1.533801794052124,4.120621204376221,0.03182870149612427,-0.023814482614398003,4.120744128940046,0.007724094725240612,4.060941219329834,-0.26594680547714233,-0.12710504233837128,-0.26594680547714233,-0.12710504233837128,-0.022586515173316002,-83.28129577636719,-0.01965939812362194,-83.31527709960938,-0.1678760163485965,3.2482147216796124,-0.02622501,-2.25,2.25
5.44,20.711387634277344,20.711387634277344,0.16209083795547485,0.16209083795547485,-0.02010066993534565,-0.02010066993534565,3.7936112880706787,-15.286909103393555,0.0,1.560241,1.5332666635513306,4.115212440490723,0.028286727145314217,-0.02702438272535801,4.115309656551036,0.0068735896560634425,4.055695056915283,-0.26778799295425415,-0.14965777099132538,-0.26778799295425415,-0.14965777099132538,-0.02594403550028801,-83.2163314819336,-0.022586515173316002,-83.28129577636719,-0.18719695508480472,5.744171142578248,-0.029641151,-2.25,2.25
5.46,20.793222427368164,20.793222427368164,0.16046425700187683,0.16046425700187683,-0.019163208082318306,-0.019163208082318306,3.7962002754211426,-15.204686164855957,0.0,1.5576873,1.5326757431030273,4.109741687774658,0.024035189300775528,-0.03085275925695896,4.109811970219273,0.0058482788228614545,4.050407886505127,-0.2702268958091736,-0.17617973685264587,-0.2702268958091736,-0.17617973685264587,-0.029687974601984024,-83.10144805908203,-0.02594403550028801,-83.2163314819336,-0.20444113761186128,8.952331542968544,-0.033050936,-2.25,2.25
5.48,20.874910354614258,20.874910354614258,0.15891733765602112,0.15891733765602112,-0.018200937658548355,-0.018200937658548355,3.798948049545288,-15.122575759887695,0.0,1.5548372,1.5319805145263672,4.1042022705078125,0.019108284264802933,-0.03526097163558006,4.104246752300479,0.004655751578825315,4.045086860656738,-0.2731960415840149,-0.20619364082813263,-0.2731960415840149,-0.20619364082813263,-0.033776797354221344,-82.92240142822266,-0.029687974601984024,-83.10144805908203,-0.21984502673149578,12.689971923828395,-0.0364546,-2.25,2.25
5.5,20.956449508666992,20.956449508666992,0.15745188295841217,0.15745188295841217,-0.017215769737958908,-0.017215769737958908,3.801846981048584,-15.040582656860352,0.0,1.5517277,1.5312049388885498,4.098585605621338,0.013553307391703129,-0.04020168259739876,4.098608014771318,0.003306813445888367,4.039739608764648,-0.276626318693161,-0.23916923999786377,-0.276626318693161,-0.23916923999786377,-0.038173697888851166,-82.6686019897461,-0.033776797354221344,-82.92240142822266,-0.23422762751578743,16.030502319335568,-0.039852064,-2.25,2.25
5.5200000000000005,21.037837982177734,21.037837982177734,0.15606962144374847,0.15606962144374847,-0.01620727777481079,-0.01620727777481079,3.8049206733703613,-14.958711624145508,0.0,1.5483522,1.5303313732147217,4.092886924743652,0.007423038594424725,-0.04562526196241379,4.092893656111715,0.0018136417135516526,4.034369945526123,-0.28045427799224854,-0.27458348870277405,-0.28045427799224854,-0.27458348870277405,-0.04285825043916702,-82.34799194335938,-0.038173697888851166,-82.6686019897461,-0.24786796420813134,18.90830993652384,-0.043243248,-2.25,2.25
5.54,21.119075775146484,21.119075775146484,0.1547722965478897,0.1547722965478897,-0.01517549529671669,-0.01517549529671669,3.808210849761963,-14.876961708068848,0.0,1.5446932,1.5293307304382324,4.087100982666016,0.0007645096629858017,-0.051490213721990585,4.087101054168411,0.00018705426103040896,4.028975009918213,-0.28464293479919434,-0.31200337409973145,-0.28464293479919434,-0.31200337409973145,-0.047815609723329544,-81.9698257446289,-0.04285825043916702,-82.34799194335938,-0.2601670101284921,22.504425048827606,-0.04662816,-2.25,2.25
5.5600000000000005,21.20016098022461,21.20016098022461,0.1535615772008896,0.1535615772008896,-0.014121404848992825,-0.014121404848992825,3.81170392036438,-14.79533863067627,0.0,1.5407815,1.5282238721847534,4.081222057342529,-0.006382311228662729,-0.0577627494931221,4.081227047743829,-0.0015638222905432627,4.023545742034912,-0.2891850471496582,-0.3510870039463043,-0.2891850471496582,-0.3510870039463043,-0.053018949925899506,-81.51973724365234,-0.047815609723329544,-81.9698257446289,-0.27132797986269575,26.641464233399006,-0.050006706,-2.25,2.25
5.58,21.28109359741211,21.28109359741211,0.15243910253047943,0.15243910253047943,-0.013044836930930614,-0.013044836930930614,3.8154454231262207,-14.713842391967773,0.0,1.5365956,1.5269801616668701,4.075246810913086,-0.013975654728710651,-0.06440653651952744,4.075270774903475,-0.0034293873694779785,4.0180816650390625,-0.29407167434692383,-0.39150723814964294,-0.29407167434692383,-0.39150723814964294,-0.058445509523153305,-80.98690795898438,-0.053018949925899506,-81.51973724365234,-0.2815263345837528,31.194305419921154,-0.0533789,-2.25,2.25
5.6000000000000005,21.36187171936035,21.36187171936035,0.15140651166439056,0.15140651166439056,-0.011945171281695366,-0.011945171281695366,3.819446325302124,-14.632481575012207,0.0,1.5321444,1.5255995988845825,4.06917142868042,-0.021974893286824226,-0.07138631492853165,4.069230764152362,-0.005400283584301444,4.0125861167907715,-0.29928267002105713,-0.43297070264816284,-0.29928267002105713,-0.43297070264816284,-0.06407603621482849,-80.36302185058594,-0.058445509523153305,-80.98690795898438,-0.2909235656261506,36.063766479492955,-0.056744654,-2.25,2.25
5.62,21.442493438720703,21.442493438720703,0.15046550333499908,0.15046550333499908,-0.01082176435738802,-0.01082176435738802,3.8237013816833496,-14.551258087158203,0.0,1.5274464,1.5240923166275024,4.062992572784424,-0.03034219704568386,-0.07866955548524857,4.063105868104221,-0.007467804200432297,4.007060527801514,-0.304790735244751,-0.4752260148525238,-0.304790735244751,-0.4752260148525238,-0.06989450752735138,-79.6417465209961,-0.06407603621482849,-80.36302185058594,-0.299673900008208,41.16020202636806,-0.060103893,-2.25,2.25
5.64,21.522958755493164,21.522958755493164,0.1496177762746811,0.1496177762746811,-0.009674250148236752,-0.009674250148236752,3.8282859325408936,-14.470169067382812,0.0,1.5224631,1.5224130153656006,4.056709289550781,-0.03904341906309128,-0.0862271711230278,4.05689717006726,-0.009624109302195346,4.001507759094238,-0.3105728030204773,-0.5180660486221313,-0.3105728030204773,-0.5180660486221313,-0.07588798552751541,-78.81854248046875,-0.06989450752735138,-79.6417465209961,-0.3078550100326467,46.45118713378799,-0.06345662,-2.25,2.25
5.66,21.6032657623291,21.6032657623291,0.14886504411697388,0.14886504411697388,-0.0085027189925313,-0.0085027189925313,3.833160161972046,-14.3892240524292,0.0,1.5172361,1.5205957889556885,4.050319671630859,-0.048048555850982666,-0.09403390437364578,4.050604659321776,-0.011862348160809496,3.9959306716918945,-0.31661003828048706,-0.5613269805908203,-0.31661003828048706,-0.5613269805908203,-0.08204508572816849,-77.88951873779297,-0.07588798552751541,-78.81854248046875,-0.3202546387910911,47.716903686524454,-0.06680274,-2.25,2.25
5.68,21.683412551879883,21.683412551879883,0.14820896089076996,0.14820896089076996,-0.0073076835833489895,-0.0073076835833489895,3.838366985321045,-14.308427810668945,0.0,1.5117496,1.5186184644699097,4.043822288513184,-0.05733126029372215,-0.10206763446331024,4.04422867485048,-0.01417654274782928,3.990330457687378,-0.3228853642940521,-0.6048807501792908,-0.3228853642940521,-0.6048807501792908,-0.08845017850399017,-76.9351806640625,-0.08204508572816849,-77.88951873779297,-0.33183358609675595,50.31089782714727,-0.07014219,-2.25,2.25
5.7,21.763397216796875,21.763397216796875,0.14765067398548126,0.14765067398548126,-0.0061027854681015015,-0.0061027854681015015,3.843933582305908,-14.227784156799316,0.0,1.506001,1.5164719820022583,4.0372090339660645,-0.06691789627075195,-0.11036117374897003,4.037763587529427,-0.016573768753160495,3.984672784805298,-0.32958391308784485,-0.6490046381950378,-0.32958391308784485,-0.6490046381950378,-0.09508685022592545,-75.92896270751953,-0.08845017850399017,-76.9351806640625,-0.342146307230003,54.262924194337096,-0.073474884,-2.25,2.25
5.72,21.843217849731445,21.843217849731445,0.1471904069185257,0.1471904069185257,-0.004897743463516235,-0.004897743463516235,3.849836587905884,-14.147295951843262,0.0,1.500015,1.514173984527588,4.030471324920654,-0.07681684195995331,-0.11892253905534744,4.031203285399578,-0.0190567148726675,3.9789469242095947,-0.3368070125579834,-0.6938149929046631,-0.3368070125579834,-0.6938149929046631,-0.10192977637052536,-74.84370422363281,-0.09508685022592545,-75.92896270751953,-0.35123340785502577,59.226989746092386,-0.07680074,-2.25,2.25
5.74,21.922870635986328,21.922870635986328,0.14682766795158386,0.14682766795158386,-0.003698153654113412,-0.003698153654113412,3.8561675548553467,-14.066970825195312,0.0,1.4937541,1.5116798877716064,4.0236029624938965,-0.08701959252357483,-0.127741277217865,4.024543851080844,-0.021623910124039816,3.973154306411743,-0.34456315636634827,-0.7392855286598206,-0.34456315636634827,-0.7392855286598206,-0.10895444452762604,-73.65916442871094,-0.10192977637052536,-74.84370422363281,-0.3597054630518036,63.653182983399795,-0.08011961,-2.25,2.25
5.76,22.002357482910156,22.002357482910156,0.1465616524219513,0.1465616524219513,-0.0025066733360290527,-0.0025066733360290527,3.862875461578369,-13.986810684204102,0.0,1.4872581,1.5090224742889404,4.016600131988525,-0.09750684350728989,-0.13679707050323486,4.017783494020178,-0.02427119771677782,3.9673011302948,-0.3528098464012146,-0.7853047251701355,-0.3528098464012146,-0.7853047251701355,-0.11614855378866196,-72.38610076904297,-0.10895444452762604,-73.65916442871094,-0.36835819482802495,67.88406372070156,-0.083431564,-2.25,2.25
5.78,22.08167266845703,22.08167266845703,0.1463913470506668,0.1463913470506668,-0.0013253968209028244,-0.0013253968209028244,3.870013475418091,-13.90682601928711,0.0,1.4805094,1.5061782598495483,4.009458541870117,-0.10825856029987335,-0.14607059955596924,4.010919809077894,-0.026994234332654014,3.9613845348358154,-0.3615105450153351,-0.831758975982666,-0.3615105450153351,-0.831758975982666,-0.12351571768522263,-71.0284194946289,-0.11614855378866196,-72.38610076904297,-0.3762777894735416,71.75407409668122,-0.08673636,-2.25,2.25
5.8,22.16081428527832,22.16081428527832,0.14631545543670654,0.14631545543670654,-0.00015806034207344055,-0.00015806034207344055,3.8776025772094727,-13.827019691467285,0.0,1.4735107,1.503143310546875,4.002173900604248,-0.11926238238811493,-0.1555515080690384,4.003950480029781,-0.029790584395265784,3.9553987979888916,-0.370681494474411,-0.8785972595214844,-0.370681494474411,-0.8785972595214844,-0.1310412734746933,-69.59333801269531,-0.12351571768522263,-71.0284194946289,-0.3752321004867467,91.43409729003695,-0.090033926,-2.25,2.25
5.82,22.23978042602539,22.23978042602539,0.1463325023651123,0.1463325023651123,0.0009928010404109955,0.0009928010404109955,3.885622978210449,-13.747398376464844,0.0,1.4662812,1.499930739402771,3.994741916656494,-0.1305019110441208,-0.1652248203754425,3.996872993913938,-0.03265680699064708,3.9493355751037598,-0.3803190290927887,-0.9257378578186035,-0.3803190290927887,-0.9257378578186035,-0.1385459154844284,-67.76465606689453,-0.1310412734746933,-69.59333801269531,-0.37162080407143433,112.89710998535396,-0.093324184,-2.25,2.25
5.84,22.318567276000977,22.318567276000977,0.1464415043592453,0.1464415043592453,0.002147141844034195,0.002147141844034195,3.8941686153411865,-13.667974472045898,0.0,1.4587885,1.4965037107467651,3.98717999458313,-0.14187604188919067,-0.1749860942363739,3.9897033875297137,-0.03556804773540813,3.9433205127716064,-0.38988277316093445,-0.9724563956260681,-0.38988277316093445,-0.9724563956260681,-0.14597833156585693,-65.5067138671875,-0.1385459154844284,-67.76465606689453,-0.3688834607601081,129.84657287597355,-0.09660697,-2.25,2.25
5.86,22.397172927856445,22.397172927856445,0.14664311707019806,0.14664311707019806,0.003325261175632477,0.003325261175632477,3.9031660556793213,-13.588747024536133,0.0,1.4510741,1.4929002523422241,3.9795148372650146,-0.1532912254333496,-0.18474768102169037,3.982466137936047,-0.038501043837268614,3.93744158744812,-0.3988516628742218,-1.0181336402893066,-0.3988516628742218,-1.0181336402893066,-0.15335600078105927,-62.90978240966797,-0.14597833156585693,-65.5067138671875,-0.3672793507576067,143.08128356933898,-0.09988221,-2.25,2.25
5.88,22.475597381591797,22.475597381591797,0.1469392627477646,0.1469392627477646,0.004539009649306536,0.004539009649306536,3.9127068519592285,-13.509726524353027,0.0,1.443106,1.489087462425232,3.971771001815796,-0.16469378769397736,-0.19446724653244019,3.97518413844816,-0.0414423418171616,3.931718587875366,-0.4070068895816803,-1.0624942779541016,-0.4070068895816803,-1.0624942779541016,-0.16070158779621124,-60.04815673828125,-0.15335600078105927,-62.90978240966797,-0.3668658435344611,153.38745117187145,-0.10314989,-2.25,2.25
5.9,22.553836822509766,22.553836822509766,0.14733262360095978,0.14733262360095978,0.0057935938239097595,0.0057935938239097595,3.922750234603882,-13.430917739868164,0.0,1.4349102,1.4850894212722778,3.9639689922332764,-0.17605936527252197,-0.20413115620613098,3.9678768972193503,-0.044385748868092954,3.9261410236358643,-0.4143694043159485,-1.1055015325546265,-0.4143694043159485,-1.1055015325546265,-0.16803890466690063,-56.98040771484375,-0.16070158779621124,-60.04815673828125,-0.37335157394409973,147.67894744873362,-0.10640987,-2.25,2.25
5.92,22.631895065307617,22.631895065307617,0.14782609045505524,0.14782609045505524,0.007089298218488693,0.007089298218488693,3.93333101272583,-13.352323532104492,0.0,1.4264781,1.4808975458145142,3.956122398376465,-0.18738378584384918,-0.2137431800365448,3.9605576771627913,-0.04733014400424168,3.9206886291503906,-0.4210967719554901,-1.1472686529159546,-0.4210967719554901,-1.1472686529159546,-0.17550593614578247,-54.02682876586914,-0.16803890466690063,-56.98040771484375,-0.37997961044310646,143.69964599609042,-0.109662294,-2.25,2.25
5.94,22.709762573242188,22.709762573242188,0.14842194318771362,0.14842194318771362,0.008408192545175552,0.008408192545175552,3.9444727897644043,-13.273957252502441,0.0,1.4178091,1.4765090942382812,3.9482226371765137,-0.1987311989068985,-0.2233758121728897,3.9532209756263357,-0.05029190100391597,3.915224075317383,-0.42785337567329407,-1.1884140968322754,-0.42785337567329407,-1.1884140968322754,-0.18310552835464478,-51.152835845947266,-0.17550593614578247,-54.02682876586914,-0.38724467158318393,138.57460021972952,-0.11290678,-2.25,2.25
5.96,22.787445068359375,22.787445068359375,0.14912116527557373,0.14912116527557373,0.009735867381095886,0.009735867381095886,3.9561455249786377,-13.195817947387695,0.0,1.4089203,1.4719387292861938,3.9402551651000977,-0.2101462036371231,-0.23307213187217712,3.9458550648751776,-0.05328266466649464,3.90968656539917,-0.4351128339767456,-1.2293548583984375,-0.4351128339767456,-1.2293548583984375,-0.1908504217863083,-48.381343841552734,-0.18310552835464478,-51.152835845947266,-0.3945663571357636,133.487319946286,-0.11614355,-2.25,2.25
5.98,22.864940643310547,22.864940643310547,0.14992359280586243,0.14992359280586243,0.011059287935495377,0.011059287935495377,3.968442678451538,-13.11791706085205,0.0,1.3997859,1.467157006263733,3.932202100753784,-0.221664160490036,-0.2428634613752365,3.9384449166159765,-0.05631190970062435,3.9040284156799316,-0.4432029128074646,-1.270399808883667,-0.4432029128074646,-1.270399808883667,-0.19874174892902374,-45.71159744262695,-0.1908504217863083,-48.381343841552734,-0.4009701311588373,131.07318878174107,-0.119372524,-2.25,2.25
6.0,22.942241668701172,22.942241668701172,0.15082819759845734,0.15082819759845734,0.012367695569992065,0.012367695569992065,3.9812705516815186,-13.040258407592773,0.0,1.3904461,1.4622000455856323,3.924044370651245,-0.23330850899219513,-0.25276827812194824,3.930974062901953,-0.05938622271916475,3.8982174396514893,-0.4523169994354248,-1.3117390871047974,-0.4523169994354248,-1.3117390871047974,-0.20676115155220032,-43.09013366699219,-0.19874174892902374,-45.71159744262695,-0.4054658114910032,130.11531829833683,-0.1225934,-2.25,2.25
6.0200000000000005,23.01934814453125,23.01934814453125,0.15183313190937042,0.15183313190937042,0.013651914894580841,0.013651914894580841,3.9947781562805176,-12.962868690490723,0.0,1.3808773,1.4570368528366089,3.915766716003418,-0.24508549273014069,-0.2627878487110138,3.923429096199773,-0.06250786251409093,3.8922505378723145,-0.46248069405555725,-1.3534128665924072,-0.46248069405555725,-1.3534128665924072,-0.21487046778202057,-40.48782730102539,-0.20676115155220032,-43.09013366699219,-0.4072114825248805,146.19808197021797,-0.125,-2.25,2.25
6.04,23.096281051635742,23.096281051635742,0.15293264389038086,0.15293264389038086,0.014758050441741943,0.014758050441741943,4.008844375610352,-12.885735511779785,0.0,1.3712612,1.451693058013916,3.9073593616485596,-0.2569805681705475,-0.2729036211967468,3.9158008367995296,-0.06567376635050973,3.886132001876831,-0.4735540449619293,-1.395297884941101,-0.4735540449619293,-1.395297884941101,-0.223014697432518,-37.563865661621094,-0.21487046778202057,-40.48782730102539,-0.4036299884319212,167.11483001708598,-0.125,-2.25,2.25
6.0600000000000005,23.173053741455078,23.173053741455078,0.1541084498167038,0.1541084498167038,0.015605584718286991,0.015605584718286991,4.023592948913574,-12.808883666992188,0.0,1.3616645,1.4461452960968018,3.898825168609619,-0.26895779371261597,-0.2830772399902344,3.9080910928716315,-0.06887520064340673,3.8799965381622314,-0.4851285517215729,-1.4371153116226196,-0.4851285517215729,-1.4371153116226196,-0.23108729720115662,-34.2215690612793,-0.223014697432518,-37.563865661621094,-0.3907054662704551,192.03662872314862,-0.125,-2.25,2.25
6.08,23.24966049194336,23.24966049194336,0.15534061193466187,0.15534061193466187,0.016212545335292816,0.016212545335292816,4.0389509201049805,-12.732311248779297,0.0,1.3520887,1.4403947591781616,3.8901901245117188,-0.2809440791606903,-0.293234258890152,3.900321625259121,-0.07209343739764579,3.8739564418792725,-0.49641796946525574,-1.4783231019973755,-0.49641796946525574,-1.4783231019973755,-0.23890140652656555,-30.380836486816406,-0.23108729720115662,-34.2215690612793,-0.3724038600921545,219.6684837341258,-0.125,-2.25,2.25
6.1000000000000005,23.32610511779785,23.32610511779785,0.15661132335662842,0.15661132335662842,0.01661551184952259,0.01661551184952259,4.054996967315674,-12.656036376953125,0.0,1.3425331,1.4344419240951538,3.8815102577209473,-0.2928050756454468,-0.3032413423061371,3.892538592373449,-0.07529325847958444,3.868117332458496,-0.5062662959098816,-1.5179524421691895,-0.5062662959098816,-1.5179524421691895,-0.2463494837284088,-25.98746681213379,-0.23890140652656555,-30.380836486816406,-0.3495380282402113,247.16835021973182,-0.125,-2.25,2.25
6.12,23.402381896972656,23.402381896972656,0.15790587663650513,0.15790587663650513,0.016856111586093903,0.016856111586093903,4.071691036224365,-12.580060958862305,0.0,1.3329986,1.42829167842865,3.8728537559509277,-0.30440032482147217,-0.31296873092651367,3.884798034999326,-0.07843720009903278,3.862583875656128,-0.5137441754341125,-1.555061936378479,-0.5137441754341125,-1.555061936378479,-0.2533402442932129,-21.044099807739258,-0.2463494837284088,-25.98746681213379,-0.32535195350646223,266.6756629943786,-0.125,-2.25,2.25
6.140000000000001,23.478496551513672,23.478496551513672,0.15921302139759064,0.15921302139759064,0.01697833091020584,0.01697833091020584,4.089069366455078,-12.504399299621582,0.0,1.3234842,1.4219506978988647,3.86429762840271,-0.31559306383132935,-0.3222960829734802,3.8771632855500493,-0.08148808390288362,3.8574414253234863,-0.5181399583816528,-1.588807225227356,-0.5181399583816528,-1.588807225227356,-0.2598472833633423,-15.710586547851562,-0.2533402442932129,-21.044099807739258,-0.3001958131790225,282.008171081549,-0.125,-2.25,2.25
6.16,23.55445098876953,23.55445098876953,0.16052481532096863,0.16052481532096863,0.01702064275741577,0.01702064275741577,4.107120037078857,-12.429047584533691,0.0,1.31399,1.4154270887374878,3.855912685394287,-0.32627806067466736,-0.33113881945610046,3.8696924955688927,-0.08441650104336199,3.8527047634124756,-0.5192066431045532,-1.618645191192627,-0.5192066431045532,-1.618645191192627,-0.2658511996269226,-10.070423126220703,-0.2598472833633423,-15.710586547851562,-0.2753794193267881,292.79460906983047,-0.125,-2.25,2.25
6.18,23.6302490234375,23.6302490234375,0.16183620691299438,0.16183620691299438,0.017016910016536713,0.017016910016536713,4.125844955444336,-12.354013442993164,0.0,1.3045151,1.40873122215271,3.847761392593384,-0.3363748788833618,-0.3394370377063751,3.8624365099605162,-0.08719924306823477,3.848381996154785,-0.5169856548309326,-1.644258737564087,-0.5169856548309326,-1.644258737564087,-0.27135878801345825,-4.214530944824219,-0.2658511996269226,-10.070423126220703,-0.2541005611419619,297.4245548248222,-0.125,-2.25,2.25
6.2,23.705894470214844,23.705894470214844,0.1631445586681366,0.1631445586681366,0.016994716599583626,0.016994716599583626,4.14525032043457,-12.27929973602295,0.0,1.2950594,1.4018746614456177,3.839895486831665,-0.34583190083503723,-0.34715771675109863,3.8554373362078347,-0.0898205109894411,3.844468593597412,-0.5117424130439758,-1.6655664443969727,-0.5117424130439758,-1.6655664443969727,-0.2764407992362976,1.7339601516723633,-0.27135878801345825,-4.214530944824219,-0.23410916328430675,309.08267498017017,-0.125,-2.25,2.25
6.22,23.78139305114746,23.78139305114746,0.16444902122020721,0.16444902122020721,0.016969120129942894,0.016969120129942894,4.165315628051758,-12.204903602600098,0.0,1.2856222,1.3948687314987183,3.832346200942993,-0.3546459674835205,-0.354314386844635,3.848720718126286,-0.09227735713237703,3.8409361839294434,-0.5040940046310425,-1.6828532218933105,-0.5040940046310425,-1.6828532218933105,-0.28112298250198364,7.915613651275635,-0.2764407992362976,1.7339601516723633,-0.21646171808242298,316.18659496306645,-0.125,-2.25,2.25
6.24,23.856752395629883,23.856752395629883,0.16574977338314056,0.16574977338314056,0.016951052471995354,0.016951052471995354,4.186062335968018,-12.130827903747559,0.0,1.2762023,1.3877239227294922,3.825138807296753,-0.3628280758857727,-0.36092787981033325,3.842308044358052,-0.09457062480525015,3.837841272354126,-0.494471937417984,-1.696479320526123,-0.494471937417984,-1.696479320526123,-0.2854522168636322,14.23934555053711,-0.28112298250198364,7.915613651275635,-0.20134299993515445,319.4300651550361,-0.125,-2.25,2.25
6.26,23.93197250366211,23.93197250366211,0.1670476645231247,0.1670476645231247,0.01694585382938385,0.01694585382938385,4.20745325088501,-12.057071685791016,0.0,1.2667998,1.3804517984390259,3.8182921409606934,-0.3704085052013397,-0.36703380942344666,3.8362165390456893,-0.09670634663758246,3.835186719894409,-0.4832509458065033,-1.7069123983383179,-0.4832509458065033,-1.7069123983383179,-0.2894790768623352,20.627946853637695,-0.2854522168636322,14.23934555053711,-0.18869638442992728,319.55032348632074,-0.125,-2.25,2.25
6.28,24.007064819335938,24.007064819335938,0.16834378242492676,0.16834378242492676,0.016953743994235992,0.016953743994235992,4.229518890380859,-11.983638763427734,0.0,1.2574133,1.3730616569519043,3.8118162155151367,-0.3774326741695404,-0.37267929315567017,3.830456667865453,-0.09869478880275438,3.8329522609710693,-0.4708387553691864,-1.714689016342163,-0.4708387553691864,-1.714689016342163,-0.29325300455093384,27.018953323364258,-0.2894790768623352,20.627946853637695,-0.17826855182648085,317.2657966613837,-0.125,-2.25,2.25
6.3,24.082035064697266,24.082035064697266,0.16963914036750793,0.16963914036750793,0.016971200704574585,0.016971200704574585,4.2522196769714355,-11.910517692565918,0.0,1.248042,1.3655622005462646,3.805713176727295,-0.38395583629608154,-0.37791773676872253,3.8250326623104254,-0.10054909525691284,3.8311078548431396,-0.4576498866081238,-1.7203691005706787,-0.4576498866081238,-1.7203691005706787,-0.2968183755874634,33.3642692565918,-0.29325300455093384,27.018953323364258,-0.1696854829788169,313.2320404052662,-0.125,-2.25,2.25
6.32,24.156888961791992,24.156888961791992,0.17093433439731598,0.17093433439731598,0.016992077231407166,0.016992077231407166,4.2755889892578125,-11.837718963623047,0.0,1.2386853,1.3579610586166382,3.799978256225586,-0.39003750681877136,-0.38280415534973145,3.819942932101558,-0.10228384013474064,3.829620599746704,-0.44406402111053467,-1.724494218826294,-0.44406402111053467,-1.724494218826294,-0.3002120852470398,39.628910064697266,-0.2968183755874634,33.3642692565918,-0.1626998186111485,308.0181121826238,-0.125,-2.25,2.25
6.34,24.23163414001465,24.23163414001465,0.17222949862480164,0.17222949862480164,0.01700911670923233,0.01700911670923233,4.299587249755859,-11.765229225158691,0.0,1.2293421,1.3502650260925293,3.794602394104004,-0.3957366943359375,-0.3873911201953888,3.8151821530018424,-0.10391372545728617,3.828458547592163,-0.4303945302963257,-1.727554202079773,-0.4303945302963257,-1.727554202079773,-0.3034660816192627,45.78927230834961,-0.3002120852470398,39.628910064697266,-0.1570165157318079,302.11448669432895,-0.125,-2.25,2.25
6.36,24.306278228759766,24.306278228759766,0.17352420091629028,0.17352420091629028,0.017014464363455772,0.017014464363455772,4.324247360229492,-11.693058967590332,0.0,1.2200116,1.3424789905548096,3.7895734310150146,-0.40110963582992554,-0.3917272686958313,3.8107421493733376,-0.10545295307243169,3.8275933265686035,-0.41688698530197144,-1.7299748659133911,-0.41688698530197144,-1.7299748659133911,-0.3066064119338989,51.83156204223633,-0.3034660816192627,45.78927230834961,-0.15189498662948933,296.0428237915102,-0.125,-2.25,2.25
6.38,24.380826950073242,24.380826950073242,0.17481738328933716,0.17481738328933716,0.017000466585159302,0.017000466585159302,4.349536418914795,-11.621196746826172,0.0,1.210693,1.3346080780029297,3.7848777770996094,-0.4062075912952423,-0.3958558142185211,3.806613244710889,-0.10691459133829334,3.8269994258880615,-0.40371814370155334,-1.7321103811264038,-0.40371814370155334,-1.7321103811264038,-0.30964431166648865,57.752418518066406,-0.3066064119338989,51.83156204223633,-0.1355841755866973,307.68070220946555,-0.125,-2.25,2.25
6.4,24.455284118652344,24.455284118652344,0.1761074811220169,0.1761074811220169,0.016961246728897095,0.016961246728897095,4.375479698181152,-11.549654006958008,0.0,1.2013857,1.3266561031341553,3.780503511428833,-0.41107189655303955,-0.3998098373413086,3.8027867287111237,-0.10830917770611359,3.8266584873199463,-0.39096200466156006,-1.73421049118042,-0.39096200466156006,-1.73421049118042,-0.31235599517822266,63.90603256225586,-0.30964431166648865,57.752418518066406,-0.13079643249511996,300.4884719848697,-0.125,-2.25,2.25
6.42,24.5296573638916,24.5296573638916,0.17739346623420715,0.17739346623420715,0.01692156493663788,0.01692156493663788,4.402055263519287,-11.478423118591309,0.0,1.1920892,1.3186274766921997,3.776484966278076,-0.4156326651573181,-0.403506875038147,3.799287987619535,-0.10961690697510261,3.826707124710083,-0.3774528205394745,-1.7356648445129395,-0.3774528205394745,-1.7356648445129395,-0.314971923828125,69.91580200195312,-0.31235599517822266,63.90603256225586,-0.14068484306335124,289.04304504393866,-0.125,-2.25,2.25
6.44,24.603952407836914,24.603952407836914,0.17867515981197357,0.17867515981197357,0.016873374581336975,0.016873374581336975,4.429275035858154,-11.407510757446289,0.0,1.1828023,1.310526967048645,3.7728099822998047,-0.4199422299861908,-0.40700599551200867,3.796109408205568,-0.1108512587727833,3.8270697593688965,-0.3637891709804535,-1.736840844154358,-0.3637891709804535,-1.736840844154358,-0.3177856206893921,75.69666290283203,-0.314971923828125,69.91580200195312,-0.14905035495758373,282.751464843756,-0.125,-2.25,2.25
6.46,24.678176879882812,24.678176879882812,0.17995068430900574,0.17995068430900574,0.01677466183900833,0.01677466183900833,4.4571332931518555,-11.336909294128418,0.0,1.1735243,1.3023563623428345,3.769414186477661,-0.42416781187057495,-0.41047894954681396,3.7932046664853347,-0.11205744345872855,3.827658176422119,-0.3516111969947815,-1.73895263671875,-0.3516111969947815,-1.73895263671875,-0.3207666277885437,81.35169219970703,-0.3177856206893921,75.69666290283203,-0.15409290790557506,279.91790771483727,-0.125,-2.25,2.25
6.48,24.752334594726562,24.752334594726562,0.18121542036533356,0.18121542036533356,0.016597414389252663,0.016597414389252663,4.485630035400391,-11.266624450683594,0.0,1.1642547,1.294115662574768,3.766254425048828,-0.42841410636901855,-0.41401538252830505,3.7905423148588966,-0.11326386651617286,3.828444242477417,-0.3412594795227051,-1.7426501512527466,-0.3412594795227051,-1.7426501512527466,-0.3238484859466553,86.9500503540039,-0.3207666277885437,81.35169219970703,-0.15605092048645353,279.44030761719347,-0.125,-2.25,2.25
6.5,24.826431274414062,24.826431274414062,0.18246307969093323,0.18246307969093323,0.016328826546669006,0.016328826546669006,4.514779090881348,-11.196663856506348,0.0,1.1549925,1.2858037948608398,3.763309955596924,-0.43272510170936584,-0.41764065623283386,3.7881067613709494,-0.11448246025396078,3.8294260501861572,-0.3323611319065094,-1.7480741739273071,-0.3323611319065094,-1.7480741739273071,-0.3269695043563843,92.53885650634766,-0.3238484859466553,86.9500503540039,-0.15535503625869393,280.3844451904232,-0.125,-2.25,2.25
6.5200000000000005,24.900470733642578,24.900470733642578,0.1836867779493332,0.1836867779493332,0.015967056155204773,0.015967056155204773,4.544565200805664,-11.127022743225098,0.0,1.1457375,1.277418613433838,3.7605767250061035,-0.43710410594940186,-0.42134377360343933,3.7858945183530217,-0.1157140224389019,3.830613613128662,-0.32433706521987915,-1.7550503015518188,-0.32433706521987915,-1.7550503015518188,-0.3300766050815582,98.14654541015625,-0.3269695043563843,92.53885650634766,-0.15252977609634724,281.9747924804748,-0.125,-2.25,2.25
6.54,24.974456787109375,24.974456787109375,0.18487975001335144,0.18487975001335144,0.015517398715019226,0.015517398715019226,4.575021266937256,-11.057721138000488,0.0,1.1364892,1.2689590454101562,3.7580606937408447,-0.44152966141700745,-0.4250955879688263,3.783909171709984,-0.11695254371650428,3.832024097442627,-0.31663408875465393,-1.7632393836975098,-0.31663408875465393,-1.7632393836975098,-0.3331272006034851,103.78604125976562,-0.3300766050815582,98.14654541015625,-0.14806091785430567,283.63876342772784,-0.125,-2.25,2.25
6.5600000000000005,25.04839515686035,25.04839515686035,0.18603573739528656,0.18603573739528656,0.014989182353019714,0.014989182353019714,4.606111526489258,-10.988741874694824,0.0,1.127247,1.2604246139526367,3.7557740211486816,-0.44596803188323975,-0.4288599491119385,3.782158905096023,-0.11818857729136756,3.8336760997772217,-0.308811753988266,-1.7722440958023071,-0.308811753988266,-1.7722440958023071,-0.3360884189605713,109.45881652832031,-0.3331272006034851,103.78604125976562,-0.14241635799408262,284.9506378173889,-0.125,-2.25,2.25
6.58,25.122295379638672,25.122295379638672,0.1871492564678192,0.1871492564678192,0.014393851161003113,0.014393851161003113,4.63789176940918,-10.920112609863281,0.0,1.1180094,1.2518147230148315,3.7537319660186768,-0.45038118958473206,-0.4326004981994629,3.7806542937224767,-0.11941142333236263,3.835585832595825,-0.30056333541870117,-1.7816760540008545,-0.30056333541870117,-1.7816760540008545,-0.3389367461204529,115.15782928466797,-0.3360884189605713,109.45881652832031,-0.1359850168228118,285.61859130858716,-0.125,-2.25,2.25
6.6000000000000005,25.19615936279297,25.19615936279297,0.1882157325744629,0.1882157325744629,0.01374326553195715,0.01374326553195715,4.670300006866455,-10.851806640625,0.0,1.1087765,1.2431304454803467,3.751950740814209,-0.45473235845565796,-0.4362845718860626,3.7794068158009844,-0.12061065344661881,3.8377678394317627,-0.2917070984840393,-1.7911951541900635,-0.2917070984840393,-1.7911951541900635,-0.3416564464569092,120.87020111083984,-0.3389367461204529,115.15782928466797,-0.1290991902351407,285.46257019043577,-0.125,-2.25,2.25
6.62,25.269990921020508,25.269990921020508,0.18923142552375793,0.18923142552375793,0.013048812747001648,0.013048812747001648,4.703413009643555,-10.783866882324219,0.0,1.0995476,1.2343730926513672,3.7504451274871826,-0.45898908376693726,-0.4398849308490753,3.7784268728281036,-0.12177700015340472,3.8402318954467773,-0.2821621000766754,-1.800527811050415,-0.2821621000766754,-1.800527811050415,-0.34423843026161194,126.57945251464844,-0.3416564464569092,120.87020111083984,-0.12203752994537072,284.3780517578059,-0.125,-2.25,2.25
6.640000000000001,25.34379768371582,25.34379768371582,0.19019348919391632,0.19019348919391632,0.012320660054683685,0.012320660054683685,4.737144470214844,-10.7162504196167,0.0,1.0903215,1.2255449295043945,3.749228000640869,-0.46312475204467773,-0.44338053464889526,3.777723538951199,-0.1229027823260437,3.842984437942505,-0.2719247341156006,-1.8094722032546997,-0.2719247341156006,-1.8094722032546997,-0.3466791808605194,132.2670135498047,-0.34423843026161194,126.57945251464844,-0.11499226093292482,282.3478698730529,-0.125,-2.25,2.25
6.66,25.417583465576172,25.417583465576172,0.19109970331192017,0.19109970331192017,0.011567659676074982,0.011567659676074982,4.771594524383545,-10.649012565612793,0.0,1.0810984,1.2166482210159302,3.74830961227417,-0.4671194851398468,-0.4467564821243286,3.7773040072072903,-0.12398217386291041,3.8460278511047363,-0.2610471248626709,-1.8178951740264893,-0.2610471248626709,-1.8178951740264893,-0.34897902607917786,137.91397094726562,-0.3466791808605194,132.2670135498047,-0.10815709829330675,279.29611206055284,-0.125,-2.25,2.25
6.68,25.491355895996094,25.491355895996094,0.1919485181570053,0.1919485181570053,0.010797172784805298,0.010797172784805298,4.806650638580322,-10.582098007202148,0.0,1.0718769,1.207685112953186,3.7476980686187744,-0.4709596037864685,-0.45000356435775757,3.7771740444315776,-0.12501105660536535,3.8493614196777344,-0.24961712956428528,-1.8257240056991577,-0.24961712956428528,-1.8257240056991577,-0.35114216804504395,143.49989318847656,-0.34897902607917786,137.91397094726562,-0.10252594947814704,273.5839843749937,-0.125,-2.25,2.25
6.7,25.565122604370117,25.565122604370117,0.1927388310432434,0.1927388310432434,0.010014950297772884,0.010014950297772884,4.842441558837891,-10.515569686889648,0.0,1.062656,1.1986578702926636,3.7473976612091064,-0.47463738918304443,-0.4531174600124359,3.7773363475398876,-0.12598702002943182,3.852980613708496,-0.23774616420269012,-1.8329378366470337,-0.23774616420269012,-1.8329378366470337,-0.35319268703460693,148.97157287597656,-0.35114216804504395,143.49989318847656,-0.09757280349731653,266.94183349609943,-0.125,-2.25,2.25
6.72,25.63888931274414,25.63888931274414,0.19346992671489716,0.19346992671489716,0.00922316312789917,0.00922316312789917,4.8788371086120605,-10.449363708496094,0.0,1.0534351,1.1895695924758911,3.747406482696533,-0.47815796732902527,-0.45610612630844116,3.7777890873202846,-0.12691125546282983,3.856863021850586,-0.22565807402133942,-1.8396131992340088,-0.22565807402133942,-1.8396131992340088,-0.3551441431045532,154.31040954589844,-0.35319268703460693,148.97157287597656,-0.09440779685973903,258.3236694335878,-0.125,-2.25,2.25
6.74,25.71265983581543,25.71265983581543,0.19414111971855164,0.19414111971855164,0.008422523736953735,0.008422523736953735,4.915956020355225,-10.383548736572266,0.0,1.044214,1.1804224252700806,3.747718572616577,-0.48153093457221985,-0.45898014307022095,3.7785270331817435,-0.12778628938401196,3.8609890937805176,-0.2135557234287262,-1.845853567123413,-0.2135557234287262,-1.845853567123413,-0.35703229904174805,159.4768829345703,-0.3551441431045532,154.31040954589844,-0.09072571992874338,250.37841796875534,-0.125,-2.25,2.25
6.76,25.786441802978516,25.786441802978516,0.19475165009498596,0.19475165009498596,0.0076097846031188965,0.0076097846031188965,4.953690052032471,-10.318066596984863,0.0,1.0349911,1.171218991279602,3.748321056365967,-0.4847782850265503,-0.4617617428302765,3.7795397507143327,-0.12861816144843044,3.865328788757324,-0.20172998309135437,-1.8518468141555786,-0.20172998309135437,-1.8518468141555786,-0.3588468134403229,164.4844512939453,-0.35703229904174805,159.4768829345703,-0.08659511804580489,242.8588867187444,-0.125,-2.25,2.25
6.78,25.860240936279297,25.860240936279297,0.19530059397220612,0.19530059397220612,0.006784319411963224,0.006784319411963224,4.9921345710754395,-10.252972602844238,0.0,1.0257664,1.1619607210159302,3.74920392036438,-0.4879113435745239,-0.4644598960876465,3.7808183658652967,-0.12941003776518764,3.8698675632476807,-0.1902437061071396,-1.8576838970184326,-0.1902437061071396,-1.8576838970184326,-0.360578715801239,169.3416290283203,-0.3588468134403229,164.4844512939453,-0.08212476968765434,235.56671142578628,-0.125,-2.25,2.25
6.8,25.934062957763672,25.934062957763672,0.19578704237937927,0.19578704237937927,0.005947232246398926,0.005947232246398926,5.031209468841553,-10.188220024108887,0.0,1.0165385,1.15264892578125,3.7503604888916016,-0.4909344017505646,-0.4670763611793518,3.78235645906906,-0.1301631466009878,3.874596118927002,-0.1790652573108673,-1.8633925914764404,-0.1790652573108673,-1.8633925914764404,-0.36222121119499207,174.05296325683594,-0.360578715801239,169.3416290283203,-0.07738471031188786,228.38897705077596,-0.125,-2.25,2.25
6.82,26.00791358947754,26.00791358947754,0.196210116147995,0.196210116147995,0.0051007866859436035,0.0051007866859436035,5.070982456207275,-10.123858451843262,0.0,1.0073072,1.1432855129241943,3.7517852783203125,-0.49384739995002747,-0.46960926055908203,3.7841482567492553,-0.13087755432748407,3.879509449005127,-0.16813616454601288,-1.8689656257629395,-0.16813616454601288,-1.8689656257629395,-0.36376890540122986,178.62074279785156,-0.36222121119499207,174.05296325683594,-0.07253289222717439,221.18911743164534,-0.125,-2.25,2.25
6.84,26.081798553466797,26.081798553466797,0.19656920433044434,0.19656920433044434,0.004247933626174927,0.004247933626174927,5.1113972663879395,-10.059850692749023,0.0,0.9980716,1.1338722705841064,3.7534737586975098,-0.49664798378944397,-0.4720551371574402,3.7861886478400586,-0.1315527132086286,3.8846020698547363,-0.15739978849887848,-1.8743774890899658,-0.15739978849887848,-1.8743774890899658,-0.3652195632457733,183.04452514648438,-0.36376890540122986,178.62074279785156,-0.06313323974609229,215.52505493163565,-0.125,-2.25,2.25
6.86,26.15572166442871,26.15572166442871,0.19686385989189148,0.19686385989189148,0.003391757607460022,0.003391757607460022,5.152498722076416,-9.996231079101562,0.0,0.9888311,1.1244107484817505,3.7554218769073486,-0.49933329224586487,-0.47441068291664124,3.7884729391008465,-0.1321879465453855,3.889868974685669,-0.1468222439289093,-1.879602074623108,-0.1468222439289093,-1.879602074623108,-0.3664822280406952,187.3550262451172,-0.3652195632457733,183.04452514648438,-0.05197674036026112,209.89685058594196,-0.125,-2.25,2.25
6.88,26.22968864440918,26.22968864440918,0.19709421694278717,0.19709421694278717,0.0025461313780397177,0.0025461313780397177,5.194251537322998,-9.932981491088867,0.0,0.9795853,1.1149036884307861,3.757643699645996,-0.5018633008003235,-0.4766337275505066,3.7910094890648116,-0.13277224816915573,3.895322322845459,-0.13592880964279175,-1.884332537651062,-0.13592880964279175,-1.884332537651062,-0.3675217628479004,191.55296325683594,-0.3664822280406952,187.3550262451172,-0.04209578037261866,202.4559020996047,-0.125,-2.25,2.25
6.9,26.3037052154541,26.3037052154541,0.1972614824771881,0.1972614824771881,0.0017267465591430664,0.0017267465591430664,5.236678600311279,-9.8701171875,0.0,0.97033304,1.1053533554077148,3.760154962539673,-0.5041942000389099,-0.47868239879608154,3.7938077354637523,-0.13329360752232453,3.9009745121002197,-0.12440284341573715,-1.8882582187652588,-0.12440284341573715,-1.8882582187652588,-0.3683636784553528,195.60208129882812,-0.3675217628479004,191.55296325683594,-0.033600628376007795,193.84536743164475,-0.125,-2.25,2.25
6.92,26.377779006958008,26.377779006958008,0.19736790657043457,0.19736790657043457,0.0009436160326004028,0.0009436160326004028,5.2797651290893555,-9.807633399963379,0.0,0.9610739,1.0957638025283813,3.7629613876342773,-0.506304919719696,-0.4805411398410797,3.7968701685149644,-0.13374635540320667,3.9068222045898438,-0.1123298928141594,-1.891264796257019,-0.1123298928141594,-1.891264796257019,-0.3690356910228729,199.47898864746094,-0.3683636784553528,195.60208129882812,-0.026908516883849477,185.96267700194883,-0.125,-2.25,2.25
6.94,26.45191192626953,26.45191192626953,0.1974163055419922,0.1974163055419922,0.00020204484462738037,0.00020204484462738037,5.323511600494385,-9.745532035827637,0.0,0.95180756,1.0861389636993408,3.7660608291625977,-0.5081918239593506,-0.4822114109992981,3.8001938238584625,-0.13412969075478412,3.912856101989746,-0.09995434433221817,-1.893378734588623,-0.09995434433221817,-1.893378734588623,-0.3695738613605499,203.1982421875,-0.3690356910228729,199.47898864746094,-0.021372735500336148,177.2224426269569,-0.125,-2.25,2.25
6.96,26.526111602783203,26.526111602783203,0.1974097341299057,0.1974097341299057,-0.0004973262548446655,-0.0004973262548446655,5.367919445037842,-9.683819770812988,0.0,0.94253236,1.0764822959899902,3.7694432735443115,-0.5098671913146973,-0.48370903730392456,3.8037701225557248,-0.134447268384013,3.919074296951294,-0.08757905662059784,-1.8947429656982422,-0.08757905662059784,-1.8947429656982422,-0.37000131607055664,206.74269104003906,-0.3695738613605499,203.1982421875,-0.01693814992904624,167.845916748043,-0.125,-2.25,2.25
6.98,26.600383758544922,26.600383758544922,0.19735127687454224,0.19735127687454224,-0.0011559576960280538,-0.0011559576960280538,5.412975311279297,-9.62248706817627,0.0,0.9332484,1.066796898841858,3.7730963230133057,-0.5113496780395508,-0.4850534200668335,3.8075890476740897,-0.13470450306035608,3.9254629611968994,-0.07543089240789413,-1.8955342769622803,-0.07543089240789413,-1.8955342769622803,-0.3703400790691376,210.099609375,-0.37000131607055664,206.74269104003906,-0.014209747314453429,157.32650756836273,-0.125,-2.25,2.25
7.0,26.674734115600586,26.674734115600586,0.1972438097000122,0.1972438097000122,-0.00177687406539917,-0.00177687406539917,5.4586992263793945,-9.56155014038086,0.0,0.9239546,1.057085633277893,3.7770047187805176,-0.5126617550849915,-0.48626604676246643,3.8116383250273262,-0.13490790726294638,3.9320034980773926,-0.06369110941886902,-1.8959425687789917,-0.06369110941886902,-1.8959425687789917,-0.37062427401542664,213.2461395263672,-0.3703400790691376,210.099609375,-0.01191794872283908,147.17941284179346,-0.125,-2.25,2.25
7.0200000000000005,26.749164581298828,26.749164581298828,0.19708992540836334,0.19708992540836334,-0.0023657679557800293,-0.0023657679557800293,5.505056858062744,-9.500993728637695,0.0,0.9146508,1.0473512411117554,3.781148910522461,-0.5138337016105652,-0.48737505078315735,3.815902534978587,-0.13506616812385144,3.9386682510375977,-0.05257905647158623,-1.8961992263793945,-0.05257905647158623,-1.8961992263793945,-0.3708626329898834,216.18972778320312,-0.37062427401542664,213.2461395263672,-0.009937584400177214,137.44201660156543,-0.125,-2.25,2.25
7.04,26.823684692382812,26.823684692382812,0.19689178466796875,0.19689178466796875,-0.0029275119304656982,-0.0029275119304656982,5.55208683013916,-9.440839767456055,0.0,0.9053356,1.0375947952270508,3.785510540008545,-0.5148909091949463,-0.4884019196033478,3.8203668275294436,-0.13518664345110762,3.945436477661133,-0.04218310862779617,-1.8964780569076538,-0.04218310862779617,-1.8964780569076538,-0.37106138467788696,218.93856811523438,-0.3708626329898834,216.18972778320312,-0.008192658424377252,128.11965942382517,-0.125,-2.25,2.25
7.0600000000000005,26.898290634155273,26.898290634155273,0.19665123522281647,0.19665123522281647,-0.003466174006462097,-0.003466174006462097,5.599739074707031,-9.381072044372559,0.0,0.8960101,1.027819275856018,3.7900726795196533,-0.5158538818359375,-0.48936280608177185,3.825017142895766,-0.13527535498933008,3.9522907733917236,-0.03251779079437256,-1.89690101146698,-0.03251779079437256,-1.89690101146698,-0.3712252378463745,221.50096130371094,-0.37106138467788696,218.93856811523438,-0.004957616329193221,122.14431762695573,-0.125,-2.25,2.25
7.08,26.972991943359375,26.972991943359375,0.19636981189250946,0.19636981189250946,-0.003984853625297546,-0.003984853625297546,5.648062229156494,-9.3217191696167,0.0,0.8866723,1.0180246829986572,3.7948200702667236,-0.516739010810852,-0.49027004837989807,3.829840541196581,-0.13533718381594426,3.959217071533203,-0.023562157526612282,-1.8975483179092407,-0.023562157526612282,-1.8975483179092407,-0.3713243901729584,223.94384765625,-0.3712252378463745,221.50096130371094,0.0015541911125182746,122.42355346679405,-0.125,-2.25,2.25
7.1000000000000005,27.047792434692383,27.047792434692383,0.19604897499084473,0.19604897499084473,-0.004482076037675142,-0.004482076037675142,5.697009086608887,-9.262749671936035,0.0,0.87732214,1.0082122087478638,3.799746513366699,-0.517545223236084,-0.49111831188201904,3.8348307164641406,-0.135372163941135,3.9662294387817383,-0.01508729811757803,-1.8983618021011353,-0.01508729811757803,-1.8983618021011353,-0.371293306350708,226.39231872558594,-0.3713243901729584,223.94384765625,0.0069737434387208514,120.97320556640882,-0.125,-2.25,2.25
7.12,27.12269401550293,27.12269401550293,0.1956905722618103,0.1956905722618103,-0.004948288202285767,-0.004948288202285767,5.746619701385498,-9.204209327697754,0.0,0.8679596,0.9983839392662048,3.804861068725586,-0.5182437896728516,-0.491875559091568,3.839992757524171,-0.13537266386143806,3.9733848571777344,-0.0065709431655704975,-1.8990795612335205,-0.0065709431655704975,-1.8990795612335205,-0.3711538314819336,228.81178283691406,-0.371293306350708,226.39231872558594,0.011368095874786115,117.59719848632541,-0.125,-2.25,2.25
7.140000000000001,27.197702407836914,27.197702407836914,0.1952970325946808,0.1952970325946808,-0.005377963185310364,-0.005377963185310364,5.796850681304932,-9.146058082580566,0.0,0.8585834,0.9885410070419312,3.8101677894592285,-0.5188226699829102,-0.49253159761428833,3.8453290557143247,-0.1353355776780577,3.980701446533203,0.0021250047720968723,-1.899588704109192,0.0021250047720968723,-1.899588704109192,-0.37092646956443787,231.16372680664062,-0.3711538314819336,228.81178283691406,0.01481622457504304,112.47482299804928,-0.125,-2.25,2.25
7.16,27.27281951904297,27.27281951904297,0.19487114250659943,0.19487114250659943,-0.0057687461376190186,-0.0057687461376190186,5.847742557525635,-9.088340759277344,0.0,0.84919393,0.9786862134933472,3.8156659603118896,-0.5192816257476807,-0.49308860301971436,3.8508388862067457,-0.13526103037962053,3.9881746768951416,0.010947976261377335,-1.8998783826828003,0.010947976261377335,-1.8998783826828003,-0.370630145072937,233.41322326660156,-0.37092646956443787,231.16372680664062,0.01725703477859534,106.63452148437727,-0.125,-2.25,2.25
7.18,27.34804916381836,27.34804916381836,0.19441577792167664,0.19441577792167664,-0.006120771169662476,-0.006120771169662476,5.899248123168945,-9.031022071838379,0.0,0.83979017,0.9688208699226379,3.821350574493408,-0.5196287631988525,-0.49355581402778625,3.856518412340938,-0.13515145030738157,3.99578595161438,0.01975957676768303,-1.9000005722045898,0.01975957676768303,-1.9000005722045898,-0.3702850043773651,235.54591369628906,-0.370630145072937,233.41322326660156,0.018811225891112848,100.31661987304456,-0.125,-2.25,2.25
7.2,27.423397064208984,27.423397064208984,0.19393374025821686,0.19393374025821686,-0.006436005234718323,-0.006436005234718323,5.95141077041626,-8.974140167236328,0.0,0.8303716,0.9589465856552124,3.8272128105163574,-0.5198782086372375,-0.4939475953578949,3.8623608387612336,-0.13501093801069727,4.003516674041748,0.028387030586600304,-1.9000508785247803,0.028387030586600304,-1.9000508785247803,-0.36990877985954285,237.55224609375,-0.3702850043773651,235.54591369628906,0.01961439847946209,93.72329711914263,-0.125,-2.25,2.25
7.22,27.498863220214844,27.498863220214844,0.1934276819229126,0.1934276819229126,-0.006717711687088013,-0.006717711687088013,6.004184246063232,-8.917664527893066,0.0,0.8209386,0.949065089225769,3.8332407474517822,-0.5200474262237549,-0.49428048729896545,3.868356751056791,-0.1348445393038747,4.011348247528076,0.036672815680503845,-1.9001435041427612,0.036672815680503845,-1.9001435041427612,-0.3695164918899536,239.4267120361328,-0.36990877985954285,237.55224609375,0.019803643226623077,87.0147705078105,-0.125,-2.25,2.25
7.24,27.574451446533203,27.574451446533203,0.19289997220039368,0.19289997220039368,-0.006969884503632784,-0.006969884503632784,6.057602405548096,-8.861634254455566,0.0,0.81148994,0.9391776919364929,3.839421510696411,-0.5201551914215088,-0.4945714473724365,3.874495962052491,-0.13465764227416743,4.01926326751709,0.04449664428830147,-1.9003928899765015,0.04449664428830147,-1.9003928899765015,-0.36912041902542114,241.16700744628906,-0.3695164918899536,239.4267120361328,0.019514560699463307,80.32760620117358,-0.125,-2.25,2.25
7.26,27.65016746520996,27.65016746520996,0.19235266745090485,0.19235266745090485,-0.007196754217147827,-0.007196754217147827,6.111636638641357,-8.80601978302002,0.0,0.8020252,0.9292839765548706,3.8457419872283936,-0.5202201008796692,-0.4948365092277527,3.880768014928314,-0.1344555665965326,4.0272440910339355,0.05177346616983414,-1.900903582572937,0.05177346616983414,-1.900903582572937,-0.3687301278114319,242.7735595703125,-0.36912041902542114,241.16700744628906,0.01886039972305254,73.75717163085767,-0.125,-2.25,2.25
7.28,27.726009368896484,27.726009368896484,0.19178752601146698,0.19178752601146698,-0.007402465213090181,-0.007402465213090181,6.166305065155029,-8.7508544921875,0.0,0.7925453,0.9193857312202454,3.8521883487701416,-0.5202592611312866,-0.4950900375843048,3.887161531656911,-0.13424324375249574,4.035274505615234,0.058452069759368896,-1.9017614126205444,0.058452069759368896,-1.9017614126205444,-0.3683529198169708,244.2487030029297,-0.3687301278114319,242.7735595703125,0.017952919006348038,67.38586425781394,-0.125,-2.25,2.25
7.3,27.801982879638672,27.801982879638672,0.19120599329471588,0.19120599329471588,-0.0075909788720309734,-0.0075909788720309734,6.221588134765625,-8.696126937866211,0.0,0.78304857,0.9094826579093933,3.8587474822998047,-0.5202877521514893,-0.4953444004058838,3.8936655579535757,-0.13402503230692575,4.04334020614624,0.06451047956943512,-1.9030323028564453,0.06451047956943512,-1.9030323028564453,-0.36799386143684387,245.59642028808594,-0.3683529198169708,244.2487030029297,0.017502903938293055,60.98327636718609,-0.125,-2.25,2.25
7.32,27.878089904785156,27.878089904785156,0.19060921669006348,0.19060921669006348,-0.007765978574752808,-0.007765978574752808,6.277497291564941,-8.641843795776367,0.0,0.7735351,0.8995738625526428,3.8654067516326904,-0.5203185677528381,-0.4956096112728119,3.900269319869585,-0.13380471419710482,4.051429271697998,0.06994771212339401,-1.9047609567642212,0.06994771212339401,-1.9047609567642212,-0.367643803358078,246.8160858154297,-0.36799386143684387,245.59642028808594,0.01763701438903846,54.45632934570428,-0.125,-2.25,2.25
7.34,27.95433235168457,27.95433235168457,0.18999813497066498,0.18999813497066498,-0.007928937673568726,-0.007928937673568726,6.3340277671813965,-8.588017463684082,0.0,0.7640048,0.8896597623825073,3.872156858444214,-0.5203566551208496,-0.4958879351615906,3.9069642671676847,-0.13358388890768058,4.059528350830078,0.07484179735183716,-1.9069316387176514,0.07484179735183716,-1.9069316387176514,-0.36729106307029724,247.90521240234375,-0.367643803358078,246.8160858154297,0.017589330673217368,48.09722900390514,-0.125,-2.25,2.25
7.36,28.030712127685547,28.030712127685547,0.18937364220619202,0.18937364220619202,-0.00807979702949524,-0.00807979702949524,6.391168594360352,-8.53464126586914,0.0,0.7544574,0.8797401189804077,3.87899112701416,-0.5204006433486938,-0.4961755871772766,3.9137436033869566,-0.13336245410035805,4.067625522613525,0.07929401844739914,-1.9094823598861694,0.07929401844739914,-1.9094823598861694,-0.3669392764568329,248.86715698242188,-0.36729106307029724,247.90521240234375,0.017395615577698125,41.96701049804777,-0.125,-2.25,2.25
7.38,28.10723114013672,28.10723114013672,0.18873660266399384,0.18873660266399384,-0.008218817412853241,-0.008218817412853241,6.448939323425293,-8.481742858886719,0.0,0.7448924,0.8698142766952515,3.885901927947998,-0.5204505920410156,-0.49647167325019836,3.9205997771241345,-0.1331407006169133,4.075711250305176,0.08332931995391846,-1.9123696088790894,0.08332931995391846,-1.9123696088790894,-0.36659136414527893,249.7064971923828,-0.3669392764568329,248.86715698242188,0.017082691192626558,36.09924316406167,-0.125,-2.25,2.25
7.4,28.183887481689453,28.183887481689453,0.18808789551258087,0.18808789551258087,-0.008346550166606903,-0.008346550166606903,6.507300853729248,-8.429296493530273,0.0,0.7353103,0.8598829507827759,3.892881155014038,-0.5205076932907104,-0.4967767000198364,3.9275249134586336,-0.13291921750687535,4.0837788581848145,0.0869484543800354,-1.9155620336532593,0.0869484543800354,-1.9155620336532593,-0.3662497103214264,250.42848205566406,-0.36659136414527893,249.7064971923828,0.01668035984039342,30.524444580078775,-0.125,-2.25,2.25
7.42,28.26068687438965,28.26068687438965,0.1874283254146576,0.1874283254146576,-0.00846365187317133,-0.00846365187317133,6.566300392150879,-8.377357482910156,0.0,0.72571063,0.8499451875686646,3.8999202251434326,-0.5205732583999634,-0.49709179997444153,3.9345106785779547,-0.13269863395975925,4.091821670532227,0.09014851599931717,-1.9190362691879272,0.09014851599931717,-1.9190362691879272,-0.36591610312461853,251.03897094726562,-0.3662497103214264,250.42848205566406,0.01621693372726403,25.259399414061917,-0.125,-2.25,2.25
7.44,28.337629318237305,28.337629318237305,0.18675868213176727,0.18675868213176727,-0.008570820093154907,-0.008570820093154907,6.625871658325195,-8.325862884521484,0.0,0.7160927,0.8400015234947205,3.9070115089416504,-0.5206488966941833,-0.49741825461387634,3.9415497211923363,-0.13247961576192502,4.099834442138672,0.0929315835237503,-1.922773838043213,0.0929315835237503,-1.922773838043213,-0.36559176445007324,251.54415893554688,-0.36591610312461853,251.03897094726562,0.01571923494339023,20.314025878906683,-0.125,-2.25,2.25
7.46,28.414714813232422,28.414714813232422,0.18607968091964722,0.18607968091964722,-0.008668825030326843,-0.008668825030326843,6.686089992523193,-8.274909973144531,0.0,0.70645714,0.8300511240959167,3.914146900177002,-0.5207361578941345,-0.49775707721710205,3.9486342072042553,-0.1322628231716474,4.107812881469727,0.09530621767044067,-1.9267574548721313,0.09530621767044067,-1.9267574548721313,-0.36527737975120544,251.950439453125,-0.36559176445007324,251.54415893554688,0.015200674533843644,15.686798095702763,-0.125,-2.25,2.25
7.48,28.491947174072266,28.491947174072266,0.18539197742938995,0.18539197742938995,-0.008758343756198883,-0.008758343756198883,6.746872425079346,-8.224400520324707,0.0,0.69680285,0.8200932741165161,3.921318769454956,-0.5208361744880676,-0.4981091320514679,3.955756718042086,-0.13204878942797765,4.115753173828125,0.09728652983903885,-1.9309706687927246,0.09728652983903885,-1.9309706687927246,-0.36497336626052856,252.26417541503906,-0.36527737975120544,251.950439453125,0.014361739158630676,15.001678466797195,-0.125,-2.25,2.25
7.5,28.56932830810547,28.56932830810547,0.18469618260860443,0.18469618260860443,-0.008839942514896393,-0.008839942514896393,6.808296203613281,-8.174446105957031,0.0,0.68713045,0.8101284503936768,3.928520679473877,-0.5209497809410095,-0.4984748065471649,3.962910975951438,-0.13183792808307945,4.123652935028076,0.09889288991689682,-1.9353969097137451,0.09889288991689682,-1.9353969097137451,-0.36468613147735596,252.564208984375,-0.36497336626052856,252.26417541503906,0.013408064842223812,15.257263183593398,-0.125,-2.25,2.25
7.5200000000000005,28.646852493286133,28.646852493286133,0.18399284780025482,0.18399284780025482,-0.008914798498153687,-0.008914798498153687,6.8702850341796875,-8.12496566772461,0.0,0.67744,0.8001559376716614,3.935746192932129,-0.521079957485199,-0.4988572597503662,3.97009098350057,-0.13163118402830049,4.131538391113281,0.10014357417821884,-1.9400380849838257,0.10014357417821884,-1.9400380849838257,-0.3644179701805115,252.86935424804688,-0.36468613147735596,252.564208984375,0.01242756843566921,15.380096435547204,-0.125,-2.25,2.25
7.54,28.724525451660156,28.724525451660156,0.18328247964382172,0.18328247964382172,-0.0089840954169631,-0.0089840954169631,6.932887554168701,-8.076031684875488,0.0,0.66773087,0.7901758551597595,3.942990303039551,-0.5212298631668091,-0.4992595613002777,3.977292181889686,-0.13142949136407503,4.139430046081543,0.10110169649124146,-1.9448981285095215,0.10110169649124146,-1.9448981285095215,-0.3641694188117981,253.1769561767578,-0.3644179701805115,252.86935424804688,0.011445581912994121,15.409851074218395,-0.125,-2.25,2.25
7.5600000000000005,28.802345275878906,28.802345275878906,0.18256542086601257,0.18256542086601257,-0.00904892385005951,-0.00904892385005951,6.996068000793457,-8.027610778808594,0.0,0.65800303,0.7801876068115234,3.9502508640289307,-0.5214019417762756,-0.4996838867664337,3.9845127523512063,-0.1312335044295239,4.147335529327393,0.10183939337730408,-1.9499770402908325,0.10183939337730408,-1.9499770402908325,-0.3639405071735382,253.4851531982422,-0.3641694188117981,253.1769561767578,0.010465085506439433,15.367889404297202,-0.125,-2.25,2.25
7.58,28.880313873291016,28.880313873291016,0.18184201419353485,0.18184201419353485,-0.00911010056734085,-0.00911010056734085,7.059835910797119,-7.979722499847412,0.0,0.6482573,0.7701905965805054,3.9575254917144775,-0.5215979814529419,-0.5001317262649536,3.991750552304803,-0.1310437172701856,4.155256271362305,0.10241139680147171,-1.9552717208862305,0.10241139680147171,-1.9552717208862305,-0.3637312054634094,253.79251098632812,-0.3639405071735382,253.4851531982422,0.009514391422271508,15.279388427734022,-0.125,-2.25,2.25
7.6000000000000005,28.95842933654785,28.95842933654785,0.18111245334148407,0.18111245334148407,-0.009168468415737152,-0.009168468415737152,7.124197006225586,-7.932392120361328,0.0,0.6384926,0.760184645652771,3.964813470840454,-0.521819531917572,-0.500603973865509,3.999005061568265,-0.13086050622038087,4.163193702697754,0.1028539314866066,-1.9607768058776855,0.1028539314866066,-1.9607768058776855,-0.363540917634964,254.0980987548828,-0.3637312054634094,253.79251098632812,0.008605420589447205,15.163421630859698,-0.125,-2.25,2.25
7.62,29.036697387695312,29.036697387695312,0.18037696182727814,0.18037696182727814,-0.00922465417534113,-0.00922465417534113,7.189116477966309,-7.885577201843262,0.0,0.628709,0.7501684427261353,3.9721133708953857,-0.5220673680305481,-0.5011012554168701,4.006274949127712,-0.1306840761344054,4.171145439147949,0.10319284349679947,-1.96648371219635,0.10319284349679947,-1.96648371219635,-0.36336880922317505,254.4013671875,-0.363540917634964,254.0980987548828,0.007747113704681218,15.028381347655904,-0.125,-2.25,2.25
7.640000000000001,29.1151123046875,29.1151123046875,0.179635688662529,0.179635688662529,-0.00927918404340744,-0.00927918404340744,7.254644870758057,-7.83936882019043,0.0,0.6189072,0.7401425242424011,3.979424238204956,-0.522341787815094,-0.5016233325004578,4.013559294555266,-0.13051449673273138,4.179110050201416,0.10344512015581131,-1.9723811149597168,0.10344512015581131,-1.9723811149597168,-0.3632138669490814,254.70193481445312,-0.36336880922317505,254.4013671875,0.006958842277527004,14.888763427734693,-0.125,-2.25,2.25
7.66,29.193675994873047,29.193675994873047,0.1788887083530426,0.1788887083530426,-0.009332389570772648,-0.009332389570772648,7.320712089538574,-7.793679714202881,0.0,0.6090868,0.7301060557365417,3.986745595932007,-0.5226424336433411,-0.502169668674469,4.020857565262402,-0.13035165983221228,4.187087059020996,0.10362494736909866,-1.9784549474716187,0.10362494736909866,-1.9784549474716187,-0.3630746901035309,254.9997100830078,-0.3632138669490814,254.70193481445312,0.00525861978530895,14.913940429687818,-0.125,-2.25,2.25
7.68,29.27239227294922,29.27239227294922,0.17813609540462494,0.17813609540462494,-0.00938454270362854,-0.00938454270362854,7.387379169464111,-7.7486042976379395,0.0,0.5992472,0.7200580835342407,3.994077205657959,-0.5229686498641968,-0.5027395486831665,4.0281694271092015,-0.13019537676349538,4.195075035095215,0.10374342650175095,-1.9846898317337036,0.10374342650175095,-1.9846898317337036,-0.3629695177078247,255.29798889160156,-0.3630746901035309,254.9997100830078,0.0031277537345885506,15.220642089843398,-0.125,-2.25,2.25
7.7,29.35125732421875,29.35125732421875,0.17737789452075958,0.17737789452075958,-0.0094379261136055,-0.0094379261136055,7.454594135284424,-7.704084873199463,0.0,0.58938897,0.7099984884262085,4.0014142990112305,-0.5233273506164551,-0.503340482711792,4.0354910368175485,-0.1300474655722962,4.2030744552612305,0.10371571779251099,-1.9911308288574219,0.10371571779251099,-1.9911308288574219,-0.36290696263313293,255.60240173339844,-0.3629695177078247,255.29798889160156,0.0010490417480468973,15.572357177734707,-0.125,-2.25,2.25
7.72,29.430273056030273,29.430273056030273,0.17661380767822266,0.17661380767822266,-0.009495444595813751,-0.009495444595813751,7.522370338439941,-7.660158157348633,0.0,0.5795121,0.6999268531799316,4.008752822875977,-0.5237272381782532,-0.5039811134338379,4.042819488293526,-0.12991014610192098,4.211084842681885,0.1034812405705452,-1.9978337287902832,0.1034812405705452,-1.9978337287902832,-0.362885981798172,255.91384887695312,-0.36290696263313293,255.60240173339844,-0.0009879469871520768,15.922546386718382,-0.125,-2.25,2.25
7.74,29.50943946838379,29.50943946838379,0.17584344744682312,0.17584344744682312,-0.009559407830238342,-0.009559407830238342,7.590713024139404,-7.616846084594727,0.0,0.5696165,0.6898419857025146,4.01608943939209,-0.5241742134094238,-0.5046666264533997,4.050152218275266,-0.12978491290335142,4.219104766845703,0.1030406653881073,-2.0048296451568604,0.1030406653881073,-2.0048296451568604,-0.36290574073791504,256.2322998046875,-0.362885981798172,255.91384887695312,-0.002691149711608944,16.5359497070316,-0.125,-2.25,2.25
7.76,29.588756561279297,29.588756561279297,0.17506623268127441,0.17506623268127441,-0.009631745517253876,-0.009631745517253876,7.659584045410156,-7.5740966796875,0.0,0.55970186,0.6797429323196411,4.023421764373779,-0.5246724486351013,-0.5054001212120056,4.057487384132373,-0.1296727964941307,4.227133750915527,0.10241229087114334,-2.0121333599090576,0.10241229087114334,-2.0121333599090576,-0.3629595637321472,256.5630187988281,-0.36290574073791504,256.2322998046875,-0.004057586193084623,17.35076904296835,-0.125,-2.25,2.25
7.78,29.66822624206543,29.66822624206543,0.17428141832351685,0.17428141832351685,-0.009713366627693176,-0.009713366627693176,7.729043483734131,-7.532022953033447,0.0,0.54976815,0.6696286201477051,4.03074836730957,-0.5252219438552856,-0.5061807036399841,4.064823549783667,-0.12957377153683514,4.235170364379883,0.1016499325633049,-2.0197296142578125,0.1016499325633049,-2.0197296142578125,-0.3630407154560089,256.9100341796875,-0.3629595637321472,256.5630187988281,-0.0051051378250123155,18.29986572265664,-0.125,-2.25,2.25
7.8,29.747846603393555,29.747846603393555,0.17348821461200714,0.17348821461200714,-0.0098043754696846,-0.0098043754696846,7.7990217208862305,-7.490527153015137,0.0,0.5398153,0.6594979763031006,4.038071155548096,-0.5258200168609619,-0.5070050954818726,4.072162244729598,-0.1294870537122378,4.2432169914245605,0.10081382840871811,-2.0275843143463135,0.10081382840871811,-2.0275843143463135,-0.36314281821250916,257.2760314941406,-0.3630407154560089,256.9100341796875,-0.005859136581420763,19.332885742187052,-0.125,-2.25,2.25
7.82,29.827617645263672,29.827617645263672,0.17268586158752441,0.17268586158752441,-0.009904347360134125,-0.009904347360134125,7.8695478439331055,-7.449685573577881,0.0,0.5298442,0.6493512988090515,4.04539155960083,-0.5264620184898376,-0.507868230342865,4.079504274713048,-0.12941140139976257,4.25127649307251,0.09996096789836884,-2.035651683807373,0.09996096789836884,-2.035651683807373,-0.3632600009441376,257.6626892089844,-0.36314281821250916,257.2760314941406,-0.006343424320221083,20.408630371094183,-0.125,-2.25,2.25
7.84,29.907541275024414,29.907541275024414,0.17187361419200897,0.17187361419200897,-0.010012492537498474,-0.010012492537498474,7.940614700317383,-7.40948486328125,0.0,0.5198537,0.6391865015029907,4.0527119636535645,-0.5271421670913696,-0.5087646245956421,4.086851248169735,-0.12934527702050858,4.259352207183838,0.0991397276520729,-2.0438807010650635,0.0991397276520729,-2.0438807010650635,-0.363386869430542,258.07086181640625,-0.3632600009441376,257.6626892089844,-0.00659525394439682,21.479797363280753,-0.125,-2.25,2.25
7.86,29.98761558532715,29.98761558532715,0.1710508167743683,0.1710508167743683,-0.01012761052697897,-0.01012761052697897,8.012190818786621,-7.369900226593018,0.0,0.5098445,0.6290038824081421,4.060035228729248,-0.5278539657592773,-0.5096881985664368,4.094205157010376,-0.1292869658152534,4.267446517944336,0.09838926792144775,-2.052220344543457,0.09838926792144775,-2.052220344543457,-0.36351877450942993,258.5004577636719,-0.363386869430542,258.07086181640625,-0.006903707981109767,22.120666503906723,-0.125,-2.25,2.25
7.88,30.067842483520508,30.067842483520508,0.170216903090477,0.170216903090477,-0.01024840772151947,-0.01024840772151947,8.084328651428223,-7.331027984619141,0.0,0.49981618,0.6188020706176758,4.067363739013672,-0.528590738773346,-0.5106329321861267,4.101567499695723,-0.12923473711017366,4.2755632400512695,0.09773722290992737,-2.0606226921081543,0.09773722290992737,-2.0606226921081543,-0.3636568486690521,258.94287109375,-0.36351877450942993,258.5004577636719,-0.007259845733642411,22.40142822265573,-0.125,-2.25,2.25
7.9,30.148221969604492,30.148221969604492,0.16937141120433807,0.16937141120433807,-0.01037413626909256,-0.01037413626909256,8.156962394714355,-7.292781829833984,0.0,0.48976842,0.6085816621780396,4.074700832366943,-0.5293480753898621,-0.5115953683853149,4.108941014204367,-0.1291873893726567,4.283701419830322,0.09717556089162827,-2.0690603256225586,0.09717556089162827,-2.0690603256225586,-0.363802045583725,259.3908996582031,-0.3636568486690521,258.94287109375,-0.007419288158416906,22.738647460937983,-0.125,-2.25,2.25
7.92,30.2287540435791,30.2287540435791,0.16851390898227692,0.16851390898227692,-0.010504298843443394,-0.010504298843443394,8.230120658874512,-7.25522518157959,0.0,0.479702,0.5983419418334961,4.082046985626221,-0.5301231741905212,-0.5125735998153687,4.116325809830164,-0.12914420694443063,4.291858673095703,0.09667792916297913,-2.0775201320648193,0.09667792916297913,-2.0775201320648193,-0.3639504313468933,259.8456726074219,-0.363802045583725,259.3908996582031,-0.007392466068267651,23.095703124999467,-0.125,-2.25,2.25
7.94,30.309438705444336,30.309438705444336,0.16764400899410248,0.16764400899410248,-0.010638229548931122,-0.010638229548931122,8.30379581451416,-7.218359470367432,0.0,0.4696165,0.5880826115608215,4.0894036293029785,-0.5309123992919922,-0.5135645270347595,4.123722834900322,-0.12910424877864282,4.300034046173096,0.09624100476503372,-2.0859835147857666,0.09624100476503372,-2.0859835147857666,-0.36409828066825867,260.3075866699219,-0.3639504313468933,259.8456726074219,-0.00720918178558365,23.43292236328175,-0.125,-2.25,2.25
7.96,30.390277862548828,30.390277862548828,0.1667613983154297,0.1667613983154297,-0.01077500730752945,-0.01077500730752945,8.377958297729492,-7.18214225769043,0.0,0.4595116,0.5778030157089233,4.09677267074585,-0.5317115783691406,-0.514564573764801,4.131133442330553,-0.1290664369146634,4.308228969573975,0.09587252885103226,-2.0944290161132812,0.09587252885103226,-2.0944290161132812,-0.36424246430397034,260.7762451171875,-0.36409828066825867,260.3075866699219,-0.00690072774887069,23.713684082030703,-0.125,-2.25,2.25
7.98,30.471269607543945,30.471269607543945,0.16586582362651825,0.16586582362651825,-0.01091359555721283,-0.01091359555721283,8.452649116516113,-7.146684169769287,0.0,0.44938755,0.5675035715103149,4.104156494140625,-0.5325163006782532,-0.5155698657035828,4.138559427975478,-0.12902962915947241,4.3164448738098145,0.09557942301034927,-2.102834939956665,0.09557942301034927,-2.102834939956665,-0.36438047885894775,261.2505187988281,-0.36424246430397034,260.7762451171875,-0.006493926048278947,23.915100097656758,-0.125,-2.25,2.25
8.0,30.55241584777832,30.55241584777832,0.16495713591575623,0.16495713591575623,-0.011052906513214111,-0.011052906513214111,8.527820587158203,-7.111898899078369,0.0,0.43924448,0.5571839809417725,4.111556529998779,-0.5333222150802612,-0.5165766477584839,4.146001650322117,-0.1289927353841031,4.32468318939209,0.09536966681480408,-2.1111807823181152,0.09536966681480408,-2.1111807823181152,-0.36451035737991333,261.72882080078125,-0.36438047885894775,261.2505187988281,-0.006012618541717658,24.02343750000051,-0.125,-2.25,2.25
8.02,30.633718490600586,30.633718490600586,0.16403526067733765,0.16403526067733765,-0.011191904544830322,-0.011191904544830322,8.603474617004395,-7.077818393707275,0.0,0.4290816,0.546844482421875,4.1189751625061035,-0.534125566482544,-0.5175817608833313,4.153461990931478,-0.12895478608440125,4.332943439483643,0.0952448770403862,-2.1194510459899902,0.0952448770403862,-2.1194510459899902,-0.3646306097507477,262.20928955078125,-0.36451035737991333,261.72882080078125,-0.005532801151275261,24.60479736327959,-0.125,-2.25,2.25
8.040000000000001,30.71517562866211,30.71517562866211,0.1631002128124237,0.1631002128124237,-0.011329621076583862,-0.011329621076583862,8.679634094238281,-7.044495582580566,0.0,0.41889924,0.5364845395088196,4.126413345336914,-0.5349228382110596,-0.5185821652412415,4.160940943995043,-0.12891491981834785,4.3412275314331055,0.09520425647497177,-2.1276330947875977,0.09520425647497177,-2.1276330947875977,-0.3647412657737732,262.7013854980469,-0.3646306097507477,262.20928955078125,-0.005030632019043076,25.041198730469283,-0.125,-2.25,2.25
8.06,30.79678726196289,30.79678726196289,0.16215209662914276,0.16215209662914276,-0.011465199291706085,-0.011465199291706085,8.756248474121094,-7.011865139007568,0.0,0.40869778,0.5261049866676331,4.1338725090026855,-0.535711407661438,-0.5195759534835815,4.168439592099993,-0.12887247939419316,4.349539279937744,0.09524215757846832,-2.135720729827881,0.09524215757846832,-2.135720729827881,-0.36484187841415405,263.20220947265625,-0.3647412657737732,262.7013854980469,-0.004526972770691014,25.28991699218804,-0.125,-2.25,2.25
8.08,30.878557205200195,30.878557205200195,0.16119106113910675,0.16119106113910675,-0.011597901582717896,-0.011597901582717896,8.833348274230957,-6.979991912841797,0.0,0.3984766,0.5157056450843811,4.141355037689209,-0.5364892482757568,-0.5205615758895874,4.175960040722286,-0.1288269246610559,4.357881546020508,0.09535591304302216,-2.1437127590179443,0.09535591304302216,-2.1437127590179443,-0.36493241786956787,263.7080078125,-0.36484187841415405,263.20220947265625,-0.004035234451294031,25.35705566406304,-0.125,-2.25,2.25
8.1,30.96048355102539,30.96048355102539,0.1602173000574112,0.1602173000574112,-0.011727109551429749,-0.011727109551429749,8.910914421081543,-6.948871612548828,0.0,0.38823587,0.505286693572998,4.148860931396484,-0.5372547507286072,-0.5215380787849426,4.183502085005882,-0.12877789162787603,4.3662543296813965,0.09554050862789154,-2.1516106128692627,0.09554050862789154,-2.1516106128692627,-0.36501312255859375,264.21514892578125,-0.36493241786956787,263.7080078125,-0.0036239624023435054,25.105285644529555,-0.125,-2.25,2.25
8.120000000000001,31.042570114135742,31.042570114135742,0.15923112630844116,0.15923112630844116,-0.01185239851474762,-0.01185239851474762,8.98892879486084,-6.918463230133057,0.0,0.37797496,0.49484771490097046,4.156391143798828,-0.5380070805549622,-0.5225047469139099,4.191066565801193,-0.12872517316183832,4.374656677246094,0.09578842669725418,-2.159418821334839,0.09578842669725418,-2.159418821334839,-0.3650856018066406,264.7172546386719,-0.36501312255859375,264.21514892578125,-0.0033348798751831766,24.522399902344272,-0.125,-2.25,2.25
8.14,31.12481117248535,31.12481117248535,0.15823280811309814,0.15823280811309814,-0.011973374523222446,-0.011973374523222446,9.067408561706543,-6.888862133026123,0.0,0.36769497,0.4843903183937073,4.163946628570557,-0.5387460589408875,-0.5234617590904236,4.198654408451408,-0.1286687186461601,4.383086204528809,0.09608028084039688,-2.1671488285064697,0.09608028084039688,-2.1671488285064697,-0.3651522994041443,265.20770263671875,-0.3650856018066406,264.7172546386719,-0.003051757812500065,23.851013183594258,-0.125,-2.25,2.25
8.16,31.207212448120117,31.207212448120117,0.1572226583957672,0.1572226583957672,-0.01209007203578949,-0.01209007203578949,9.146332740783691,-6.860011100769043,0.0,0.3573948,0.4739135503768921,4.171526908874512,-0.5394726991653442,-0.5244103074073792,4.206265272734101,-0.12860880268758712,4.391538143157959,0.09638658910989761,-2.1748180389404297,0.09638658910989761,-2.1748180389404297,-0.3652133345603943,265.6847229003906,-0.3651522994041443,265.20770263671875,-0.0027760863304138773,23.089599609375494,-0.125,-2.25,2.25
8.18,31.289775848388672,31.289775848388672,0.15620100498199463,0.15620100498199463,-0.012202493846416473,-0.012202493846416473,9.225686073303223,-6.831896781921387,0.0,0.3470744,0.46341753005981445,4.179130554199219,-0.5401877164840698,-0.5253511667251587,4.213897834319401,-0.1285456568781857,4.400009632110596,0.09668946266174316,-2.1824398040771484,0.09668946266174316,-2.1824398040771484,-0.36526885628700256,266.1465148925781,-0.3652133345603943,265.6847229003906,-0.002507865428924614,22.239685058594223,-0.125,-2.25,2.25
8.2,31.37249755859375,31.37249755859375,0.15516814589500427,0.15516814589500427,-0.012310652993619442,-0.012310652993619442,9.30549144744873,-6.804624557495117,0.0,0.33673418,0.45290303230285645,4.1867570877075195,-0.5408919453620911,-0.52628493309021,4.221551729876911,-0.12847951022098686,4.408496856689453,0.09697874635457993,-2.1900248527526855,0.09697874635457993,-2.1900248527526855,-0.36531901359558105,266.59130859375,-0.36526885628700256,266.1465148925781,-0.00224560499191269,21.30737304687356,-0.125,-2.25,2.25
8.22,31.455379486083984,31.455379486083984,0.1541244387626648,0.1541244387626648,-0.012414418160915375,-0.012414418160915375,9.38571548461914,-6.778110980987549,0.0,0.32637376,0.4423697590827942,4.194406509399414,-0.5415856838226318,-0.5272119045257568,4.229227000175541,-0.12841044989660172,4.416997909545898,0.09724325686693192,-2.1975815296173096,0.09724325686693192,-2.1975815296173096,-0.3653639256954193,267.0174560546875,-0.36531901359558105,266.59130859375,-0.0019952654838562437,20.294189453125433,-0.125,-2.25,2.25
8.24,31.538423538208008,31.538423538208008,0.15307021141052246,0.15307021141052246,-0.012513749301433563,-0.012513749301433563,9.466344833374023,-6.7523603439331055,0.0,0.31599346,0.43181830644607544,4.202077388763428,-0.5422692894935608,-0.5281323194503784,4.236922274893029,-0.12833861970981209,4.425509929656982,0.09747602790594101,-2.2051169872283936,0.09747602790594101,-2.2051169872283936,-0.36540383100509644,267.42333984375,-0.3653639256954193,267.0174560546875,-0.0017523765563965217,19.20623779296916,-0.125,-2.25,2.25
8.26,31.62162971496582,31.62162971496582,0.15200577676296234,0.15200577676296234,-0.012608603574335575,-0.012608603574335575,9.547411918640137,-6.727475643157959,0.0,0.3055926,0.42124810814857483,4.209769248962402,-0.5429432988166809,-0.5290464758872986,4.244637152365254,-0.12826417545313323,4.434030055999756,0.09767143428325653,-2.212636709213257,0.09767143428325653,-2.212636709213257,-0.36543887853622437,267.8074645996094,-0.36540383100509644,267.42333984375,-0.0015199184417724932,18.052673339844134,-0.125,-2.25,2.25
8.28,31.704998016357422,31.704998016357422,0.15093150734901428,0.15093150734901428,-0.012698897160589695,-0.012698897160589695,9.62887191772461,-6.703366756439209,0.0,0.29517153,0.41065990924835205,4.217479228973389,-0.5436079502105713,-0.5299545526504517,4.252368828118524,-0.12818727399990615,4.4425554275512695,0.09782429784536362,-2.220144510269165,0.09782429784536362,-2.220144510269165,-0.3654692769050598,268.16851806640625,-0.36543887853622437,267.8074645996094,-0.001299381256103428,16.836547851561363,-0.125,-2.25,2.25
8.3,31.788528442382812,31.788528442382812,0.14984777569770813,0.14984777569770813,-0.012784533202648163,-0.012784533202648163,9.710719108581543,-6.680042266845703,0.0,0.28473023,0.40005362033843994,4.225208282470703,-0.5442634224891663,-0.530856728553772,4.2601182733955465,-0.12810794266811443,4.451083660125732,0.09792938083410263,-2.2276439666748047,0.09792938083410263,-2.2276439666748047,-0.3654952645301819,268.5052490234375,-0.3654692769050598,268.16851806640625,0.003403425216674877,20.877075195312944,-0.125,-2.25,2.25
8.32,31.872222900390625,31.872222900390625,0.14875492453575134,0.14875492453575134,-0.012865439057350159,-0.012865439057350159,9.792978286743164,-6.657605171203613,0.0,0.2742684,0.3894293010234833,4.232954025268555,-0.5449100136756897,-0.5317531228065491,4.267883164174167,-0.12802633626683543,4.459611892700195,0.09797929972410202,-2.235138416290283,0.09797929972410202,-2.235138416290283,-0.3654271960258484,268.92279052734375,-0.3654952645301819,268.5052490234375,0.008958578109741402,25.122070312500536,-0.125,-2.25,2.25
8.34,31.95608139038086,31.95608139038086,0.14765366911888123,0.14765366911888123,-0.012932218611240387,-0.012932218611240387,9.875612258911133,-6.6359663009643555,0.0,0.26378632,0.37878718972206116,4.240734100341797,-0.5455114245414734,-0.5326046347618103,4.2756763703660985,-0.12793352126361957,4.468185901641846,0.09845629334449768,-2.242351770401001,0.09845629334449768,-2.242351770401001,-0.36524802446365356,269.42523193359375,-0.3654271960258484,268.92279052734375,0.013840198516845998,27.938842773438097,-0.125,-2.25,2.25
8.36,32.04010772705078,32.04010772705078,0.14654552936553955,0.14654552936553955,-0.012975171208381653,-0.012975171208381653,9.958611488342285,-6.61513090133667,0.0,0.25328287,0.36812880635261536,4.248566627502441,-0.5460334420204163,-0.5333783030509949,4.283511516049902,-0.12782109942560815,4.476839542388916,0.09964538365602493,-2.249042510986328,0.09964538365602493,-2.249042510986328,-0.36497122049331665,269.9840087890625,-0.36524802446365356,269.42523193359375,0.017942488193510752,29.559326171873003,-0.125,-2.25,2.25
8.38,32.12429428100586,32.12429428100586,0.1454327553510666,0.1454327553510666,-0.012987583875656128,-0.012987583875656128,10.041990280151367,-6.595191955566406,0.0,0.24275962,0.3574562072753906,4.256465435028076,-0.5464562773704529,-0.5340577960014343,4.2913998255425145,-0.12768419738889208,4.485589504241943,0.10156279057264328,-2.2550952434539795,0.10156279057264328,-2.2550952434539795,-0.3646123707294464,270.5751953125,-0.36497122049331665,269.9840087890625,0.021216273307800744,30.181884765625643,-0.125,-2.25,2.25
8.4,32.208648681640625,32.208648681640625,0.144318088889122,0.144318088889122,-0.012965328991413116,-0.012965328991413116,10.125727653503418,-6.576076030731201,0.0,0.23221536,0.34677040576934814,4.264438152313232,-0.5467713475227356,-0.5346387028694153,4.299347818143645,-0.1275207491410728,4.494437217712402,0.1040935143828392,-2.260488271713257,0.1040935143828392,-2.260488271713257,-0.3641880452632904,271.1788330078125,-0.3646123707294464,270.5751953125,0.023657083511353042,29.98199462890689,-0.125,-2.25,2.25
8.42,32.29317092895508,32.29317092895508,0.14320456981658936,0.14320456981658936,-0.012906416319310665,-0.012906416319310665,10.209807395935059,-6.557779312133789,0.0,0.22165017,0.33607426285743713,4.272488594055176,-0.5469790697097778,-0.5351248979568481,4.307359387029615,-0.1273308920438801,4.50338077545166,0.10706956684589386,-2.2652695178985596,0.10706956684589386,-2.2652695178985596,-0.36371490359306335,271.7784729003906,-0.3641880452632904,271.1788330078125,0.025303661823273243,29.12139892578187,-0.125,-2.25,2.25
8.44,32.377864837646484,32.377864837646484,0.14209534227848053,0.14209534227848053,-0.012810744345188141,-0.012810744345188141,10.29423999786377,-6.540369510650635,0.0,0.21106322,0.3253689706325531,4.280616283416748,-0.5470868945121765,-0.5355258584022522,4.315435069144198,-0.1271165081434716,4.5124125480651855,0.11031240969896317,-2.2695324420928955,0.11031240969896317,-2.2695324420928955,-0.3632088303565979,272.36090087890625,-0.36371490359306335,271.7784729003906,0.02620816230773749,27.738952636716878,-0.125,-2.25,2.25
8.46,32.462730407714844,32.462730407714844,0.14099355041980743,0.14099355041980743,-0.012679584324359894,-0.012679584324359894,10.379013061523438,-6.523815155029297,0.0,0.2004549,0.3146558403968811,4.288817882537842,-0.5471065640449524,-0.5358545780181885,4.323573108205463,-0.1268805361021512,4.52152156829834,0.11365901678800583,-2.273397207260132,0.11365901678800583,-2.273397207260132,-0.3626846671104431,272.9156799316406,-0.3632088303565979,272.36090087890625,0.026220083236694895,26.25427246093806,-0.125,-2.25,2.25
8.48,32.547767639160156,32.547767639160156,0.13990221917629242,0.13990221917629242,-0.012515142560005188,-0.012515142560005188,10.46410846710205,-6.508092403411865,0.0,0.18982527,0.30393683910369873,4.297088146209717,-0.5470531582832336,-0.5361261367797852,4.331770272565677,-0.12662671406882597,4.530697345733643,0.11696501076221466,-2.2769978046417236,0.11696501076221466,-2.2769978046417236,-0.36216026544570923,273.4407653808594,-0.3626846671104431,272.9156799316406,0.025650858879089904,24.493408203125522,-0.125,-2.25,2.25
8.5,32.63297653198242,32.63297653198242,0.13882410526275635,0.13882410526275635,-0.012320801615715027,-0.012320801615715027,10.549525260925293,-6.493238925933838,0.0,0.17917424,0.29321300983428955,4.305419921875,-0.5469450950622559,-0.5363582968711853,4.340021847950859,-0.12635957112120708,4.539928913116455,0.12009409815073013,-2.2804830074310303,0.12009409815073013,-2.2804830074310303,-0.36164724826812744,273.9306335449219,-0.36216026544570923,273.4407653808594,0.02460330724716239,22.54180908203173,-0.125,-2.25,2.25
8.52,32.718360900878906,32.718360900878906,0.13776174187660217,0.13776174187660217,-0.012100420892238617,-0.012100420892238617,10.63526439666748,-6.479284286499023,0.0,0.16850114,0.28248435258865356,4.31380558013916,-0.546800971031189,-0.5365683436393738,4.348322651915381,-0.1260836565305217,4.549205303192139,0.12295079976320267,-2.2839913368225098,0.12295079976320267,-2.2839913368225098,-0.3611551821231842,274.3814697265625,-0.36164724826812744,273.9306335449219,0.02318322658538662,20.266723632811132,-0.125,-2.25,2.25
8.540000000000001,32.80392074584961,32.80392074584961,0.1367173045873642,0.1367173045873642,-0.011857927776873112,-0.011857927776873112,10.721303939819336,-6.466175556182861,0.0,0.15780625,0.27175167202949524,4.322235107421875,-0.5466384887695312,-0.5367721319198608,4.356665004476982,-0.12580334937427198,4.5585150718688965,0.12547501921653748,-2.287644147872925,0.12547501921653748,-2.287644147872925,-0.36069151759147644,274.78680419921875,-0.3611551821231842,274.3814697265625,0.021493434906006317,17.478942871094123,-0.125,-2.25,2.25
8.56,32.88965606689453,32.88965606689453,0.13569267094135284,0.13569267094135284,-0.011597193777561188,-0.011597193777561188,10.807638168334961,-6.453917980194092,0.0,0.14708926,0.2610146403312683,4.33070182800293,-0.5464739799499512,-0.5369835495948792,4.365044345001579,-0.12552258631395685,4.567844867706299,0.1276278793811798,-2.2915430068969727,0.1276278793811798,-2.2915430068969727,-0.3602616488933563,275.1363830566406,-0.36069151759147644,274.78680419921875,0.019589066505432545,14.822387695312816,-0.125,-2.25,2.25
8.58,32.975563049316406,32.975563049316406,0.1346893161535263,0.1346893161535263,-0.011321909725666046,-0.011321909725666046,10.894266128540039,-6.442597389221191,0.0,0.13635093,0.2502739429473877,4.339196681976318,-0.5463217496871948,-0.537214457988739,4.373453475121871,-0.12524488111777432,4.577178955078125,0.12938521802425385,-2.2957680225372314,0.12938521802425385,-2.2957680225372314,-0.3598698675632477,275.4328308105469,-0.3602616488933563,275.1363830566406,0.01754909753799476,12.339782714844013,-0.125,-2.25,2.25
8.6,33.061649322509766,33.061649322509766,0.13370850682258606,0.13370850682258606,-0.011035509407520294,-0.011035509407520294,10.981175422668457,-6.43214750289917,0.0,0.12559009,0.23952782154083252,4.347711563110352,-0.5461940765380859,-0.5374748706817627,4.381885873142836,-0.12497323267321474,4.58650541305542,0.1307336539030075,-2.300379753112793,0.1307336539030075,-2.300379753112793,-0.3595188856124878,275.67962646484375,-0.3598698675632477,275.4328308105469,0.015442073345183284,10.063171386718071,-0.125,-2.25,2.25
8.620000000000001,33.147911071777344,33.147911071777344,0.1327512115240097,0.1327512115240097,-0.010741150937974453,-0.010741150937974453,11.068351745605469,-6.422568321228027,0.0,0.11480752,0.22877654433250427,4.356238842010498,-0.5461013317108154,-0.5377730131149292,4.390335239265595,-0.12471017046667303,4.595815658569336,0.13167262077331543,-2.305419921875,0.13167262077331543,-2.305419921875,-0.3592100441455841,275.8808898925781,-0.3595188856124878,275.67962646484375,0.01294314861297635,8.074951171875172,-0.125,-2.25,2.25
8.64,33.234352111816406,33.234352111816406,0.13181810081005096,0.13181810081005096,-0.010441556572914124,-0.010441556572914124,11.155799865722656,-6.4138875007629395,0.0,0.10400245,0.21801814436912537,4.364772319793701,-0.5460515022277832,-0.5381149649620056,4.398796386140475,-0.12445762466193858,4.605103015899658,0.13221624493598938,-2.3109118938446045,0.13221624493598938,-2.3109118938446045,-0.3589511811733246,276.0423889160156,-0.3592100441455841,275.8808898925781,0.01036822795867942,6.410217285156387,-0.125,-2.25,2.25
8.66,33.32096481323242,33.32096481323242,0.13090962171554565,0.13090962171554565,-0.010139979422092438,-0.010139979422092438,11.24349594116211,-6.406150817871094,0.0,0.09317565,0.20725350081920624,4.373303413391113,-0.5460537672042847,-0.5385083556175232,4.407261900801489,-0.1242178446608279,4.6143622398376465,0.1323503851890564,-2.316887378692627,0.1323503851890564,-2.316887378692627,-0.358743816614151,276.17059326171875,-0.3589511811733246,276.0423889160156,0.00795125961303728,5.0537109375001075,-0.125,-2.25,2.25
8.68,33.40775680541992,33.40775680541992,0.1300259381532669,0.1300259381532669,-0.009839221835136414,-0.009839221835136414,11.331440925598145,-6.399302959442139,0.0,0.08232671,0.19648006558418274,4.381825923919678,-0.5461154580116272,-0.5389593839645386,4.415726499797489,-0.12399257889255216,4.62359094619751,0.13208423554897308,-2.323364734649658,0.13208423554897308,-2.323364734649658,-0.35858479142189026,276.27166748046875,-0.358743816614151,276.17059326171875,0.007911026477813186,10.765075683593023,-0.125,-2.25,2.25
8.700000000000001,33.49472427368164,33.49472427368164,0.12916699051856995,0.12916699051856995,-0.00954145286232233,-0.00954145286232233,11.419620513916016,-6.3933515548706055,0.0,0.07145569,0.1856970340013504,4.390335559844971,-0.5462407469749451,-0.5394706130027771,4.4241863977114475,-0.12378279951456377,4.632786750793457,0.13145941495895386,-2.330338478088379,0.13145941495895386,-2.330338478088379,-0.358426570892334,276.4869689941406,-0.35858479142189026,276.27166748046875,0.007800757884979415,15.554809570312832,-0.125,-2.25,2.25
8.72,33.581871032714844,33.581871032714844,0.12833276391029358,0.12833276391029358,-0.009243853390216827,-0.009243853390216827,11.50802993774414,-6.388342380523682,0.0,0.060562525,0.17490322887897491,4.398838043212891,-0.5464131236076355,-0.5400233864784241,4.432645195824685,-0.12358456170679101,4.642007827758789,0.1307901293039322,-2.3376481533050537,0.1307901293039322,-2.3376481533050537,-0.3582705557346344,276.7980651855469,-0.358426570892334,276.4869689941406,0.007559359073639077,19.538879394531666,-0.125,-2.25,2.25
8.74,33.669189453125,33.669189453125,0.12752339243888855,0.12752339243888855,-0.008944250643253326,-0.008944250643253326,11.59665584564209,-6.384284019470215,0.0,0.04964763,0.1640983521938324,4.407339572906494,-0.5466207265853882,-0.5406062006950378,4.441107556639485,-0.12339497706763716,4.65128231048584,0.13025283813476562,-2.345182418823242,0.13025283813476562,-2.345182418823242,-0.3581193685531616,277.1888427734375,-0.3582705557346344,276.7980651855469,0.007173418998718414,22.869873046875487,-0.125,-2.25,2.25
8.76,33.756683349609375,33.756683349609375,0.12673920392990112,0.12673920392990112,-0.008641302585601807,-0.008641302585601807,11.685486793518066,-6.381141662597656,0.0,0.038711,0.1532818078994751,4.415846347808838,-0.5468558669090271,-0.5412125587463379,4.449578666191831,-0.12321211052540464,4.6606245040893555,0.12992224097251892,-2.3528709411621094,0.12992224097251892,-2.3528709411621094,-0.35797590017318726,277.646240234375,-0.3581193685531616,277.1888427734375,0.006644427776336811,25.666809082031797,-0.125,-2.25,2.25
8.78,33.84435272216797,33.84435272216797,0.12598064541816711,0.12598064541816711,-0.008334226906299591,-0.008334226906299591,11.774515151977539,-6.378921985626221,0.0,0.027752252,0.14245279133319855,4.424365043640137,-0.5471141338348389,-0.5418394207954407,4.4580645929401514,-0.12303475917127124,4.67003870010376,0.12980973720550537,-2.360675096511841,0.12980973720550537,-2.360675096511841,-0.3578430116176605,278.1595764160156,-0.35797590017318726,277.646240234375,0.005994737148284507,28.041076660154356,-0.125,-2.25,2.25
8.8,33.93220138549805,33.93220138549805,0.12524817883968353,0.12524817883968353,-0.008022889494895935,-0.008022889494895935,11.863739013671875,-6.377665996551514,0.0,0.016771007,0.13161049783229828,4.432898044586182,-0.5473935008049011,-0.5424858927726746,4.466567442502065,-0.12286237761506409,4.6795244216918945,0.12989060580730438,-2.3685784339904785,0.12989060580730438,-2.3685784339904785,-0.3577231168746948,278.72039794921875,-0.3578430116176605,278.1595764160156,0.005246698856353872,30.06896972656314,-0.125,-2.25,2.25
8.82,34.020225524902344,34.020225524902344,0.12454228848218918,0.12454228848218918,-0.00770743889734149,-0.00770743889734149,11.95313835144043,-6.377384662628174,0.0,0.0057680234,0.12075531482696533,4.441449165344238,-0.5476934909820557,-0.5431526303291321,4.475090931858384,-0.12269472939911123,4.689081192016602,0.13013103604316711,-2.3765790462493896,0.13013103604316711,-2.3765790462493896,-0.35761818289756775,279.32177734375,-0.3577231168746948,278.72039794921875,0.004422664642334079,31.80999755859443,-0.125,-2.25,2.25
8.84,34.108421325683594,34.108421325683594,0.12386342883110046,0.12386342883110046,-0.007388316094875336,-0.007388316094875336,12.042701721191406,-6.378042697906494,0.0,-0.0052563134,0.10988721996545792,4.4500203132629395,-0.5480146408081055,-0.5438406467437744,4.483637009726905,-0.12253185659119596,4.698706150054932,0.13049283623695374,-2.384683132171631,0.13049283623695374,-2.384683132171631,-0.35752972960472107,279.9579772949219,-0.35761818289756775,279.32177734375,0.003544986248016433,33.31604003906321,-0.125,-2.25,2.25
8.86,34.19679260253906,34.19679260253906,0.12321201711893082,0.12321201711893082,-0.007066056132316589,-0.007066056132316589,12.132424354553223,-6.3796467781066895,0.0,-0.016302768,0.09900510311126709,4.458613395690918,-0.5483580231666565,-0.5445515513420105,4.492207690413005,-0.12237391960584244,4.708396911621094,0.13094200193881989,-2.3929014205932617,0.13094200193881989,-2.3929014205932617,-0.35745882987976074,280.6242980957031,-0.35752972960472107,279.9579772949219,0.0026404857635496264,34.62677001952891,-0.125,-2.25,2.25
8.88,34.285343170166016,34.285343170166016,0.12258841097354889,0.12258841097354889,-0.006741374731063843,-0.006741374731063843,12.222301483154297,-6.3822174072265625,0.0,-0.027371718,0.08810804039239883,4.46722936630249,-0.5487248301506042,-0.5452867746353149,4.5008040559859035,-0.12222112988489396,4.7181501388549805,0.1314505934715271,-2.401244640350342,0.1314505934715271,-2.401244640350342,-0.35740602016448975,281.31683349609375,-0.35745882987976074,280.6242980957031,0.0017270445823669802,35.77270507812576,-0.125,-2.25,2.25
8.9,34.37407302856445,34.37407302856445,0.12199291586875916,0.12199291586875916,-0.006414912641048431,-0.006414912641048431,12.31231689453125,-6.385801315307617,0.0,-0.03846279,0.07719601690769196,4.4758687019348145,-0.549116313457489,-0.5460476279258728,4.509426722174869,-0.12207372322985517,4.727963447570801,0.1319977194070816,-2.4097235202789307,0.1319977194070816,-2.4097235202789307,-0.3573714792728424,282.03228759765625,-0.35740602016448975,281.31683349609375,0.0008225440979004082,36.77215576171953,-0.125,-2.25,2.25
8.92,34.462974548339844,34.462974548339844,0.12142577767372131,0.12142577767372131,-0.006087355315685272,-0.006087355315685272,12.402458190917969,-6.390347957611084,0.0,-0.049575597,0.06626887619495392,4.484532356262207,-0.5495333075523376,-0.5468351244926453,4.5180767269350435,-0.12193182904074969,4.7378339767456055,0.13256753981113434,-2.4183461666107178,0.13256753981113434,-2.4183461666107178,-0.3573550283908844,282.7677307128906,-0.3573714792728424,282.03228759765625,-5.66244125366223e-05,37.6434326171883,-0.125,-2.25,2.25
8.94,34.55205154418945,34.55205154418945,0.12088716775178909,0.12088716775178909,-0.005759298801422119,-0.005759298801422119,12.492715835571289,-6.395862102508545,0.0,-0.060710143,0.055326126515865326,4.493221282958984,-0.549976646900177,-0.5476499199867249,4.5267551082172695,-0.12179557566362782,4.7477593421936035,0.13314664363861084,-2.4271180629730225,0.13314664363861084,-2.4271180629730225,-0.35735616087913513,283.5205993652344,-0.3573550283908844,282.7677307128906,-0.0008970499038695684,38.40026855468491,-0.125,-2.25,2.25
8.96,34.64130783081055,34.64130783081055,0.12037722766399384,0.12037722766399384,-0.0054312944412231445,-0.0054312944412231445,12.583086013793945,-6.402350902557373,0.0,-0.07186718,0.044366493821144104,4.501936435699463,-0.550446629524231,-0.5484923124313354,4.535462838898911,-0.12166497297706391,4.757737636566162,0.1337272822856903,-2.436042070388794,0.1337272822856903,-2.436042070388794,-0.3573741018772125,284.2886047363281,-0.35735616087913513,283.5205993652344,-0.0016897916793823602,39.05181884765708,-0.125,-2.25,2.25
8.98,34.730743408203125,34.730743408203125,0.1198960542678833,0.1198960542678833,-0.005103804171085358,-0.005103804171085358,12.673555374145508,-6.409862518310547,0.0,-0.08304672,0.033389464020729065,4.510676860809326,-0.55094313621521,-0.5493622422218323,4.544198948327783,-0.12153999042954776,4.767767429351807,0.13430631160736084,-2.445117950439453,0.13430631160736084,-2.445117950439453,-0.35740789771080017,285.06964111328125,-0.3573741018772125,284.2886047363281,-0.00242590904235845,39.607238769532096,-0.125,-2.25,2.25
9.0,34.82035446166992,34.82035446166992,0.11944370716810226,0.11944370716810226,-0.004777207970619202,-0.004777207970619202,12.764105796813965,-6.418382167816162,0.0,-0.094248,0.02239527367055416,4.519443988800049,-0.5514658093452454,-0.5502590537071228,4.552964804034587,-0.12142048197856325,4.7778449058532715,0.13488180935382843,-2.4543421268463135,0.13488180935382843,-2.4543421268463135,-0.35745641589164734,285.8617858886719,-0.35740789771080017,285.06964111328125,-0.0030979514122009937,40.06652832031335,-0.125,-2.25,2.25
9.02,34.9101448059082,34.9101448059082,0.11902020126581192,0.11902020126581192,-0.0044518038630485535,-0.0044518038630485535,12.854737281799316,-6.427891731262207,0.0,-0.10547177,0.01138266921043396,4.528237819671631,-0.5520138144493103,-0.5511820912361145,4.561760296513547,-0.1213062368211082,4.787970542907715,0.13545188307762146,-2.4637088775634766,0.13545188307762146,-2.4637088775634766,-0.35751837491989136,286.6631164550781,-0.35745641589164734,285.8617858886719,-0.0037074089050290466,40.43731689452852,-0.125,-2.25,2.25
9.040000000000001,35.00011444091797,35.00011444091797,0.11862552911043167,0.11862552911043167,-0.004127741325646639,-0.004127741325646639,12.945436477661133,-6.4383978843688965,0.0,-0.11671804,0.0003511607937980443,4.537059783935547,-0.552586019039154,-0.5521303415298462,4.570586701009271,-0.12119694299258246,4.798141956329346,0.13601799309253693,-2.4732110500335693,0.13601799309253693,-2.4732110500335693,-0.35759252309799194,287.47186279296875,-0.35751837491989136,286.6631164550781,-0.0042513012886048265,40.71807861328212,-0.125,-2.25,2.25
9.06,35.09025955200195,35.09025955200195,0.11825966835021973,0.11825966835021973,-0.0038051456212997437,-0.0038051456212997437,13.036190032958984,-6.449904441833496,0.0,-0.12798606,-0.01069890707731247,4.5459089279174805,-0.5531810522079468,-0.553102433681488,4.5794428981527595,-0.12109230206234987,4.808358192443848,0.13658130168914795,-2.4828402996063232,0.13658130168914795,-2.4828402996063232,-0.35767754912376404,288.2862243652344,-0.35759252309799194,287.47186279296875,-0.004725158214569192,40.914916992188374,-0.125,-2.25,2.25
9.08,35.18058776855469,35.18058776855469,0.11792261153459549,0.11792261153459549,-0.003484100103378296,-0.003484100103378296,13.126988410949707,-6.462460994720459,0.0,-0.13927694,-0.02176949381828308,4.5547871589660645,-0.5537974238395691,-0.5540969967842102,4.5883305951220965,-0.12099191656365375,4.8186163902282715,0.13714195787906647,-2.492586851119995,0.13714195787906647,-2.492586851119995,-0.3577720522880554,289.1045227050781,-0.35767754912376404,288.2862243652344,-0.005136430263519396,41.026306152344624,-0.125,-2.25,2.25
9.1,35.27109146118164,35.27109146118164,0.11761431396007538,0.11761431396007538,-0.0031645894050598145,-0.0031645894050598145,13.217814445495605,-6.47604513168335,0.0,-0.15058994,-0.03285953402519226,4.563694477081299,-0.5544334053993225,-0.5551124215126038,4.597249577863382,-0.12089539062932554,4.828916549682617,0.13769987225532532,-2.5024402141571045,0.13769987225532532,-2.5024402141571045,-0.3578747808933258,289.925048828125,-0.3577720522880554,289.1045227050781,-0.005498528480529414,41.04919433593473,-0.125,-2.25,2.25
9.120000000000001,35.36177444458008,35.36177444458008,0.1173347532749176,0.1173347532749176,-0.0028465688228607178,-0.0028465688228607178,13.308660507202148,-6.490644931793213,0.0,-0.16192544,-0.04396969825029373,4.572630882263184,-0.555087149143219,-0.5561469793319702,4.606199618836653,-0.12080230558594209,4.83925724029541,0.13825656473636627,-2.512389898300171,0.13825656473636627,-2.512389898300171,-0.3579847514629364,290.74603271484375,-0.3578747808933258,289.925048828125,-0.006099045276641976,40.907287597657124,-0.125,-2.25,2.25
9.14,35.452640533447266,35.452640533447266,0.11708391457796097,0.11708391457796097,-0.002529926598072052,-0.002529926598072052,13.39952564239502,-6.506267547607422,0.0,-0.17328382,-0.055101506412029266,4.581597805023193,-0.5557569265365601,-0.557199239730835,4.615181925816869,-0.12071223416161096,4.849637508392334,0.1388108879327774,-2.5224263668060303,0.1388108879327774,-2.5224263668060303,-0.35810673236846924,291.5641784667969,-0.3579847514629364,290.74603271484375,-0.006608664989471576,40.76232910156337,-0.125,-2.25,2.25
9.16,35.54368209838867,35.54368209838867,0.1168617531657219,0.1168617531657219,-0.0022151393350213766,-0.0022151393350213766,13.490384101867676,-6.522914409637451,0.0,-0.18466395,-0.06625375896692276,4.590593338012695,-0.5564432740211487,-0.5582700967788696,4.624194666340283,-0.12062532547801005,4.8600544929504395,0.1393321305513382,-2.532557964324951,0.1393321305513382,-2.532557964324951,-0.35823890566825867,292.3794250488281,-0.35810673236846924,291.5641784667969,-0.00702589750289932,40.59600830078212,-0.125,-2.25,2.25
9.18,35.634910583496094,35.634910583496094,0.1166682243347168,0.1166682243347168,-0.001902468386106193,-0.001902468386106193,13.581239700317383,-6.5406084060668945,0.0,-0.19606733,-0.07742870599031448,4.599617958068848,-0.5571458339691162,-0.5593593716621399,4.6332382671840415,-0.12054147378707696,4.870506763458252,0.13981463015079498,-2.542786121368408,0.13981463015079498,-2.542786121368408,-0.35837942361831665,293.19134521484375,-0.35823890566825867,292.3794250488281,-0.0073522329330439375,40.38848876952852,-0.125,-2.25,2.25
9.200000000000001,35.72631072998047,35.72631072998047,0.11650322377681732,0.11650322377681732,-0.0015919877914711833,-0.0015919877914711833,13.672049522399902,-6.559373378753662,0.0,-0.20749246,-0.08862396329641342,4.608670711517334,-0.5578635931015015,-0.5604661107063293,4.642311656460152,-0.1204604708924854,4.880992889404297,0.14025907218456268,-2.5531070232391357,0.14025907218456268,-2.5531070232391357,-0.35852646827697754,293.9991149902344,-0.35837942361831665,293.19134521484375,-0.007590651512146158,40.1382446289071,-0.125,-2.25,2.25
9.22,35.817901611328125,35.817901611328125,0.1163666620850563,0.1163666620850563,-0.001283697783946991,-0.001283697783946991,13.762839317321777,-6.579180717468262,0.0,-0.2189412,-0.09984328597784042,4.617751121520996,-0.5585951209068298,-0.5615888237953186,4.651414185966385,-0.12038200867223386,4.8915114402771,0.14067529141902924,-2.5635128021240234,0.14067529141902924,-2.5635128021240234,-0.35867828130722046,294.8018798828125,-0.35852646827697754,293.9991149902344,-0.0077515840530397164,39.823913574219596,-0.125,-2.25,2.25
9.24,35.909664154052734,35.909664154052734,0.11625844985246658,0.11625844985246658,-0.0009774714708328247,-0.0009774714708328247,13.853569984436035,-6.6000285148620605,0.0,-0.23041171,-0.1110835075378418,4.62686014175415,-0.5593386292457581,-0.5627257823944092,4.6605465852751395,-0.12030566824973397,4.902061462402344,0.14106997847557068,-2.5739927291870117,0.14106997847557068,-2.5739927291870117,-0.35883331298828125,295.5983581542969,-0.35867828130722046,294.8018798828125,-0.007839500904083418,39.45007324218834,-0.125,-2.25,2.25
9.26,36.001617431640625,36.001617431640625,0.11617852747440338,0.11617852747440338,-0.0006731003522872925,-0.0006731003522872925,13.94425106048584,-6.621926307678223,0.0,-0.24190584,-0.12234792858362198,4.635997295379639,-0.560092031955719,-0.5638750195503235,4.6697081286765245,-0.12023100736985905,4.912641525268555,0.14144937694072723,-2.584535598754883,0.14144937694072723,-2.584535598754883,-0.3589901030063629,296.3873596191406,-0.35883331298828125,295.5983581542969,-0.007863342761993576,39.00451660156333,-0.125,-2.25,2.25
9.28,36.09374237060547,36.09374237060547,0.11612683534622192,0.11612683534622192,-0.0003703087568283081,-0.0003703087568283081,14.0348539352417,-6.644874095916748,0.0,-0.25342134,-0.13363449275493622,4.645163059234619,-0.5608531832695007,-0.5650345683097839,4.678899030761559,-0.12015755004678859,4.923251152038574,0.14181853830814362,-2.595130205154419,0.14181853830814362,-2.595130205154419,-0.3591473698616028,297.1674499511719,-0.3589901030063629,296.3873596191406,-0.007833540439605184,38.49029541015365,-0.125,-2.25,2.25
9.3,36.186058044433594,36.186058044433594,0.11610334366559982,0.11610334366559982,-6.875395774841309e-05,-6.875395774841309e-05,14.125375747680664,-6.668885707855225,0.0,-0.26496086,-0.14494477212429047,4.654358386993408,-0.5616200566291809,-0.5662024617195129,4.688119994473696,-0.12008483704991743,4.933888912200928,0.1421804577112198,-2.6057653427124023,0.1421804577112198,-2.6057653427124023,-0.3593040406703949,297.937255859375,-0.3591473698616028,297.1674499511719,-0.007756054401397871,37.90283203125081,-0.125,-2.25,2.25
9.32,36.27854919433594,36.27854919433594,0.11610806733369827,0.11610806733369827,0.0002318248152732849,0.0002318248152732849,14.215788841247559,-6.693994522094727,0.0,-0.27652213,-0.15627820789813995,4.6635823249816895,-0.5623905062675476,-0.5673767924308777,4.697369815484138,-0.12001243618233114,4.944552421569824,0.14253473281860352,-2.6164309978485107,0.14253473281860352,-2.6164309978485107,-0.35945916175842285,298.6953125,-0.3593040406703949,297.937255859375,-0.007906556129455735,36.96746826171954,-0.125,-2.25,2.25
9.34,36.3712272644043,36.3712272644043,0.11614103615283966,0.11614103615283966,0.0005317553877830505,0.0005317553877830505,14.306092262268066,-6.72016716003418,0.0,-0.288107,-0.16763527691364288,4.672834873199463,-0.5631627440452576,-0.5685559511184692,4.706648279664588,-0.11993996974674238,4.955240726470947,0.14288118481636047,-2.6271181106567383,0.14288118481636047,-2.6271181106567383,-0.35961729288101196,299.4346618652344,-0.35945916175842285,298.6953125,-0.008077919483184986,35.96954345703202,-0.125,-2.25,2.25
9.36,36.46408462524414,36.46408462524414,0.11620229482650757,0.11620229482650757,0.0008308663964271545,0.0008308663964271545,14.396276473999023,-6.7474045753479,0.0,-0.29971442,-0.17901605367660522,4.682115077972412,-0.5639368891716003,-0.5697404742240906,4.7159544546512695,-0.11986748872863028,4.965950012207031,0.1431906521320343,-2.637834072113037,0.1431906521320343,-2.637834072113037,-0.35977885127067566,300.154052734375,-0.35961729288101196,299.4346618652344,-0.008176267147063657,35.003662109372634,-0.125,-2.25,2.25
9.38,36.557125091552734,36.557125091552734,0.11629187315702438,0.11629187315702438,0.001128964126110077,0.001128964126110077,14.486322402954102,-6.775710105895996,0.0,-0.31134433,-0.19042019546031952,4.691421031951904,-0.5647134780883789,-0.5709309577941895,4.7252865110356375,-0.11979515544043404,4.976675987243652,0.14344312250614166,-2.6485869884490967,0.14344312250614166,-2.6485869884490967,-0.35994237661361694,300.8541259765625,-0.35977885127067566,300.154052734375,-0.00820606946945208,34.051513671875725,-0.125,-2.25,2.25
9.4,36.65035629272461,36.65035629272461,0.1164097785949707,0.1164097785949707,0.0014260336756706238,0.0014260336756706238,14.576229095458984,-6.80509090423584,0.0,-0.3229982,-0.20184928178787231,4.7007527351379395,-0.5654920935630798,-0.5721270442008972,4.734644398979629,-0.11972288270195008,4.987417221069336,0.14363469183444977,-2.6593785285949707,0.14363469183444977,-2.6593785285949707,-0.360106498003006,301.53515625,-0.35994237661361694,300.8541259765625,-0.008173286914825613,33.09173583984445,-0.125,-2.25,2.25
9.42,36.74375915527344,36.74375915527344,0.11655603349208832,0.11655603349208832,0.0017220675945281982,0.0017220675945281982,14.66596508026123,-6.835543155670166,0.0,-0.33467352,-0.2133009135723114,4.710108280181885,-0.5662719011306763,-0.5733279585838318,4.744026125249323,-0.11965054468579217,4.998170375823975,0.14376862347126007,-2.670206069946289,0.14376862347126007,-2.670206069946289,-0.3602699637413025,302.1969909667969,-0.360106498003006,301.53515625,-0.008080899715423756,32.11975097656318,-0.125,-2.25,2.25
9.44,36.83735275268555,36.83735275268555,0.11673065274953842,0.11673065274953842,0.0020172372460365295,0.0020172372460365295,14.755535125732422,-6.867077350616455,0.0,-0.34637278,-0.22477757930755615,4.719486713409424,-0.5670519471168518,-0.5745325684547424,4.753430629427245,-0.1195779676041254,5.00893497467041,0.1438499540090561,-2.6810643672943115,0.1438499540090561,-2.6810643672943115,-0.36043158173561096,302.8393859863281,-0.3602699637413025,302.1969909667969,-0.007942318916320265,31.1218261718729,-0.125,-2.25,2.25
9.46,36.93112564086914,36.93112564086914,0.116933673620224,0.116933673620224,0.0023117586970329285,0.0023117586970329285,14.844901084899902,-6.899724006652832,0.0,-0.35809422,-0.23627795279026031,4.728888511657715,-0.5678307414054871,-0.5757394433021545,4.762858207691409,-0.11950483134777021,5.01970911026001,0.14388543367385864,-2.691946268081665,0.14388543367385864,-2.691946268081665,-0.3605904281139374,303.4618225097656,-0.36043158173561096,302.8393859863281,-0.007912516593933274,30.270385742188147,-0.125,-2.25,2.25
9.48,37.025081634521484,37.025081634521484,0.11716515570878983,0.11716515570878983,0.0026058629155158997,0.0026058629155158997,14.934062957763672,-6.933454513549805,0.0,-0.36983892,-0.24780216813087463,4.738311767578125,-0.5686069130897522,-0.5769472122192383,4.772306803672914,-0.11943090269413645,5.030491352081299,0.14387895166873932,-2.7028450965881348,0.14387895166873932,-2.7028450965881348,-0.36074867844581604,304.0672302246094,-0.3605904281139374,303.4618225097656,-0.007860362529754807,29.41741943359438,-0.125,-2.25,2.25
9.5,37.11922836303711,37.11922836303711,0.11742518097162247,0.11742518097162247,0.0028995724860578775,0.0028995724860578775,15.023018836975098,-6.968272686004639,0.0,-0.3816072,-0.2593514621257782,4.747756004333496,-0.5693802237510681,-0.5781558156013489,4.781775916527622,-0.1193561496837217,5.041281700134277,0.14382071793079376,-2.713762044906616,0.14382071793079376,-2.713762044906616,-0.36090588569641113,304.65557861328125,-0.36074867844581604,304.0672302246094,-0.007766485214233564,28.543090820313108,-0.125,-2.25,2.25
9.52,37.21355056762695,37.21355056762695,0.1177138164639473,0.1177138164639473,0.003192901611328125,0.003192901611328125,15.111738204956055,-7.00417423248291,0.0,-0.3933976,-0.2709241509437561,4.757219314575195,-0.5701502561569214,-0.5793648958206177,4.791263603848477,-0.1192805390726137,5.052078723907471,0.14370891451835632,-2.7246971130371094,0.14370891451835632,-2.7246971130371094,-0.3610612154006958,305.2264404296875,-0.36090588569641113,304.65557861328125,-0.007636845111846409,27.638244628904385,-0.125,-2.25,2.25
9.540000000000001,37.30805969238281,37.30805969238281,0.11803115159273148,0.11803115159273148,0.003485947847366333,0.003485947847366333,15.200218200683594,-7.041165828704834,0.0,-0.40521094,-0.28252139687538147,4.766700744628906,-0.5709163546562195,-0.5805737972259521,4.800768841848117,-0.11920396484357866,5.062882423400879,0.1435478925704956,-2.735647678375244,0.1435478925704956,-2.735647678375244,-0.36121395230293274,305.7792053222656,-0.3610612154006958,305.2264404296875,-0.0074833631515504526,26.69830322265682,-0.125,-2.25,2.25
9.56,37.40275573730469,37.40275573730469,0.11837726831436157,0.11837726831436157,0.003778897225856781,0.003778897225856781,15.288445472717285,-7.079247951507568,0.0,-0.41704825,-0.29414308071136475,4.776200294494629,-0.5716778635978699,-0.5817817449569702,4.810291553831057,-0.11912629821100194,5.073690414428711,0.1433427482843399,-2.7466108798980713,0.1433427482843399,-2.7466108798980713,-0.36136361956596375,306.31317138671875,-0.36121395230293274,305.7792053222656,-0.007286667823791659,25.723266601563047,-0.125,-2.25,2.25
9.58,37.49762725830078,37.49762725830078,0.11875228583812714,0.11875228583812714,0.004071883857250214,0.004071883857250214,15.376391410827637,-7.118417739868164,0.0,-0.428907,-0.30578771233558655,4.785717487335205,-0.5724338889122009,-0.5829879641532898,4.819831161540945,-0.11904737405871589,5.084502220153809,0.14309364557266235,-2.757582664489746,0.14309364557266235,-2.757582664489746,-0.3615093529224396,306.82763671875,-0.36136361956596375,306.31317138671875,-0.007072091102600249,24.713134765625526,-0.125,-2.25,2.25
9.6,37.592689514160156,37.592689514160156,0.11915630847215652,0.11915630847215652,0.0043651084415614605,0.0043651084415614605,15.464064598083496,-7.15868616104126,0.0,-0.4407897,-0.3174578547477722,4.795250415802002,-0.5731834769248962,-0.5841915011405945,4.829385659529479,-0.11896705146414459,5.095315456390381,0.1428057998418808,-2.7685577869415283,0.1428057998418808,-2.7685577869415283,-0.3616507947444916,307.3218994140625,-0.3615093529224396,306.82763671875,-0.006839632987975613,23.66790771484215,-0.125,-2.25,2.25
9.620000000000001,37.687931060791016,37.687931060791016,0.11958950757980347,0.11958950757980347,0.004658729303628206,0.004658729303628206,15.551433563232422,-7.200044631958008,0.0,-0.4526949,-0.32915133237838745,4.804798126220703,-0.5739258527755737,-0.5853914618492126,4.838954010756679,-0.11888520382762231,5.106129169464111,0.14248144626617432,-2.7795321941375732,0.14248144626617432,-2.7795321941375732,-0.3617875874042511,307.7952575683594,-0.3616507947444916,307.3218994140625,-0.006595253944397113,22.587585449219233,-0.125,-2.25,2.25
9.64,37.783355712890625,37.783355712890625,0.1200520321726799,0.1200520321726799,0.004953034687787294,0.004953034687787294,15.638479232788086,-7.242515563964844,0.0,-0.46462303,-0.3408687114715576,4.814360618591309,-0.5746599435806274,-0.5865870118141174,4.848536090058419,-0.11880162115882552,5.116940498352051,0.14212091267108917,-2.790501356124878,0.14212091267108917,-2.790501356124878,-0.36191949248313904,308.24700927734375,-0.3617875874042511,307.7952575683594,-0.006338953971862928,21.47521972656296,-0.125,-2.25,2.25
9.66,37.878971099853516,37.878971099853516,0.12054407596588135,0.12054407596588135,0.0052481964230537415,0.0052481964230537415,15.725198745727539,-7.286091327667236,0.0,-0.47657508,-0.35261064767837524,4.823936462402344,-0.5753852128982544,-0.5877773761749268,4.858130415758392,-0.11871623966279246,5.127748966217041,0.1417222023010254,-2.801462173461914,0.1417222023010254,-2.801462173461914,-0.3620462715625763,308.676513671875,-0.36191949248313904,308.24700927734375,-0.006079673767089973,20.332336425781683,-0.125,-2.25,2.25
9.68,37.97475814819336,37.97475814819336,0.12106582522392273,0.12106582522392273,0.005544431507587433,0.005544431507587433,15.811567306518555,-7.3307576179504395,0.0,-0.4885486,-0.3643752932548523,4.833525657653809,-0.5761008262634277,-0.5889618992805481,4.8677368915358485,-0.11862890039697341,5.138552188873291,0.14128468930721283,-2.812411308288574,0.14128468930721283,-2.812411308288574,-0.3621678650379181,309.0831604003906,-0.3620462715625763,308.676513671875,-0.005812942981719579,19.165039062498707,-0.125,-2.25,2.25
9.700000000000001,38.070735931396484,38.070735931396484,0.12161752581596375,0.12161752581596375,0.005841858685016632,0.005841858685016632,15.897583961486816,-7.376521587371826,0.0,-0.5005457,-0.3761642873287201,4.84312629699707,-0.576806366443634,-0.5901400446891785,4.8773535767908465,-0.11853957688494711,5.14934778213501,0.14080584049224854,-2.8233466148376465,0.14080584049224854,-2.8233466148376465,-0.3622841238975525,309.4664611816406,-0.3621678650379181,309.0831604003906,-0.005549192428588985,17.968750000000384,-0.125,-2.25,2.25
9.72,38.166893005371094,38.166893005371094,0.1221994087100029,0.1221994087100029,0.006140730809420347,0.006140730809420347,15.983226776123047,-7.4233784675598145,0.0,-0.5125653,-0.3879764676094055,4.852738380432129,-0.5775011777877808,-0.5913111567497253,4.886980396857073,-0.11844814817703316,5.160134792327881,0.14028267562389374,-2.83426570892334,0.14028267562389374,-2.83426570892334,-0.36239510774612427,309.8258361816406,-0.3622841238975525,309.4664611816406,-0.005289912223816031,16.75415039062536,-0.125,-2.25,2.25
9.74,38.26323318481445,38.26323318481445,0.12281174212694168,0.12281174212694168,0.006441153585910797,0.006441153585910797,16.068483352661133,-7.471330165863037,0.0,-0.52460784,-0.3998120427131653,4.862359523773193,-0.5781850218772888,-0.5924750566482544,4.896614959127491,-0.11835463639993636,5.170910835266113,0.13971377909183502,-2.845167636871338,0.13971377909183502,-2.845167636871338,-0.3625009059906006,310.1609191894531,-0.36239510774612427,309.8258361816406,-0.005030632019043076,15.52581787109408,-0.125,-2.25,2.25
9.76,38.35975646972656,38.35975646972656,0.12345478683710098,0.12345478683710098,0.006743252277374268,0.006743252277374268,16.153337478637695,-7.520376205444336,0.0,-0.5366732,-0.4116709232330322,4.871988773345947,-0.5788574814796448,-0.5936312675476074,4.906256270464671,-0.1182589927539893,5.181673049926758,0.13909673690795898,-2.856050968170166,0.13909673690795898,-2.856050968170166,-0.36260151863098145,310.471435546875,-0.3625009059906006,310.1609191894531,-0.00478029251098643,14.279174804687804,-0.125,-2.25,2.25
9.78,38.456459045410156,38.456459045410156,0.12412884831428528,0.12412884831428528,0.007047191262245178,0.007047191262245178,16.237775802612305,-7.570513725280762,0.0,-0.548761,-0.42355263233184814,4.881625175476074,-0.5795183777809143,-0.5947796702384949,4.915903366018054,-0.11816121692448463,5.1924214363098145,0.13842828571796417,-2.866915702819824,0.13842828571796417,-2.866915702819824,-0.36269712448120117,310.75701904296875,-0.36260151863098145,310.471435546875,-0.004540383815765075,13.02490234374912,-0.125,-2.25,2.25
9.8,38.553348541259766,38.553348541259766,0.12483420968055725,0.12483420968055725,0.007353037595748901,0.007353037595748901,16.32178497314453,-7.621745586395264,0.0,-0.5608722,-0.4354577958583832,4.891266822814941,-0.5801675319671631,-0.5959199666976929,4.925554333993184,-0.11806133134399262,5.203152179718018,0.1377079337835312,-2.8777618408203125,0.1377079337835312,-2.8777618408203125,-0.3627879321575165,311.01751708984375,-0.36269712448120117,310.75701904296875,-0.004298985004425141,11.766052246094,-0.125,-2.25,2.25
9.82,38.650413513183594,38.650413513183594,0.12557117640972137,0.12557117640972137,0.007660857867449522,0.007660857867449522,16.40534019470215,-7.674065589904785,0.0,-0.5730055,-0.4473852515220642,4.900913238525391,-0.5808050632476807,-0.5970522165298462,4.9352087182861455,-0.1179593839815796,5.213864803314209,0.13693176209926605,-2.88858962059021,0.13693176209926605,-2.88858962059021,-0.362873911857605,311.2528381347656,-0.3627879321575165,311.01751708984375,-0.004085898399353114,10.494995117187724,-0.125,-2.25,2.25
9.84,38.74766540527344,38.74766540527344,0.1263401061296463,0.1263401061296463,0.007970765233039856,0.007970765233039856,16.48844337463379,-7.72747802734375,0.0,-0.585162,-0.4593358635902405,4.910562992095947,-0.5814307928085327,-0.5981760621070862,4.944865080684028,-0.11785538522899251,5.224556922912598,0.13609851896762848,-2.8993985652923584,0.13609851896762848,-2.8993985652923584,-0.36295562982559204,311.4627380371094,-0.362873911857605,311.2528381347656,-0.0038757920265198582,9.225463867187697,-0.125,-2.25,2.25
9.86,38.8450927734375,38.8450927734375,0.12714128196239471,0.12714128196239471,0.008282788097858429,0.008282788097858429,16.571060180664062,-7.7819743156433105,0.0,-0.5973402,-0.47130805253982544,4.9202141761779785,-0.5820448994636536,-0.5992918014526367,4.954521551517805,-0.11774942827085083,5.235227108001709,0.1352045238018036,-2.9101903438568115,0.1352045238018036,-2.9101903438568115,-0.36303314566612244,311.6472473144531,-0.36295562982559204,311.4627380371094,-0.0036805868148801226,7.955932617186963,-0.125,-2.25,2.25
9.88,38.94270324707031,38.94270324707031,0.12797506153583527,0.12797506153583527,0.008597016334533691,0.008597016334533691,16.65319061279297,-7.837559223175049,0.0,-0.6095417,-0.48330309987068176,4.92986536026001,-0.582647442817688,-0.6003994345664978,4.9641767205563445,-0.11764157028672488,5.245872974395752,0.13424959778785706,-2.9209656715393066,0.13424959778785706,-2.9209656715393066,-0.36310675740242004,311.8063659667969,-0.36303314566612244,311.6472473144531,-0.0031217932701111503,7.359313964843907,-0.125,-2.25,2.25
9.9,39.04049301147461,39.04049301147461,0.12884177267551422,0.12884177267551422,0.008913375437259674,0.008913375437259674,16.73480796813965,-7.894225597381592,0.0,-0.6217654,-0.49532008171081543,4.939515113830566,-0.5832387208938599,-0.6014990210533142,4.973829205482482,-0.11753191549174431,5.256492614746094,0.13323071599006653,-2.9317257404327393,0.13323071599006653,-2.9317257404327393,-0.36316919326782227,311.95355224609375,-0.36310675740242004,311.8063659667969,-0.0023648142814636734,7.06176757812515,-0.125,-2.25,2.25
9.92,39.138458251953125,39.138458251953125,0.12974178791046143,0.12974178791046143,0.00923254992812872,0.00923254992812872,16.815902709960938,-7.951971054077148,0.0,-0.63401115,-0.5073586702346802,4.949163913726807,-0.5838160514831543,-0.6025875806808472,4.983479168904494,-0.11741992842476272,5.267091751098633,0.1321885883808136,-2.9424493312835693,0.1321885883808136,-2.9424493312835693,-0.36321648955345154,312.09478759765625,-0.36316919326782227,311.95355224609375,-0.001706182956695593,6.527709960937639,-0.125,-2.25,2.25
9.94,39.23660659790039,39.23660659790039,0.1306755244731903,0.1306755244731903,0.00955546647310257,0.00955546647310257,16.896459579467773,-8.010797500610352,0.0,-0.6462794,-0.5194193720817566,4.9588117599487305,-0.58437579870224,-0.603661298751831,4.993126189544453,-0.11730489926386245,5.277674198150635,0.1311650276184082,-2.9531097412109375,0.1311650276184082,-2.9531097412109375,-0.36325061321258545,312.225341796875,-0.36321648955345154,312.09478759765625,-0.0011503696441649614,5.807495117187108,-0.125,-2.25,2.25
9.96,39.334930419921875,39.334930419921875,0.13164350390434265,0.13164350390434265,0.00988268107175827,0.00988268107175827,16.976455688476562,-8.070700645446777,0.0,-0.6585701,-0.5315009355545044,4.968459129333496,-0.5849161744117737,-0.6047184467315674,5.002770537506779,-0.11718647928082013,5.288241386413574,0.13016963005065918,-2.963693618774414,0.13016963005065918,-2.963693618774414,-0.36327362060546875,312.34149169921875,-0.36325061321258545,312.225341796875,-0.0006973743438720852,4.948425292968856,-0.125,-2.25,2.25
9.98,39.43342971801758,39.43342971801758,0.13264630734920502,0.13264630734920502,0.010214656591415405,0.010214656591415405,17.055879592895508,-8.131677627563477,0.0,-0.6708822,-0.5436034202575684,4.97810697555542,-0.585436224937439,-0.6057582497596741,5.0124130549609065,-0.1170644766750572,5.298793315887451,0.12919338047504425,-2.9741971492767334,0.12919338047504425,-2.9741971492767334,-0.3632875680923462,312.4404602050781,-0.36327362060546875,312.34149169921875,-0.0003471970558166578,3.9947509765625853,-0.125,-2.25,2.25
10.0,39.532108306884766,39.532108306884766,0.13368456065654755,0.13368456065654755,0.01055163238197565,0.01055163238197565,17.134719848632812,-8.193718910217285,0.0,-0.6832172,-0.5557265877723694,4.987753391265869,-0.5859361886978149,-0.6067813038825989,5.022051882379342,-0.11693900340962395,5.309328079223633,0.128219872713089,-2.984623670578003,0.128219872713089,-2.984623670578003,-0.3632945120334625,312.5203552246094,-0.3632875680923462,312.4404602050781,-8.642673492431825e-05,2.9724121093750635,-0.125,-2.25,2.25
10.02,39.63096618652344,39.63096618652344,0.1347588747739792,0.1347588747739792,0.01089353859424591,0.01089353859424591,17.212963104248047,-8.256829261779785,0.0,-0.6955743,-0.5678709745407104,4.997397422790527,-0.5864169597625732,-0.6077885627746582,5.0316861837768245,-0.11681027771837586,5.31984281539917,0.12723135948181152,-2.9949817657470703,0.12723135948181152,-2.9949817657470703,-0.363296240568161,312.5798034667969,-0.3632945120334625,312.5203552246094,8.791685104369524e-05,1.9073486328123712,-0.125,-2.25,2.25
10.040000000000001,39.72999572753906,39.72999572753906,0.13586987555027008,0.13586987555027008,0.011240319348871708,0.011240319348871708,17.290584564208984,-8.320992469787598,0.0,-0.70795316,-0.5800342559814453,5.007038116455078,-0.5868799090385437,-0.6087815165519714,5.041315178330661,-0.11667861000719136,5.3303351402282715,0.12620875239372253,-3.0052831172943115,0.12620875239372253,-3.0052831172943115,-0.36329448223114014,312.6179504394531,-0.363296240568161,312.5798034667969,0.00018924474716186927,0.8132934570312673,-0.125,-2.25,2.25
10.06,39.829200744628906,39.829200744628906,0.13701818883419037,0.13701818883419037,0.01159179862588644,0.01159179862588644,17.367576599121094,-8.386211395263672,0.0,-0.7203537,-0.5922175645828247,5.016674041748047,-0.5873267650604248,-0.6097618937492371,5.050937652565613,-0.11654438951648596,5.340803146362305,0.12513467669487,-3.015540838241577,0.12513467669487,-3.015540838241577,-0.3632906973361969,312.63421630859375,-0.36329448223114014,312.6179504394531,0.00021606683731079562,-0.28839111328125616,-0.125,-2.25,2.25
10.08,39.92858123779297,39.92858123779297,0.1382044106721878,0.1382044106721878,0.011947743594646454,0.011947743594646454,17.443923950195312,-8.45248031616211,0.0,-0.7327764,-0.60442054271698,5.026302814483643,-0.587759256362915,-0.6107314825057983,5.060551444884883,-0.11640802426564725,5.351243019104004,0.12399684637784958,-3.025768518447876,0.12399684637784958,-3.025768518447876,-0.3632863759994507,312.6284484863281,-0.3632906973361969,312.63421630859375,0.00018924474716186927,-1.3824462890625295,-0.125,-2.25,2.25
10.1,40.02813720703125,40.02813720703125,0.13942909240722656,0.13942909240722656,0.012307792901992798,0.012307792901992798,17.519609451293945,-8.519793510437012,0.0,-0.7452208,-0.6166430711746216,5.035923004150391,-0.5881794095039368,-0.6116921901702881,5.070155374492531,-0.11626995548768501,5.3616533279418945,0.12278299778699875,-3.035979747772217,0.12278299778699875,-3.035979747772217,-0.36328259110450745,312.6007995605469,-0.3632863759994507,312.6284484863281,0.00010877847671508055,-2.4658203124998335,-0.125,-2.25,2.25
10.120000000000001,40.127864837646484,40.127864837646484,0.140692800283432,0.140692800283432,0.012671604752540588,0.012671604752540588,17.594619750976562,-8.588147163391113,0.0,-0.757687,-0.6288847327232361,5.045531272888184,-0.5885891318321228,-0.61264568567276,5.079746351128524,-0.1161306411269675,5.3720316886901855,0.1214873343706131,-3.046186923980713,0.1214873343706131,-3.046186923980713,-0.36328041553497314,312.5514831542969,-0.36328259110450745,312.6007995605469,-1.1920928955078379e-05,-3.529357910156325,-0.125,-2.25,2.25
10.14,40.22776412963867,40.22776412963867,0.14199601113796234,0.14199601113796234,0.0130387544631958,0.0130387544631958,17.668935775756836,-8.657533645629883,0.0,-0.7701741,-0.6411452293395996,5.055126667022705,-0.5889903903007507,-0.6135937571525574,5.089323658356847,-0.1159904927348421,5.382375717163086,0.12010416388511658,-3.0564017295837402,0.12010416388511658,-3.0564017295837402,-0.36328065395355225,312.48089599609375,-0.36328041553497314,312.5514831542969,-0.0001668930053710973,-4.568481445312598,-0.125,-2.25,2.25
10.16,40.32783508300781,40.32783508300781,0.14333920180797577,0.14333920180797577,0.013408824801445007,0.013408824801445007,17.742542266845703,-8.727949142456055,0.0,-0.7826829,-0.6534245610237122,5.064707279205322,-0.589384913444519,-0.6145379543304443,5.098885603760039,-0.11584989385046761,5.392683506011963,0.11862994730472565,-3.0666329860687256,0.11862994730472565,-3.0666329860687256,-0.36328399181365967,312.3895263671875,-0.36328065395355225,312.48089599609375,-0.000345706939697273,-5.577087402343869,-0.125,-2.25,2.25
10.18,40.428077697753906,40.428077697753906,0.14472277462482452,0.14472277462482452,0.013781405985355377,0.013781405985355377,17.815425872802734,-8.799386024475098,0.0,-0.7952135,-0.6657229065895081,5.074270248413086,-0.5897742509841919,-0.615479588508606,5.108429525896796,-0.11570921172856963,5.402953147888184,0.11706265807151794,-3.0768892765045166,0.11706265807151794,-3.0768892765045166,-0.3632909059524536,312.2779846191406,-0.36328399181365967,312.3895263671875,-0.0005394220352172487,-6.556701660155808,-0.125,-2.25,2.25
10.200000000000001,40.52848815917969,40.52848815917969,0.14614711701869965,0.14614711701869965,0.014156147837638855,0.014156147837638855,17.8875675201416,-8.871838569641113,0.0,-0.8077647,-0.6780397891998291,5.0838141441345215,-0.5901598334312439,-0.6164198517799377,5.117954169499548,-0.11556875522026404,5.413182735443115,0.11540324240922928,-3.08717679977417,0.11540324240922928,-3.08717679977417,-0.36330169439315796,312.1468505859375,-0.3632909059524536,312.2779846191406,-0.0007420778274536291,-7.50579833984391,-0.125,-2.25,2.25
10.22,40.62907028198242,40.62907028198242,0.1476125866174698,0.1476125866174698,0.014532633125782013,0.014532633125782013,17.958955764770508,-8.945305824279785,0.0,-0.8203373,-0.6903762817382812,5.093337535858154,-0.5905429720878601,-0.6173596978187561,5.127458264682803,-0.1154288076525467,5.423369884490967,0.11365204304456711,-3.0975000858306885,0.11365204304456711,-3.0975000858306885,-0.36331653594970703,311.9967346191406,-0.36330169439315796,312.1468505859375,-0.0009521842002868855,-8.42437744140643,-0.125,-2.25,2.25
10.24,40.729820251464844,40.729820251464844,0.14911943674087524,0.14911943674087524,0.014910608530044556,0.014910608530044556,18.029573440551758,-9.019773483276367,0.0,-0.83293116,-0.7027310132980347,5.102837562561035,-0.5909245014190674,-0.6182999014854431,5.136939064877178,-0.11528958995240365,5.43351411819458,0.11181188374757767,-3.1078615188598633,0.11181188374757767,-3.1078615188598633,-0.36333557963371277,311.8282470703125,-0.36331653594970703,311.9967346191406,-0.0011608004570007571,-9.313964843750199,-0.125,-2.25,2.25
10.26,40.83073425292969,40.83073425292969,0.1506679803133011,0.1506679803133011,0.015289649367332458,0.015289649367332458,18.09940528869629,-9.095239639282227,0.0,-0.84554523,-0.7151046395301819,5.112313270568848,-0.5913053750991821,-0.6192411184310913,5.146395731291515,-0.11515130156625326,5.4436140060424805,0.10988655686378479,-3.118263006210327,0.10988655686378479,-3.118263006210327,-0.3633587956428528,311.6419677734375,-0.36333557963371277,311.8282470703125,-0.0013619661331177048,-10.171508789062717,-0.125,-2.25,2.25
10.28,40.93181228637695,40.93181228637695,0.15225841104984283,0.15225841104984283,0.015669412910938263,0.015669412910938263,18.168434143066406,-9.171690940856934,0.0,-0.85818,-0.7274969220161438,5.121763706207275,-0.5916862487792969,-0.6201835870742798,5.155827390362928,-0.11501408299001481,5.453667640686035,0.10787901282310486,-3.128704071044922,0.10787901282310486,-3.128704071044922,-0.36338603496551514,311.43853759765625,-0.3633587956428528,311.6419677734375,-0.0015512108802794363,-11.004638671874257,-0.125,-2.25,2.25
10.3,41.033058166503906,41.033058166503906,0.15389099717140198,0.15389099717140198,0.016049712896347046,0.016049712896347046,18.236642837524414,-9.249127388000488,0.0,-0.8708361,-0.7399083375930786,5.131186485290527,-0.5920674800872803,-0.6211276650428772,5.165231712886175,-0.11487804805801143,5.463674545288086,0.1057935431599617,-3.139183759689331,0.1057935431599617,-3.139183759689331,-0.3634170591831207,311.21844482421875,-0.36338603496551514,311.43853759765625,-0.0017300248146057498,-11.811828613281502,-0.125,-2.25,2.25
10.32,41.134464263916016,41.134464263916016,0.15556584298610687,0.15556584298610687,0.01643024943768978,0.01643024943768978,18.30402183532715,-9.327536582946777,0.0,-0.88351154,-0.7523384094238281,5.140580654144287,-0.5924493074417114,-0.6220734715461731,5.174607776793394,-0.11474325503065573,5.473633766174316,0.10363591462373734,-3.1496987342834473,0.10363591462373734,-3.1496987342834473,-0.36345165967941284,310.9822082519531,-0.3634170591831207,311.21844482421875,-0.0018879771232605384,-12.599182128906518,-0.125,-2.25,2.25
10.34,41.23603439331055,41.23603439331055,0.15728314220905304,0.15728314220905304,0.016810836270451546,0.016810836270451546,18.370546340942383,-9.406916618347168,0.0,-0.89620805,-0.7647875547409058,5.1499457359313965,-0.5928318500518799,-0.6230208277702332,5.183955119932454,-0.11460972832656438,5.483543395996094,0.10140935331583023,-3.1602466106414795,0.10140935331583023,-3.1602466106414795,-0.36348941922187805,310.730224609375,-0.36345165967941284,310.9822082519531,-0.0020265579223633246,-13.371276855469034,-0.125,-2.25,2.25
10.36,41.337764739990234,41.337764739990234,0.15904301404953003,0.15904301404953003,0.017191268503665924,0.017191268503665924,18.436199188232422,-9.48725700378418,0.0,-0.90892434,-0.7772555351257324,5.159279823303223,-0.5932150483131409,-0.6239696145057678,5.193271838512683,-0.11447748944072932,5.49340295791626,0.09911809861660004,-3.1708226203918457,0.09911809861660004,-3.1708226203918457,-0.3635299503803253,310.4627990722656,-0.36348941922187805,310.730224609375,-0.0018179416656492913,-16.75872802734262,-0.125,-2.25,2.25
10.38,41.43965530395508,41.43965530395508,0.1608455628156662,0.1608455628156662,0.017571382224559784,0.017571382224559784,18.5009708404541,-9.568547248840332,0.0,-0.9216605,-0.7897425293922424,5.168580532073975,-0.5935987830162048,-0.6249194145202637,5.202555548164038,-0.11434655864058714,5.50321102142334,0.09676890820264816,-3.1814217567443848,0.09676890820264816,-3.1814217567443848,-0.3635663092136383,310.12762451171875,-0.3635299503803253,310.4627990722656,-0.0006005167961120733,-27.546691894531836,-0.125,-2.25,2.25
10.4,41.54170608520508,41.54170608520508,0.1626909077167511,0.1626909077167511,0.01795150339603424,0.01795150339603424,18.564851760864258,-9.65078067779541,0.0,-0.93441683,-0.8022488951683044,5.177849292755127,-0.5939803123474121,-0.6258670091629028,5.211807355413389,-0.11421637251468529,5.512944221496582,0.09438257664442062,-3.1920204162597656,0.09438257664442062,-3.1920204162597656,-0.36357831954956055,309.5766906738281,-0.3635663092136383,310.12762451171875,0.0007241964340210115,-37.231445312500796,-0.125,-2.25,2.25
10.42,41.6439094543457,41.6439094543457,0.16457925736904144,0.16457925736904144,0.01833345741033554,0.01833345741033554,18.627817153930664,-9.733943939208984,0.0,-0.94719225,-0.8147736191749573,5.187086582183838,-0.5943505764007568,-0.6268013715744019,5.221026701592276,-0.11408519032647826,5.522521018981934,0.09199543297290802,-3.202547550201416,0.09199543297290802,-3.202547550201416,-0.3635638356208801,308.8320617675781,-0.36357831954956055,309.5766906738281,0.0018507242202759184,-46.20971679687599,-0.125,-2.25,2.25
10.44,41.74626922607422,41.74626922607422,0.16651098430156708,0.16651098430156708,0.018718771636486053,0.018718771636486053,18.689857482910156,-9.818031311035156,0.0,-0.9599871,-0.8273171186447144,5.196290016174316,-0.5947021245956421,-0.6277130246162415,5.230210373320699,-0.11395165144264832,5.531897068023682,0.08953447639942169,-3.212944507598877,0.08953447639942169,-3.212944507598877,-0.3635268211364746,307.9078674316406,-0.3635638356208801,308.8320617675781,0.003065168857574256,-54.19769287109009,-0.125,-2.25,2.25
10.46,41.848785400390625,41.848785400390625,0.1684866100549698,0.1684866100549698,0.0191083624958992,0.0191083624958992,18.750953674316406,-9.903029441833496,0.0,-0.9728018,-0.8398783802986145,5.205452919006348,-0.5950304865837097,-0.6285966038703918,5.23935123578824,-0.11381506252619265,5.541048526763916,0.08689370006322861,-3.223177194595337,0.08689370006322861,-3.223177194595337,-0.3634655177593231,306.82391357421875,-0.3635268211364746,307.9078674316406,0.0043258070945740665,-61.32812500000131,-0.125,-2.25,2.25
10.48,41.951454162597656,41.951454162597656,0.17050676047801971,0.17050676047801971,0.019503451883792877,0.019503451883792877,18.81109619140625,-9.988931655883789,0.0,-0.9856356,-0.8524574041366577,5.214568138122559,-0.5953310132026672,-0.6294469833374023,5.2484416622845185,-0.11367471065120331,5.54996395111084,0.08400959521532059,-3.2332119941711426,0.08400959521532059,-3.2332119941711426,-0.36337900161743164,305.59735107421875,-0.3634655177593231,306.82391357421875,0.005601346492767454,-67.71240234375145,-0.125,-2.25,2.25
10.5,42.05427551269531,42.05427551269531,0.17257218062877655,0.17257218062877655,0.019905075430870056,0.019905075430870056,18.87026596069336,-10.075723648071289,0.0,-0.99848807,-0.8650529384613037,5.223628997802734,-0.5955997705459595,-0.6302598714828491,5.257474583234806,-0.11353001170868814,5.5586419105529785,0.08085092902183533,-3.2430191040039062,0.08085092902183533,-3.2430191040039062,-0.3632669746875763,304.24310302734375,-0.36337900161743164,305.59735107421875,0.006856024265289452,-73.44665527343906,-0.125,-2.25,2.25
10.52,42.15724563598633,42.15724563598633,0.17468371987342834,0.17468371987342834,0.02031431533396244,0.02031431533396244,18.928455352783203,-10.163398742675781,0.0,-1.0113592,-0.8776648044586182,5.23262882232666,-0.5958331823348999,-0.63103187084198,5.266442971628481,-0.11338045202863593,5.567085266113281,0.07741113752126694,-3.2525722980499268,0.07741113752126694,-3.2525722980499268,-0.3631298542022705,302.774169921875,-0.3632669746875763,304.24310302734375,0.008063018321990422,-78.6071777343697,-0.125,-2.25,2.25
10.540000000000001,42.26036071777344,42.26036071777344,0.1768423616886139,0.1768423616886139,0.02073206752538681,0.02073206752538681,18.985641479492188,-10.251938819885254,0.0,-1.0242486,-0.8902913331985474,5.241560935974121,-0.5960285663604736,-0.6317604780197144,5.275339903498885,-0.11322568869982158,5.57529878616333,0.07369490712881088,-3.2618539333343506,0.07369490712881088,-3.2618539333343506,-0.3629685938358307,301.2020263671875,-0.3631298542022705,302.774169921875,0.009202957153320509,-83.35418701172053,-0.125,-2.25,2.25
10.56,42.36362075805664,42.36362075805664,0.17904913425445557,0.17904913425445557,0.02115921676158905,0.02115921676158905,19.041810989379883,-10.341334342956543,0.0,-1.0371563,-0.9029316902160645,5.250420093536377,-0.5961839556694031,-0.6324439644813538,5.284159958556152,-0.11306548385909512,5.583287715911865,0.06971576064825058,-3.2708511352539062,0.06971576064825058,-3.2708511352539062,-0.3627845346927643,299.5349426269531,-0.3629685938358307,301.2020263671875,0.01043975353240989,-88.99078369140814,-0.125,-2.25,2.25
10.58,42.46702194213867,42.46702194213867,0.1813051551580429,0.1813051551580429,0.021596387028694153,0.021596387028694153,19.096956253051758,-10.431572914123535,0.0,-1.0500813,-0.9155853986740112,5.259200096130371,-0.5962983965873718,-0.6330815553665161,5.2928968844018085,-0.11289981063671817,5.591057777404785,0.06548579037189484,-3.279557943344116,0.06548579037189484,-3.279557943344116,-0.3625757396221161,297.755126953125,-0.3627845346927643,299.5349426269531,0.011575222015381106,-94.1070556640645,-0.125,-2.25,2.25
10.6,42.5705680847168,42.5705680847168,0.183611661195755,0.183611661195755,0.02204437553882599,0.02204437553882599,19.151060104370117,-10.522644996643066,0.0,-1.0630249,-0.9282519221305847,5.267895221710205,-0.5963703393936157,-0.6336717009544373,5.301544836047854,-0.11272851922395817,5.598602771759033,0.06103137508034706,-3.287964105606079,0.06103137508034706,-3.287964105606079,-0.36234423518180847,295.87298583984375,-0.3625757396221161,297.755126953125,0.012582540512084111,-98.73657226561834,-0.125,-2.25,2.25
10.620000000000001,42.67424774169922,42.67424774169922,0.18596993386745453,0.18596993386745453,0.022503770887851715,0.022503770887851715,19.2041072845459,-10.614530563354492,0.0,-1.0759845,-0.9409293532371521,5.276500225067139,-0.5963994264602661,-0.6342137455940247,5.310098577335048,-0.11255167247454284,5.605920791625977,0.056356094777584076,-3.2960667610168457,0.056356094777584076,-3.2960667610168457,-0.3620925843715668,293.89825439453125,-0.36234423518180847,295.87298583984375,0.013448297977447796,-102.90069580078344,-0.125,-2.25,2.25
10.64,42.7780647277832,42.7780647277832,0.18838131427764893,0.18838131427764893,0.022974923253059387,0.022974923253059387,19.256088256835938,-10.70722484588623,0.0,-1.0889616,-0.953617513179779,5.28501033782959,-0.5963861346244812,-0.6347082853317261,5.318553439849784,-0.11236947741295682,5.613012313842773,0.05145648494362831,-3.303870916366577,0.05145648494362831,-3.303870916366577,-0.3618236184120178,291.8402404785156,-0.3620925843715668,293.89825439453125,0.01415461301803619,-106.62231445312727,-0.125,-2.25,2.25
10.66,42.882015228271484,42.882015228271484,0.19084717333316803,0.19084717333316803,0.023458026349544525,0.023458026349544525,19.306989669799805,-10.800704956054688,0.0,-1.1019555,-0.9663150906562805,5.293418884277344,-0.5963318943977356,-0.6351566314697266,5.326902966330436,-0.11218235650407878,5.619880676269531,0.0463280975818634,-3.3113858699798584,0.0463280975818634,-3.3113858699798584,-0.3615405261516571,289.7077941894531,-0.3618236184120178,291.8402404785156,0.01470744609832795,-109.9197387695336,-0.125,-2.25,2.25
10.68,42.98609161376953,42.98609161376953,0.19336888194084167,0.19336888194084167,0.02395312488079071,0.02395312488079071,19.35678482055664,-10.894964218139648,0.0,-1.1149651,-0.9790211915969849,5.301721096038818,-0.5962389707565308,-0.6355611681938171,5.335142686979595,-0.11199084354938084,5.626529693603516,0.040970150381326675,-3.3186278343200684,0.040970150381326675,-3.3186278343200684,-0.36124637722969055,287.5093994140625,-0.3615405261516571,289.7077941894531,0.015097856521605427,-112.80975341796113,-0.125,-2.25,2.25
10.700000000000001,43.09029769897461,43.09029769897461,0.1959478259086609,0.1959478259086609,0.024459965527057648,0.024459965527057648,19.40546226501465,-10.989997863769531,0.0,-1.1279911,-0.9917355179786682,5.309910774230957,-0.5961102247238159,-0.6359245181083679,5.343266775139931,-0.1117956085829114,5.63296365737915,0.03538397699594498,-3.3256146907806396,0.03538397699594498,-3.3256146907806396,-0.3609444200992584,285.2532043457031,-0.36124637722969055,287.5093994140625,0.015327334403992025,-115.30303955078371,-0.125,-2.25,2.25
10.72,43.19462585449219,43.19462585449219,0.19858534634113312,0.19858534634113312,0.024978280067443848,0.024978280067443848,19.453014373779297,-11.085770606994629,0.0,-1.1410319,-1.0044561624526978,5.3179826736450195,-0.5959489345550537,-0.6362502574920654,5.351270395876659,-0.11159737385336896,5.639186382293701,0.029573580250144005,-3.3323678970336914,0.029573580250144005,-3.3323678970336914,-0.3606378734111786,282.9471435546875,-0.3609444200992584,285.2532043457031,0.015357136726379722,-117.48962402344,-0.125,-2.25,2.25
10.74,43.299076080322266,43.299076080322266,0.20128276944160461,0.20128276944160461,0.025507532060146332,0.025507532060146332,19.499441146850586,-11.182280540466309,0.0,-1.1540884,-1.017183780670166,5.325931072235107,-0.5957589745521545,-0.6365421414375305,5.359148303784738,-0.11139697657040859,5.645203113555908,0.023544391617178917,-3.338911533355713,0.023544391617178917,-3.338911533355713,-0.360330730676651,280.59735107421875,-0.3606378734111786,282.9471435546875,0.0147908926010135,-120.14007568359631,-0.125,-2.25,2.25
10.76,43.40364074707031,43.40364074707031,0.20404130220413208,0.20404130220413208,0.026047008112072945,0.026047008112072945,19.544719696044922,-11.279501914978027,0.0,-1.1671588,-1.029916524887085,5.333751201629639,-0.5955447554588318,-0.636804461479187,5.366896257301806,-0.11119532752477701,5.651017189025879,0.017299078404903412,-3.3452725410461426,0.017299078404903412,-3.3452725410461426,-0.36003491282463074,278.1945495605469,-0.360330730676651,280.59735107421875,0.014145672321319882,-122.2076416015651,-0.125,-2.25,2.25
10.78,43.50831604003906,43.50831604003906,0.20686209201812744,0.20686209201812744,0.02659517526626587,0.02659517526626587,19.588836669921875,-11.377418518066406,0.0,-1.1802431,-1.0426539182662964,5.341436862945557,-0.5953142046928406,-0.6370453238487244,5.374508978794504,-0.1109940111761484,5.656626224517822,0.01079406589269638,-3.351503849029541,0.01079406589269638,-3.351503849029541,-0.35975199937820435,275.7503967285156,-0.36003491282463074,278.1945495605469,0.013446807861327218,-123.74572753905414,-0.125,-2.25,2.25
10.8,43.61310577392578,43.61310577392578,0.20974613726139069,0.20974613726139069,0.027150651440024376,0.027150651440024376,19.631792068481445,-11.476025581359863,0.0,-1.193342,-1.0553969144821167,5.3489813804626465,-0.5950740575790405,-0.6372713446617126,5.381980578052996,-0.11079439185952338,5.66202974319458,0.004020960070192814,-3.357646942138672,0.004020960070192814,-3.357646942138672,-0.3594830632209778,273.2754821777344,-0.35975199937820435,275.7503967285156,0.012701749801636013,-124.81689453125266,-0.125,-2.25,2.25
10.82,43.717994689941406,43.717994689941406,0.2126941829919815,0.2126941829919815,0.02771206945180893,0.02771206945180893,19.673564910888672,-11.57529067993164,0.0,-1.206453,-1.0681432485580444,5.356379985809326,-0.5948300361633301,-0.6374878287315369,5.389306942854599,-0.11059759973551184,5.667232513427734,-0.003009756561368704,-3.3637335300445557,-0.003009756561368704,-3.3637335300445557,-0.35922902822494507,270.7791442871094,-0.3594830632209778,273.2754821777344,0.011934340000152843,-125.46844482422142,-0.125,-2.25,2.25
10.84,43.822994232177734,43.822994232177734,0.215706929564476,0.215706929564476,0.02827819623053074,0.02827819623053074,19.714147567749023,-11.675217628479004,0.0,-1.219578,-1.0808953046798706,5.363628387451172,-0.5945867300033569,-0.6376991271972656,5.396484305375875,-0.110404540306346,5.672238349914551,-0.010274913161993027,-3.3697879314422607,-0.010274913161993027,-3.3697879314422607,-0.358990341424942,268.269775390625,-0.35922902822494507,270.7791442871094,0.011156499385833978,-125.74615478515894,-0.125,-2.25,2.25
10.86,43.9280891418457,43.9280891418457,0.21878492832183838,0.21878492832183838,0.028847789391875267,0.028847789391875267,19.75352668762207,-11.775774002075195,0.0,-1.232715,-1.0936511754989624,5.370723247528076,-0.5943483114242554,-0.6379087567329407,5.403509796126161,-0.11021601812954496,5.677052974700928,-0.01774750091135502,-3.3758273124694824,-0.01774750091135502,-3.3758273124694824,-0.35876721143722534,265.7548522949219,-0.358990341424942,268.269775390625,0.010374188423156037,-125.69274902342902,-0.125,-2.25,2.25
10.88,44.03327941894531,44.03327941894531,0.22192855179309845,0.22192855179309845,0.029419811442494392,0.029419811442494392,19.791690826416016,-11.876948356628418,0.0,-1.2458637,-1.1064112186431885,5.377660751342773,-0.5941178798675537,-0.6381195187568665,5.410379950771557,-0.11003264647583409,5.68168306350708,-0.025395380333065987,-3.3818633556365967,-0.025395380333065987,-3.3818633556365967,-0.3585597276687622,263.2409973144531,-0.35876721143722534,265.7548522949219,0.009596347808838095,-125.34484863281517,-0.125,-2.25,2.25
10.9,44.13855743408203,44.13855743408203,0.2251380831003189,0.2251380831003189,0.029993193224072456,0.029993193224072456,19.828601837158203,-11.978728294372559,0.0,-1.2590232,-1.1191754341125488,5.384439468383789,-0.5938981771469116,-0.6383334398269653,5.417093633444739,-0.1098549220088871,5.686132907867432,-0.033186864107847214,-3.38790225982666,-0.033186864107847214,-3.38790225982666,-0.35836780071258545,260.7341003417969,-0.3585597276687622,263.2409973144531,0.008834898471832464,-124.73754882812766,-0.125,-2.25,2.25
10.92,44.243919372558594,44.243919372558594,0.22841371595859528,0.22841371595859528,0.030567005276679993,0.030567005276679993,19.864269256591797,-12.081087112426758,0.0,-1.2721937,-1.1319434642791748,5.391057014465332,-0.5936910510063171,-0.6385522484779358,5.423648660934892,-0.1096831951237171,5.690408706665039,-0.04109237715601921,-3.3939473628997803,-0.04109237715601921,-3.3939473628997803,-0.3581911027431488,258.2393493652344,-0.35836780071258545,260.7341003417969,0.008095800876617603,-123.8967895507839,-0.125,-2.25,2.25
10.94,44.349365234375,44.349365234375,0.23175548017024994,0.23175548017024994,0.031140342354774475,0.031140342354774475,19.898691177368164,-12.184013366699219,0.0,-1.2853744,-1.1447162628173828,5.397513389587402,-0.5934982895851135,-0.6387771368026733,5.4300452125664425,-0.10951775637332661,5.694516181945801,-0.04908396676182747,-3.399998664855957,-0.04908396676182747,-3.399998664855957,-0.35802918672561646,255.76141357421875,-0.3581911027431488,258.2393493652344,0.007387995719909169,-122.85537719725733,-0.125,-2.25,2.25
10.96,44.45488739013672,44.45488739013672,0.23516333103179932,0.23516333103179932,0.031712427735328674,0.031712427735328674,19.931854248046875,-12.287482261657715,0.0,-1.2985647,-1.1574934720993042,5.403807640075684,-0.5933207273483276,-0.6390087604522705,5.436282415073878,-0.10935874081601568,5.698461055755615,-0.057134345173835754,-3.406053304672241,-0.057134345173835754,-3.406053304672241,-0.35788142681121826,253.30430603027344,-0.35802918672561646,255.76141357421875,0.006714463233947897,-121.64306640625259,-0.125,-2.25,2.25
10.98,44.56048583984375,44.56048583984375,0.23863717913627625,0.23863717913627625,0.03228256106376648,0.03228256106376648,19.963747024536133,-12.39148235321045,0.0,-1.3117645,-1.1702756881713867,5.409940242767334,-0.5931591391563416,-0.6392475366592407,5.442360810776714,-0.10920624437403512,5.702248573303223,-0.06521908193826675,-3.4121060371398926,-0.06521908193826675,-3.4121060371398926,-0.3577471375465393,250.87144470214844,-0.35788142681121826,253.30430603027344,0.006090104579925667,-120.27969360351818,-0.125,-2.25,2.25
11.0,44.66615295410156,44.66615295410156,0.24217680096626282,0.24217680096626282,0.03285006433725357,0.03285006433725357,19.994359970092773,-12.495987892150879,0.0,-1.3249727,-1.1830624341964722,5.4159111976623535,-0.5930137634277344,-0.6394935846328735,5.448280409870549,-0.10906027538938236,5.705883979797363,-0.07331463694572449,-3.418149948120117,-0.07331463694572449,-3.418149948120117,-0.3576253354549408,248.46585083007812,-0.3577471375465393,250.87144470214844,0.005505979061126826,-118.79119873047128,-0.125,-2.25,2.25
11.02,44.77188491821289,44.77188491821289,0.24578192830085754,0.24578192830085754,0.033414341509342194,0.033414341509342194,20.023685455322266,-12.600985527038574,0.0,-1.3381894,-1.1958543062210083,5.421721458435059,-0.5928844213485718,-0.6397466063499451,5.454042125793769,-0.10892074825543058,5.709372520446777,-0.08139850944280624,-3.4241769313812256,-0.08139850944280624,-3.4241769313812256,-0.35751521587371826,246.09002685546875,-0.3576253354549408,248.46585083007812,0.0049710273742672425,-117.19970703124208,-0.125,-2.25,2.25
11.040000000000001,44.87767791748047,44.87767791748047,0.24945217370986938,0.24945217370986938,0.03397493064403534,0.03397493064403534,20.051712036132812,-12.70645523071289,0.0,-1.3514132,-1.2086511850357056,5.427372455596924,-0.5927708148956299,-0.6400061249732971,5.459647333918576,-0.10878754775782751,5.7127180099487305,-0.08945159614086151,-3.430177688598633,-0.08945159614086151,-3.430177688598633,-0.3574157953262329,243.74603271484375,-0.35751521587371826,246.09002685546875,0.0044882297515870095,-115.52658081054933,-0.125,-2.25,2.25
11.06,44.9835319519043,44.9835319519043,0.2531871795654297,0.2531871795654297,0.034531377255916595,0.034531377255916595,20.078432083129883,-12.8123779296875,0.0,-1.3646451,-1.221453309059143,5.432866096496582,-0.5926724076271057,-0.6402714848518372,5.465097858705232,-0.10866050755612743,5.715926170349121,-0.09745695441961288,-3.4361424446105957,-0.09745695441961288,-3.4361424446105957,-0.35732603073120117,241.4355010986328,-0.3574157953262329,243.74603271484375,0.004053115844726649,-113.78936767578368,-0.125,-2.25,2.25
11.08,45.089439392089844,45.089439392089844,0.25698646903038025,0.25698646903038025,0.03508329391479492,0.03508329391479492,20.103805541992188,-12.918745040893555,0.0,-1.3778834,-1.2342610359191895,5.438203811645508,-0.5925884246826172,-0.6405419111251831,5.470395025778628,-0.10853942931726804,5.719000339508057,-0.10539887100458145,-3.4420602321624756,-0.10539887100458145,-3.4420602321624756,-0.35724496841430664,239.1597137451172,-0.35732603073120117,241.4355010986328,0.004900991916656598,-111.34490966797112,-0.125,-2.25,2.25
11.1,45.195411682128906,45.195411682128906,0.2608491778373718,0.2608491778373718,0.03557748347520828,0.03557748347520828,20.12784767150879,-13.025514602661133,0.0,-1.3910391,-1.2470375299453735,5.443387508392334,-0.5925179123878479,-0.6408163905143738,5.475540616507392,-0.1084240747207887,5.721945285797119,-0.11326295137405396,-3.447920560836792,-0.11326295137405396,-3.447920560836792,-0.3571469485759735,236.9328155517578,-0.35724496841430664,239.1597137451172,0.014877319335936496,-104.3411254882742,-0.12238876,-2.25,2.25
11.120000000000001,45.30153274536133,45.30153274536133,0.26475411653518677,0.26475411653518677,0.03567127883434296,0.03567127883434296,20.15056800842285,-13.132672309875488,0.0,-1.4037898,-1.2598061561584473,5.44842529296875,-0.5924506783485413,-0.6410838961601257,5.480541577192646,-0.1083124093345333,5.724771499633789,-0.12091358006000519,-3.453644275665283,-0.12091358006000519,-3.453644275665283,-0.35684940218925476,234.8459930419922,-0.3571469485759735,236.9328155517578,0.034372508525849124,-95.16372680664266,-0.11796705,-2.25,2.25
11.14,45.4078254699707,45.4078254699707,0.2686534523963928,0.2686534523963928,0.035321108996868134,0.035321108996868134,20.171960830688477,-13.240208625793457,0.0,-1.4160922,-1.2725812196731567,5.4533586502075195,-0.5923128724098206,-0.6412620544433594,5.48543116870639,-0.10819021328324784,5.727533340454102,-0.12738223373889923,-3.4586617946624756,-0.12738223373889923,-3.4586617946624756,-0.3561619520187378,232.94271850585938,-0.35684940218925476,234.8459930419922,0.06207823753357066,-86.61880493164247,-0.11353818,-2.25,2.25
11.16,45.5142936706543,45.5142936706543,0.2724995017051697,0.2724995017051697,0.03455251455307007,0.03455251455307007,20.192018508911133,-13.348101615905762,0.0,-1.4279449,-1.2853597402572632,5.458259582519531,-0.5919775366783142,-0.6412119269371033,5.490267304430451,-0.10803310359469098,5.730301856994629,-0.13134992122650146,-3.462019443511963,-0.13134992122650146,-3.462019443511963,-0.3549203872680664,231.21034240722656,-0.3561619520187378,232.94271850585938,0.096409022808077,-80.7487487792986,-0.10910201,-2.25,2.25
11.18,45.620933532714844,45.620933532714844,0.2762478291988373,0.2762478291988373,0.03340056911110878,0.03340056911110878,20.21074104309082,-13.456324577331543,0.0,-1.4393454,-1.298134446144104,5.463221549987793,-0.5912846326828003,-0.64076167345047,5.4951257693612305,-0.1078103827480671,5.733142852783203,-0.13156528770923615,-3.4625449180603027,-0.13156528770923615,-3.4625449180603027,-0.3529922068119049,229.59536743164062,-0.3549203872680664,231.21034240722656,0.13673454523085624,-69.90661621093278,-0.104658686,-2.25,2.25
11.200000000000001,45.72776412963867,45.72776412963867,0.2798580825328827,0.2798580825328827,0.03190706670284271,0.03190706670284271,20.228132247924805,-13.564872741699219,0.0,-1.4502926,-1.3108974695205688,5.468347549438477,-0.590057373046875,-0.6397254467010498,5.500090237890354,-0.10748826069962786,5.736106872558594,-0.1270635426044464,-3.458980083465576,-0.1270635426044464,-3.458980083465576,-0.3502575159072876,228.19723510742188,-0.3529922068119049,229.59536743164062,0.17919093370438005,-66.44668579101705,-0.10020741,-2.25,2.25
11.22,45.83478927612305,45.83478927612305,0.2832946181297302,0.2832946181297302,0.03011958859860897,0.03011958859860897,20.24420166015625,-13.673724174499512,0.0,-1.4607829,-1.3236324787139893,5.473745346069336,-0.5881069302558899,-0.637909471988678,5.505248211936562,-0.1070308300158628,5.739306449890137,-0.11710048466920853,-3.4500210285186768,-0.11710048466920853,-3.4500210285186768,-0.3466736972332001,226.86830139160156,-0.3502575159072876,228.19723510742188,0.21987706422806255,-74.87411499023597,-0.09574803,-2.25,2.25
11.24,45.94202423095703,45.94202423095703,0.28652703762054443,0.28652703762054443,0.028086135163903236,0.028086135163903236,20.258935928344727,-13.782873153686523,0.0,-1.4708047,-1.336313247680664,5.479514122009277,-0.5852611660957336,-0.6351432204246521,5.5106810509989455,-0.10640554638177321,5.742783546447754,-0.10146249830722809,-3.434537649154663,-0.10146249830722809,-3.434537649154663,-0.3422761559486389,225.37081909179688,-0.3466736972332001,226.86830139160156,0.26028156280518133,-87.9676818847675,-0.0912799,-2.25,2.25
11.26,46.049476623535156,46.049476623535156,0.289529949426651,0.289529949426651,0.02584940940141678,0.02584940940141678,20.272390365600586,-13.892293930053711,0.0,-1.4803685,-1.3489309549331665,5.485725402832031,-0.5813891291618347,-0.631304919719696,5.516447816737163,-0.105588026365057,5.746492385864258,-0.08066089451313019,-3.4117538928985596,-0.08066089451313019,-3.4117538928985596,-0.3370705246925354,223.61146545410156,-0.3422761559486389,225.37081909179688,0.2993464469909732,-104.9064636230491,-0.08680272,-2.25,2.25
11.28,46.157161712646484,46.157161712646484,0.292282372713089,0.292282372713089,0.02344980090856552,0.02344980090856552,20.284587860107422,-14.001984596252441,0.0,-1.4894726,-1.3614646196365356,5.492427825927734,-0.5763806104660034,-0.6262962222099304,5.522587983105966,-0.10455825419198629,5.750383377075195,-0.05540089309215546,-3.3810722827911377,-0.05540089309215546,-3.3810722827911377,-0.33108359575271606,221.51333618164062,-0.3370705246925354,223.61146545410156,0.33625364303586597,-124.74975585936657,-0.08231584,-2.25,2.25
11.3,46.26509094238281,46.26509094238281,0.29476770758628845,0.29476770758628845,0.020924381911754608,0.020924381911754608,20.295560836791992,-14.111932754516602,0.0,-1.4981152,-1.373889684677124,5.499650001525879,-0.570149838924408,-0.6200451850891113,5.529124793139428,-0.1033011820827851,5.754405975341797,-0.026542002335190773,-3.342092752456665,-0.026542002335190773,-3.342092752456665,-0.3243585228919983,219.01834106445312,-0.33108359575271606,221.51333618164062,0.37044733762741877,-146.51031494140938,-0.07781879,-2.25,2.25
11.32,46.37327575683594,46.37327575683594,0.29697296023368835,0.29697296023368835,0.01830565184354782,0.01830565184354782,20.305343627929688,-14.222126007080078,0.0,-1.5062939,-1.386181116104126,5.507399559020996,-0.5626379251480103,-0.612508237361908,5.536064607419202,-0.10180716274183221,5.758512020111084,0.0049568586982786655,-3.294618606567383,0.0049568586982786655,-3.294618606567383,-0.3169495761394501,216.088134765625,-0.3243585228919983,219.01834106445312,0.4016265273094263,-169.25811767578486,-0.07331109,-2.25,2.25
11.34,46.481727600097656,46.481727600097656,0.29888850450515747,0.29888850450515747,0.01562111172825098,0.01562111172825098,20.313974380493164,-14.33255386352539,0.0,-1.5140063,-1.3983131647109985,5.515660285949707,-0.5538130402565002,-0.6036693453788757,5.543394021135513,-0.10007199026981439,5.7626543045043945,0.03810445964336395,-3.238649845123291,0.03810445964336395,-3.238649845123291,-0.3089170455932617,212.70297241210938,-0.3169495761394501,216.088134765625,0.4296690225601288,-192.16690063476972,-0.06879226,-2.25,2.25
11.36,46.5904655456543,46.5904655456543,0.30050739645957947,0.30050739645957947,0.012893042527139187,0.012893042527139187,20.321474075317383,-14.443217277526855,0.0,-1.5212355,-1.4102458953857422,5.524399757385254,-0.5436692237854004,-0.5935380458831787,5.551087182191401,-0.09809648695165259,5.766788005828857,0.07194022089242935,-3.174363851547241,0.07194022089242935,-3.174363851547241,-0.3003236651420593,208.85963439941406,-0.3089170455932617,212.70297241210938,0.45498311519619733,-221.92840576170377,-0.06426152,-2.25,2.25
11.38,46.699493408203125,46.699493408203125,0.3018248677253723,0.3018248677253723,0.010138592682778835,0.010138592682778835,20.327905654907227,-14.554099082946777,0.0,-1.527989,-1.421964406967163,5.533572196960449,-0.5322239398956299,-0.5821458697319031,5.559108164190702,-0.0958859505036898,5.770873069763184,0.10557912290096283,-3.1020898818969727,0.10557912290096283,-3.1020898818969727,-0.29122400283813477,204.4210662841797,-0.3003236651420593,208.85963439941406,0.47682821750641885,-253.27224731445853,-0.059718687,-2.25,2.25
11.4,46.8088264465332,46.8088264465332,0.3028377294540405,0.3028377294540405,0.007370568811893463,0.007370568811893463,20.333322525024414,-14.665202140808105,0.0,-1.5342677,-1.433448076248169,5.543117523193359,-0.5195117592811584,-0.5695385932922363,5.5674091230988845,-0.09344897116658435,5.774806976318359,0.138239786028862,-3.022252321243286,0.138239786028862,-3.022252321243286,-0.2816874384880066,199.35562133789062,-0.29122400283813477,204.4210662841797,0.49591213464737993,-281.42166137695915,-0.055163145,-2.25,2.25
11.42,46.91847229003906,46.91847229003906,0.30354395508766174,0.30354395508766174,0.004596396815031767,0.004596396815031767,20.337770462036133,-14.776520729064941,0.0,-1.5400679,-1.4446734189987183,5.55296516418457,-0.5055891871452332,-0.5557816028594971,5.575934230315629,-0.09079815871265871,5.778491497039795,0.16914084553718567,-2.9354052543640137,0.16914084553718567,-2.9354052543640137,-0.2717691957950592,193.72718811035156,-0.2816874384880066,199.35562133789062,0.5124062299728502,-290.9004211425843,-0.05059457,-2.25,2.25
11.44,47.02843475341797,47.02843475341797,0.3039420545101166,0.3039420545101166,0.0018198713660240173,0.0018198713660240173,20.341304779052734,-14.888041496276855,0.0,-1.5453857,-1.4556176662445068,5.563037395477295,-0.49052438139915466,-0.5409494638442993,5.584621673150817,-0.08794817971798428,5.781866073608398,0.19765573740005493,-2.8421528339385986,0.19765573740005493,-2.8421528339385986,-0.2615210711956024,187.9091796875,-0.2717691957950592,193.72718811035156,0.5257427692412975,-298.8395690917767,-0.0460128,-2.25,2.25
11.46,47.13872146606445,47.13872146606445,0.3040308356285095,0.3040308356285095,-0.0009583160281181335,-0.0009583160281181335,20.343955993652344,-14.999762535095215,0.0,-1.5502062,-1.4662494659423828,5.5732574462890625,-0.4743941128253937,-0.5251232385635376,5.5934111539292255,-0.08491503446200391,5.785031795501709,0.2234293669462204,-2.74312162399292,0.2234293669462204,-2.74312162399292,-0.25100621581077576,181.93238830566406,-0.2615210711956024,187.9091796875,0.5365625023841972,-301.8463134765689,-0.04141752,-2.25,2.25
11.48,47.249332427978516,47.249332427978516,0.3038090765476227,0.3038090765476227,-0.003741525113582611,-0.003741525113582611,20.345787048339844,-15.111672401428223,0.0,-1.5545263,-1.4765510559082031,5.583553314208984,-0.457288533449173,-0.5083967447280884,5.602247800252879,-0.0817168181624451,5.788043975830078,0.24630539119243622,-2.639005184173584,0.24630539119243622,-2.639005184173584,-0.24027496576309204,175.8954620361328,-0.25100621581077576,181.93238830566406,0.5460098385810969,-293.9353942871156,-0.03680873,-2.25,2.25
11.5,47.360267639160156,47.360267639160156,0.30327484011650085,0.30327484011650085,-0.006535738240927458,-0.006535738240927458,20.34685707092285,-15.223764419555664,0.0,-1.5583519,-1.4865154027938843,5.5938591957092285,-0.43930336833000183,-0.49086683988571167,5.611082618429957,-0.07837229225624308,5.790956020355225,0.2662786543369293,-2.5305023193359375,0.2662786543369293,-2.5305023193359375,-0.22935476899147034,170.01675415039062,-0.24027496576309204,175.8954620361328,0.5542360246181606,-287.43362426758426,-0.03218643,-2.25,2.25
11.52,47.47153854370117,47.47153854370117,0.3024256229400635,0.3024256229400635,-0.009347246028482914,-0.009347246028482914,20.347217559814453,-15.336047172546387,0.0,-1.561679,-1.4961276054382324,5.604121685028076,-0.42052730917930603,-0.4726199507713318,5.619877496740255,-0.07489856238737044,5.793879508972168,0.28355807065963745,-2.4182255268096924,0.28355807065963745,-2.4182255268096924,-0.21827004849910736,164.26808166503906,-0.22935476899147034,170.01675415039062,0.5613788962363818,-282.15866088865283,-0.02755014,-2.25,2.25
11.540000000000001,47.583133697509766,47.583133697509766,0.30125823616981506,0.30125823616981506,-0.012182600796222687,-0.012182600796222687,20.34691619873047,-15.448498725891113,0.0,-1.5645031,-1.5053744316101074,5.614297389984131,-0.40104252099990845,-0.45373377203941345,5.628602871657636,-0.07131123566461917,5.796854496002197,0.2984403073787689,-2.302711009979248,0.2984403073787689,-2.302711009979248,-0.20704247057437897,158.62490844726562,-0.21827004849910736,164.26808166503906,0.567556917667401,-277.7496337890684,-0.022900343,-2.25,2.25
11.56,47.69506072998047,47.69506072998047,0.2997686564922333,0.2997686564922333,-0.015048377215862274,-0.015048377215862274,20.345996856689453,-15.56112289428711,0.0,-1.5667958,-1.514219880104065,5.624351501464844,-0.3809248208999634,-0.43427789211273193,5.637236338065622,-0.06762450354733046,5.799882888793945,0.31117984652519226,-2.1844260692596436,0.31117984652519226,-2.1844260692596436,-0.1956913322210312,153.06991577148438,-0.20704247057437897,158.62490844726562,0.5724854767322662,-276.03607177734966,-0.018236717,-2.25,2.25
11.58,47.80731201171875,47.80731201171875,0.29795223474502563,0.29795223474502563,-0.017951246351003647,-0.017951246351003647,20.34452247619629,-15.673909187316895,0.0,-1.5685769,-1.522676944732666,5.634253978729248,-0.3602437973022461,-0.41431453824043274,5.645758894101049,-0.0638512386102735,5.802944183349609,0.3219583332538605,-2.0637736320495605,0.3219583332538605,-2.0637736320495605,-0.1842416226863861,147.5491943359375,-0.1956913322210312,153.06991577148438,0.5759179592132692,-291.66793823242807,-0.01355958,-2.25,2.25
11.6,47.919883728027344,47.919883728027344,0.2958034574985504,0.2958034574985504,-0.020898498594760895,-0.020898498594760895,20.34255027770996,-15.786860466003418,0.0,-1.5698425,-1.5307371616363525,5.64397668838501,-0.3390670418739319,-0.3939041197299957,5.654152396064203,-0.06000379359435966,5.805991172790527,0.3308599889278412,-1.9411309957504272,0.3308599889278412,-1.9411309957504272,-0.17272326350212097,141.71583557128906,-0.1842416226863861,147.5491943359375,0.578927993774375,-305.7449340820106,-0.008869092,-2.25,2.25
11.620000000000001,48.032772064208984,48.032772064208984,0.2933160364627838,0.2933160364627838,-0.02389873005449772,-0.02389873005449772,20.340126037597656,-15.899971961975098,0.0,-1.5705881,-1.538392186164856,5.6534881591796875,-0.31746333837509155,-0.37310856580734253,5.662394487952706,-0.056094623733304066,5.808830738067627,0.3377833664417267,-1.8168776035308838,0.3377833664417267,-1.8168776035308838,-0.1611447036266327,135.60093688964844,-0.17272326350212097,141.71583557128906,0.5816891789436465,-317.8474426269599,-0.004165411,-2.25,2.25
11.64,48.14597702026367,48.14597702026367,0.29048269987106323,0.29048269987106323,-0.026959404349327087,-0.026959404349327087,20.337299346923828,-16.01323699951172,0.0,-1.5707964,-1.5456218719482422,5.662755012512207,-0.295489639043808,-0.3519771099090576,5.670459281091292,-0.052133966794294065,5.811341285705566,0.34255480766296387,-1.6912944316864014,0.34255480766296387,-1.6912944316864014,-0.14951092004776,129.24398803710938,-0.1611447036266327,135.60093688964844,0.5831554532051211,-355.85327148438256,-0.0,-2.25,2.25
11.66,48.25940704345703,48.25940704345703,0.2873031198978424,0.2873031198978424,-0.02980920858681202,-0.02980920858681202,20.33411979675293,-16.126667022705078,0.0,-1.5707964,-1.5524758100509644,5.6717424392700195,-0.27319103479385376,-0.33054807782173157,5.6783180290389135,-0.0481298397817929,5.813450813293457,0.3450442850589752,-1.5645712614059448,0.3450442850589752,-1.5645712614059448,-0.13784781098365784,122.12692260742188,-0.14951092004776,129.24398803710938,0.5840696394443636,-395.8221435546959,-0.0,-2.25,2.25
11.68,48.37298583984375,48.37298583984375,0.2838169038295746,0.2838169038295746,-0.032193224877119064,-0.032193224877119064,20.33063316345215,-16.240245819091797,0.0,-1.5707964,-1.558898687362671,5.6804094314575195,-0.25061655044555664,-0.3088652789592743,5.685935276130812,-0.044090858691239916,5.814875602722168,0.3449636399745941,-1.4369313716888428,0.3449636399745941,-1.4369313716888428,-0.1261664181947708,114.21047973632812,-0.13784781098365784,122.12692260742188,0.5845945328473651,-434.63554382321286,-0.0,-2.25,2.25
11.700000000000001,48.4867057800293,48.4867057800293,0.2800762355327606,0.2800762355327606,-0.03411411494016647,-0.03411411494016647,20.326892852783203,-16.353965759277344,0.0,-1.5707964,-1.5648860931396484,5.688704490661621,-0.22780866920948029,-0.2869662940502167,5.69326405253091,-0.040024404560383274,5.815402984619141,0.3418971300125122,-1.3085516691207886,0.3418971300125122,-1.3085516691207886,-0.11447452753782272,105.51776885986328,-0.1261664181947708,114.21047973632812,0.5845841020345812,-472.9415893554788,-0.0,-2.25,2.25
11.72,48.60055923461914,48.60055923461914,0.27613329887390137,0.27613329887390137,-0.035573747009038925,-0.035573747009038925,20.322948455810547,-16.467819213867188,0.0,-1.5707964,-1.5704336166381836,5.696571350097656,-0.20480254292488098,-0.2648826837539673,5.700251681140222,-0.03593641864496614,5.8148908615112305,0.3354784846305847,-1.1795580387115479,0.3354784846305847,-1.1795580387115479,-0.10278284549713135,96.0589370727539,-0.11447452753782272,105.51776885986328,0.5831625312566882,-514.0235900879015,-0.0,-2.25,2.25
11.74,48.71454620361328,48.71454620361328,0.27204033732414246,0.27204033732414246,-0.03657381236553192,-0.03657381236553192,20.31885528564453,-16.581804275512695,0.0,-1.5707964,-1.575538158416748,5.703951358795166,-0.18162959814071655,-0.24264410138130188,5.70684242067555,-0.03183201180113556,5.813236236572266,0.3254379332065582,-1.0500576496124268,0.3254379332065582,-1.0500576496124268,-0.09111959487199783,85.7784652709961,-0.10278284549713135,96.0589370727539,0.580144673585904,-559.0312957763791,-0.0,-2.25,2.25
11.76,48.82865524291992,48.82865524291992,0.2678496539592743,0.2678496539592743,-0.03711796551942825,-0.03711796551942825,20.314664840698242,-16.69591522216797,0.0,-1.5707964,-1.580196738243103,5.710783004760742,-0.15832969546318054,-0.22029095888137817,5.71297740411509,-0.0277175908933569,5.810330390930176,0.31154996156692505,-0.9202344417572021,0.31154996156692505,-0.9202344417572021,-0.07951670140028,74.59783935546875,-0.09111959487199783,85.7784652709961,0.5735941231250885,-599.9340057373174,-0.0,-2.25,2.25
11.78,48.9428825378418,48.9428825378418,0.2636130750179291,0.2636130750179291,-0.03721245378255844,-0.03721245378255844,20.310428619384766,-16.810142517089844,0.0,-1.5707964,-1.5844076871871948,5.717000484466553,-0.13495315611362457,-0.19787578284740448,5.718593086917081,-0.02360120459822987,5.80605411529541,0.2936165928840637,-0.7903630137443542,0.2936165928840637,-0.7903630137443542,-0.06804481893777847,62.599159240722656,-0.07951670140028,74.59783935546875,0.5569702014326673,-685.1676940917506,-0.0,-2.25,2.25
11.8,49.057220458984375,49.057220458984375,0.2593816816806793,0.2593816816806793,-0.03687054663896561,-0.03687054663896561,20.306198120117188,-16.92447853088379,0.0,-1.5707964,-1.5881704092025757,5.722537040710449,-0.11158382892608643,-0.17548783123493195,5.723624824635252,-0.01949654314822188,5.800344944000244,0.27146831154823303,-0.6609843969345093,0.27146831154823303,-0.6609843969345093,-0.056905414909124374,48.89580535888672,-0.06804481893777847,62.599159240722656,0.5292451009154433,-759.331512451188,-0.0,-2.25,2.25
11.82,49.17165756225586,49.17165756225586,0.2552041709423065,0.2552041709423065,-0.03612648695707321,-0.03612648695707321,20.302019119262695,-17.038915634155273,0.0,-1.5707964,-1.5914874076843262,5.727313041687012,-0.08841070532798767,-0.15332935750484467,5.727995384974984,-0.015435455193895055,5.792759895324707,0.24465495347976685,-0.5334525108337402,0.24465495347976685,-0.5334525108337402,-0.046320512890815735,33.70917510986328,-0.056905414909124374,48.89580535888672,0.4849059507250889,-820.1025962829765,-0.0,-2.25,2.25
11.84,49.28617477416992,49.28617477416992,0.25112462043762207,0.25112462043762207,-0.03503349795937538,-0.03503349795937538,20.297941207885742,-17.15343475341797,0.0,-1.5707964,-1.5943658351898193,5.731237411499023,-0.06570610404014587,-0.13168780505657196,5.731614044845846,-0.011464055810615489,5.7830939292907715,0.2126515656709671,-0.4097408950328827,0.2126515656709671,-0.4097408950328827,-0.03662239387631416,17.3071231842041,-0.046320512890815735,33.70917510986328,0.4166424274444669,-861.404033377785,-0.0,-2.25,2.25
11.86,49.400760650634766,49.400760650634766,0.2471798211336136,0.2471798211336136,-0.03367297723889351,-0.03367297723889351,20.293994903564453,-17.268020629882812,0.0,-1.5707964,-1.596819519996643,5.734222412109375,-0.043866466730833054,-0.11097945272922516,5.734390197609586,-0.007649792403622756,5.771306991577148,0.17527616024017334,-0.2927402853965759,0.17527616024017334,-0.2927402853965759,-0.028289545327425003,0.07904251664876938,-0.03662239387631416,17.3071231842041,0.3239814192056437,-870.8716433494695,-0.0,-2.25,2.25
11.88,49.515403747558594,49.515403747558594,0.24339541792869568,0.24339541792869568,-0.032166846096515656,-0.032166846096515656,20.290210723876953,-17.38266372680664,0.0,-1.5707964,-1.598872423171997,5.73619270324707,-0.023465504869818687,-0.09180287271738052,5.736240699160359,-0.004090757614100679,5.7575154304504395,0.13283279538154602,-0.1866433173418045,0.13283279538154602,-0.1866433173418045,-0.02180991694331169,-17.338390350341797,-0.028289545327425003,0.07904251664876938,0.22787302732468137,-836.8211746215999,-0.0,-2.25,2.25
11.9,49.63008117675781,49.63008117675781,0.23978136479854584,0.23978136479854584,-0.03067336603999138,-0.03067336603999138,20.286596298217773,-17.49734115600586,0.0,-1.5707964,-1.600561499595642,5.737103462219238,-0.005210955627262592,-0.07488463819026947,5.737105828749067,-0.0009082900855076868,5.742042064666748,0.08621224015951157,-0.0965704545378685,0.08621224015951157,-0.0965704545378685,-0.01725245639681816,-34.07481384277344,-0.02180991694331169,-17.338390350341797,0.14447304420173476,-781.3009262085127,-0.0,-2.25,2.25
11.92,49.74477005004883,49.74477005004883,0.23633012175559998,0.23633012175559998,-0.02933475561439991,-0.02933475561439991,20.283145904541016,-17.612028121948242,0.0,-1.5707964,-1.6019363403320312,5.736946105957031,0.01035598386079073,-0.060747865587472916,5.736955452943422,0.0018051368134076185,5.72544002532959,0.03692671284079552,-0.026213619858026505,0.03692671284079552,-0.026213619858026505,-0.014362995512783527,-49.70083236694336,-0.01725245639681816,-34.07481384277344,0.08399002254009426,-710.3441238403472,-0.0,-2.25,2.25
11.94,49.85945510864258,49.85945510864258,0.2330201417207718,0.2330201417207718,-0.028243334963917732,-0.028243334963917732,20.279836654663086,-17.726715087890625,0.0,-1.5707964,-1.6030539274215698,5.735747814178467,0.02302500605583191,-0.049548257142305374,5.735794028620356,0.004014277322402169,5.708224296569824,-0.013280936516821384,0.023392461240291595,-0.013280936516821384,0.023392461240291595,-0.012683195061981678,-63.90771484375,-0.014362995512783527,-49.70083236694336,0.004585506394505191,-625.9178161620671,-0.0,-2.25,2.25
11.96,49.9741096496582,49.9741096496582,0.22982239723205566,0.22982239723205566,-0.027427854016423225,-0.027427854016423225,20.27663803100586,-17.841367721557617,0.0,-1.5707964,-1.6039713621139526,5.733560562133789,0.03295177221298218,-0.04105605557560921,5.733655251141972,0.005747111077650068,5.690847873687744,-0.06280124187469482,0.054054003208875656,-0.06280124187469482,0.054054003208875656,-0.012591484934091568,-76.42607116699219,-0.012683195061981678,-63.90771484375,-0.042075430974365176,-533.2561492920036,-0.0,-2.25,2.25
11.98,50.088714599609375,50.088714599609375,0.22670221328735352,0.22670221328735352,-0.02696455642580986,-0.02696455642580986,20.273517608642578,-17.95597267150879,0.0,-1.5707964,-1.6047433614730835,5.730445384979248,0.040012896060943604,-0.03537563979625702,5.730585078513462,0.006982397197698621,5.673715591430664,-0.11054990440607071,0.06533139944076538,-0.11054990440607071,0.06533139944076538,-0.013432993553578854,-87.09119415283203,-0.012591484934091568,-76.42607116699219,-0.05709440447390201,-436.6050720214937,-0.0,-2.25,2.25
12.0,50.20325469970703,50.20325469970703,0.22361990809440613,0.22361990809440613,-0.026851540431380272,-0.026851540431380272,20.270435333251953,-18.070512771606445,0.0,-1.5707964,-1.605422854423523,5.726480484008789,0.04452395439147949,-0.032130952924489975,5.726653570476233,0.007774942629854039,5.657171726226807,-0.15546660125255585,0.06015872210264206,-0.15546660125255585,0.06015872210264206,-0.01457488164305687,-95.82329559326172,-0.013432993553578854,-87.09119415283203,-0.048940209671856014,-346.47254943848395,-0.0,-2.25,2.25
12.02,50.31771469116211,50.31771469116211,0.22053876519203186,0.22053876519203186,-0.027029085904359818,-0.027029085904359818,20.26735496520996,-18.184972763061523,0.0,-1.5707964,-1.6060528755187988,5.721761703491211,0.047076813876628876,-0.03066902793943882,5.721955366650759,0.008227492523437066,5.641499042510986,-0.19654858112335205,0.04348544031381607,-0.19654858112335205,0.04348544031381607,-0.015553685836493969,-102.75274658203125,-0.01457488164305687,-95.82329559326172,-0.02625971101224245,-270.75462341306763,-0.0,-2.25,2.25
12.040000000000001,50.432071685791016,50.432071685791016,0.2174302488565445,0.2174302488565445,-0.02740890346467495,-0.02740890346467495,20.264245986938477,-18.299331665039062,0.0,-1.5707964,-1.6066631078720093,5.716398239135742,0.04834911599755287,-0.030274249613285065,5.716602703128141,0.008457766779686205,5.626865386962891,-0.2329651266336441,0.020737020298838615,-0.2329651266336441,0.020737020298838615,-0.016078880056738853,-108.16783905029297,-0.015553685836493969,-102.75274658203125,0.001687556505203283,-211.99417114258264,-0.0,-2.25,2.25
12.06,50.54631423950195,50.54631423950195,0.21427622437477112,0.21427622437477112,-0.027895638719201088,-0.027895638719201088,20.261091232299805,-18.413572311401367,0.0,-1.5707964,-1.6072689294815063,5.710503578186035,0.04897920414805412,-0.030298396944999695,5.710713622561937,0.00857682732693823,5.613301753997803,-0.2642272114753723,-0.0031685640569776297,-0.2642272114753723,-0.0031685640569776297,-0.01604512892663479,-112.40772247314453,-0.016078880056738853,-108.16783905029297,0.02762703225016653,-169.78492736816767,-0.0,-2.25,2.25
12.08,50.660430908203125,50.660430908203125,0.21106892824172974,0.21106892824172974,-0.028404859825968742,-0.028404859825968742,20.257884979248047,-18.527690887451172,0.0,-1.5707964,-1.6078743934631348,5.704183101654053,0.04947487637400627,-0.030250107869505882,5.704397656246265,0.008673220145243013,5.600731372833252,-0.2903015911579132,-0.024506550282239914,-0.2903015911579132,-0.024506550282239914,-0.01549258828163147,-115.80342102050781,-0.01604512892663479,-112.40772247314453,0.047333445400000625,-142.13485717773742,-0.0,-2.25,2.25
12.1,50.774417877197266,50.774417877197266,0.20780912041664124,0.20780912041664124,-0.02887393906712532,-0.02887393906712532,20.25462532043457,-18.64167594909668,0.0,-1.5707964,-1.6084758043289185,5.697526454925537,0.05017119646072388,-0.029829837381839752,5.697747349043362,0.008805558013404453,5.58900785446167,-0.3115828335285187,-0.0410253144800663,-0.3115828335285187,-0.0410253144800663,-0.014545919373631477,-118.6461181640625,-0.01549258828163147,-115.80342102050781,0.061386357992883354,-122.95036315917139,-0.0,-2.25,2.25
12.120000000000001,50.88827133178711,50.88827133178711,0.2045034021139145,0.2045034021139145,-0.029265280812978745,-0.029265280812978745,20.251319885253906,-18.755529403686523,0.0,-1.5707964,-1.6090645790100098,5.6906023025512695,0.05123347043991089,-0.02891719341278076,5.690832929747202,0.009002928601311598,5.577945709228516,-0.32876425981521606,-0.05186542123556137,-0.32876425981521606,-0.05186542123556137,-0.013318192213773727,-121.1051254272461,-0.014545919373631477,-118.6461181640625,0.06998060271144062,-109.31091308593983,-0.0,-2.25,2.25
12.14,51.001983642578125,51.001983642578125,0.20116183161735535,0.20116183161735535,-0.029559627175331116,-0.029559627175331116,20.24797821044922,-18.869243621826172,0.0,-1.5707964,-1.6096307039260864,5.6834635734558105,0.05271375551819801,-0.02750292234122753,5.683708026528098,0.009274669109457838,5.567380905151367,-0.34263744950294495,-0.05706585943698883,-0.34263744950294495,-0.05706585943698883,-0.011918580159544945,-123.29134368896484,-0.013318192213773727,-121.1051254272461,0.0740320887416617,-98.94790649414273,-0.0,-2.25,2.25
12.16,51.11555099487305,51.11555099487305,0.1977958381175995,0.1977958381175995,-0.02975192666053772,-0.02975192666053772,20.244611740112305,-18.982810974121094,0.0,-1.5707964,-1.6101646423339844,5.6761474609375,0.054585617035627365,-0.025649724528193474,5.676409920706431,0.00961637004799816,5.557178974151611,-0.35395047068595886,-0.05725604668259621,-0.35395047068595886,-0.05725604668259621,-0.010437938384711742,-125.27030181884766,-0.011918580159544945,-123.29134368896484,0.0747223850339667,-90.2996063232441,-0.0,-2.25,2.25
12.18,51.22896957397461,51.22896957397461,0.19441695511341095,0.19441695511341095,-0.029846664518117905,-0.029846664518117905,20.24123191833496,-19.096227645874023,0.0,-1.5707964,-1.6106586456298828,5.6686811447143555,0.0567772202193737,-0.023456865921616554,5.668965476449464,0.01001561390887182,5.547238349914551,-0.36333540081977844,-0.05337304249405861,-0.36333540081977844,-0.05337304249405861,-0.00894349068403244,-127.0762939453125,-0.010437938384711742,-125.27030181884766,0.0732009299099396,-82.42645263671318,-0.0,-2.25,2.25
12.200000000000001,51.34223937988281,51.34223937988281,0.19103586673736572,0.19103586673736572,-0.02985372021794319,-0.02985372021794319,20.237852096557617,-19.20949935913086,0.0,-1.5707964,-1.6111067533493042,5.661083221435547,0.059198249131441116,-0.021032914519309998,5.661392732598516,0.010456672191883946,5.53748893737793,-0.3712787926197052,-0.04643918201327324,-0.3712787926197052,-0.04643918201327324,-0.0074794720858335495,-128.72482299804688,-0.00894349068403244,-127.0762939453125,0.0692054862156525,-72.11074829101716,-0.0,-2.25,2.25
12.22,51.45535659790039,51.45535659790039,0.1876620054244995,0.1876620054244995,-0.02978505566716194,-0.02978505566716194,20.234477996826172,-19.32261848449707,0.0,-1.5707964,-1.6115052700042725,5.6533708572387695,0.061758853495121,-0.018477912992239,5.653708181845049,0.01092381845763604,5.527883052825928,-0.3781358301639557,-0.03741118684411049,-0.3781358301639557,-0.03741118684411049,-0.006095362361520529,-130.1670379638672,-0.0074794720858335495,-128.72482299804688,0.06183441728353632,-54.161834716798026,-0.0,-2.25,2.25
12.24,51.56831741333008,51.56831741333008,0.18430329859256744,0.18430329859256744,-0.029655255377292633,-0.029655255377292633,20.23111915588379,-19.435577392578125,0.0,-1.5707964,-1.6118522882461548,5.645556449890137,0.06436623632907867,-0.01588989794254303,5.6459233648071505,0.011400726956716949,5.5184197425842285,-0.3841385841369629,-0.02720993012189865,-0.3841385841369629,-0.02720993012189865,-0.004858674015849829,-131.25027465820312,-0.006095362361520529,-130.1670379638672,0.05664909258484961,-36.25106811523515,-0.0,-2.25,2.25
12.26,51.68112564086914,51.68112564086914,0.18096579611301422,0.18096579611301422,-0.029483355581760406,-0.029483355581760406,20.227781295776367,-19.548385620117188,0.0,-1.5707964,-1.6121482849121094,5.637653827667236,0.0669143795967102,-0.013377303257584572,5.638050923396121,0.011868631821103547,5.509166240692139,-0.38937607407569885,-0.01680341176688671,-0.38937607407569885,-0.01680341176688671,-0.0037256921641528606,-131.9752960205078,-0.004858674015849829,-131.25027465820312,0.0534820370376074,-19.46792602538931,-0.0,-2.25,2.25
12.280000000000001,51.79377365112305,51.79377365112305,0.1776537150144577,0.1776537150144577,-0.029279910027980804,-0.029279910027980804,20.224470138549805,-19.661033630371094,0.0,-1.5707964,-1.612395167350769,5.6296796798706055,0.06935468316078186,-0.010982033796608448,5.630106870213418,0.012318849168042987,5.5001702308654785,-0.39380013942718506,-0.006661706138402224,-0.39380013942718506,-0.006661706138402224,-0.0026560514234006405,-132.36465454101562,-0.0037256921641528606,-131.9752960205078,0.051834632176906974,-4.526519775390722,-0.0,-2.25,2.25
12.3,51.9062614440918,51.9062614440918,0.1743703931570053,0.1743703931570053,-0.029049161821603775,-0.029049161821603775,20.2211856842041,-19.773517608642578,0.0,-1.5707964,-1.6125949621200562,5.6216535568237305,0.07167710363864899,-0.008705228567123413,5.622110486297377,0.012749490728894105,5.491457939147949,-0.3973403871059418,0.00307740387506783,-0.3973403871059418,0.00307740387506783,-0.001619358779862523,-132.45518493652344,-0.0026560514234006405,-132.36465454101562,0.051102126599290566,8.2740783691408,-0.0,-2.25,2.25
12.32,52.018592834472656,52.018592834472656,0.1711188703775406,0.1711188703775406,-0.02879141829907894,-0.02879141829907894,20.21793556213379,-19.885848999023438,0.0,-1.5707964,-1.6127502918243408,5.613594055175781,0.07389289140701294,-0.006528171710669994,5.614080367763305,0.013162445185366578,5.483036041259766,-0.3999579846858978,0.012459265999495983,-0.3999579846858978,0.012459265999495983,-0.0005973162478767335,-132.28970336914062,-0.001619358779862523,-132.45518493652344,0.050764161278494785,18.89190673828165,-0.0,-2.25,2.25
12.34,52.13076400756836,52.13076400756836,0.1679021567106247,0.1679021567106247,-0.028505191206932068,-0.028505191206932068,20.214717864990234,-19.998022079467773,0.0,-1.5707964,-1.6128625869750977,5.605520248413086,0.07602117210626602,-0.004427107982337475,5.606035718221702,0.013561009247656448,5.474897861480713,-0.40165600180625916,0.021597595885396004,-0.40165600180625916,0.021597595885396004,0.0004179669776931405,-131.911865234375,-0.0005973162478767335,-132.28970336914062,0.050407083472238066,27.51235961914121,-0.0,-2.25,2.25
12.36,52.242774963378906,52.242774963378906,0.1647234410047531,0.1647234410047531,-0.028188619762659073,-0.028188619762659073,20.21154022216797,-20.110036849975586,0.0,-1.5707964,-1.6129333972930908,5.59744930267334,0.07808041572570801,-0.0023817250039428473,5.597993859171172,0.01394838036628532,5.4670281410217285,-0.40247994661331177,0.030603408813476562,-0.40247994661331177,0.030603408813476562,0.0014261086471378803,-131.3616180419922,0.0004179669776931405,-131.911865234375,0.04979929653927348,34.4001770019508,-0.0,-2.25,2.25
12.38,52.35462951660156,52.35462951660156,0.16158609092235565,0.16158609092235565,-0.027840429916977882,-0.027840429916977882,20.208402633666992,-20.221885681152344,0.0,-1.5707964,-1.6129635572433472,5.589395999908447,0.08008375018835068,-0.00037924101343378425,5.5899696824613265,0.01432682007929456,5.459403038024902,-0.4025042951107025,0.039546430110931396,-0.4025042951107025,0.039546430110931396,0.002422094577923417,-130.67361450195312,0.0014261086471378803,-131.3616180419922,0.048833026085049955,39.8666381835946,-0.0,-2.25,2.25
12.4,52.46632385253906,52.46632385253906,0.1584935486316681,0.1584935486316681,-0.027460327371954918,-0.027460327371954918,20.20530891418457,-20.33358383178711,0.0,-1.5707964,-1.6129541397094727,5.581371784210205,0.0820377990603447,0.001585296238772571,5.581974667987349,0.014697442675385343,5.451999664306641,-0.4018220603466034,0.0484461784362793,-0.4018220603466034,0.0484461784362793,0.0033987550996243954,-129.87628173828125,0.002422094577923417,-130.67361450195312,0.04642398562282423,45.43075561523534,-0.0,-2.25,2.25
12.42,52.577857971191406,52.577857971191406,0.15544918179512024,0.15544918179512024,-0.027049029245972633,-0.027049029245972633,20.2022647857666,-20.44511604309082,0.0,-1.5707964,-1.612905740737915,5.57338809967041,0.08394329994916916,0.003510422771796584,5.574020217684369,0.015060310151837931,5.4447922706604,-0.4005308449268341,0.057278089225292206,-0.4005308449268341,0.057278089225292206,0.00432723481208086,-128.96766662597656,0.0033987550996243954,-129.87628173828125,0.04262996371835561,52.035140991212046,-0.0,-2.25,2.25
12.44,52.68923568725586,52.68923568725586,0.1524561494588852,0.1524561494588852,-0.026610536500811577,-0.026610536500811577,20.19927215576172,-20.556495666503906,0.0,-1.5707964,-1.6128193140029907,5.565453052520752,0.08578373491764069,0.005376292858272791,5.566114131868747,0.015412391694349797,5.437772274017334,-0.3987233340740204,0.06588704884052277,-0.3987233340740204,0.06588704884052277,0.005179834086447954,-127.92696380615234,0.00432723481208086,-128.96766662597656,0.03965280484407872,58.1428527831992,-0.0,-2.25,2.25
12.46,52.80045700073242,52.80045700073242,0.1495170295238495,0.1495170295238495,-0.026151400059461594,-0.026151400059461594,20.196332931518555,-20.66771697998047,0.0,-1.5707964,-1.6126964092254639,5.55757474899292,0.08753106743097305,0.0071520721539855,5.558264007620484,0.0157485656707073,5.430942535400391,-0.3964603841304779,0.07403618842363358,-0.3964603841304779,0.07403618842363358,0.005972890183329582,-126.76410675048828,0.005179834086447954,-127.92696380615234,0.03736717626452526,63.4719848632826,-0.0,-2.25,2.25
12.48,52.911521911621094,52.911521911621094,0.14663374423980713,0.14663374423980713,-0.025675347074866295,-0.025675347074866295,20.193449020385742,-20.778778076171875,0.0,-1.5707964,-1.6125386953353882,5.54976224899292,0.08917571604251862,0.008828814141452312,5.550478657618516,0.016067002221412812,5.424305438995361,-0.39377695322036743,0.08164189755916595,-0.39377695322036743,0.08164189755916595,0.006720233708620071,-125.49466705322266,0.005972890183329582,-126.76410675048828,0.03557563759386615,67.90504455566551,-0.0,-2.25,2.25
12.5,53.02243423461914,53.02243423461914,0.14380791783332825,0.14380791783332825,-0.02518409676849842,-0.02518409676849842,20.190624237060547,-20.889694213867188,0.0,-1.5707964,-1.6123484373092651,5.54202127456665,0.09071953594684601,0.01040989812463522,5.542763736796993,0.016367933245672896,5.417857646942139,-0.39069846272468567,0.08871427923440933,-0.39069846272468567,0.08871427923440933,0.007431746460497379,-124.13656616210938,0.006720233708620071,-125.49466705322266,0.034067872911692394,71.4012145996109,-0.0,-2.25,2.25
12.52,53.13319396972656,53.13319396972656,0.14104101061820984,0.14104101061820984,-0.024678226560354233,-0.024678226560354233,20.187856674194336,-21.000452041625977,0.0,-1.5707964,-1.6121271848678589,5.534358978271484,0.09217002242803574,0.011904001235961914,5.535126431564917,0.016652606519401026,5.411591529846191,-0.38725364208221436,0.09530837833881378,-0.38725364208221436,0.09530837833881378,0.008113103918731213,-122.70854187011719,0.007431746460497379,-124.13656616210938,0.0326685607433297,74.035644531245,-0.0,-2.25,2.25
12.540000000000001,53.243804931640625,53.243804931640625,0.1383344829082489,0.1383344829082489,-0.024157889187335968,-0.024157889187335968,20.185150146484375,-21.11106300354004,0.0,-1.5707964,-1.6118768453598022,5.5267815589904785,0.09353610873222351,0.01332046091556549,5.527573012130549,0.016922539609203677,5.405495643615723,-0.38347920775413513,0.10148926079273224,-0.38347920775413513,0.10148926079273224,0.00876647513359785,-121.22782897949219,0.008113103918731213,-122.70854187011719,0.0312616582959897,75.91590881347818,-0.0,-2.25,2.25
12.56,53.35426330566406,53.35426330566406,0.13568972051143646,0.13568972051143646,-0.023623237386345863,-0.023623237386345863,20.182504653930664,-21.221521377563477,0.0,-1.5707964,-1.6115986108779907,5.519292831420898,0.0948256105184555,0.014666770584881306,5.520107359045141,0.017179063498263123,5.399559020996094,-0.37941837310791016,0.10731154680252075,-0.37941837310791016,0.10731154680252075,0.009391708299517632,-119.70951080322266,0.00876647513359785,-121.22782897949219,0.02977484837174479,77.18124389648602,-0.0,-2.25,2.25
12.58,53.46458053588867,53.46458053588867,0.13310807943344116,0.13310807943344116,-0.023074710741639137,-0.023074710741639137,20.17992401123047,-21.33184051513672,0.0,-1.5707964,-1.6112942695617676,5.511898040771484,0.0960441306233406,0.015947744250297546,5.512734755716778,0.01742311109116752,5.393767833709717,-0.3751162886619568,0.11281105130910873,-0.3751162886619568,0.11281105130910873,0.009987205266952515,-118.16588592529297,0.009391708299517632,-119.70951080322266,0.028193555772305135,77.94685363769698,-0.0,-2.25,2.25
12.6,53.574745178222656,53.574745178222656,0.13059085607528687,0.13059085607528687,-0.022513072937726974,-0.022513072937726974,20.177406311035156,-21.442005157470703,0.0,-1.5707964,-1.6109645366668701,5.5046000480651855,0.09719488024711609,0.017165543511509895,5.50545806758216,0.01765519391969306,5.388111591339111,-0.3706202507019043,0.11800378561019897,-0.3706202507019043,0.11800378561019897,0.010551076382398605,-116.60694885253906,0.009987205266952515,-118.16588592529297,0.026523321866987346,78.33518981933065,-0.0,-2.25,2.25
12.620000000000001,53.68476486206055,53.68476486206055,0.12813922762870789,0.12813922762870789,-0.021939430385828018,-0.021939430385828018,20.174955368041992,-21.552024841308594,0.0,-1.5707964,-1.6106112003326416,5.497399806976318,0.09827911108732224,0.018320448696613312,5.49827822335496,0.017875476865249956,5.382579326629639,-0.36597293615341187,0.12289079278707504,-0.36597293615341187,0.12289079278707504,0.011081542819738388,-115.04024505615234,0.010551076382398605,-116.60694885253906,0.02479930408299022,78.4278869628923,-0.0,-2.25,2.25
12.64,53.794647216796875,53.794647216796875,0.1257542371749878,0.1257542371749878,-0.02135511115193367,-0.02135511115193367,20.172569274902344,-21.661903381347656,0.0,-1.5707964,-1.6102354526519775,5.490299701690674,0.09929683059453964,0.0194116048514843,5.491197562913833,0.018083895505851197,5.377160549163818,-0.361212819814682,0.12746356427669525,-0.361212819814682,0.12746356427669525,0.011577528901398182,-113.47168731689453,0.011081542819738388,-115.04024505615234,0.023035565391183392,78.2985687255876,-0.0,-2.25,2.25
12.66,53.90439224243164,53.90439224243164,0.1234368160367012,0.1234368160367012,-0.02076154388487339,-0.02076154388487339,20.170251846313477,-21.77165412902832,0.0,-1.5707964,-1.6098381280899048,5.483299732208252,0.10024754703044891,0.020437875762581825,5.484216035489549,0.018280302941703956,5.371848106384277,-0.35637524724006653,0.13171084225177765,-0.35637524724006653,0.13171084225177765,0.01203824020922184,-111.90571594238281,0.011577528901398182,-113.47168731689453,0.021274620667100407,77.99491882324385,-0.0,-2.25,2.25
12.68,54.013999938964844,54.013999938964844,0.12118770182132721,0.12118770182132721,-0.020160209387540817,-0.020160209387540817,20.16800308227539,-21.881258010864258,0.0,-1.5707964,-1.6094211339950562,5.476400852203369,0.10113057494163513,0.021398140117526054,5.4773345422022395,0.018464514252044477,5.366636276245117,-0.3514884412288666,0.13562077283859253,-0.3514884412288666,0.13562077283859253,0.012463732622563839,-110.34581756591797,0.01203824020922184,-111.90571594238281,0.01953919418156015,77.55012512206508,-0.0,-2.25,2.25
12.700000000000001,54.123470306396484,54.123470306396484,0.11900747567415237,0.11900747567415237,-0.019552558660507202,-0.019552558660507202,20.165822982788086,-21.9907283782959,0.0,-1.5707964,-1.608985424041748,5.469603538513184,0.10194556415081024,0.022291818633675575,5.470553515556352,0.018636407689954754,5.361518383026123,-0.34657570719718933,0.13918551802635193,-0.34657570719718933,0.13918551802635193,0.012854516506195068,-108.79481506347656,0.012463732622563839,-110.34581756591797,0.017848145216703797,76.9870758056657,-0.0,-2.25,2.25
12.72,54.23280715942383,54.23280715942383,0.11689656227827072,0.11689656227827072,-0.018939945846796036,-0.018939945846796036,20.163711547851562,-22.10006332397461,0.0,-1.5707964,-1.6085323095321655,5.462906360626221,0.10269270837306976,0.023118985816836357,5.463871493485495,0.01879596828651597,5.356490135192871,-0.3416582942008972,0.14240212738513947,-0.3416582942008972,0.14240212738513947,0.013211479410529137,-107.25507354736328,0.012854516506195068,-108.79481506347656,0.01620729453861748,76.326751708986,-0.0,-2.25,2.25
12.74,54.34201431274414,54.34201431274414,0.11485525220632553,0.11485525220632553,-0.018323613330721855,-0.018323613330721855,20.161670684814453,-22.209272384643555,0.0,-1.5707964,-1.6080633401870728,5.4563093185424805,0.10337275266647339,0.023880360648036003,5.457288457247551,0.01894327856212498,5.351548194885254,-0.33675047755241394,0.14527276158332825,-0.33675047755241394,0.14527276158332825,0.01353562530130148,-105.7285385131836,0.013211479410529137,-107.25507354736328,0.014622230082750633,75.58212280273598,-0.0,-2.25,2.25
12.76,54.451087951660156,54.451087951660156,0.11288369446992874,0.11288369446992874,-0.017704691737890244,-0.017704691737890244,20.159700393676758,-22.31834602355957,0.0,-1.5707964,-1.6075795888900757,5.4498114585876465,0.10398691147565842,0.024577172473073006,5.450803446457362,0.019078512209183367,5.346689224243164,-0.33186426758766174,0.14780350029468536,-0.33186426758766174,0.14780350029468536,0.013828069902956486,-104.2168960571289,0.01353562530130148,-105.7285385131836,0.013103056699036667,74.76119995116683,-0.0,-2.25,2.25
12.780000000000001,54.560035705566406,54.560035705566406,0.11098194867372513,0.11098194867372513,-0.017084214836359024,-0.017084214836359024,20.157798767089844,-22.427295684814453,0.0,-1.5707964,-1.607082486152649,5.4434123039245605,0.1045367494225502,0.025211002677679062,5.444415987275139,0.01920190778176439,5.341908931732178,-0.32701146602630615,0.15000376105308533,-0.32701146602630615,0.15000376105308533,0.014090131036937237,-102.72167205810547,0.013828069902956486,-104.2168960571289,0.011647446081042538,73.8746643066422,-0.0,-2.25,2.25
12.8,54.66885757446289,54.66885757446289,0.10914992541074753,0.10914992541074753,-0.016463125124573708,-0.016463125124573708,20.15596580505371,-22.536113739013672,0.0,-1.5707964,-1.6065733432769775,5.437108993530273,0.10502420365810394,0.025783836841583252,5.438123232410406,0.019313783238664887,5.337205410003662,-0.3221988081932068,0.15188579261302948,-0.3221988081932068,0.15188579261302948,0.014323079958558083,-101.24417877197266,0.014090131036937237,-102.72167205810547,0.010241474956274251,72.93319702148592,-0.0,-2.25,2.25
12.82,54.777557373046875,54.777557373046875,0.1073874980211258,0.1073874980211258,-0.015842244029045105,-0.015842244029045105,20.154203414916992,-22.644817352294922,0.0,-1.5707964,-1.606053113937378,5.430902481079102,0.10545145720243454,0.026297854259610176,5.4319261564216115,0.01941449109593243,5.332575798034668,-0.31743356585502625,0.15346355736255646,-0.31743356585502625,0.15346355736255646,0.014527909457683563,-99.78551483154297,0.014323079958558083,-101.24417877197266,0.008896877989173125,71.94786071777497,-0.0,-2.25,2.25
12.84,54.88613510131836,54.88613510131836,0.10569440573453903,0.10569440573453903,-0.015222383663058281,-0.015222383663058281,20.152509689331055,-22.75339698791504,0.0,-1.5707964,-1.6055232286453247,5.424790382385254,0.1058206781744957,0.02675517275929451,5.4258223993003,0.01950439584888947,5.3280181884765625,-0.3127219080924988,0.15475082397460938,-0.3127219080924988,0.15475082397460938,0.014705847017467022,-98.3465576171875,0.014527909457683563,-99.78551483154297,0.007593212649226351,70.92552185058744,-0.0,-2.25,2.25
12.86,54.994590759277344,54.994590759277344,0.10407033562660217,0.10407033562660217,-0.014604263007640839,-0.014604263007640839,20.15088653564453,-22.861852645874023,0.0,-1.5707964,-1.6049845218658447,5.418771266937256,0.10613413155078888,0.027158038690686226,5.419810559167621,0.01958387935088804,5.323529243469238,-0.3080677390098572,0.1557619571685791,-0.3080677390098572,0.1557619571685791,0.014857711270451546,-96.92804718017578,0.014705847017467022,-98.3465576171875,0.006351619958877135,69.8738098144484,-0.0,-2.25,2.25
12.88,55.102928161621094,55.102928161621094,0.10251490026712418,0.10251490026712418,-0.013988615013659,-0.013988615013659,20.149330139160156,-22.97018814086914,0.0,-1.5707964,-1.604438304901123,5.412843704223633,0.10639391839504242,0.02750849537551403,5.413889233464689,0.01965329604284665,5.319106578826904,-0.30347591638565063,0.15650998055934906,-0.30347591638565063,0.15650998055934906,0.014984743669629097,-95.53057098388672,0.014857711270451546,-96.92804718017578,0.005148816853761783,68.8014984130874,-0.0,-2.25,2.25
12.9,55.21114730834961,55.21114730834961,0.10102762281894684,0.10102762281894684,-0.013376083225011826,-0.013376083225011826,20.147844314575195,-23.078407287597656,0.0,-1.5707964,-1.603885531425476,5.407006740570068,0.1066022664308548,0.02780873328447342,5.408057501153103,0.019713024695836464,5.314749240875244,-0.2989495098590851,0.15700878202915192,-0.2989495098590851,0.15700878202915192,0.01508772000670433,-94.154541015625,0.014984743669629097,-95.53057098388672,0.006450992077589173,70.67108154297026,-0.0,-2.25,2.25
12.92,55.319252014160156,55.319252014160156,0.09960797429084778,0.09960797429084778,-0.012767305597662926,-0.012767305597662926,20.14642333984375,-23.18651008605957,0.0,-1.5707964,-1.6033271551132202,5.4012579917907715,0.10676124691963196,0.028060732409358025,5.402313009973368,0.01976342301341898,5.310454845428467,-0.2944914698600769,0.1572706699371338,-0.2944914698600769,0.1572706699371338,0.015216739848256111,-92.74111938476562,0.01508772000670433,-94.154541015625,0.007981481030583552,72.37510681152499,-0.0,-2.25,2.25
12.94,55.42724609375,55.42724609375,0.09825561195611954,0.09825561195611954,-0.012157108634710312,-0.012157108634710312,20.145071029663086,-23.294504165649414,0.0,-1.5707964,-1.6027637720108032,5.395596981048584,0.10690245032310486,0.028298651799559593,5.396655901184147,0.019810313068923793,5.306246757507324,-0.2900838851928711,0.15753567218780518,-0.2900838851928711,0.15753567218780518,0.015376369468867779,-91.29361724853516,0.015216739848256111,-92.74111938476562,0.008779671043156984,73.1075286865185,-0.0,-2.25,2.25
12.96,55.535125732421875,55.535125732421875,0.09697074443101883,0.09697074443101883,-0.011541008949279785,-0.011541008949279785,20.143787384033203,-23.402387619018555,0.0,-1.5707964,-1.6021956205368042,5.390024662017822,0.1070505678653717,0.028547199442982674,5.391087615800789,0.019858257131752183,5.302138328552246,-0.2856868505477905,0.15798166394233704,-0.2856868505477905,0.15798166394233704,0.01555196288973093,-89.83146667480469,0.015376369468867779,-91.29361724853516,0.005430309101939317,72.9629516601578,-0.0,-2.25,2.25
12.98,55.64289474487305,55.64289474487305,0.09575392305850983,0.09575392305850983,-0.010917209088802338,-0.010917209088802338,20.14257049560547,-23.510156631469727,0.0,-1.5707964,-1.6016223430633545,5.384541034698486,0.10721380263566971,0.028812581673264503,5.385608317899423,0.019908778947279424,5.298130035400391,-0.2812696099281311,0.15865281224250793,-0.2812696099281311,0.15865281224250793,0.015660569071769714,-88.37220764160156,0.01555196288973093,-89.83146667480469,0.0009567476809025015,73.19793701172031,-0.0,-2.25,2.25
13.0,55.75056076049805,55.75056076049805,0.0946054607629776,0.0946054607629776,-0.01029407698661089,-0.01029407698661089,20.141422271728516,-23.617820739746094,0.0,-1.5707964,-1.6010440587997437,5.379147529602051,0.10734770447015762,0.029044583439826965,5.380218552705722,0.019953618446626856,5.294213771820068,-0.27681905031204224,0.15918578207492828,-0.27681905031204224,0.15918578207492828,0.015679704025387764,-86.90824890136719,0.015660569071769714,-88.37220764160156,-0.0026037916541100103,73.98338317871251,-0.0,-2.25,2.25
13.02,55.858116149902344,55.858116149902344,0.09352469444274902,0.09352469444274902,-0.009681005030870438,-0.009681005030870438,20.14034080505371,-23.725374221801758,0.0,-1.5707964,-1.6004618406295776,5.373844623565674,0.10740768164396286,0.029196899384260178,5.374917901540621,0.01998445991802897,5.290388584136963,-0.2723411023616791,0.15923115611076355,-0.2723411023616791,0.15923115611076355,0.015627628192305565,-85.42858123779297,0.015679704025387764,-86.90824890136719,-0.005207303911447174,74.89929199218244,-0.0,-2.25,2.25
13.040000000000001,55.96556854248047,55.96556854248047,0.0925101563334465,0.0925101563334465,-0.009083492681384087,-0.009083492681384087,20.139326095581055,-23.83283042907715,0.0,-1.5707964,-1.5998773574829102,5.3686323165893555,0.10737372934818268,0.02925218641757965,5.369705957357603,0.0199975356228993,5.286657810211182,-0.26784148812294006,0.15864527225494385,-0.26784148812294006,0.15864527225494385,0.015523482114076614,-83.93059539794922,0.015627628192305565,-85.42858123779297,-0.006967270746827274,75.65078735351723,-0.0,-2.25,2.25
13.06,56.072914123535156,56.072914123535156,0.09155993163585663,0.09155993163585663,-0.008503945544362068,-0.008503945544362068,20.138376235961914,-23.94017791748047,0.0,-1.5707964,-1.5992926359176636,5.363511085510254,0.1072436198592186,0.02921183779835701,5.364583148613868,0.019992376172800502,5.283025741577148,-0.26332083344459534,0.1574287712574005,-0.26332083344459534,0.1574287712574005,0.015384136699140072,-82.4175796508789,0.015523482114076614,-83.93059539794922,-0.008081085979938679,76.064300537111,-0.0,-2.25,2.25
13.08,56.1801643371582,56.1801643371582,0.09067194163799286,0.09067194163799286,-0.007942592725157738,-0.007942592725157738,20.137487411499023,-24.047426223754883,0.0,-1.5707964,-1.5987094640731812,5.358480930328369,0.107026107609272,0.029087606817483902,5.359549651640777,0.01997056263730202,5.27949333190918,-0.2587759494781494,0.15566766262054443,-0.2587759494781494,0.15566766262054443,0.015222514979541302,-80.89629364013672,0.015384136699140072,-82.4175796508789,-0.008772686123848149,76.06544494629068,-0.0,-2.25,2.25
13.1,56.28731918334961,56.28731918334961,0.08984415978193283,0.08984415978193283,-0.00739840604364872,-0.00739840604364872,20.136659622192383,-24.154577255249023,0.0,-1.5707964,-1.598129391670227,5.353542327880859,0.10673518478870392,0.02889527566730976,5.354606227920396,0.019934659960790427,5.276058673858643,-0.2542063891887665,0.15348461270332336,-0.2542063891887665,0.15348461270332336,0.015047061257064342,-79.37498474121094,0.015222514979541302,-80.89629364013672,-0.009224843233823153,75.66986083983865,-0.0,-2.25,2.25
13.120000000000001,56.39437484741211,56.39437484741211,0.08907469362020493,0.08907469362020493,-0.006869861856102943,-0.006869861856102943,20.13589096069336,-24.261638641357422,0.0,-1.5707964,-1.5975537300109863,5.348694801330566,0.10638577491044998,0.02865031734108925,5.349752705582186,0.019887421691077385,5.272716522216797,-0.24961864948272705,0.15100350975990295,-0.24961864948272705,0.15100350975990295,0.014862564392387867,-77.86158752441406,0.015047061257064342,-79.37498474121094,-0.009581213817000594,74.91111755371253,-0.0,-2.25,2.25
13.14,56.50132369995117,56.50132369995117,0.08836182951927185,0.08836182951927185,-0.0063554346561431885,-0.0063554346561431885,20.135177612304688,-24.368581771850586,0.0,-1.5707964,-1.5969830751419067,5.343938827514648,0.10599119961261749,0.02836569957435131,5.34498983409828,0.019831309432946472,5.2694621086120605,-0.24502085149288177,0.1483297348022461,-0.24502085149288177,0.1483297348022461,0.01467094011604786,-76.36336517333984,0.014862564392387867,-77.86158752441406,-0.009937677532434675,73.86512756347814,-0.0,-2.25,2.25
13.16,56.608192443847656,56.608192443847656,0.08770400285720825,0.08770400285720825,-0.0058538890443742275,-0.0058538890443742275,20.134519577026367,-24.475452423095703,0.0,-1.5707964,-1.5964184999465942,5.339273452758789,0.10556194186210632,0.028050962835550308,5.340316875139944,0.019768268432599857,5.266287326812744,-0.24042730033397675,0.14554135501384735,-0.24042730033397675,0.14554135501384735,0.01447218656539917,-74.88606262207031,0.01467094011604786,-76.36336517333984,-0.010346295312047225,72.60093688964999,-0.0,-2.25,2.25
13.18,56.7149658203125,56.7149658203125,0.08709976822137833,0.08709976822137833,-0.0053644138388335705,-0.0053644138388335705,20.133914947509766,-24.582225799560547,0.0,-1.5707964,-1.595860481262207,5.334698677062988,0.10510533303022385,0.027712253853678703,5.3357339800714385,0.01969965741963233,5.263185501098633,-0.23585551977157593,0.14268817007541656,-0.23585551977157593,0.14268817007541656,0.01426526065915823,-73.43404388427734,0.01447218656539917,-74.88606262207031,-0.010831840336322054,71.18110656737801,-0.0,-2.25,2.25
13.200000000000001,56.8216438293457,56.8216438293457,0.08654774725437164,0.08654774725437164,-0.004886632319539785,-0.004886632319539785,20.133363723754883,-24.688901901245117,0.0,-1.5707964,-1.5953092575073242,5.330212593078613,0.10462585836648941,0.027352897450327873,5.331239335994282,0.019626313680162776,5.2601518630981445,-0.23132148385047913,0.13979578018188477,-0.23132148385047913,0.13979578018188477,0.014048623852431774,-72.01042175292969,0.01426526065915823,-73.43404388427734,-0.01137778162956262,69.65255737304835,-0.0,-2.25,2.25
13.22,56.928226470947266,56.928226470947266,0.08604662120342255,0.08604662120342255,-0.004420530050992966,-0.004420530050992966,20.132862091064453,-24.795486450195312,0.0,-1.5707964,-1.594765543937683,5.325814247131348,0.1041257232427597,0.02697410248219967,5.326832038011718,0.01954864631150599,5.257180213928223,-0.22683954238891602,0.13687114417552948,-0.22683954238891602,0.13687114417552948,0.013821068219840527,-70.61737060546875,0.014048623852431774,-72.01042175292969,-0.012126937508583327,69.33517456054835,-0.0,-2.25,2.25
13.24,57.034732818603516,57.034732818603516,0.0855950191617012,0.0855950191617012,-0.003966342657804489,-0.003966342657804489,20.132410049438477,-24.90199089050293,0.0,-1.5707964,-1.5942294597625732,5.321501731872559,0.1036057397723198,0.02657591924071312,5.322510200237892,0.01946680792401425,5.254265308380127,-0.2224232703447342,0.13391059637069702,-0.2224232703447342,0.13391059637069702,0.013578529469668865,-69.23066711425781,0.013821068219840527,-70.61737060546875,-0.013023382052779475,71.31767272949371,-0.0,-2.25,2.25
13.26,57.141143798828125,57.141143798828125,0.08519155532121658,0.08519155532121658,-0.003524843603372574,-0.003524843603372574,20.132007598876953,-25.008403778076172,0.0,-1.5707964,-1.593701720237732,5.317274570465088,0.10306403040885925,0.02615581639111042,5.31827331490953,0.01938044106094241,5.251414775848389,-0.21807783842086792,0.1308903694152832,-0.21807783842086792,0.1308903694152832,0.013318061828613281,-67.80431365966797,0.013578529469668865,-69.23066711425781,-0.013482524082063718,72.9267120361279,-0.0,-2.25,2.25
13.280000000000001,57.24747848510742,57.24747848510742,0.08483476936817169,0.08483476936817169,-0.003097086912021041,-0.003097086912021041,20.131650924682617,-25.11473846435547,0.0,-1.5707964,-1.5931823253631592,5.313130855560303,0.10249742120504379,0.02571037784218788,5.314119419966081,0.01928894879958579,5.248651504516602,-0.21377669274806976,0.12777845561504364,-0.21377669274806976,0.12777845561504364,0.013048411346971989,-66.34577941894531,0.013318061828613281,-67.80431365966797,-0.013636192306876474,74.07264709472814,-0.0,-2.25,2.25
13.3,57.353729248046875,57.353729248046875,0.08452310413122177,0.08452310413122177,-0.0026830246206372976,-0.0026830246206372976,20.131338119506836,-25.220993041992188,0.0,-1.5707964,-1.5926722288131714,5.3090715408325195,0.10190880298614502,0.025243178009986877,5.310049531765579,0.019192864260312865,5.245987415313721,-0.2094787359237671,0.12459184229373932,-0.2094787359237671,0.12459184229373932,0.012775687500834465,-64.86432647705078,0.013048411346971989,-66.34577941894531,-0.013639824464917474,74.74098205566565,-0.0,-2.25,2.25
13.32,57.459896087646484,57.459896087646484,0.08425507694482803,0.08425507694482803,-0.0022819936275482178,-0.0022819936275482178,20.131071090698242,-25.32715606689453,0.0,-1.5707964,-1.5921716690063477,5.305098056793213,0.10130374878644943,0.02476043440401554,5.306065193880425,0.019093226414534648,5.2434234619140625,-0.20515334606170654,0.1213684007525444,-0.20515334606170654,0.1213684007525444,0.012502891011536121,-63.3695068359375,0.012775687500834465,-64.86432647705078,-0.014796573668718654,74.51629638672034,-0.0,-2.25,2.25
13.34,57.56598663330078,57.56598663330078,0.08402926474809647,0.08402926474809647,-0.001893194392323494,-0.001893194392323494,20.13084602355957,-25.433244705200195,0.0,-1.5707964,-1.591680645942688,5.301211357116699,0.1006879210472107,0.02426798827946186,5.302167472861253,0.018991096414337435,5.240959167480469,-0.200788676738739,0.11814576387405396,-0.200788676738739,0.11814576387405396,0.012206959538161755,-61.879180908203125,0.012502891011536121,-63.3695068359375,-0.0165461096912626,73.87886047363439,-0.0,-2.25,2.25
13.36,57.672000885009766,57.672000885009766,0.08384422212839127,0.08384422212839127,-0.001518797129392624,-0.001518797129392624,20.130661010742188,-25.539262771606445,0.0,-1.5707964,-1.5911998748779297,5.297411918640137,0.1000514030456543,0.023754553869366646,5.298356662117224,0.018884600741623965,5.238585472106934,-0.19638654589653015,0.11484060436487198,-0.19638654589653015,0.11484060436487198,0.01187603734433651,-60.40160369873047,0.012206959538161755,-61.879180908203125,-0.017833476886152017,73.26431274413568,-0.0,-2.25,2.25
13.38,57.77793884277344,57.77793884277344,0.08369821310043335,0.08369821310043335,-0.0011619870783761144,-0.0011619870783761144,20.13051414489746,-25.645198822021484,0.0,-1.5707964,-1.5907293558120728,5.293700218200684,0.09938023239374161,0.023205377161502838,5.2946329835757835,0.018771096903916328,5.236294269561768,-0.1919659674167633,0.11134209483861923,-0.1919659674167633,0.11134209483861923,0.011519367806613445,-58.936317443847656,0.01187603734433651,-60.40160369873047,-0.018686288967729014,72.52368927002108,-0.0,-2.25,2.25
13.4,57.88380432128906,57.88380432128906,0.08358925580978394,0.08358925580978394,-0.0008242931216955185,-0.0008242931216955185,20.13040542602539,-25.75106430053711,0.0,-1.5707964,-1.5902705192565918,5.290075302124023,0.09867030382156372,0.02261715941131115,5.290995419672825,0.018649803310121216,5.2340803146362305,-0.18754731118679047,0.1076204776763916,-0.18754731118679047,0.1076204776763916,0.011145642027258873,-57.485843658447266,0.011519367806613445,-58.936317443847656,-0.019191810861230306,71.56181335449371,-0.0,-2.25,2.25
13.42,57.98959732055664,57.98959732055664,0.08351525664329529,0.08351525664329529,-0.000506008043885231,-0.000506008043885231,20.13033103942871,-25.856861114501953,0.0,-1.5707964,-1.589823603630066,5.286537170410156,0.09792406111955643,0.021993393078446388,5.2874440305193176,0.018521171916396115,5.231939792633057,-0.1831485778093338,0.10369821637868881,-0.1831485778093338,0.10369821637868881,0.010761805810034275,-56.05460739135742,0.011145642027258873,-57.485843658447266,-0.019560288637876927,70.21331787109524,-0.0,-2.25,2.25
13.44,58.09531784057617,58.09531784057617,0.08347415179014206,0.08347415179014206,-0.0002066735178232193,-0.0002066735178232193,20.13028907775879,-25.96257781982422,0.0,-1.5707964,-1.589389443397522,5.283082962036133,0.09714742749929428,0.021340738981962204,5.283976079282174,0.01838632496020154,5.229868412017822,-0.1787806749343872,0.09962385147809982,-0.1787806749343872,0.09962385147809982,0.010370600037276745,-54.65034103393555,0.010761805810034275,-56.05460739135742,-0.020135287195442747,68.21117401122586,-0.0,-2.25,2.25
13.46,58.20097351074219,58.20097351074219,0.08346389979124069,0.08346389979124069,7.428228855133057e-05,7.428228855133057e-05,20.130279541015625,-26.068235397338867,0.0,-1.5707964,-1.5889685153961182,5.279714107513428,0.09634622931480408,0.020665135234594345,5.280593115643307,0.018246354811945052,5.2278594970703125,-0.17445898056030273,0.0954430103302002,-0.17445898056030273,0.0954430103302002,0.009967894293367863,-53.28611755371094,0.010370600037276745,-54.65034103393555,-0.020554522052407702,66.14055633545063,-0.0,-2.25,2.25
13.48,58.306556701660156,58.306556701660156,0.0834825336933136,0.0834825336933136,0.00033673274447210133,0.00033673274447210133,20.130298614501953,-26.173818588256836,0.0,-1.5707964,-1.5885611772537231,5.276426792144775,0.09552210569381714,0.019967662170529366,5.27729136636773,0.018101582012316816,5.225903034210205,-0.17020241916179657,0.09116687625646591,-0.17020241916179657,0.09116687625646591,0.009556803852319717,-51.96330642700195,0.009967894293367863,-53.28611755371094,-0.020853895694017854,63.98200988769668,-0.0,-2.25,2.25
13.5,58.412078857421875,58.412078857421875,0.0835280641913414,0.0835280641913414,0.0005808472633361816,0.0005808472633361816,20.13034439086914,-26.279340744018555,0.0,-1.5707964,-1.5881680250167847,5.273219585418701,0.09467808902263641,0.019251057878136635,5.274069466416266,0.017952583964529277,5.223992347717285,-0.166030153632164,0.08681657910346985,-0.166030153632164,0.08681657910346985,0.00913972593843937,-50.68366622924805,0.009556803852319717,-51.96330642700195,-0.02106702886521861,61.73591613769663,-0.0,-2.25,2.25
13.52,58.51753616333008,58.51753616333008,0.0835985317826271,0.0835985317826271,0.0008069536997936666,0.0008069536997936666,20.130414962768555,-26.384796142578125,0.0,-1.5707964,-1.587789535522461,5.270090579986572,0.09381775557994843,0.018518632277846336,5.270925582146391,0.017800044513739087,5.222121715545654,-0.16195793449878693,0.0824163630604744,-0.16195793449878693,0.0824163630604744,0.008718385361135006,-49.44894790649414,0.00913972593843937,-50.68366622924805,-0.02123489975929117,59.404563903804586,-0.0,-2.25,2.25
13.540000000000001,58.622928619384766,58.622928619384766,0.0836920514702797,0.0836920514702797,0.001015436020679772,0.001015436020679772,20.130508422851562,-26.490190505981445,0.0,-1.5707964,-1.5874255895614624,5.2670369148254395,0.09294462949037552,0.01777360774576664,5.267856923482735,0.017644642557767067,5.220284938812256,-0.15800058841705322,0.07798925787210464,-0.15800058841705322,0.07798925787210464,0.008293687365949154,-48.26085662841797,0.008718385361135006,-49.44894790649414,-0.021373573690653302,57.005500793458246,-0.0,-2.25,2.25
13.56,58.7282600402832,58.7282600402832,0.08380673080682755,0.08380673080682755,0.0012066512135788798,0.0012066512135788798,20.13062286376953,-26.595518112182617,0.0,-1.5707964,-1.5870766639709473,5.2640557289123535,0.09206173568964005,0.017018644139170647,5.264860689540908,0.01748696371513371,5.218478679656982,-0.15416879951953888,0.07355324923992157,-0.15416879951953888,0.07355324923992157,0.007866215892136097,-47.12074661254883,0.008293687365949154,-48.26085662841797,-0.023365835659206413,57.56721496582154,-0.0,-2.25,2.25
13.58,58.833534240722656,58.833534240722656,0.08394075185060501,0.08394075185060501,0.0013808886287733912,0.0013808886287733912,20.130756378173828,-26.700796127319336,0.0,-1.5707964,-1.586742877960205,5.261145114898682,0.09117148071527481,0.0162558201700449,5.261935020400583,0.017327474163624273,5.216697692871094,-0.15047067403793335,0.06912124156951904,-0.15047067403793335,0.06912124156951904,0.007398899178951979,-45.96940231323242,0.007866215892136097,-47.12074661254883,-0.025163684040308536,59.38320159912236,-0.0,-2.25,2.25
13.6,58.938751220703125,58.938751220703125,0.08409213274717331,0.08409213274717331,0.001533912611193955,0.001533912611193955,20.13090705871582,-26.806013107299805,0.0,-1.5707964,-1.5864248275756836,5.258301734924316,0.09025339782238007,0.015462572686374187,5.259076231747032,0.017162297065762094,5.214964389801025,-0.14689578115940094,0.06452951580286026,-0.14689578115940094,0.06452951580286026,0.006895625498145819,-44.78173828125,0.007398899178951979,-45.96940231323242,-0.025844806805251284,61.02466583251541,-0.0,-2.25,2.25
13.620000000000001,59.04391098022461,59.04391098022461,0.08425848931074142,0.08425848931074142,0.0016627181321382523,0.0016627181321382523,20.131074905395508,-26.911169052124023,0.0,-1.5707964,-1.586122751235962,5.255524635314941,0.089295394718647,0.014627338387072086,5.256283179198036,0.016989132317080925,5.213300704956055,-0.14339995384216309,0.05968618392944336,-0.14339995384216309,0.05968618392944336,0.006378729362040758,-43.56124496459961,0.006895625498145819,-44.78173828125,-0.02564350143075044,62.16526031494273,-0.0,-2.25,2.25
13.64,59.14901351928711,59.14901351928711,0.08443726599216461,0.08443726599216461,0.001767425797879696,0.001767425797879696,20.13125228881836,-27.016271591186523,0.0,-1.5707964,-1.5858378410339355,5.252814292907715,0.08830222487449646,0.013757195323705673,5.25355644099246,0.016808876830535294,5.211718559265137,-0.13992993533611298,0.0546339713037014,-0.13992993533611298,0.0546339713037014,0.00586585933342576,-42.31793975830078,0.006378729362040758,-43.56124496459961,-0.02491106279194408,62.669372558595086,-0.0,-2.25,2.25
13.66,59.254066467285156,59.254066467285156,0.08462601155042648,0.08462601155042648,0.0018500862643122673,0.0018500862643122673,20.131441116333008,-27.12132453918457,0.0,-1.5707964,-1.5855703353881836,5.2501726150512695,0.08728765696287155,0.01286783255636692,5.250898172969302,0.016624142140467618,5.210221290588379,-0.13644567131996155,0.04948379099369049,-0.13644567131996155,0.04948379099369049,0.005367638077586889,-41.064552307128906,0.00586585933342576,-42.31793975830078,-0.02392644528299621,62.533569335938836,-0.0,-2.25,2.25
13.68,59.35906219482422,59.35906219482422,0.08482252806425095,0.08482252806425095,0.0019134767353534698,0.0019134767353534698,20.131637573242188,-27.226322174072266,0.0,-1.5707964,-1.5853209495544434,5.247600078582764,0.08626756817102432,0.011975866742432117,5.248309125619409,0.016437951964109004,5.208805561065674,-0.13292711973190308,0.044358111917972565,-0.13292711973190308,0.044358111917972565,0.004889109171926975,-39.813880920410156,0.005367638077586889,-41.064552307128906,-0.022939709015189054,61.83185577392161,-0.0,-2.25,2.25
13.700000000000001,59.46400833129883,59.46400833129883,0.08502491563558578,0.08502491563558578,0.001960352063179016,0.001960352063179016,20.1318416595459,-27.331270217895508,0.0,-1.5707964,-1.5850889682769775,5.245096683502197,0.08525599539279938,0.011094994843006134,5.245789531046415,0.016252986997533348,5.207464218139648,-0.12937122583389282,0.0393596813082695,-0.12937122583389282,0.0393596813082695,0.004430314991623163,-38.57724380493164,0.004889109171926975,-39.813880920410156,-0.022068643011153216,60.670661926270824,-0.0,-2.25,2.25
13.72,59.56890869140625,59.56890869140625,0.08523152768611908,0.08523152768611908,0.0019928738474845886,0.0019928738474845886,20.132047653198242,-27.43617057800293,0.0,-1.5707964,-1.5848746299743652,5.242664813995361,0.08426271378993988,0.010233903303742409,5.24334192637103,0.016071113103244623,5.206188678741455,-0.12579163908958435,0.03455379977822304,-0.12579163908958435,0.03455379977822304,0.003988942131400108,-37.36383056640625,0.004430314991623163,-38.57724380493164,-0.021406298037618857,59.16805267334111,-0.0,-2.25,2.25
13.74,59.67375946044922,59.67375946044922,0.08544091880321503,0.08544091880321503,0.0020125294104218483,0.0020125294104218483,20.13225746154785,-27.5410213470459,0.0,-1.5707964,-1.5846772193908691,5.240302085876465,0.08329316973686218,0.009396656416356564,5.240964005158406,0.015893388391489613,5.204970836639404,-0.12220977246761322,0.02996939979493618,-0.12220977246761322,0.02996939979493618,0.0035608161706477404,-36.18046951293945,0.003988942131400108,-37.36383056640625,-0.0209516729228203,57.41691589355591,-0.0,-2.25,2.25
13.76,59.778564453125,59.778564453125,0.08565177768468857,0.08565177768468857,0.00202005822211504,0.00202005822211504,20.13246726989746,-27.645824432373047,0.0,-1.5707964,-1.5844964981079102,5.238008975982666,0.08234865963459015,0.008583216927945614,5.2386562527253675,0.01572007160524565,5.203802585601807,-0.11864778399467468,0.025602424517273903,-0.11864778399467468,0.025602424517273903,0.0031417827121913433,-35.03213119506836,0.0035608161706477404,-36.18046951293945,-0.02069512847810844,55.49697875976188,-0.0,-2.25,2.25
13.780000000000001,59.88331985473633,59.88331985473633,0.08586283773183823,0.08586283773183823,0.0020156269893050194,0.0020156269893050194,20.132678985595703,-27.750577926635742,0.0,-1.5707964,-1.5843316316604614,5.23578405380249,0.08142761141061783,0.007790956646203995,5.23641720205261,0.015550879599361012,5.2026753425598145,-0.11513034999370575,0.02142740972340107,-0.11513034999370575,0.02142740972340107,0.0027278801426291466,-33.92219161987305,0.0031417827121913433,-35.03213119506836,-0.020580331329256733,53.45306396484489,-0.0,-2.25,2.25
13.8,59.98802947998047,59.98802947998047,0.08607283979654312,0.08607283979654312,0.0019989851862192154,0.0019989851862192154,20.132888793945312,-27.855289459228516,0.0,-1.5707964,-1.5841825008392334,5.233625411987305,0.08052658289670944,0.0070157237350940704,5.234244881886241,0.01538517238354402,5.2015838623046875,-0.11168184876441956,0.01740637794137001,-0.11168184876441956,0.01740637794137001,0.0023162735160440207,-32.85313034057617,0.0027278801426291466,-33.92219161987305,-0.02056238008663102,51.317024230958125,-0.0,-2.25,2.25
13.82,60.09269714355469,60.09269714355469,0.08628049492835999,0.08628049492835999,0.0019696655217558146,0.0019696655217558146,20.13309669494629,-27.959957122802734,0.0,-1.5707964,-1.584048867225647,5.231531143188477,0.07964149117469788,0.006253104191273451,5.232137313686201,0.01522218591946975,5.200522422790527,-0.10831914842128754,0.013498923741281033,-0.10831914842128754,0.013498923741281033,0.001905025914311409,-31.82678985595703,0.0023162735160440207,-32.85313034057617,-0.02059608232229992,49.103069305420966,-0.0,-2.25,2.25
13.84,60.197322845458984,60.197322845458984,0.08648445457220078,0.08648445457220078,0.0019271495984867215,0.0019271495984867215,20.13330078125,-28.06458282470703,0.0,-1.5707964,-1.5839303731918335,5.229498386383057,0.07876835763454437,0.0054990677163004875,5.23009156969048,0.015061177155390324,5.199485778808594,-0.10505746304988861,0.009668032638728619,-0.10505746304988861,0.009668032638728619,0.0014931042678654194,-30.844728469848633,0.001905025914311409,-31.82678985595703,-0.02065126900561198,46.80824279785256,-0.0,-2.25,2.25
13.86,60.30190658569336,60.30190658569336,0.08668331056833267,0.08668331056833267,0.001870940439403057,0.001870940439403057,20.133499145507812,-28.169166564941406,0.0,-1.5707964,-1.5838268995285034,5.227525234222412,0.07790380716323853,0.004750396125018597,5.228105687302296,0.01490151405770252,5.198469161987305,-0.10190947353839874,0.005883715581148863,-0.10190947353839874,0.005883715581148863,0.0010800788877531886,-29.9085636138916,0.0014931042678654194,-30.844728469848633,-0.02070718910544971,44.43998336791692,-0.0,-2.25,2.25
13.88,60.40645217895508,60.40645217895508,0.08687562495470047,0.08687562495470047,0.0018006451427936554,0.0018006451427936554,20.133691787719727,-28.273712158203125,0.0,-1.5707964,-1.5837384462356567,5.225609302520752,0.07704523950815201,0.004004757851362228,5.226177240729814,0.014742712878396269,5.197469234466553,-0.0988849326968193,0.0021239740308374166,-0.0988849326968193,0.0021239740308374166,0.0006659351056441665,-29.019763946533203,0.0010800788877531886,-29.9085636138916,-0.020747678354382956,41.99161529541105,-0.0,-2.25,2.25
13.9,60.51095962524414,60.51095962524414,0.08705992996692657,0.08705992996692657,0.0017159852432087064,0.0017159852432087064,20.133874893188477,-28.37822151184082,0.0,-1.5707964,-1.5836647748947144,5.223748683929443,0.07619087398052216,0.0032606390304863453,5.224304294557554,0.01458444431918043,5.196481704711914,-0.09599144756793976,-0.0016257248353213072,-0.09599144756793976,-0.0016257248353213072,0.00025098153855651617,-28.179931640625,0.0006659351056441665,-29.019763946533203,-0.020778148609679636,39.476966857910995,-0.0,-2.25,2.25
13.92,60.61543273925781,60.61543273925781,0.08723472058773041,0.08723472058773041,0.0016167927533388138,0.0016167927533388138,20.134050369262695,-28.482694625854492,0.0,-1.5707964,-1.5836060047149658,5.221938610076904,0.07533963769674301,0.0025172592140734196,5.222482063963474,0.014426521752532295,5.19550085067749,-0.09323573857545853,-0.005373283289372921,-0.09323573857545853,-0.005373283289372921,-0.00016458143363706768,-27.390392303466797,0.00025098153855651617,-28.179931640625,-0.020786646928173003,36.89289093017657,-0.0,-2.25,2.25
13.94,60.71986770629883,60.71986770629883,0.0873984768986702,0.0873984768986702,0.0015029767528176308,0.0015029767528176308,20.134214401245117,-28.587125778198242,0.0,-1.5707964,-1.5835622549057007,5.22017765045166,0.07449092715978622,0.0017742287600412965,5.2207091089720885,0.014268838463759557,5.194524765014648,-0.09062330424785614,-0.009122713468968868,-0.09062330424785614,-0.009122713468968868,-0.0005803143722005188,-26.65253448486328,-0.00016458143363706768,-27.390392303466797,-0.020774881704709022,34.25149917602308,-0.0,-2.25,2.25
13.96,60.82426834106445,60.82426834106445,0.08754968643188477,0.08754968643188477,0.0013745203614234924,0.0013745203614234924,20.13436508178711,-28.691530227661133,0.0,-1.5707964,-1.5835332870483398,5.218461513519287,0.07364455610513687,0.0010315650142729282,5.218981135118801,0.01411137507617129,5.193547248840332,-0.08815794438123703,-0.012874270789325237,-0.08815794438123703,-0.012874270789325237,-0.0009958120062947273,-25.967504501342773,-0.0005803143722005188,-26.65253448486328,-0.020754570141435114,31.556415557862,-0.0,-2.25,2.25
13.98,60.92863082885742,60.92863082885742,0.08768682926893234,0.08768682926893234,0.0012314748018980026,0.0012314748018980026,20.134502410888672,-28.795888900756836,0.0,-1.5707964,-1.5835191011428833,5.216787815093994,0.0728006511926651,0.0002895240904763341,5.217295759541263,0.013954166528128031,5.192565441131592,-0.0858442485332489,-0.01662602834403515,-0.0858442485332489,-0.01662602834403515,-0.0014109034091234207,-25.336376190185547,-0.0009958120062947273,-25.967504501342773,-0.020722689805552804,28.82299423217835,-0.0,-2.25,2.25
14.0,61.032962799072266,61.032962799072266,0.08780839294195175,0.08780839294195175,0.0010738930432125926,0.0010738930432125926,20.134624481201172,-28.90022087097168,0.0,-1.5707964,-1.5835198163986206,5.215153694152832,0.07195939868688583,-0.0004516405751928687,5.215650123301534,0.013797260192087392,5.1915740966796875,-0.08368755131959915,-0.020375633612275124,-0.08368755131959915,-0.020375633612275124,-0.001825357205234468,-24.759916305541992,-0.0014109034091234207,-25.336376190185547,-0.020681467140093886,26.055717468262273,-0.0,-2.25,2.25
14.02,61.137264251708984,61.137264251708984,0.08791287988424301,0.08791287988424301,0.0009018713608384132,0.0009018713608384132,20.134729385375977,-29.0045223236084,0.0,-1.5707964,-1.5835353136062622,5.213554859161377,0.07112105935811996,-0.0011916151270270348,5.214039937953048,0.013640721173283387,5.19057035446167,-0.08169045299291611,-0.02412036806344986,-0.08169045299291611,-0.02412036806344986,-0.002238986548036337,-24.238801956176758,-0.001825357205234468,-24.759916305541992,-0.020628015045075217,23.265933990476945,-0.0,-2.25,2.25
14.040000000000001,61.24153137207031,61.24153137207031,0.08799881488084793,0.08799881488084793,0.0007154904305934906,0.0007154904305934906,20.134815216064453,-29.108787536621094,0.0,-1.5707964,-1.5835654735565186,5.211988925933838,0.07028590887784958,-0.0019300914136692882,5.212462822221732,0.013484612052030536,5.189548969268799,-0.07985582947731018,-0.027857588604092598,-0.07985582947731018,-0.027857588604092598,-0.002651546848937869,-23.773483276367188,-0.002238986548036337,-24.238801956176758,-0.020560121629387577,20.460510253906687,-0.0,-2.25,2.25
14.06,61.345767974853516,61.345767974853516,0.08806469291448593,0.08806469291448593,0.0005148639902472496,0.0005148639902472496,20.13488006591797,-29.213029861450195,0.0,-1.5707964,-1.5836105346679688,5.210452556610107,0.06945428997278214,-0.0026667180936783552,5.21091544194304,0.01332901048960708,5.188507080078125,-0.07818741351366043,-0.03158435970544815,-0.07818741351366043,-0.03158435970544815,-0.003062749281525612,-23.364273071289062,-0.002651546848937869,-23.773483276367188,-0.02049076138064309,17.649269104004283,-0.0,-2.25,2.25
14.08,61.449974060058594,61.449974060058594,0.08810905367136002,0.08810905367136002,0.00030011407216079533,0.00030011407216079533,20.134925842285156,-29.31723403930664,0.0,-1.5707964,-1.5836702585220337,5.20894193649292,0.06862656772136688,-0.0034010864328593016,5.209393986209128,0.013173999320346413,5.187440395355225,-0.07668663561344147,-0.03529750183224678,-0.07668663561344147,-0.03529750183224678,-0.003472564509138465,-23.011287689208984,-0.003062749281525612,-23.364273071289062,-0.020399689674377875,14.836215972900707,-0.0,-2.25,2.25
14.1,61.55414581298828,61.55414581298828,0.08813045173883438,0.08813045173883438,7.13542103767395e-05,7.13542103767395e-05,20.134946823120117,-29.42140769958496,0.0,-1.5707964,-1.5837446451187134,5.207453727722168,0.0678030252456665,-0.004132918082177639,5.20789511958526,0.013019644076512949,5.18634557723999,-0.07535535842180252,-0.0389949195086956,-0.07535535842180252,-0.0389949195086956,-0.0038805583026260138,-22.714563369750977,-0.003472564509138465,-23.011287689208984,-0.0202902941964553,12.025547027587079,-0.0,-2.25,2.25
14.120000000000001,61.658294677734375,61.658294677734375,0.08812744170427322,0.08812744170427322,-0.0001712702214717865,-0.0001712702214717865,20.13494300842285,-29.525550842285156,0.0,-1.5707964,-1.5838336944580078,5.205985069274902,0.06698408722877502,-0.004861762281507254,5.206415985056811,0.012866035962271849,5.1852192878723145,-0.07419393211603165,-0.04267335683107376,-0.07419393211603165,-0.04267335683107376,-0.004286364186555147,-22.47405242919922,-0.0038805583026260138,-22.714563369750977,-0.02017787192016883,9.220695495605666,-0.0,-2.25,2.25
14.14,61.76240921020508,61.76240921020508,0.08809860050678253,0.08809860050678253,-0.0004275869869161397,-0.0004275869869161397,20.13491439819336,-29.629671096801758,0.0,-1.5707964,-1.5839372873306274,5.204532146453857,0.06617024540901184,-0.005587095860391855,5.2049527725858455,0.012713281142510354,5.184057235717773,-0.07320422679185867,-0.04632914811372757,-0.07320422679185867,-0.04632914811372757,-0.004689921624958515,-22.28963851928711,-0.004286364186555147,-22.47405242919922,-0.020048581063747833,6.431198120117324,-0.0,-2.25,2.25
14.16,61.86649703979492,61.86649703979492,0.08804252743721008,0.08804252743721008,-0.0006974367424845695,-0.0006974367424845695,20.134859085083008,-29.7337589263916,0.0,-1.5707964,-1.5840553045272827,5.203091144561768,0.065361887216568,-0.006308550480753183,5.203501670502047,0.012561465393956533,5.182857036590576,-0.07238658517599106,-0.04995983839035034,-0.07238658517599106,-0.04995983839035034,-0.005090893246233463,-22.161014556884766,-0.004689921624958515,-22.28963851928711,-0.019899848848581737,3.6512374877930465,-0.0,-2.25,2.25
14.18,61.97055435180664,61.97055435180664,0.08795783668756485,0.08795783668756485,-0.0009806519374251366,-0.0009806519374251366,20.13477325439453,-29.837812423706055,0.0,-1.5707964,-1.584187626838684,5.201659679412842,0.06455942988395691,-0.007025667000561953,5.202060297652868,0.012410676446031806,5.181614875793457,-0.07173928618431091,-0.05356253683567047,-0.07173928618431091,-0.05356253683567047,-0.00548889022320509,-22.087989807128906,-0.005090893246233463,-22.161014556884766,-0.019738357514141658,0.8907318115233773,-0.0,-2.25,2.25
14.200000000000001,62.0745849609375,62.0745849609375,0.087843157351017,0.087843157351017,-0.0012770304456353188,-0.0012770304456353188,20.134658813476562,-29.941844940185547,0.0,-1.5707964,-1.5843344926834106,5.200233459472656,0.06376340240240097,-0.007737915962934494,5.200624366795287,0.012261027821848411,5.180327892303467,-0.07126451283693314,-0.05713378265500069,-0.07126451283693314,-0.05713378265500069,-0.005883657373487949,-22.070175170898438,-0.00548889022320509,-22.087989807128906,-0.01956890337169212,-1.8517494201660551,-0.0,-2.25,2.25
14.22,62.178585052490234,62.178585052490234,0.08769714832305908,0.08769714832305908,-0.001586366444826126,-0.001586366444826126,20.13451385498047,-30.04584312438965,0.0,-1.5707964,-1.5844953060150146,5.198809623718262,0.06297427415847778,-0.00844478514045477,5.199191020040656,0.012112617871876778,5.178993225097656,-0.07095944136381149,-0.060670431703329086,-0.07095944136381149,-0.060670431703329086,-0.0062750354409217834,-22.107210159301758,-0.005883657373487949,-22.070175170898438,-0.019374396651983674,-4.5736312866211914,-0.0,-2.25,2.25
14.24,62.28255844116211,62.28255844116211,0.08751848340034485,0.08751848340034485,-0.001908457837998867,-0.001908457837998867,20.134334564208984,-30.14981460571289,0.0,-1.5707964,-1.5846703052520752,5.197384834289551,0.06219248101115227,-0.009145855903625488,5.197756922019088,0.01196553937171576,5.17760705947876,-0.07082410901784897,-0.06416995823383331,-0.07082410901784897,-0.06416995823383331,-0.006662523373961449,-22.19868278503418,-0.0062750354409217834,-22.107210159301758,-0.019164802506566457,-7.275009155273593,-0.0,-2.25,2.25
14.26,62.38650131225586,62.38650131225586,0.08730586618185043,0.08730586618185043,-0.002243063412606716,-0.002243063412606716,20.13412094116211,-30.25376319885254,0.0,-1.5707964,-1.5848593711853027,5.195954322814941,0.061418578028678894,-0.009840535931289196,5.196317308104494,0.011819911014829449,5.176167011260986,-0.0708567202091217,-0.06762880086898804,-0.0708567202091217,-0.06762880086898804,-0.00704581942409277,-22.34418296813965,-0.006662523373961449,-22.19868278503418,-0.018945708870886476,-9.952831268309875,-0.0,-2.25,2.25
14.280000000000001,62.49041748046875,62.49041748046875,0.08705803006887436,0.08705803006887436,-0.002589944750070572,-0.002589944750070572,20.133872985839844,-30.357675552368164,0.0,-1.5707964,-1.5850621461868286,5.194517135620117,0.06065310910344124,-0.010528256185352802,5.194871227652803,0.011675840373902697,5.1746697425842285,-0.07105650752782822,-0.07104352861642838,-0.07105650752782822,-0.07104352861642838,-0.007424733601510525,-22.54323959350586,-0.00704581942409277,-22.34418296813965,-0.01871548593044321,-12.605857849121362,-0.0,-2.25,2.25
14.3,62.594303131103516,62.594303131103516,0.08677373826503754,0.08677373826503754,-0.002948855049908161,-0.002948855049908161,20.133588790893555,-30.461563110351562,0.0,-1.5707964,-1.5852786302566528,5.193068504333496,0.0598965547978878,-0.011208534240722656,5.193413914563059,0.011533431324919881,5.173112869262695,-0.07142328470945358,-0.0744113028049469,-0.07142328470945358,-0.0744113028049469,-0.007799043320119381,-22.79535675048828,-0.007424733601510525,-22.54323959350586,-0.01847995445132295,-15.229797363281575,-0.0,-2.25,2.25
14.32,62.698158264160156,62.698158264160156,0.08645176887512207,0.08645176887512207,-0.0033195456489920616,-0.0033195456489920616,20.133268356323242,-30.565420150756836,0.0,-1.5707964,-1.5855087041854858,5.191605567932129,0.0591493658721447,-0.011880915611982346,5.191942509356875,0.011392777431048167,5.171493053436279,-0.07195369899272919,-0.07772967964410782,-0.07195369899272919,-0.07772967964410782,-0.008168642409145832,-23.099952697753906,-0.007799043320119381,-22.79535675048828,-0.018213363364339263,-17.82970428466835,-0.0,-2.25,2.25
14.34,62.80198287963867,62.80198287963867,0.08609092235565186,0.08609092235565186,-0.0037017827853560448,-0.0037017827853560448,20.132905960083008,-30.669239044189453,0.0,-1.5707964,-1.5857521295547485,5.190125465393066,0.05841189622879028,-0.012545048259198666,5.190454151241743,0.011253953418526579,5.169808864593506,-0.07264754921197891,-0.08099684119224548,-0.07264754921197891,-0.08099684119224548,-0.00853290967643261,-23.456546783447266,-0.008168642409145832,-23.099952697753906,-0.01795007847249546,-20.405387878418402,-0.0,-2.25,2.25
14.36,62.90578079223633,62.90578079223633,0.08569004386663437,0.08569004386663437,-0.0040952786803245544,-0.0040952786803245544,20.132505416870117,-30.773040771484375,0.0,-1.5707964,-1.5860087871551514,5.188624858856201,0.05768473073840141,-0.013200300745666027,5.1889455050232405,0.011117079357211896,5.168056011199951,-0.07350359857082367,-0.08420915901660919,-0.07350359857082367,-0.08420915901660919,-0.008891911245882511,-23.864654541015625,-0.00853290967643261,-23.456546783447266,-0.017678784206508397,-22.948265075682045,-0.0,-2.25,2.25
14.38,63.00954818725586,63.00954818725586,0.08524799346923828,0.08524799346923828,-0.0044997697696089745,-0.0044997697696089745,20.132064819335938,-30.876806259155273,0.0,-1.5707964,-1.5862784385681152,5.187099933624268,0.05696822702884674,-0.013846317306160927,5.187412755921365,0.010982232352882433,5.166233062744141,-0.07451876997947693,-0.08736486732959747,-0.07451876997947693,-0.08736486732959747,-0.009245486930012703,-24.323619842529297,-0.008891911245882511,-23.864654541015625,-0.017390307039022817,-25.464057922363825,-0.0,-2.25,2.25
14.4,63.11328125,63.11328125,0.08476367592811584,0.08476367592811584,-0.004915004130452871,-0.004915004130452871,20.131580352783203,-30.980541229248047,0.0,-1.5707964,-1.586560845375061,5.185548782348633,0.056262705475091934,-0.014482765458524227,5.185853995837596,0.010849478085371502,5.164337158203125,-0.07569163292646408,-0.09046240895986557,-0.07569163292646408,-0.09046240895986557,-0.009593293070793152,-24.832901000976562,-0.009245486930012703,-24.323619842529297,-0.017091119661927587,-27.955150604248644,-0.0,-2.25,2.25
14.42,63.216983795166016,63.216983795166016,0.0842360258102417,0.0842360258102417,-0.0053406995721161366,-0.0053406995721161366,20.131052017211914,-31.084245681762695,0.0,-1.5707964,-1.5868560075759888,5.183967590332031,0.05556858703494072,-0.01510921772569418,5.184265410400778,0.010718905523096426,5.162365436553955,-0.07702086120843887,-0.09349952638149261,-0.07702086120843887,-0.09349952638149261,-0.009935115464031696,-25.392004013061523,-0.009593293070793152,-24.832901000976562,-0.016787042841315627,-30.413627624512365,-0.0,-2.25,2.25
14.44,63.320655822753906,63.320655822753906,0.08366397768259048,0.08366397768259048,-0.005776572041213512,-0.005776572041213512,20.13047981262207,-31.18791389465332,0.0,-1.5707964,-1.5871634483337402,5.1823530197143555,0.05488625541329384,-0.015725255012512207,5.182643661489355,0.010590595268610925,5.160315990447998,-0.07850344479084015,-0.09647414833307266,-0.07850344479084015,-0.09647414833307266,-0.010270856320858002,-26.000276565551758,-0.009935115464031696,-25.392004013061523,-0.01646946184337028,-32.843399047849346,-0.0,-2.25,2.25
14.46,63.424293518066406,63.424293518066406,0.08304653316736221,0.08304653316736221,-0.006222347263246775,-0.006222347263246775,20.12986183166504,-31.291549682617188,0.0,-1.5707964,-1.5874834060668945,5.180703163146973,0.05421602725982666,-0.016330549493432045,5.180986840579012,0.010464611946809673,5.158185958862305,-0.08013811707496643,-0.09938474744558334,-0.08013811707496643,-0.09938474744558334,-0.01060024555772543,-26.65714454650879,-0.010270856320858002,-26.000276565551758,-0.016151275485754357,-35.24398803711013,-0.0,-2.25,2.25
14.48,63.527896881103516,63.527896881103516,0.08238272368907928,0.08238272368907928,-0.006677720695734024,-0.006677720695734024,20.12919807434082,-31.395156860351562,0.0,-1.5707964,-1.5878151655197144,5.179013729095459,0.053558263927698135,-0.016924722120165825,5.179290655465689,0.010341033562747867,5.155972480773926,-0.08192368596792221,-0.10222938656806946,-0.08192368596792221,-0.10222938656806946,-0.01092327106744051,-27.362024307250977,-0.01060024555772543,-26.65714454650879,-0.01608701422810589,-37.80002593994221,-0.0,-2.25,2.25
14.5,63.631465911865234,63.631465911865234,0.0816715732216835,0.0816715732216835,-0.007142425514757633,-0.007142425514757633,20.12848663330078,-31.498727798461914,0.0,-1.5707964,-1.5881587266921997,5.17728328704834,0.05291321128606796,-0.017507517710328102,5.177553673529485,0.01021990996796404,5.1536736488342285,-0.08385849744081497,-0.10500697791576385,-0.08385849744081497,-0.10500697791576385,-0.01124501135200262,-28.118024826049805,-0.01092327106744051,-27.362024307250977,-0.019156979396939687,-42.49820709228606,-0.0,-2.25,2.25
14.52,63.73500061035156,63.73500061035156,0.08091216534376144,0.08091216534376144,-0.007616798859089613,-0.007616798859089613,20.127727508544922,-31.60226058959961,0.0,-1.5707964,-1.5885138511657715,5.175507545471191,0.05227804183959961,-0.018082009628415108,5.175771570199734,0.010100702876598743,5.151285648345947,-0.0859450101852417,-0.1077401265501976,-0.0859450101852417,-0.1077401265501976,-0.011628150939941406,-28.967988967895508,-0.01124501135200262,-28.118024826049805,-0.021475041285155753,-46.100997924801575,-0.0,-2.25,2.25
14.540000000000001,63.838497161865234,63.838497161865234,0.08010318875312805,0.08010318875312805,-0.008108534850180149,-0.008108534850180149,20.12691879272461,-31.70575714111328,0.0,-1.5707964,-1.5888807773590088,5.17368221282959,0.05161392316222191,-0.018689963966608047,5.173939663004728,0.009975914414779116,5.1487860679626465,-0.08822750300168991,-0.11072742938995361,-0.08822750300168991,-0.11072742938995361,-0.01205765176564455,-29.8900089263916,-0.011628150939941406,-28.967988967895508,-0.022862805053592214,-49.04384613037214,-0.0,-2.25,2.25
14.56,63.94195556640625,63.94195556640625,0.07924270629882812,0.07924270629882812,-0.008621959015727043,-0.008621959015727043,20.12605857849121,-31.80921745300293,0.0,-1.5707964,-1.5892603397369385,5.171802043914795,0.050902705639600754,-0.019347969442605972,5.172052539068284,0.0098420360295746,5.146169662475586,-0.09073492139577866,-0.11409509927034378,-0.09073492139577866,-0.11409509927034378,-0.012514907866716385,-30.870885848999023,-0.01205765176564455,-29.8900089263916,-0.023377034813166164,-51.671409606934695,-0.0,-2.25,2.25
14.58,64.04537963867188,64.04537963867188,0.07832846790552139,0.07832846790552139,-0.009158376604318619,-0.009158376604318619,20.125144958496094,-31.912641525268555,0.0,-1.5707964,-1.589653491973877,5.169862747192383,0.05014282837510109,-0.020054755732417107,5.1701059107183704,0.009698759633106901,5.143436908721924,-0.09346715360879898,-0.11783570051193237,-0.09346715360879898,-0.11783570051193237,-0.012982448562979698,-31.904314041137695,-0.012514907866716385,-30.870885848999023,-0.02318639308214237,-54.20408248901483,-0.0,-2.25,2.25
14.6,64.14876556396484,64.14876556396484,0.0773582011461258,0.0773582011461258,-0.009716854430735111,-0.009716854430735111,20.124174118041992,-32.016021728515625,0.0,-1.5707964,-1.590061068534851,5.167860984802246,0.04934357851743698,-0.020798617973923683,5.168096549696237,0.009547872753491766,5.140588283538818,-0.09641015529632568,-0.12185890972614288,-0.09641015529632568,-0.12185890972614288,-0.013446176424622536,-32.98839569091797,-0.012982448562979698,-31.904314041137695,-0.022523757070301444,-56.756019592281326,-0.0,-2.25,2.25
14.620000000000001,64.25210571289062,64.25210571289062,0.07632976770401001,0.07632976770401001,-0.010295149870216846,-0.010295149870216846,20.123146057128906,-32.11936569213867,0.0,-1.5707964,-1.5904837846755981,5.165791988372803,0.04851973056793213,-0.02156336046755314,5.16601984426996,0.009392229490202183,5.137624740600586,-0.09954127669334412,-0.12603682279586792,-0.09954127669334412,-0.12603682279586792,-0.013896651566028595,-34.12351608276367,-0.013446176424622536,-32.98839569091797,-0.021588336676359638,-59.36050415039189,-0.0,-2.25,2.25
14.64,64.35540008544922,64.35540008544922,0.07524131238460541,0.07524131238460541,-0.01089047733694315,-0.01089047733694315,20.12205696105957,-32.22266387939453,0.0,-1.5707964,-1.5909217596054077,5.163653373718262,0.047687120735645294,-0.022332852706313133,5.163873567913533,0.009234888874286515,5.1345438957214355,-0.10284142196178436,-0.13024035096168518,-0.10284142196178436,-0.13024035096168518,-0.014328418299555779,-35.310726165771484,-0.013896651566028595,-34.12351608276367,-0.020552985370159586,-62.00027465820445,-0.0,-2.25,2.25
14.66,64.45864868164062,64.45864868164062,0.07409124821424484,0.07409124821424484,-0.011500068940222263,-0.011500068940222263,20.120906829833984,-32.32590866088867,0.0,-1.5707964,-1.5913751125335693,5.161442756652832,0.04685995727777481,-0.023093456402420998,5.16165546949814,0.009078599156416027,5.131343841552734,-0.10629871487617493,-0.1343599110841751,-0.10629871487617493,-0.1343599110841751,-0.014739478006958961,-36.55073165893555,-0.014328418299555779,-35.310726165771484,-0.01952848397195381,-64.63108062744278,-0.0,-2.25,2.25
14.68,64.56185913085938,64.56185913085938,0.07287828624248505,0.07287828624248505,-0.01212152186781168,-0.01212152186781168,20.119693756103516,-32.42911911010742,0.0,-1.5707964,-1.5918433666229248,5.159156799316406,0.04604925587773323,-0.02383522503077984,5.15936230690379,0.008925495935182218,5.128021240234375,-0.10990794003009796,-0.1383163183927536,-0.10990794003009796,-0.1383163183927536,-0.01513004768639803,-37.843353271484375,-0.014739478006958961,-36.55073165893555,-0.018580863252280887,-67.20523834228062,-0.0,-2.25,2.25
14.700000000000001,64.66502380371094,64.66502380371094,0.07160136103630066,0.07160136103630066,-0.012752950191497803,-0.012752950191497803,20.118417739868164,-32.53228759765625,0.0,-1.5707964,-1.592326283454895,5.156792640686035,0.04526250436902046,-0.02455192618072033,5.156991277221187,0.008777033561595314,5.124573707580566,-0.11366608738899231,-0.14206154644489288,-0.11366608738899231,-0.14206154644489288,-0.015501664951443672,-39.18745803833008,-0.01513004768639803,-37.843353271484375,-0.017852243036032105,-69.18582916259913,-0.0,-2.25,2.25
14.72,64.76813507080078,64.76813507080078,0.07025957852602005,0.07025957852602005,-0.01339300163090229,-0.01339300163090229,20.117074966430664,-32.63539123535156,0.0,-1.5707964,-1.5928235054016113,5.1543474197387695,0.04450394585728645,-0.025240493938326836,5.154539545348797,0.00863403964741407,5.120998859405518,-0.11757276207208633,-0.14557471871376038,-0.11757276207208633,-0.14557471871376038,-0.015858709812164307,-40.57117462158203,-0.015501664951443672,-39.18745803833008,-0.018600560724735656,-65.96546173095844,-0.0,-2.25,2.25
14.74,64.8711929321289,64.8711929321289,0.06885215640068054,0.06885215640068054,-0.014041051268577576,-0.014041051268577576,20.11566734313965,-32.73844909667969,0.0,-1.5707964,-1.5933339595794678,5.15181827545166,0.043773896992206573,-0.02590167336165905,5.152004240811104,0.00849658145400202,5.1172990798950195,-0.12162549048662186,-0.14886577427387238,-0.12162549048662186,-0.14886577427387238,-0.016230721026659012,-41.89048385620117,-0.015858709812164307,-40.57117462158203,-0.018336530774832164,-62.72678375244274,-0.0,-2.25,2.25
14.76,64.97420501708984,64.97420501708984,0.06737823039293289,0.06737823039293289,-0.014700045809149742,-0.014700045809149742,20.114194869995117,-32.84146499633789,0.0,-1.5707964,-1.593857765197754,5.149203300476074,0.043055158108472824,-0.026554502546787262,5.149383300578181,0.008361323536452287,5.113518714904785,-0.12579360604286194,-0.15207840502262115,-0.12579360604286194,-0.15207840502262115,-0.016597451642155647,-43.14501953125,-0.016230721026659012,-41.89048385620117,-0.017260201275347498,-59.825134277339714,-0.0,-2.25,2.25
14.780000000000001,65.07715606689453,65.07715606689453,0.06583678722381592,0.06583678722381592,-0.015369903296232224,-0.015369903296232224,20.112651824951172,-32.944419860839844,0.0,-1.5707964,-1.5943944454193115,5.146503925323486,0.04234730079770088,-0.027198022231459618,5.14667814684918,0.008228176977912189,5.109683513641357,-0.12998811900615692,-0.15521983802318573,-0.12998811900615692,-0.15521983802318573,-0.01694265566766262,-44.341522216796875,-0.016597451642155647,-43.14501953125,-0.015680864453316068,-57.448196411134035,-0.0,-2.25,2.25
14.8,65.1800537109375,65.1800537109375,0.06422687321901321,0.06422687321901321,-0.016048599034547806,-0.016048599034547806,20.111042022705078,-33.04730987548828,0.0,-1.5707964,-1.5949437618255615,5.143721580505371,0.04165933281183243,-0.02782142348587513,5.143890278550564,0.008098887413812664,5.105806827545166,-0.13412734866142273,-0.1582229733467102,-0.13412734866142273,-0.1582229733467102,-0.017256272956728935,-45.49048614501953,-0.01694265566766262,-44.341522216796875,-0.013878382742405234,-55.671501159669155,-0.0,-2.25,2.25
14.82,65.28289794921875,65.28289794921875,0.06254781037569046,0.06254781037569046,-0.016733288764953613,-0.016733288764953613,20.109363555908203,-33.15015411376953,0.0,-1.5707964,-1.5955054759979248,5.1408610343933105,0.0410032756626606,-0.028411654755473137,5.141024551931116,0.007975785755609716,5.101892471313477,-0.13815461099147797,-0.16099956631660461,-0.13815461099147797,-0.16099956631660461,-0.017533840611577034,-46.60391616821289,-0.017256272956728935,-45.49048614501953,-0.012060906738043088,-54.473495483399596,-0.0,-2.25,2.25
14.84,65.38568115234375,65.38568115234375,0.060799211263656616,0.060799211263656616,-0.017421087250113487,-0.017421087250113487,20.107614517211914,-33.25293731689453,0.0,-1.5707964,-1.5960785150527954,5.137924671173096,0.04039004445075989,-0.028957746922969818,5.138083425007801,0.007860997398924612,5.097939968109131,-0.1420457810163498,-0.16347333788871765,-0.1420457810163498,-0.16347333788871765,-0.01777505874633789,-47.69338607788086,-0.017533840611577034,-46.60391616821289,-0.010395515710115655,-53.79409790039177,-0.0,-2.25,2.25
14.86,65.48839569091797,65.48839569091797,0.05898096784949303,0.05898096784949303,-0.018109532073140144,-0.018109532073140144,20.105796813964844,-33.355655670166016,0.0,-1.5707964,-1.596661925315857,5.134916305541992,0.03982739523053169,-0.02945261262357235,5.135070757675289,0.0077560361722208955,5.093945503234863,-0.14579859375953674,-0.16559554636478424,-0.14579859375953674,-0.16559554636478424,-0.0179829690605402,-48.76926803588867,-0.01777505874633789,-47.69338607788086,-0.008951779454945914,-53.549575805660446,-0.0,-2.25,2.25
14.88,65.59104919433594,65.59104919433594,0.05709318816661835,0.05709318816661835,-0.018796874210238457,-0.018796874210238457,20.10390853881836,-33.458309173583984,0.0,-1.5707964,-1.5972548723220825,5.131837844848633,0.039318911731243134,-0.029893681406974792,5.131988468677652,0.007661610435345972,5.089902400970459,-0.14942778646945953,-0.16735120117664337,-0.14942778646945953,-0.16735120117664337,-0.01816200464963913,-49.84025955200195,-0.0179829690605402,-48.76926803588867,-0.00776685774326341,-53.65886688232536,-0.0,-2.25,2.25
14.9,65.69364166259766,65.69364166259766,0.055136147886514664,0.055136147886514664,-0.01948203518986702,-0.01948203518986702,20.101951599121094,-33.5609016418457,0.0,-1.5707964,-1.5978561639785767,5.128690242767334,0.03886452317237854,-0.030282096937298775,5.128837495711701,0.007577720127180108,5.085805892944336,-0.15295709669589996,-0.16875387728214264,-0.15295709669589996,-0.16875387728214264,-0.018317341804504395,-50.91343688964844,-0.01816200464963913,-49.84025955200195,-0.006816908717155602,-54.04491424560662,-0.0,-2.25,2.25
14.92,65.7961654663086,65.7961654663086,0.05311019718647003,0.05311019718647003,-0.020164592191576958,-0.020164592191576958,20.099925994873047,-33.66342544555664,0.0,-1.5707964,-1.5984647274017334,5.12547492980957,0.03846115991473198,-0.030621809884905815,5.125619232534583,0.007503780345197636,5.081648826599121,-0.1564125120639801,-0.16983895003795624,-0.1564125120639801,-0.16983895003795624,-0.018453679978847504,-51.99433517456055,-0.018317341804504395,-50.91343688964844,-0.006623193621635578,-54.95586395263789,-0.0,-2.25,2.25
14.94,65.89862823486328,65.89862823486328,0.05101571977138519,0.05101571977138519,-0.020844558253884315,-0.020844558253884315,20.09783172607422,-33.76588821411133,0.0,-1.5707964,-1.5990798473358154,5.122192859649658,0.03810396045446396,-0.030918262898921967,5.122334585249997,0.007438856491394119,5.077425479888916,-0.15982215106487274,-0.17065326869487762,-0.15982215106487274,-0.17065326869487762,-0.018586143851280212,-53.09345245361328,-0.018453679978847504,-51.99433517456055,-0.012092757970093864,-58.8737487792929,-0.0,-2.25,2.25
14.96,66.00102996826172,66.00102996826172,0.04885302484035492,0.04885302484035492,-0.02152353525161743,-0.02152353525161743,20.09566879272461,-33.868289947509766,0.0,-1.5707964,-1.5997005701065063,5.118842601776123,0.03778072074055672,-0.03118443861603737,5.118982024252266,0.007380581445392309,5.073128700256348,-0.16321933269500732,-0.17129723727703094,-0.16321933269500732,-0.17129723727703094,-0.018827999010682106,-54.27092742919922,-0.018586143851280212,-53.09345245361328,-0.016233418136835445,-61.341285705567714,-0.0,-2.25,2.25
14.98,66.10335540771484,66.10335540771484,0.04662169888615608,0.04662169888615608,-0.02221621200442314,-0.02221621200442314,20.09343719482422,-33.97061538696289,0.0,-1.5707964,-1.6003268957138062,5.115420818328857,0.0374167263507843,-0.03150011971592903,5.115557658750714,0.007314365799593175,5.068727016448975,-0.16671399772167206,-0.17234688997268677,-0.16671399772167206,-0.17234688997268677,-0.019152667373418808,-55.49775314331055,-0.018827999010682106,-54.27092742919922,-0.0188109464943413,-63.029861450196655,-0.0,-2.25,2.25
15.0,66.20561218261719,66.20561218261719,0.04432011768221855,0.04432011768221855,-0.022930976003408432,-0.022930976003408432,20.091136932373047,-34.072872161865234,0.0,-1.5707964,-1.6009604930877686,5.111923694610596,0.03697572648525238,-0.03189832717180252,5.112057419852633,0.007233105160060319,5.064213752746582,-0.17036274075508118,-0.17405597865581512,-0.17036274075508118,-0.17405597865581512,-0.019528886303305626,-56.75835037231445,-0.019152667373418808,-55.49775314331055,-0.019918475300074047,-64.45121765136857,-0.0,-2.25,2.25
15.02,66.30779266357422,66.30779266357422,0.04194602370262146,0.04194602370262146,-0.02367081306874752,-0.02367081306874752,20.088762283325195,-34.175052642822266,0.0,-1.5707964,-1.6016026735305786,5.108346939086914,0.036451052874326706,-0.032380275428295135,5.108476987256994,0.007135465674772248,5.05958890914917,-0.17417012155056,-0.1764378696680069,-0.17417012155056,-0.1764378696680069,-0.0199272558093071,-58.0473747253418,-0.019528886303305626,-56.75835037231445,-0.019863806664942356,-65.93418121337446,-0.0,-2.25,2.25
15.040000000000001,66.40990447998047,66.40990447998047,0.039497047662734985,0.039497047662734985,-0.024434776976704597,-0.024434776976704597,20.086313247680664,-34.277164459228516,0.0,-1.5707964,-1.60225510597229,5.104689121246338,0.03585553169250488,-0.032928500324487686,5.104815045006397,0.00702392274805699,5.054853916168213,-0.17811456322669983,-0.17935575544834137,-0.17811456322669983,-0.17935575544834137,-0.020324531942605972,-59.366058349609375,-0.0199272558093071,-58.0473747253418,-0.018995162099600244,-67.64278411865378,-0.0,-2.25,2.25
15.06,66.5119400024414,66.5119400024414,0.03697102144360542,0.03697102144360542,-0.02521955594420433,-0.02521955594420433,20.083786010742188,-34.37919998168945,0.0,-1.5707964,-1.6029188632965088,5.100947856903076,0.03521181643009186,-0.03351765125989914,5.101069388947811,0.006902885137655605,5.050008773803711,-0.18216970562934875,-0.1826050728559494,-0.18216970562934875,-0.1826050728559494,-0.02070443518459797,-60.71891403198242,-0.020324531942605972,-59.366058349609375,-0.01785857602953949,-69.41566467285304,-0.0,-2.25,2.25
15.08,66.61389923095703,66.61389923095703,0.034366171807050705,0.034366171807050705,-0.026020795106887817,-0.026020795106887817,20.0811824798584,-34.48115921020508,0.0,-1.5707964,-1.603594422340393,5.097121715545654,0.034545235335826874,-0.034121669828891754,5.097238777649276,0.00677729674791392,5.045050621032715,-0.18631382286548615,-0.18597230315208435,-0.18631382286548615,-0.18597230315208435,-0.02106160670518875,-62.10722732543945,-0.02070443518459797,-60.71891403198242,-0.016946252435446146,-70.89195251464994,-0.0,-2.25,2.25
15.1,66.71578216552734,66.71578216552734,0.03168115019798279,0.03168115019798279,-0.026834549382328987,-0.026834549382328987,20.0784969329834,-34.58304214477539,0.0,-1.5707964,-1.604282259941101,5.093209743499756,0.033876579254865646,-0.034720826894044876,5.093322404276295,0.0066512241605108284,5.039976596832275,-0.19054089486598969,-0.18929122388362885,-0.19054089486598969,-0.18929122388362885,-0.021400531753897667,-63.52506637573242,-0.02106160670518875,-62.10722732543945,-0.015785358846186526,-72.44625091552246,-0.0,-2.25,2.25
15.120000000000001,66.81758117675781,66.81758117675781,0.02891496941447258,0.02891496941447258,-0.02765834331512451,-0.02765834331512451,20.07573127746582,-34.68484115600586,0.0,-1.5707964,-1.6049816608428955,5.089210033416748,0.033217646181583405,-0.03530542552471161,5.0893184392654724,0.006526980465580424,5.034788608551025,-0.1948504000902176,-0.19247446954250336,-0.1948504000902176,-0.19247446954250336,-0.02171623893082142,-64.97399139404297,-0.021400531753897667,-63.52506637573242,-0.014500599354505848,-74.08294677734533,-0.0,-2.25,2.25
15.14,66.9192886352539,66.9192886352539,0.026066889986395836,0.026066889986395836,-0.028489602729678154,-0.028489602729678154,20.07288360595703,-34.78655242919922,0.0,-1.5707964,-1.605692744255066,5.085121154785156,0.032579466700553894,-0.035866059362888336,5.085225519138165,0.006406734461722107,5.029483795166016,-0.199237659573555,-0.19544602930545807,-0.199237659573555,-0.19544602930545807,-0.02200625091791153,-66.45565032958984,-0.02171623893082142,-64.97399139404297,-0.013198796659708304,-75.79689025879068,-0.0,-2.25,2.25
15.16,67.02091979980469,67.02091979980469,0.02313644252717495,0.02313644252717495,-0.029326023533940315,-0.029326023533940315,20.0699520111084,-34.888179779052734,0.0,-1.5707964,-1.6064146757125854,5.080941677093506,0.03197108209133148,-0.03639513626694679,5.081042262776,0.006292270642307463,5.02406120300293,-0.20370368659496307,-0.198149174451828,-0.20370368659496307,-0.198149174451828,-0.02227022685110569,-67.97158813476562,-0.02200625091791153,-66.45565032958984,-0.01195222139358546,-77.55393981933759,-0.0,-2.25,2.25
15.18,67.1224594116211,67.1224594116211,0.020123377442359924,0.020123377442359924,-0.030165649950504303,-0.030165649950504303,20.066938400268555,-34.98971939086914,0.0,-1.5707964,-1.6071468591690063,5.076670169830322,0.03139890357851982,-0.03688756376504898,5.076767269078913,0.006184861762686592,5.018518447875977,-0.208247572183609,-0.20054996013641357,-0.208247572183609,-0.20054996013641357,-0.022509271278977394,-69.52266693115234,-0.02227022685110569,-67.97158813476562,-0.010805949568747746,-79.33425903319777,-0.0,-2.25,2.25
15.200000000000001,67.22391510009766,67.22391510009766,0.017027635127305984,0.017027635127305984,-0.03100697323679924,-0.03100697323679924,20.0638427734375,-35.09117889404297,0.0,-1.5707964,-1.6078885793685913,5.072304725646973,0.030866684392094612,-0.03734075650572777,5.072398641868162,0.006085262037403012,5.012853622436523,-0.21287190914154053,-0.20263610780239105,-0.21287190914154053,-0.20263610780239105,-0.022725390270352364,-71.1093521118164,-0.022509271278977394,-69.52266693115234,-0.010263267904520253,-80.96504211425953,-0.0,-2.25,2.25
15.22,67.32527923583984,67.32527923583984,0.013849291950464249,0.013849291950464249,-0.03184891492128372,-0.03184891492128372,20.060665130615234,-35.19253921508789,0.0,-1.5707964,-1.6086390018463135,5.067843914031982,0.03037579543888569,-0.03775426745414734,5.067934946893019,0.0059937583322866245,5.007063865661621,-0.21758216619491577,-0.2044133096933365,-0.21758216619491577,-0.2044133096933365,-0.022930655628442764,-72.72865295410156,-0.022725390270352364,-71.1093521118164,-0.012905895709991731,-81.60591125488455,-0.0,-2.25,2.25
15.24,67.42655181884766,67.42655181884766,0.010588477365672588,0.010588477365672588,-0.03269194811582565,-0.03269194811582565,20.057403564453125,-35.29381561279297,0.0,-1.5707964,-1.609397530555725,5.0632853507995605,0.029920093715190887,-0.03813537582755089,5.063373752314691,0.005909156484418018,5.001148700714111,-0.2223874032497406,-0.20594380795955658,-0.2223874032497406,-0.20594380795955658,-0.023188773542642593,-74.36077117919922,-0.022930655628442764,-72.72865295410156,-0.014521274715662311,-81.50825500488455,-0.0,-2.25,2.25
15.26,67.52772521972656,67.52772521972656,0.007244963198900223,0.007244963198900223,-0.033543992787599564,-0.033543992787599564,20.054059982299805,-35.394989013671875,0.0,-1.5707964,-1.6101635694503784,5.0586256980896,0.02945811115205288,-0.03852861002087593,5.058711469701068,0.0058232768995216885,4.995114326477051,-0.2273230403661728,-0.20755743980407715,-0.2273230403661728,-0.20755743980407715,-0.023479199036955833,-75.99093627929688,-0.023188773542642593,-74.36077117919922,-0.015083141624926502,-81.13250732421328,-0.0,-2.25,2.25
15.280000000000001,67.6288070678711,67.6288070678711,0.003817907767370343,0.003817907767370343,-0.03440878540277481,-0.03440878540277481,20.050634384155273,-35.49606704711914,0.0,-1.5707964,-1.6109379529953003,5.053863048553467,0.028972890228033066,-0.03894874081015587,5.053946096062195,0.005732757804414653,4.9889702796936035,-0.23236918449401855,-0.20937906205654144,-0.23236918449401855,-0.20937906205654144,-0.023780861869454384,-77.61358642578125,-0.023479199036955833,-75.99093627929688,-0.014740042388439492,-80.80482482910328,-0.0,-2.25,2.25
15.3,67.72978973388672,67.72978973388672,0.00030624138889834285,0.00030624138889834285,-0.03528674319386482,-0.03528674319386482,20.047122955322266,-35.597049713134766,0.0,-1.5707964,-1.6117208003997803,5.048996925354004,0.02846491150557995,-0.039391908794641495,5.049077163543968,0.005637676226640453,4.982722759246826,-0.23748481273651123,-0.21139205992221832,-0.23748481273651123,-0.21139205992221832,-0.024075662717223167,-79.22968292236328,-0.023780861869454384,-77.61358642578125,-0.01430418342351944,-76.19590759277506,-0.0,-2.25,2.25
15.32,67.8306655883789,67.8306655883789,-0.003291042987257242,-0.003291042987257242,-0.03617606312036514,-0.03617606312036514,20.04352569580078,-35.69792556762695,0.0,-1.5707964,-1.6125125885009766,5.044028282165527,0.027945075184106827,-0.039844535291194916,5.0441056926389605,0.005540172994558644,4.976376056671143,-0.24262750148773193,-0.2134997546672821,-0.24262750148773193,-0.2134997546672821,-0.02436174638569355,-80.75360107421875,-0.024075662717223167,-79.22968292236328,-0.012751761823892866,-72.55439758300936,-0.0,-2.25,2.25
15.34,67.93144226074219,67.93144226074219,-0.006974772550165653,-0.006974772550165653,-0.037075161933898926,-0.037075161933898926,20.039840698242188,-35.79869842529297,0.0,-1.5707964,-1.6133134365081787,5.038957118988037,0.027421999722719193,-0.04029707983136177,5.039031733683467,0.005441945302556107,4.969969272613525,-0.24774189293384552,-0.21562767028808594,-0.24774189293384552,-0.21562767028808594,-0.024616781622171402,-82.2046890258789,-0.02436174638569355,-80.75360107421875,-0.010833796113729708,-69.63806152343898,-0.0,-2.25,2.25
15.36,68.03211212158203,68.03211212158203,-0.010745510458946228,-0.010745510458946228,-0.037980157881975174,-0.037980157881975174,20.036069869995117,-35.89937210083008,0.0,-1.5707964,-1.6141232252120972,5.033788204193115,0.026914453133940697,-0.04072955623269081,5.033860156228145,0.005346708198930535,4.963517189025879,-0.2527441680431366,-0.2176273614168167,-0.2527441680431366,-0.2176273614168167,-0.02483345754444599,-83.59745025634766,-0.024616781622171402,-82.2046890258789,-0.00880416482686937,-67.42782592772983,-0.0,-2.25,2.25
15.38,68.13267517089844,68.13267517089844,-0.014603421092033386,-0.014603421092033386,-0.03888706862926483,-0.03888706862926483,20.03221321105957,-35.999935150146484,0.0,-1.5708017,-1.6149466037750244,5.028526306152344,0.02643958292901516,-0.04112493619322777,5.02859581426183,0.005257870333440368,4.957025051116943,-0.2575812339782715,-0.2193703055381775,-0.2575812339782715,-0.2193703055381775,-0.02500954084098339,-84.94600677490234,-0.02483345754444599,-83.59745025634766,-0.011107791215181587,-67.23480224609519,-0.0,-2.25,2.25
15.4,68.23312377929688,68.23312377929688,-0.018544917926192284,-0.018544917926192284,-0.03962448984384537,-0.03962448984384537,20.028263092041016,-36.10038375854492,0.0,-1.571013,-1.61581552028656,5.023174285888672,0.026010507717728615,-0.04147119075059891,5.023241627965442,0.005178055502386402,4.950491428375244,-0.26223355531692505,-0.22076556086540222,-0.26223355531692505,-0.22076556086540222,-0.025231696665287018,-86.29070281982422,-0.02500954084098339,-84.94600677490234,-0.023724604398012668,-70.06912231445462,-0.004182577,-2.25,2.25
15.42,68.33348083496094,68.33348083496094,-0.022539576515555382,-0.022539576515555382,-0.039948370307683945,-0.039948370307683945,20.024219512939453,-36.200721740722656,0.0,-1.5716428,-1.6166901588439941,5.017734050750732,0.025585884228348732,-0.041815098375082016,5.0177992827070215,0.005099047144079546,4.943899631500244,-0.2667717933654785,-0.22214534878730774,-0.2667717933654785,-0.22214534878730774,-0.02570618875324726,-87.69208526611328,-0.025231696665287018,-86.29070281982422,-0.044291466474534025,-73.56262207031406,-0.008364121,-2.25,2.25
15.44,68.4337387084961,68.4337387084961,-0.02654709666967392,-0.02654709666967392,-0.0398908369243145,-0.0398908369243145,20.020078659057617,-36.30094909667969,0.0,-1.5726911,-1.6175731420516968,5.0121989250183105,0.025017205625772476,-0.0423147976398468,5.012261358362314,0.004991222067264179,4.9372124671936035,-0.2714100778102875,-0.22464966773986816,-0.2714100778102875,-0.22464966773986816,-0.026592018082737923,-89.16333770751953,-0.02570618875324726,-87.69208526611328,-0.07006553933023933,-76.31301879882298,-0.0125415325,-2.25,2.25
15.46,68.53390502929688,68.53390502929688,-0.030531052500009537,-0.030531052500009537,-0.03949686884880066,-0.03949686884880066,20.01583480834961,-36.40106201171875,0.0,-1.5741564,-1.6184688806533813,5.006557941436768,0.02410980686545372,-0.043167345225811005,5.006615993238412,0.00481560800408775,4.930397987365723,-0.27639052271842957,-0.2297181338071823,-0.27639052271842957,-0.2297181338071823,-0.027993328869342804,-90.6895980834961,-0.026592018082737923,-89.16333770751953,-0.09845504537224979,-77.68325805664229,-0.01671513,-2.25,2.25
15.48,68.63397216796875,68.63397216796875,-0.03445977717638016,-0.03445977717638016,-0.0388152152299881,-0.0388152152299881,20.011478424072266,-36.50104904174805,0.0,-1.5760378,-1.6193863153457642,5.000795364379883,0.022670160979032516,-0.04455910995602608,5.000846749561732,0.004533280014805188,4.923436641693115,-0.2819160521030426,-0.2387108951807022,-0.2819160521030426,-0.2387108951807022,-0.029962429776787758,-92.2432632446289,-0.027993328869342804,-90.6895980834961,-0.1282482407987145,-77.12745666504071,-0.020884594,-2.25,2.25
15.5,68.73394775390625,68.73394775390625,-0.038306448608636856,-0.038306448608636856,-0.03789182007312775,-0.03789182007312775,20.00699806213379,-36.600914001464844,0.0,-1.578334,-1.6203373670578003,4.994896411895752,0.02053671143949032,-0.04663703963160515,4.994938630462421,0.004111515840263729,4.916323661804199,-0.2881249487400055,-0.25267645716667175,-0.2881249487400055,-0.25267645716667175,-0.03252739459276199,-93.78581237792969,-0.029962429776787758,-92.2432632446289,-0.1576062291860614,-74.69406127929847,-0.025050243,-2.25,2.25
15.52,68.83383178710938,68.83383178710938,-0.04204871505498886,-0.04204871505498886,-0.036767978221178055,-0.036767978221178055,20.00237274169922,-36.700653076171875,0.0,-1.581044,-1.6213366985321045,4.98884391784668,0.01758476160466671,-0.049508266150951385,4.988874909283305,0.003524802352702053,4.909064769744873,-0.2951042950153351,-0.27233195304870605,-0.2951042950153351,-0.27233195304870605,-0.035679519176483154,-95.27969360351562,-0.03252739459276199,-93.78581237792969,-0.18493346869944277,-70.91712951659677,-0.029212078,-2.25,2.25
15.540000000000001,68.93363189697266,68.93363189697266,-0.045668091624975204,-0.045668091624975204,-0.03547744080424309,-0.03547744080424309,19.99757957458496,-36.80026626586914,0.0,-1.5841666,-1.6224008798599243,4.982621192932129,0.013736407272517681,-0.05323231965303421,4.98264012759713,0.0027568566705215695,4.901670932769775,-0.3028818666934967,-0.29800698161125183,-0.3028818666934967,-0.29800698161125183,-0.03937818855047226,-96.69803619384766,-0.035679519176483154,-95.27969360351562,-0.20305085927248434,-53.03344726562613,-0.033370417,-2.25,2.25
15.56,69.03334045410156,69.03334045410156,-0.04914913326501846,-0.04914913326501846,-0.03404480218887329,-0.03404480218887329,19.992595672607422,-36.899742126464844,0.0,-1.5877008,-1.6235469579696655,4.976214408874512,0.008963977918028831,-0.05781979113817215,4.9762224825655075,0.0018013629409291466,4.8941545486450195,-0.3114379644393921,-0.3296394646167755,-0.3114379644393921,-0.3296394646167755,-0.04343920573592186,-97.75870513916016,-0.03937818855047226,-96.69803619384766,-0.21662935614586337,-31.753158569336616,-0.03752494,-2.25,2.25
15.58,69.13294982910156,69.13294982910156,-0.05247792601585388,-0.05247792601585388,-0.03247104212641716,-0.03247104212641716,19.987394332885742,-36.99907302856445,0.0,-1.5916451,-1.6247910261154175,4.969620227813721,0.003353826003149152,-0.0631646141409874,4.969621359504581,0.0006748655511379287,4.88663911819458,-0.3204859495162964,-0.36630773544311523,-0.3204859495162964,-0.36630773544311523,-0.047771792858839035,-98.39376831054688,-0.04343920573592186,-97.75870513916016,-0.2295270562171985,-13.724517822265918,-0.04167533,-2.25,2.25
15.6,69.23246765136719,69.23246765136719,-0.055640432983636856,-0.055640432983636856,-0.030749883502721786,-0.030749883502721786,19.981952667236328,-37.0982551574707,0.0,-1.5959988,-1.6261476278305054,4.962845802307129,-0.0029828744009137154,-0.0691458135843277,4.962846698722133,-0.0006010410479283672,4.879225730895996,-0.32963788509368896,-0.4069589376449585,-0.32963788509368896,-0.4069589376449585,-0.05236233398318291,-98.66825866699219,-0.047771792858839035,-98.39376831054688,-0.24233032017944608,1.785659790038942,-0.045821905,-2.25,2.25
15.620000000000001,69.3318862915039,69.3318862915039,-0.058622196316719055,-0.058622196316719055,-0.02887813188135624,-0.02887813188135624,19.976240158081055,-37.19728088378906,0.0,-1.6007596,-1.6276277303695679,4.955902576446533,-0.00996105745434761,-0.07567887008190155,4.955912586990916,-0.002009935402683477,4.871951580047607,-0.33862146735191345,-0.4508076012134552,-0.33862146735191345,-0.4508076012134552,-0.057208940386772156,-98.6325454711914,-0.05236233398318291,-98.66825866699219,-0.25531928986311503,15.500640869140955,-0.04996435,-2.25,2.25
15.64,69.43121337890625,69.43121337890625,-0.06140867620706558,-0.06140867620706558,-0.02685599960386753,-0.02685599960386753,19.97023582458496,-37.29615783691406,0.0,-1.6059276,-1.62924325466156,4.948801517486572,-0.01751997508108616,-0.08270826190710068,4.9488325299007885,-0.003540231271170579,4.86482048034668,-0.34731894731521606,-0.4973078668117523,-0.34731894731521606,-0.4973078668117523,-0.06231532618403435,-98.3225326538086,-0.057208940386772156,-98.6325454711914,-0.2685310319066105,28.050994873047472,-0.054102976,-2.25,2.25
15.66,69.53044128417969,69.53044128417969,-0.06398556381464005,-0.06398556381464005,-0.024686725810170174,-0.024686725810170174,19.963916778564453,-37.394859313964844,0.0,-1.6115005,-1.6310029029846191,4.941550254821777,-0.02561856433749199,-0.0901995301246643,4.941616661758365,-0.005184270826393948,4.857824325561523,-0.3557299077510834,-0.5461028218269348,-0.3557299077510834,-0.5461028218269348,-0.06768594682216644,-97.76151275634766,-0.06231532618403435,-98.3225326538086,-0.28191618621349934,39.903640747071165,-0.058237474,-2.25,2.25
15.68,69.62957763671875,69.62957763671875,-0.06633905321359634,-0.06633905321359634,-0.0223758053034544,-0.0223758053034544,19.957258224487305,-37.49341583251953,0.0,-1.6174784,-1.632917046546936,4.93415641784668,-0.034229576587677,-0.0981316864490509,4.934275146330102,-0.006937158978598442,4.850950241088867,-0.36392006278038025,-0.5969669222831726,-0.36392006278038025,-0.5969669222831726,-0.07332427054643631,-96.96343994140625,-0.06768594682216644,-97.76151275634766,-0.2961952239274779,64.86015319823781,-0.062368155,-2.25,2.25
15.700000000000001,69.72860717773438,69.72860717773438,-0.0684560239315033,-0.0684560239315033,-0.019930195063352585,-0.019930195063352585,19.950233459472656,-37.5917854309082,0.0,-1.6238577,-1.6349927186965942,4.926623821258545,-0.043334681540727615,-0.1064915806055069,4.926814403934492,-0.008795793136194855,4.8441877365112305,-0.3719862699508667,-0.6497584581375122,-0.3719862699508667,-0.6497584581375122,-0.07924817502498627,-95.6662368774414,-0.07332427054643631,-96.96343994140625,-0.30948109924793904,88.7928009033222,-0.06649438,-2.25,2.25
15.72,69.82752990722656,69.82752990722656,-0.07032422721385956,-0.07032422721385956,-0.017359638586640358,-0.017359638586640358,19.94281768798828,-37.68997573852539,0.0,-1.6306388,-1.6372385025024414,4.918957710266113,-0.052929528057575226,-0.11527904123067856,4.9192424711866805,-0.010759898440543814,4.837642669677734,-0.3799569308757782,-0.7044517397880554,-0.3799569308757782,-0.7044517397880554,-0.08543779700994492,-93.890380859375,-0.07924817502498627,-95.6662368774414,-0.3219075500965187,111.46812438965081,-0.07061616,-2.25,2.25
15.74,69.92634582519531,69.92634582519531,-0.07193238288164139,-0.07193238288164139,-0.014671768061816692,-0.014671768061816692,19.934986114501953,-37.787986755371094,0.0,-1.6378187,-1.639663815498352,4.911169528961182,-0.06299995630979538,-0.12448053061962128,4.911573590682708,-0.012827189253055177,4.8313703536987305,-0.3877110779285431,-0.760947048664093,-0.3877110779285431,-0.760947048664093,-0.09187594801187515,-91.66101837158203,-0.08543779700994492,-93.890380859375,-0.3291696310043405,138.93928527832327,-0.074733496,-2.25,2.25
15.76,70.02505493164062,70.02505493164062,-0.07326996326446533,-0.07326996326446533,-0.011872815899550915,-0.011872815899550915,19.926712036132812,-37.885799407958984,0.0,-1.6453977,-1.6422761678695679,4.90327262878418,-0.0735262930393219,-0.13407622277736664,4.903823874075437,-0.01499422697751466,4.825396537780762,-0.39513763785362244,-0.8191050887107849,-0.39513763785362244,-0.8191050887107849,-0.09845934063196182,-88.88223266601562,-0.09187594801187515,-91.66101837158203,-0.3416884690522917,172.07946777342588,-0.07884637,-2.25,2.25
15.780000000000001,70.12364959716797,70.12364959716797,-0.07432670146226883,-0.07432670146226883,-0.008958292193710804,-0.008958292193710804,19.917964935302734,-37.98342514038086,0.0,-1.6533748,-1.6450860500335693,4.895290851593018,-0.08444060385227203,-0.14399456977844238,4.896019070353916,-0.017247643313100403,4.819783687591553,-0.4019571840763092,-0.8784209489822388,-0.4019571840763092,-0.8784209489822388,-0.10529311001300812,-85.44064331054688,-0.09845934063196182,-88.88223266601562,-0.35363771021366874,204.97856140137156,-0.08295449,-2.25,2.25
15.8,70.22212219238281,70.22212219238281,-0.07509253174066544,-0.07509253174066544,-0.005938041023910046,-0.005938041023910046,19.90872573852539,-38.080833435058594,0.0,-1.6617473,-1.6480963230133057,4.887241363525391,-0.09574862569570541,-0.15424762666225433,4.888179205458423,-0.019589042372989533,4.81462287902832,-0.4081849753856659,-0.9389781355857849,-0.4081849753856659,-0.9389781355857849,-0.11236586421728134,-81.34107208251953,-0.10529311001300812,-85.44064331054688,-0.3646343946456987,235.2935791015675,-0.08705751,-2.25,2.25
15.82,70.32048034667969,70.32048034667969,-0.07555835694074631,-0.07555835694074631,-0.002820400521159172,-0.002820400521159172,19.89896011352539,-38.178043365478516,0.0,-1.6705132,-1.6513152122497559,4.879144668579102,-0.1074480339884758,-0.16483500599861145,4.880327630080982,-0.0220183406846652,4.809971809387207,-0.41372427344322205,-1.000792384147644,-0.41372427344322205,-1.000792384147644,-0.11965855211019516,-76.63520050048828,-0.11236586421728134,-81.34107208251953,-0.3761652857065281,259.8693847656305,-0.09115577,-2.25,2.25
15.84,70.41870880126953,70.41870880126953,-0.07571588456630707,-0.07571588456630707,0.0003883820027112961,0.0003883820027112961,19.888648986816406,-38.27503204345703,0.0,-1.6796695,-1.654747724533081,4.871025562286377,-0.11952683329582214,-0.17574499547481537,4.872491836044986,-0.02453340681845156,4.805850028991699,-0.41847461462020874,-1.0638014078140259,-0.41847461462020874,-1.0638014078140259,-0.12718185782432556,-71.43781280517578,-0.11965855211019516,-76.63520050048828,-0.3871455788612104,283.6410522460746,-0.09524862,-2.25,2.25
15.860000000000001,70.51680755615234,70.51680755615234,-0.07555750757455826,-0.07555750757455826,0.0036806445568799973,0.0036806445568799973,19.877765655517578,-38.371803283691406,0.0,-1.689215,-1.658401370048523,4.862905979156494,-0.13198071718215942,-0.1869751214981079,4.864696647461576,-0.027133637085021412,4.8022284507751465,-0.4224865734577179,-1.1280020475387573,-0.4224865734577179,-1.1280020475387573,-0.1349247694015503,-65.7649917602539,-0.12718185782432556,-71.43781280517578,-0.39426684379578475,315.14034271240905,-0.099336065,-2.25,2.25
15.88,70.61478424072266,70.61478424072266,-0.07507637143135071,-0.07507637143135071,0.007049966603517532,0.007049966603517532,19.86627769470215,-38.468345642089844,0.0,-1.6991493,-1.662282109260559,4.854804039001465,-0.14479970932006836,-0.19851712882518768,4.856962961864555,-0.029817227100733538,4.79909086227417,-0.4258542060852051,-1.1933461427688599,-0.4258542060852051,-1.1933461427688599,-0.14281010627746582,-59.46218490600586,-0.1349247694015503,-65.7649917602539,-0.40099099278450867,350.84171295166766,-0.10341843,-2.25,2.25
15.9,70.7126235961914,70.7126235961914,-0.07426594197750092,-0.07426594197750092,0.010497920215129852,0.010497920215129852,19.854158401489258,-38.564659118652344,0.0,-1.7094679,-1.666395664215088,4.846746444702148,-0.15793782472610474,-0.21032431721687317,4.849319071345185,-0.03257483322601702,4.796502113342285,-0.42844030261039734,-1.2595096826553345,-0.42844030261039734,-1.2595096826553345,-0.15082992613315582,-52.445350646972656,-0.14281010627746582,-59.46218490600586,-0.4084952175617305,379.52480316162917,-0.10749507,-2.25,2.25
15.92,70.81033325195312,70.81033325195312,-0.07311958074569702,-0.07311958074569702,0.014025162905454636,0.014025162905454636,19.84138298034668,-38.660736083984375,0.0,-1.7201716,-1.6707475185394287,4.838761329650879,-0.1713578999042511,-0.22236236929893494,4.841794577962219,-0.03539879475491684,4.794543266296387,-0.4301096200942993,-1.3262518644332886,-0.4301096200942993,-1.3262518644332886,-0.15899983048439026,-44.854854583740234,-0.15082992613315582,-52.445350646972656,-0.41658654808998996,402.2064208984461,-0.111566305,-2.25,2.25
15.94,70.90789794921875,70.90789794921875,-0.07163073867559433,-0.07163073867559433,0.017629310488700867,0.017629310488700867,19.827922821044922,-38.75657272338867,0.0,-1.731256,-1.6753417253494263,4.83087682723999,-0.1850404143333435,-0.23461705446243286,4.834419393774289,-0.03828497498672744,4.793214321136475,-0.4308476150035858,-1.3934787511825562,-0.4308476150035858,-1.3934787511825562,-0.16733156144618988,-36.810726165771484,-0.15899983048439026,-44.854854583740234,-0.4402868449687661,384.7756385802963,-0.1156315,-2.25,2.25
15.96,71.00531768798828,71.00531768798828,-0.06979315727949142,-0.06979315727949142,0.02130606211721897,0.02130606211721897,19.81375503540039,-38.85215377807617,0.0,-1.7427192,-1.680181860923767,4.823114395141602,-0.19897595047950745,-0.24708501994609833,4.82721699299828,-0.04123128069130662,4.792473793029785,-0.4307892322540283,-1.4611785411834717,-0.4307892322540283,-1.4611785411834717,-0.1761372983455658,-29.11521339416504,-0.16733156144618988,-36.810726165771484,-0.4704162478447061,356.3260078430252,-0.11969066,-2.25,2.25
15.98,71.10259246826172,71.10259246826172,-0.06760229170322418,-0.06760229170322418,0.025019051507115364,0.025019051507115364,19.79884910583496,-38.947479248046875,0.0,-1.7545596,-1.685274362564087,4.815445899963379,-0.21330119669437408,-0.259921133518219,4.82016769583646,-0.04426627595054852,4.791962146759033,-0.4313393831253052,-1.5304595232009888,-0.4313393831253052,-1.5304595232009888,-0.18554562330245972,-21.988693237304688,-0.1761372983455658,-29.11521339416504,-0.5044631659984696,305.8578491211003,-0.12374377,-2.25,2.25
16.0,71.19971466064453,71.19971466064453,-0.06505805999040604,-0.06505805999040604,0.028656158596277237,0.028656158596277237,19.78317642211914,-39.04254913330078,0.0,-1.766668,-1.6905896663665771,4.8078083992004395,-0.2281675487756729,-0.2732856571674347,4.813219508160477,-0.047422123638272085,4.7913618087768555,-0.43409785628318787,-1.6024842262268066,-0.43409785628318787,-1.6024842262268066,-0.1956348866224289,-15.871536254882812,-0.18554562330245972,-21.988693237304688,-0.5280934274196737,270.5332756042538,-0.125,-2.25,2.25
16.02,71.29664611816406,71.29664611816406,-0.06218262016773224,-0.06218262016773224,0.0318804606795311,0.0318804606795311,19.766706466674805,-39.1373291015625,0.0,-1.7787844,-1.696175456047058,4.800110340118408,-0.2437114119529724,-0.28731486201286316,4.806293221353413,-0.05072848432065564,4.790278434753418,-0.4406093657016754,-1.6782357692718506,-0.4406093657016754,-1.6782357692718506,-0.20619675517082214,-10.460870742797852,-0.1956348866224289,-15.871536254882812,-0.5433857440948602,258.8936805725153,-0.125,-2.25,2.25
16.04,71.39338684082031,71.39338684082031,-0.0590195506811142,-0.0590195506811142,0.034644149243831635,0.034644149243831635,19.749406814575195,-39.23181915283203,0.0,-1.7908772,-1.7020468711853027,4.7922773361206055,-0.2599300444126129,-0.3019900321960449,4.799321378516295,-0.05418626227863226,4.788579940795898,-0.4512614905834198,-1.7575737237930298,-0.4512614905834198,-1.7575737237930298,-0.21706447005271912,-5.282997131347656,-0.20619675517082214,-10.460870742797852,-0.5530059337616084,263.0157412029859,-0.125,-2.25,2.25
16.06,71.48993682861328,71.48993682861328,-0.05561379715800285,-0.05561379715800285,0.03694979101419449,0.03694979101419449,19.731239318847656,-39.32600021362305,0.0,-1.8029457,-1.7082157135009766,4.784257888793945,-0.27674371004104614,-0.3172158896923065,4.79225527570625,-0.057780260361776754,4.78636360168457,-0.4656568169593811,-1.8397719860076904,-0.4656568169593811,-1.8397719860076904,-0.22812458872795105,-0.02268230728805065,-0.21706447005271912,-5.282997131347656,-0.5575634539126478,287.1686994097678,-0.125,-2.25,2.25
16.080000000000002,71.58629608154297,71.58629608154297,-0.05200957506895065,-0.05200957506895065,0.03880840912461281,0.03880840912461281,19.71216583251953,-39.41986083984375,0.0,-1.8149905,-1.7146929502487183,4.776024341583252,-0.29404401779174805,-0.332874596118927,4.785067439001758,-0.06148907940877052,4.783801555633545,-0.4829865097999573,-1.9239212274551392,-0.4829865097999573,-1.9239212274551392,-0.23927585780620575,5.720691680908203,-0.22812458872795105,-0.02268230728805065,-0.559779256582272,318.98713111878124,-0.125,-2.25,2.25
16.1,71.68246459960938,71.68246459960938,-0.048249658197164536,-0.048249658197164536,0.04023655503988266,0.04023655503988266,19.692153930664062,-39.51338195800781,0.0,-1.8270116,-1.7214868068695068,4.767576217651367,-0.3117092251777649,-0.3488404154777527,4.777755292203216,-0.06528814513914571,4.781152248382568,-0.5021697878837585,-2.009059190750122,-0.5021697878837585,-2.009059190750122,-0.25047144293785095,12.100434303283691,-0.23927585780620575,5.720691680908203,-0.5602553486824156,354.52828407288354,-0.125,-2.25,2.25
16.12,71.7784423828125,71.7784423828125,-0.044375061988830566,-0.044375061988830566,0.04125059396028519,0.04125059396028519,19.67116928100586,-39.60654830932617,0.0,-1.839009,-1.7286028861999512,4.758930683135986,-0.3296320140361786,-0.36500799655914307,4.770333165678336,-0.06915552702880963,4.778629302978516,-0.5221947431564331,-2.094386339187622,-0.5221947431564331,-2.094386339187622,-0.261676549911499,19.19099998474121,-0.25047144293785095,12.100434303283691,-0.5591824650764584,392.35115051270367,-0.125,-2.25,2.25
16.14,71.87422943115234,71.87422943115234,-0.040425073355436325,-0.040425073355436325,0.04186607524752617,0.04186607524752617,19.64918327331543,-39.6993408203125,0.0,-1.8509821,-1.7360438108444214,4.750117301940918,-0.3477206528186798,-0.38129091262817383,4.762827315218884,-0.07307220434257779,4.776397705078125,-0.5422235131263733,-2.1792662143707275,-0.5422235131263733,-2.1792662143707275,-0.27286019921302795,27.038022994995117,-0.261676549911499,19.19099998474121,-0.55656284093858,431.3149452209565,-0.125,-2.25,2.25
16.16,71.96979522705078,71.96979522705078,-0.03643733263015747,-0.03643733263015747,0.042097996920347214,0.042097996920347214,19.62615394592285,-39.79169845581055,0.0,-1.8629278,-1.7438082695007324,4.741175651550293,-0.3658961355686188,-0.3976174294948578,4.755273550583331,-0.07702146894908778,4.7745842933654785,-0.5615947246551514,-2.2631938457489014,-0.5615947246551514,-2.2631938457489014,-0.2839914560317993,35.66432189941406,-0.27286019921302795,27.038022994995117,-0.5522310733795284,470.4591751098733,-0.125,-2.25,2.25
16.18,72.0651626586914,72.0651626586914,-0.032447848469018936,-0.032447848469018936,0.04196111857891083,0.04196111857891083,19.602066040039062,-39.883636474609375,0.0,-1.8748491,-1.7518997192382812,4.732151508331299,-0.3840888738632202,-0.41392603516578674,4.7477133612748466,-0.08098826648564822,4.773289680480957,-0.5797958970069885,-2.3457610607147217,-0.5797958970069885,-2.3457610607147217,-0.29503607749938965,45.07350540161133,-0.2839914560317993,35.66432189941406,-0.5458682775497553,508.9139938354601,-0.125,-2.25,2.25
16.2,72.16033935546875,72.16033935546875,-0.028491005301475525,-0.028491005301475525,0.041470833122730255,0.041470833122730255,19.576904296875,-39.97513198852539,0.0,-1.8867459,-1.7603167295455933,4.72309684753418,-0.4022347033023834,-0.43016132712364197,4.740193728923752,-0.0849583407511569,4.772593975067139,-0.5964130163192749,-2.426621675491333,-0.5964130163192749,-2.426621675491333,-0.3059534430503845,55.25178527832031,-0.29503607749938965,45.07350540161133,-0.5365222692489738,547.4166870117305,-0.125,-2.25,2.25
16.22,72.25532531738281,72.25532531738281,-0.024599483236670494,-0.024599483236670494,0.04064362868666649,0.04064362868666649,19.550640106201172,-40.06617736816406,0.0,-1.898619,-1.7690587043762207,4.714067459106445,-0.4202713966369629,-0.4462698698043823,4.732764525711953,-0.08891752506777843,4.772563457489014,-0.6110883951187134,-2.5054588317871094,-0.6110883951187134,-2.5054588317871094,-0.31668388843536377,66.20011901855469,-0.3059534430503845,55.25178527832031,-0.5186975002288008,597.0958709715864,-0.125,-2.25,2.25
16.240000000000002,72.3501205444336,72.3501205444336,-0.020804114639759064,-0.020804114639759064,0.03949882090091705,0.03949882090091705,19.52326011657715,-40.15672302246094,0.0,-1.9104686,-1.778119683265686,4.705127716064453,-0.43813127279281616,-0.46219274401664734,4.7254826035736235,-0.09285008008873993,4.773264408111572,-0.6234241724014282,-2.5819287300109863,-0.6234241724014282,-2.5819287300109863,-0.3270578384399414,78.14203643798828,-0.31668388843536377,66.20011901855469,-0.4946038126945601,638.6066436767715,-0.125,-2.25,2.25
16.26,72.4447250366211,72.4447250366211,-0.017133262008428574,-0.017133262008428574,0.03806745260953903,0.03806745260953903,19.494741439819336,-40.24677276611328,0.0,-1.9222945,-1.7874966859817505,4.6963701248168945,-0.4557035565376282,-0.4778248965740204,4.718427500843231,-0.09673031619154569,4.774863243103027,-0.6324376463890076,-2.6553726196289062,-0.6324376463890076,-2.6553726196289062,-0.3369499146938324,90.91416931152344,-0.3270578384399414,78.14203643798828,-0.46186149120331793,668.5741424560689,-0.125,-2.25,2.25
16.28,72.53915405273438,72.53915405273438,-0.013611948117613792,-0.013611948117613792,0.036386966705322266,0.036386966705322266,19.46507453918457,-40.33629608154297,0.0,-1.9340975,-1.7971826791763306,4.687906742095947,-0.47286275029182434,-0.4930492043495178,4.711694897083446,-0.1005286121725719,4.777434825897217,-0.6371355652809143,-2.7250540256500244,-0.6371355652809143,-2.7250540256500244,-0.34618714451789856,104.28565216064453,-0.3369499146938324,90.91416931152344,-0.428275763988504,680.3127288818505,-0.125,-2.25,2.25
16.3,72.63341522216797,72.63341522216797,-0.01026115845888853,-0.01026115845888853,0.034504108130931854,0.034504108130931854,19.43424415588379,-40.42528533935547,0.0,-1.9458807,-1.8071677684783936,4.679867267608643,-0.4894564747810364,-0.5077223181724548,4.705393212382984,-0.10420881952378015,4.780981540679932,-0.6364775896072388,-2.790070056915283,-0.6364775896072388,-2.790070056915283,-0.35475265979766846,117.89190673828125,-0.34618714451789856,104.28565216064453,-0.396068394184121,669.6685791015768,-0.125,-2.25,2.25
16.32,72.72753143310547,72.72753143310547,-0.007097537163645029,-0.007097537163645029,0.03246123343706131,0.03246123343706131,19.402238845825195,-40.51373291015625,0.0,-1.9576448,-1.8174415826797485,4.67236328125,-0.5053665041923523,-0.5217419266700745,4.699614232629404,-0.1077419439431848,4.78540563583374,-0.6303336024284363,-2.8498294353485107,-0.6303336024284363,-2.8498294353485107,-0.3626740276813507,131.2852783203125,-0.35475265979766846,117.89190673828125,-0.3596141934394913,654.840087890639,-0.125,-2.25,2.25
16.34,72.82150268554688,72.82150268554688,-0.004133956506848335,-0.004133956506848335,0.030293690040707588,0.030293690040707588,19.369041442871094,-40.601627349853516,0.0,-1.9693913,-1.8279896974563599,4.665476322174072,-0.5205150246620178,-0.5350490212440491,4.694422776408811,-0.11110791484028869,4.7905120849609375,-0.6193361878395081,-2.904078960418701,-0.6193361878395081,-2.904078960418701,-0.3698663115501404,144.382080078125,-0.3626740276813507,131.2852783203125,-0.32151937484741894,614.0548706054818,-0.125,-2.25,2.25
16.36,72.91534423828125,72.91534423828125,-0.0013798337895423174,-0.0013798337895423174,0.02804003469645977,0.02804003469645977,19.33464241027832,-40.68894958496094,0.0,-1.981122,-1.8387972116470337,4.659282207489014,-0.5348154902458191,-0.5475715398788452,4.689876149498041,-0.11428478168734381,4.7961883544921875,-0.6038661599159241,-2.9525065422058105,-0.6038661599159241,-2.9525065422058105,-0.3762966990470886,156.66317749023438,-0.3698663115501404,144.382080078125,-0.2963066101074282,570.4322814941528,-0.125,-2.25,2.25
16.38,73.00907897949219,73.00907897949219,0.0011589624918997288,0.0011589624918997288,0.025737769901752472,0.025737769901752472,19.299060821533203,-40.775699615478516,0.0,-1.9928389,-1.8498477935791016,4.653838634490967,-0.5481923222541809,-0.5592463612556458,4.68601417604121,-0.11725326485159664,4.802181720733643,-0.5844779014587402,-2.9948909282684326,-0.5844779014587402,-2.9948909282684326,-0.38222283124923706,168.0718231201172,-0.3762966990470886,156.66317749023438,-0.270271301269537,530.0186157226675,-0.125,-2.25,2.25
16.4,73.10272216796875,73.10272216796875,0.0034790935460478067,0.0034790935460478067,0.023400314152240753,0.023400314152240753,19.262298583984375,-40.86188507080078,0.0,-2.0045443,-1.8611254692077637,4.6491312980651855,-0.560676097869873,-0.5701240301132202,4.682817475983008,-0.12001842954911712,4.808332443237305,-0.5632327198982239,-3.0318222045898438,-0.5632327198982239,-3.0318222045898438,-0.3876282572746277,178.6721954345703,-0.38222283124923706,168.0718231201172,-0.24338513612743387,490.99731445304826,-0.125,-2.25,2.25
16.42,73.19628143310547,73.19628143310547,0.0055784257128834724,0.0055784257128834724,0.021042359992861748,0.021042359992861748,19.2243595123291,-40.94749069213867,0.0,-2.016239,-1.8726134300231934,4.645143032073975,-0.5722854733467102,-0.5802330374717712,4.680263288686766,-0.12258311280133971,4.8145670890808105,-0.5411668419837952,-3.0637471675872803,-0.5411668419837952,-3.0637471675872803,-0.3924959599971771,188.4921417236328,-0.3876282572746277,178.6721954345703,-0.21451860666275482,454.87213134766597,-0.125,-2.25,2.25
16.44,73.28977966308594,73.28977966308594,0.007456161547452211,0.007456161547452211,0.018680021166801453,0.018680021166801453,19.185245513916016,-41.03251647949219,0.0,-2.027926,-1.884297490119934,4.64185905456543,-0.5830298662185669,-0.5895867943763733,4.678330824915432,-0.12494834335966995,4.820845603942871,-0.5187200307846069,-3.090998649597168,-0.5187200307846069,-3.090998649597168,-0.39678633213043213,197.58958435058594,-0.3924959599971771,188.4921417236328,-0.16068369150162085,421.33102416993086,-0.125,-2.25,2.25
16.46,73.38322448730469,73.38322448730469,0.00911303423345089,0.00911303423345089,0.016332432627677917,0.016332432627677917,19.144956588745117,-41.1169548034668,0.0,-2.039607,-1.896162748336792,4.639273166656494,-0.5929037928581238,-0.5981793403625488,4.677006566431624,-0.1271119539204727,4.82716178894043,-0.49587947130203247,-3.1137583255767822,-0.49587947130203247,-3.1137583255767822,-0.4000000059604645,206.01620483398438,-0.39678633213043213,197.58958435058594,0.0,382.5241088867269,-0.125,-2.25,2.25
16.48,73.47663116455078,73.47663116455078,0.010553008876740932,0.010553008876740932,0.014058470726013184,0.014058470726013184,19.103511810302734,-41.200801849365234,0.0,-2.0512826,-1.9081904888153076,4.637479305267334,-0.6017348766326904,-0.6058202981948853,4.676355329585098,-0.12903380298302486,4.833544731140137,-0.47004443407058716,-3.1309025287628174,-0.47004443407058716,-3.1309025287628174,-0.4000000059604645,213.66668701171875,-0.4000000059604645,206.01620483398438,0.0,308.62350463867847,-0.125,-2.25,2.25
16.5,73.57001495361328,73.57001495361328,0.011792043223977089,0.011792043223977089,0.012087106704711914,0.012087106704711914,19.060901641845703,-41.28404998779297,0.0,-2.0629551,-1.9203537702560425,4.636983871459961,-0.6086520552635193,-0.6115618944168091,4.676759214301749,-0.1305141928434205,4.840065956115723,-0.42927566170692444,-3.1360199451446533,-0.42927566170692444,-3.1360199451446533,-0.4000000059604645,219.8391571044922,-0.4000000059604645,213.66668701171875,0.0,271.6468811035214,-0.125,-2.25,2.25
16.52,73.66339874267578,73.66339874267578,0.012856468558311462,0.012856468558311462,0.0103616276755929,0.0103616276755929,19.017147064208984,-41.366722106933594,0.0,-2.0746286,-1.932620882987976,4.637531757354736,-0.6140643954277039,-0.6159185767173767,4.6780098206615275,-0.13164608569232195,4.846527099609375,-0.38655856251716614,-3.1328442096710205,-0.38655856251716614,-3.1328442096710205,-0.4000000059604645,225.2720947265625,-0.4000000059604645,219.8391571044922,0.0,242.8565979003958,-0.125,-2.25,2.25
16.54,73.75682067871094,73.75682067871094,0.013767549768090248,0.013767549768090248,0.008834943175315857,0.008834943175315857,18.972278594970703,-41.44884490966797,0.0,-2.0863059,-1.9449684619903564,4.638914585113525,-0.6182937622070312,-0.6192666292190552,4.679937574836134,-0.13250320241365482,4.853039264678955,-0.3473094403743744,-3.124211311340332,-0.3473094403743744,-3.124211311340332,-0.4000000059604645,230.1292266845703,-0.4000000059604645,225.2720947265625,0.0,218.4524536132859,-0.125,-2.25,2.25
16.56,73.85027313232422,73.85027313232422,0.014542382210493088,0.014542382210493088,0.007468029856681824,0.007468029856681824,18.92632293701172,-41.53040313720703,0.0,-2.0979877,-1.957375407218933,4.64097261428833,-0.6215957403182983,-0.6218786835670471,4.68241476921429,-0.13314414006494546,4.859667778015137,-0.3131628930568695,-3.1122629642486572,-0.3131628930568695,-3.1122629642486572,-0.4000000059604645,234.49827575683594,-0.4000000059604645,230.1292266845703,0.0,196.4324951171568,-0.125,-2.25,2.25
16.580000000000002,73.94376373291016,73.94376373291016,0.01519461628049612,0.01519461628049612,0.006228655576705933,0.006228655576705933,18.879289627075195,-41.61140441894531,0.0,-2.109674,-1.9698296785354614,4.643583297729492,-0.6241739988327026,-0.6239516139030457,4.6853451339011425,-0.13361558203931945,4.866431713104248,-0.2841373682022095,-3.098597764968872,-0.2841373682022095,-3.098597764968872,-0.4000000059604645,238.4269256591797,-0.4000000059604645,234.49827575683594,0.0,176.00784301758188,-0.125,-2.25,2.25
16.6,74.03731536865234,74.03731536865234,0.0157350804656744,0.0157350804656744,0.005090340971946716,0.005090340971946716,18.83119010925293,-41.691856384277344,0.0,-2.121368,-1.9823229312896729,4.6466522216796875,-0.6261911392211914,-0.6256282329559326,4.688655693488264,-0.13395476754344718,4.873318195343018,-0.25966858863830566,-3.084383726119995,-0.25966858863830566,-3.084383726119995,-0.4000000059604645,241.94708251953125,-0.4000000059604645,238.4269256591797,0.0,155.31845092773767,-0.125,-2.25,2.25
16.62,74.13092803955078,74.13092803955078,0.016172299161553383,0.016172299161553383,0.004031628370285034,0.004031628370285034,18.78203010559082,-41.7717399597168,0.0,-2.1330695,-1.9948465824127197,4.65010404586792,-0.627776026725769,-0.6270125508308411,4.69228839449674,-0.13419125823827135,4.880295753479004,-0.23906554281711578,-3.0704476833343506,-0.23906554281711578,-3.0704476833343506,-0.4000000059604645,245.05345153808594,-0.4000000059604645,241.94708251953125,0.0,135.67123413086227,-0.125,-2.25,2.25
16.64,74.22461700439453,74.22461700439453,0.016512935981154442,0.016512935981154442,0.003035217523574829,0.003035217523574829,18.7318172454834,-41.85106658935547,0.0,-2.1447809,-2.007397174835205,4.6538777351379395,-0.6290300488471985,-0.628180742263794,4.696195989943919,-0.13434837915300984,4.887313365936279,-0.22169677913188934,-3.0573513507843018,-0.22169677913188934,-3.0573513507843018,-0.4000000059604645,247.76687622070312,-0.4000000059604645,245.05345153808594,0.0,116.88537597656499,-0.125,-2.25,2.25
16.66,74.31837463378906,74.31837463378906,0.016762159764766693,0.016762159764766693,0.0020873546600341797,0.0020873546600341797,18.680540084838867,-41.92979431152344,0.0,-2.1565,-2.0199689865112305,4.657922267913818,-0.6300328373908997,-0.6291890740394592,4.700338416552391,-0.13444454434633632,4.894322872161865,-0.20704787969589233,-3.0454514026641846,-0.20704787969589233,-3.0454514026641846,-0.4000000059604645,250.10458374023438,-0.4000000059604645,247.76687622070312,0.0,98.85330200195523,-0.125,-2.25,2.25
16.68,74.41221618652344,74.41221618652344,0.01692396216094494,0.01692396216094494,0.0011771619319915771,0.0011771619319915771,18.628223419189453,-42.0079345703125,0.0,-2.1682305,-2.032559394836426,4.66219425201416,-0.6308460235595703,-0.6300792694091797,4.704680855164864,-0.13449411872988484,4.901281356811523,-0.19471102952957153,-3.034951686859131,-0.19471102952957153,-3.034951686859131,-0.4000000059604645,252.08164978027344,-0.4000000059604645,250.10458374023438,0.0,82.27005004882987,-0.125,-2.25,2.25
16.7,74.50614166259766,74.50614166259766,0.01700139418244362,0.01700139418244362,0.0002961457066703588,0.0002961457066703588,18.57487678527832,-42.085479736328125,0.0,-2.179971,-2.045166492462158,4.666656017303467,-0.6315170526504517,-0.630882203578949,4.709192305653165,-0.134508281563695,4.908151149749756,-0.1843658834695816,-3.0259435176849365,-0.1843658834695816,-3.0259435176849365,-0.4000000059604645,253.72705078125,-0.4000000059604645,252.08164978027344,0.0,67.94128417968895,-0.125,-2.25,2.25
16.72,74.60016632080078,74.60016632080078,0.01699678599834442,0.01699678599834442,-0.0005622804164886475,-0.0005622804164886475,18.5205020904541,-42.16243362426758,0.0,-2.1917245,-2.057790994644165,4.671275615692139,-0.6320822834968567,-0.6316207051277161,4.713845976574815,-0.13449568528929778,4.914904594421387,-0.17575781047344208,-3.0184385776519775,-0.17575781047344208,-3.0184385776519775,-0.4000000059604645,255.08587646484375,-0.4000000059604645,253.72705078125,0.0,54.19616699217903,-0.125,-2.25,2.25
16.740000000000002,74.69428253173828,74.69428253173828,0.016911905258893967,0.016911905258893967,-0.001403212547302246,-0.001403212547302246,18.465110778808594,-42.238773345947266,0.0,-2.2034886,-2.070429563522339,4.676024436950684,-0.6325693130493164,-0.6323119401931763,4.718617220200389,-0.13446301874660183,4.921530246734619,-0.16867050528526306,-3.0123934745788574,-0.16867050528526306,-3.0123934745788574,-0.4000000059604645,256.1697998046875,-0.4000000059604645,255.08587646484375,0.0,41.081237792969624,-0.125,-2.25,2.25
16.76,74.78849792480469,74.78849792480469,0.016748081892728806,0.016748081892728806,-0.0022305697202682495,-0.0022305697202682495,18.40871238708496,-42.314483642578125,0.0,-2.2152658,-2.083081007003784,4.680878162384033,-0.6329990029335022,-0.6329683661460876,4.723484742094393,-0.13441541185949415,4.928014755249023,-0.16292035579681396,-3.0077288150787354,-0.16292035579681396,-3.0077288150787354,-0.4000000059604645,256.9914245605469,-0.4000000059604645,256.1697998046875,0.007313489913940586,28.66058349609436,-0.125,-2.25,2.25
16.78,74.88280487060547,74.88280487060547,0.016506318002939224,0.016506318002939224,-0.003047361969947815,-0.003047361969947815,18.351306915283203,-42.38955307006836,0.0,-2.2270544,-2.095745086669922,4.68581485748291,-0.6333869695663452,-0.6335993409156799,4.728428907345866,-0.13435680794829286,4.934342861175537,-0.1583547443151474,-3.004344940185547,-0.1583547443151474,-3.004344940185547,-0.39985373616218567,257.56463623046875,-0.4000000059604645,256.9914245605469,0.01823902130126992,15.391540527344079,-0.125,-2.25,2.25
16.8,74.97721862792969,74.97721862792969,0.016187844797968864,0.016187844797968864,-0.003843337297439575,-0.003843337297439575,18.29290199279785,-42.4639778137207,0.0,-2.2388558,-2.1084208488464355,4.690844535827637,-0.6336916089057922,-0.6341528296470642,4.7334540786302775,-0.13427825085738251,4.9405083656311035,-0.15408894419670105,-3.0017242431640625,-0.15408894419670105,-3.0017242431640625,-0.3994889557361603,257.8724670410156,-0.39985373616218567,257.56463623046875,0.02810060977935851,0.6973266601562649,-0.125,-2.25,2.25
16.82,75.07173919677734,75.07173919677734,0.01579505018889904,0.01579505018889904,-0.004603356122970581,-0.004603356122970581,18.233491897583008,-42.53773880004883,0.0,-2.250671,-2.121107339859009,4.695987224578857,-0.6338542699813843,-0.6345628499984741,4.738572279598727,-0.13416697660139418,4.946501731872559,-0.14940933883190155,-2.999260663986206,-0.14940933883190155,-2.999260663986206,-0.3989269435405731,257.88641357421875,-0.3994889557361603,257.8724670410156,0.03673881292343218,-14.945983886719068,-0.125,-2.25,2.25
16.84,75.16636657714844,75.16636657714844,0.015331627801060677,0.015331627801060677,-0.00531578017398715,-0.00531578017398715,18.173078536987305,-42.610816955566406,0.0,-2.262499,-2.133800745010376,4.7012505531311035,-0.6338367462158203,-0.6347904801368713,4.743786017957489,-0.13401490092177648,4.9523091316223145,-0.1442308872938156,-2.9965507984161377,-0.1442308872938156,-2.9965507984161377,-0.3981921672821045,257.5874938964844,-0.3989269435405731,257.88641357421875,0.04416853189468478,-31.07910156250066,-0.125,-2.25,2.25
16.86,75.26110076904297,75.26110076904297,0.014802266843616962,0.014802266843616962,-0.005972058046609163,-0.005972058046609163,18.111696243286133,-42.68320083618164,0.0,-2.274341,-2.1464955806732178,4.706632137298584,-0.6336170434951782,-0.6348168849945068,4.749090084811974,-0.13381764454012351,4.95791482925415,-0.13874031603336334,-2.9933507442474365,-0.13874031603336334,-2.9933507442474365,-0.3973087966442108,256.9659118652344,-0.3981921672821045,257.5874938964844,0.05041509866714585,-47.33428955078226,-0.125,-2.25,2.25
16.88,75.35594940185547,75.35594940185547,0.014212366193532944,0.014212366193532944,-0.0065664201974868774,-0.0065664201974868774,18.04934310913086,-42.75490951538086,0.0,-2.2861974,-2.1591901779174805,4.712122440338135,-0.633186399936676,-0.6346371173858643,4.754473988760795,-0.1335738105904714,4.963301658630371,-0.13321338593959808,-2.989536762237549,-0.13321338593959808,-2.989536762237549,-0.3963004946708679,256.01922607421875,-0.3973087966442108,256.9659118652344,0.055569410324097866,-63.4109497070326,-0.125,-2.25,2.25
16.9,75.45091247558594,75.45091247558594,0.013567808084189892,0.013567808084189892,-0.0070952619425952435,-0.0070952619425952435,17.98603630065918,-42.82590866088867,0.0,-2.2980676,-2.1718788146972656,4.717706203460693,-0.6325456500053406,-0.6342558860778809,4.759922879786203,-0.13328416914708793,4.968453884124756,-0.12792909145355225,-2.9850735664367676,-0.12792909145355225,-2.9850735664367676,-0.395189106464386,254.75100708007812,-0.3963004946708679,256.01922607421875,0.05971342325209638,-79.09011840819076,-0.125,-2.25,2.25
16.92,75.5459976196289,75.5459976196289,0.01287475973367691,0.01287475973367691,-0.0075569599866867065,-0.0075569599866867065,17.92177963256836,-42.896217346191406,0.0,-2.309953,-2.1845593452453613,4.723363399505615,-0.6317029595375061,-0.6336846351623535,4.765418180273132,-0.1329511447117013,4.9733567237854,-0.1231321394443512,-2.9799880981445312,-0.1231321394443512,-2.9799880981445312,-0.39399483799934387,253.16920471191406,-0.395189106464386,254.75100708007812,0.06293803453445569,-94.20852661133013,-0.125,-2.25,2.25
16.94,75.64119720458984,75.64119720458984,0.012139523401856422,0.012139523401856422,-0.007951095700263977,-0.007951095700263977,17.85658836364746,-42.96580123901367,0.0,-2.321853,-2.1972262859344482,4.729071617126465,-0.6306717395782471,-0.6329386234283447,4.770939656190777,-0.13257830416027974,4.977995872497559,-0.11901836097240448,-2.9743475914001465,-0.11901836097240448,-2.9743475914001465,-0.3927360773086548,251.2850341796875,-0.39399483799934387,253.16920471191406,0.06531178951263567,-108.65173339843982,-0.125,-2.25,2.25
16.96,75.73651123046875,75.73651123046875,0.011368407867848873,0.011368407867848873,-0.00827859342098236,-0.00827859342098236,17.79047966003418,-43.03466033935547,0.0,-2.3337672,-2.209876537322998,4.73480749130249,-0.6294687986373901,-0.6320357322692871,4.7764665756343545,-0.13216992464545874,4.982359886169434,-0.11573489755392075,-2.9682440757751465,-0.11573489755392075,-2.9682440757751465,-0.3914298415184021,249.11199951171875,-0.3927360773086548,251.2850341796875,0.06688088178634786,-122.34497070312761,-0.125,-2.25,2.25
16.98,75.83194732666016,75.83194732666016,0.01056762970983982,0.01056762970983982,-0.008541181683540344,-0.008541181683540344,17.723459243774414,-43.102779388427734,0.0,-2.345697,-2.2225072383880615,4.740545749664307,-0.628113329410553,-0.6309949159622192,4.7819766163421935,-0.13173080367535583,4.98643684387207,-0.11338744312524796,-2.961782932281494,-0.11338744312524796,-2.961782932281494,-0.39009222388267517,246.66510009765625,-0.3914298415184021,249.11199951171875,0.06780624389648582,-135.21270751953412,-0.125,-2.25,2.25
17.0,75.92750549316406,75.92750549316406,0.00974323321133852,0.00974323321133852,-0.008741430938243866,-0.008741430938243866,17.65553092956543,-43.170169830322266,0.0,-2.3576417,-2.235116958618164,4.746261119842529,-0.6266260743141174,-0.6298360228538513,4.787447634673321,-0.1312660290116242,4.990216255187988,-0.11204954981803894,-2.9550764560699463,-0.11204954981803894,-2.9550764560699463,-0.3887360990047455,243.96084594726562,-0.39009222388267517,246.66510009765625,0.0681713223457351,-147.22747802734688,-0.125,-2.25,2.25
17.02,76.02317810058594,76.02317810058594,0.008901029825210571,0.008901029825210571,-0.008882217109203339,-0.008882217109203339,17.586715698242188,-43.2368049621582,0.0,-2.369601,-2.2477025985717773,4.751928806304932,-0.6250277161598206,-0.6285781860351562,4.792857918419716,-0.1307806302018902,4.993690013885498,-0.11175663769245148,-2.948230743408203,-0.11175663769245148,-2.948230743408203,-0.3873726725578308,241.01629638671875,-0.3887360990047455,243.96084594726562,0.06801784038543846,-158.38775634765963,-0.125,-2.25,2.25
17.04,76.11897277832031,76.11897277832031,0.008046572096645832,0.008046572096645832,-0.008966684341430664,-0.008966684341430664,17.51700782775879,-43.30266189575195,0.0,-2.3815749,-2.2602620124816895,4.757525444030762,-0.6233384609222412,-0.6272395849227905,4.798187072995905,-0.13027946655811098,4.996849536895752,-0.11251768469810486,-2.941343069076538,-0.11251768469810486,-2.941343069076538,-0.38601231575012207,237.84854125976562,-0.3873726725578308,241.01629638671875,0.06741583347320701,-168.68057250976923,-0.125,-2.25,2.25
17.06,76.21488189697266,76.21488189697266,0.007185114547610283,0.007185114547610283,-0.008998259902000427,-0.008998259902000427,17.44643211364746,-43.36774826049805,0.0,-2.393564,-2.2727949619293213,4.763028144836426,-0.6215776801109314,-0.6258371472358704,4.803415026927822,-0.12976718058890607,4.999689102172852,-0.11432415246963501,-2.9345011711120605,-0.11432415246963501,-2.9345011711120605,-0.38466399908065796,234.4749298095703,-0.38601231575012207,237.84854125976562,0.06643235683440124,-178.10440063473777,-0.125,-2.25,2.25
17.080000000000002,76.31090545654297,76.31090545654297,0.006321611348539591,0.006321611348539591,-0.008980371057987213,-0.008980371057987213,17.37500762939453,-43.43204879760742,0.0,-2.405567,-2.285299062728882,4.768415451049805,-0.6197636723518372,-0.624386727809906,4.808522946121558,-0.12924812496068352,5.002202987670898,-0.11715410649776459,-2.927780866622925,-0.11715410649776459,-2.927780866622925,-0.3833353519439697,230.912841796875,-0.38466399908065796,234.4749298095703,0.06506741046905656,-186.66687011719148,-0.125,-2.25,2.25
17.1,76.40704345703125,76.40704345703125,0.005460699554532766,0.005460699554532766,-0.00891655683517456,-0.00891655683517456,17.302736282348633,-43.49556350708008,0.0,-2.4175842,-2.29777455329895,4.7736663818359375,-0.6179133653640747,-0.6229029893875122,4.813492251179611,-0.1287263294117108,5.004386901855469,-0.12097328901290894,-2.921246290206909,-0.12097328901290894,-2.921246290206909,-0.3820340037345886,227.17950439453125,-0.3833353519439697,230.912841796875,0.06297826766967908,-195.17135620117602,-0.125,-2.25,2.25
17.12,76.50328826904297,76.50328826904297,0.004606693517416716,0.004606693517416716,-0.008810378611087799,-0.008810378611087799,17.229646682739258,-43.55826950073242,0.0,-2.4296145,-2.3102192878723145,4.778762340545654,-0.6160427927970886,-0.6213994026184082,4.818306572850529,-0.12820555104284775,5.0062384605407715,-0.1257447451353073,-2.914952039718628,-0.1257447451353073,-2.914952039718628,-0.38077443838119507,223.2760772705078,-0.3820340037345886,227.17950439453125,0.0602900981903089,-203.4896850585981,-0.125,-2.25,2.25
17.14,76.59963989257812,76.59963989257812,0.0037635546177625656,0.0037635546177625656,-0.008666031062602997,-0.008666031062602997,17.155738830566406,-43.62017059326172,0.0,-2.4416585,-2.322634696960449,4.783684730529785,-0.6141696572303772,-0.6198917031288147,4.822949716611848,-0.12768986807156213,5.007749557495117,-0.13147366046905518,-2.9089667797088623,-0.13147366046905518,-2.9089667797088623,-0.3795686364173889,219.20628356933594,-0.38077443838119507,223.2760772705078,0.05757659673690919,-210.653686523442,-0.125,-2.25,2.25
17.16,76.69608306884766,76.69608306884766,0.002934827469289303,0.002934827469289303,-0.008488327264785767,-0.008488327264785767,17.081035614013672,-43.681236267089844,0.0,-2.453714,-2.3350186347961426,4.788412094116211,-0.6123123168945312,-0.6183961033821106,4.827402692597661,-0.1271835467876785,5.008908271789551,-0.13817349076271057,-2.903362512588501,-0.13817349076271057,-2.903362512588501,-0.37841710448265076,214.9932098388672,-0.3795686364173889,219.20628356933594,0.054888427257539014,-216.73965454102026,-0.125,-2.25,2.25
17.18,76.7926254272461,76.7926254272461,0.0021236336324363947,0.0021236336324363947,-0.008281320333480835,-0.008281320333480835,17.00554656982422,-43.74147033691406,0.0,-2.4657817,-2.3473730087280273,4.792928695678711,-0.6104849576950073,-0.616924524307251,4.831651618797894,-0.12668982537759366,5.009710788726807,-0.1458006352186203,-2.898178815841675,-0.1458006352186203,-2.898178815841675,-0.3773193359375,210.65841674804688,-0.37841710448265076,214.9932098388672,0.052250921726227924,-221.83074951172347,-0.125,-2.25,2.25
17.2,76.8892593383789,76.8892593383789,0.0013327311025932431,0.0013327311025932431,-0.00804862380027771,-0.00804862380027771,16.929285049438477,-43.80085372924805,0.0,-2.4778607,-2.3596980571746826,4.797219276428223,-0.6086981892585754,-0.6154851913452148,4.835682606596631,-0.12621118176240387,5.010158061981201,-0.15428178012371063,-2.89342999458313,-0.15428178012371063,-2.89342999458313,-0.37627431750297546,206.2218017578125,-0.3773193359375,210.65841674804688,0.04968643188476669,-226.00173950195796,-0.125,-2.25,2.25
17.22,76.98599243164062,76.98599243164062,0.000564551679417491,0.000564551679417491,-0.0077933818101882935,-0.0077933818101882935,16.852252960205078,-43.85939025878906,0.0,-2.4899528,-2.3719966411590576,4.801270484924316,-0.606959879398346,-0.6140837073326111,4.83948329520876,-0.12574947240042778,5.010253429412842,-0.1635272204875946,-2.889110803604126,-0.1635272204875946,-2.889110803604126,-0.37528058886528015,201.70176696777344,-0.37627431750297546,206.2218017578125,0.04523247480391749,-219.6083068847313,-0.125,-2.25,2.25
17.240000000000002,77.08280181884766,77.08280181884766,-0.0001787474611774087,-0.0001787474611774087,-0.007518157362937927,-0.007518157362937927,16.774478912353516,-43.91704559326172,0.0,-2.5020542,-2.3842663764953613,4.805073261260986,-0.6052753925323486,-0.6127235889434814,4.843045255507167,-0.1253059242073236,5.010002136230469,-0.1734461635351181,-2.8852014541625977,-0.1734461635351181,-2.8852014541625977,-0.37437593936920166,197.30960083007812,-0.37528058886528015,201.70176696777344,0.04041045904159632,-211.94305419922327,-0.125,-2.25,2.25
17.26,77.17969512939453,77.17969512939453,-0.0008953882497735322,-0.0008953882497735322,-0.0072287097573280334,-0.0072287097573280334,16.69597053527832,-43.97383117675781,0.0,-2.5141654,-2.396510124206543,4.8086113929748535,-0.6036630272865295,-0.611423671245575,4.8463545659764,-0.12488459451333034,5.009493827819824,-0.18408237397670746,-2.881787061691284,-0.18408237397670746,-2.881787061691284,-0.37356773018836975,193.07073974609375,-0.37437593936920166,197.30960083007812,0.035576522350312036,-204.61807250976997,-0.125,-2.25,2.25
17.28,77.27665710449219,77.27665710449219,-0.0015841347631067038,-0.0015841347631067038,-0.006930537987500429,-0.006930537987500429,16.616748809814453,-44.02971649169922,0.0,-2.5262856,-2.4087278842926025,4.811878204345703,-0.6021395325660706,-0.6102009415626526,4.849406548242384,-0.12448896989073083,5.008787155151367,-0.1953214406967163,-2.878939628601074,-0.1953214406967163,-2.878939628601074,-0.3728561997413635,188.97837829589844,-0.37356773018836975,193.07073974609375,0.030922889709473315,-197.49832153320733,-0.125,-2.25,2.25
17.3,77.37368774414062,77.37368774414062,-0.0022442666813731194,-0.0022442666813731194,-0.006628707516938448,-0.006628707516938448,16.536823272705078,-44.084686279296875,0.0,-2.5384145,-2.42092227935791,4.814869403839111,-0.6007182598114014,-0.6090681552886963,4.852198450568241,-0.12412177876635096,5.007915496826172,-0.20699334144592285,-2.876706123352051,-0.20699334144592285,-2.876706123352051,-0.3722377419471741,185.02841186523438,-0.3728561997413635,188.97837829589844,0.0263959169387823,-190.6349182128947,-0.125,-2.25,2.25
17.32,77.47078704833984,77.47078704833984,-0.0028755306266248226,-0.0028755306266248226,-0.006327502429485321,-0.006327502429485321,16.456199645996094,-44.13874435424805,0.0,-2.5505521,-2.4330947399139404,4.8175859451293945,-0.5994083881378174,-0.6080329418182373,4.854732202138266,-0.1237847650399978,5.006893157958984,-0.2189265936613083,-2.875103712081909,-0.2189265936613083,-2.875103712081909,-0.37170982360839844,181.21571350097656,-0.3722377419471741,185.02841186523438,0.022119283676147933,-183.93096923828517,-0.125,-2.25,2.25
17.34,77.56793212890625,77.56793212890625,-0.0034780732821673155,-0.0034780732821673155,-0.006030797492712736,-0.006030797492712736,16.374900817871094,-44.191856384277344,0.0,-2.5626953,-2.445246934890747,4.820030212402344,-0.5982163548469543,-0.6071000099182129,4.857010814861107,-0.12347908250733414,5.005729675292969,-0.23099280893802643,-2.8741326332092285,-0.23099280893802643,-2.8741326332092285,-0.3712674379348755,177.53709411621094,-0.37170982360839844,181.21571350097656,0.01808106899261513,-177.36816406250378,-0.125,-2.25,2.25
17.36,77.6651382446289,77.6651382446289,-0.004052398726344109,-0.004052398726344109,-0.005741782486438751,-0.005741782486438751,16.29293441772461,-44.24402618408203,0.0,-2.5748463,-2.457382917404175,4.822206497192383,-0.5971455574035645,-0.6062711477279663,4.8590388265881606,-0.1232052242620372,5.004428863525391,-0.24308787286281586,-2.873772144317627,-0.24308787286281586,-2.873772144317627,-0.3709058165550232,173.98973083496094,-0.3712674379348755,177.53709411621094,0.014223158359527891,-170.9152221679724,-0.125,-2.25,2.25
17.38,77.76238250732422,77.76238250732422,-0.004599303938448429,-0.004599303938448429,-0.005463145673274994,-0.005463145673274994,16.210330963134766,-44.29523849487305,0.0,-2.5870016,-2.469501495361328,4.824120044708252,-0.5961968302726746,-0.6055455803871155,4.860821418873885,-0.12296314610657379,5.002993583679199,-0.2551320195198059,-2.8739891052246094,-0.2551320195198059,-2.8739891052246094,-0.37062135338783264,170.57142639160156,-0.3709058165550232,173.98973083496094,0.010636448860166795,-164.61715698239615,-0.125,-2.25,2.25
17.400000000000002,77.85967254638672,77.85967254638672,-0.005119845271110535,-0.005119845271110535,-0.005197301972657442,-0.005197301972657442,16.12708854675293,-44.345489501953125,0.0,-2.599163,-2.4816079139709473,4.82577657699585,-0.5953695774078369,-0.604921817779541,4.862364085996087,-0.12275251065592428,5.001426696777344,-0.26707354187965393,-2.8747429847717285,-0.26707354187965393,-2.8747429847717285,-0.3704086244106293,167.27908325195312,-0.37062135338783264,170.57142639160156,0.006633996963501118,-159.37652587890966,-0.125,-2.25,2.25
17.42,77.95699310302734,77.95699310302734,-0.005615295842289925,-0.005615295842289925,-0.0049461498856544495,-0.0049461498856544495,16.043235778808594,-44.39475631713867,0.0,-2.6113274,-2.493701934814453,4.827181816101074,-0.5946613550186157,-0.604396641254425,4.863672111979738,-0.12257261427053605,4.99973201751709,-0.27886736392974854,-2.8759844303131104,-0.27886736392974854,-2.8759844303131104,-0.37027594447135925,164.091552734375,-0.3704086244106293,167.27908325195312,0.0031143426895142265,-153.9283752441439,-0.125,-2.25,2.25
17.44,78.0543441772461,78.0543441772461,-0.006087149493396282,-0.006087149493396282,-0.004712335765361786,-0.004712335765361786,15.958784103393555,-44.44303512573242,0.0,-2.6234965,-2.5057854652404785,4.828341484069824,-0.5940733551979065,-0.6039713621139526,4.864751241137176,-0.12242350568920295,4.997903347015381,-0.2905498445034027,-2.877699851989746,-0.2905498445034027,-2.877699851989746,-0.37021365761756897,161.0129852294922,-0.37027594447135925,164.091552734375,0.00012516975402832297,-148.30856323242503,-0.125,-2.25,2.25
17.46,78.15172576904297,78.15172576904297,-0.006537135690450668,-0.006537135690450668,-0.004497788846492767,-0.004497788846492767,15.873735427856445,-44.49031448364258,0.0,-2.6356695,-2.5178627967834473,4.82926082611084,-0.5936031341552734,-0.6036431193351746,4.865606314477952,-0.12230451335183201,4.995941638946533,-0.3021045923233032,-2.879847764968872,-0.3021045923233032,-2.879847764968872,-0.3702111542224884,158.04681396484375,-0.37021365761756897,161.0129852294922,-0.0023514032363892105,-142.57583618164367,-0.125,-2.25,2.25
17.48,78.24911499023438,78.24911499023438,-0.006967138033360243,-0.006967138033360243,-0.004303477238863707,-0.004303477238863707,15.788127899169922,-44.53657150268555,0.0,-2.6478431,-2.5299324989318848,4.829946041107178,-0.5932443737983704,-0.6034053564071655,4.866242662162494,-0.12221416097865359,4.993851184844971,-0.3134787976741791,-2.8823652267456055,-0.3134787976741791,-2.8823652267456055,-0.3702581822872162,155.19529724121094,-0.3702111542224884,158.04681396484375,-0.004336237907409761,-136.79199218750293,-0.125,-2.25,2.25
17.5,78.34654235839844,78.34654235839844,-0.007379109971225262,-0.007379109971225262,-0.004129723180085421,-0.004129723180085421,15.701943397521973,-44.581817626953125,0.0,-2.6600215,-2.5420007705688477,4.830406188964844,-0.5929884314537048,-0.6032493710517883,4.86666818575376,-0.12215043565581524,4.99163818359375,-0.3246097266674042,-2.8851754665374756,-0.3246097266674042,-2.8851754665374756,-0.3703449070453644,152.45945739746094,-0.3702581822872162,155.19529724121094,-0.005850195884704715,-130.99822998047154,-0.125,-2.25,2.25
17.52,78.4439697265625,78.4439697265625,-0.0077750179916620255,-0.0077750179916620255,-0.0039762407541275024,-0.0039762407541275024,15.61522102355957,-44.62602233886719,0.0,-2.6721997,-2.5540659427642822,4.830650806427002,-0.5928248763084412,-0.6031648516654968,4.866891055653903,-0.12211095616922549,4.9893107414245605,-0.3354385197162628,-2.8881945610046387,-0.3354385197162628,-2.8881945610046387,-0.37046191096305847,149.83949279785156,-0.3703449070453644,152.45945739746094,-0.0069603323936463886,-125.2601623535183,-0.125,-2.25,2.25
17.54,78.54139709472656,78.54139709472656,-0.008156783878803253,-0.008156783878803253,-0.0038422569632530212,-0.0038422569632530212,15.527983665466309,-44.6691780090332,0.0,-2.6843786,-2.5661277770996094,4.830690383911133,-0.5927422642707825,-0.603140652179718,4.866920276423721,-0.12209311783964731,4.98687744140625,-0.34590834379196167,-2.8913354873657227,-0.34590834379196167,-2.8913354873657227,-0.3706011176109314,147.33428955078125,-0.37046191096305847,149.83949279785156,-0.007711350917816327,-119.61441040039317,-0.125,-2.25,2.25
17.56,78.63882446289062,78.63882446289062,-0.008526244200766087,-0.008526244200766087,-0.0037266837898641825,-0.0037266837898641825,15.44023609161377,-44.71127700805664,0.0,-2.696557,-2.5781896114349365,4.830534934997559,-0.5927285552024841,-0.6031656265258789,4.866764315064404,-0.12209421201798841,4.984346866607666,-0.35597604513168335,-2.8945133686065674,-0.35597604513168335,-2.8945133686065674,-0.3707553446292877,144.94200134277344,-0.3706011176109314,147.33428955078125,-0.008127093315123242,-114.08767700193529,-0.125,-2.25,2.25
17.580000000000002,78.73625183105469,78.73625183105469,-0.008885123766958714,-0.008885123766958714,-0.003628157079219818,-0.003628157079219818,15.351991653442383,-44.752315521240234,0.0,-2.7087352,-2.590251922607422,4.83019495010376,-0.5927717089653015,-0.603228747844696,4.8664321175741785,-0.12211152236901475,4.981727600097656,-0.3656078577041626,-2.8976502418518066,-0.3656078577041626,-2.8976502418518066,-0.3709178864955902,142.66024780273438,-0.3707553446292877,144.94200134277344,-0.008270144462585626,-108.72573852539294,-0.125,-2.25,2.25
17.6,78.83367919921875,78.83367919921875,-0.009235004894435406,-0.009235004894435406,-0.003545157378539443,-0.003545157378539443,15.263261795043945,-44.79228210449219,0.0,-2.7209134,-2.60231614112854,4.829680919647217,-0.5928600430488586,-0.6033194661140442,4.865932676912853,-0.12214240842742229,4.979028701782227,-0.37477803230285645,-2.9006731510162354,-0.37477803230285645,-2.9006731510162354,-0.3710832893848419,140.48573303222656,-0.3709178864955902,142.66024780273438,-0.008182227611541923,-103.54461669922095,-0.125,-2.25,2.25
17.62,78.93110656738281,78.93110656738281,-0.00957732368260622,-0.00957732368260622,-0.003476060926914215,-0.003476060926914215,15.174054145812988,-44.831172943115234,0.0,-2.7330916,-2.614384412765503,4.829004287719727,-0.5929824709892273,-0.603428065776825,4.865276006735486,-0.12218432916320002,4.976258277893066,-0.38347214460372925,-2.903520107269287,-0.38347214460372925,-2.903520107269287,-0.37124693393707275,138.4148406982422,-0.3710832893848419,140.48573303222656,-0.007921457290649582,-98.58551025390835,-0.125,-2.25,2.25
17.64,79.02853393554688,79.02853393554688,-0.009913353249430656,-0.009913353249430656,-0.0034191757440567017,-0.0034191757440567017,15.084390640258789,-44.868980407714844,0.0,-2.7452707,-2.6264548301696777,4.828176021575928,-0.5931288003921509,-0.603545606136322,4.864471756437217,-0.12223493856593469,4.973423004150391,-0.39168500900268555,-2.906137466430664,-0.39168500900268555,-2.906137466430664,-0.37140536308288574,136.44313049316406,-0.37124693393707275,138.4148406982422,-0.007486343383789222,-93.829345703127,-0.125,-2.25,2.25
17.66,79.12593078613281,79.12593078613281,-0.010244211181998253,-0.010244211181998253,-0.0033729001879692078,-0.0033729001879692078,14.994308471679688,-44.90568161010742,0.0,-2.757445,-2.63852596282959,4.82720422744751,-0.5932897925376892,-0.6036644577980042,4.863526851104713,-0.12229215682289456,4.9705305099487305,-0.3994195759296417,-2.908482313156128,-0.3994195759296417,-2.908482313156128,-0.3715550899505615,134.56654357910156,-0.37140536308288574,136.44313049316406,-0.006946921348571926,-89.3218994140644,-0.125,-2.25,2.25
17.68,79.22332000732422,79.22332000732422,-0.010570854879915714,-0.010570854879915714,-0.0033356023486703634,-0.0033356023486703634,14.903796195983887,-44.941280364990234,0.0,-2.7696187,-2.6506004333496094,4.8261003494262695,-0.5934572219848633,-0.6037777066230774,4.862451650871025,-0.12235402652039867,4.967586994171143,-0.406681090593338,-2.910520315170288,-0.406681090593338,-2.910520315170288,-0.37169402837753296,132.7801055908203,-0.3715550899505615,134.56654357910156,-0.00661909580230727,-84.80682373047055,-0.125,-2.25,2.25
17.7,79.32068634033203,79.32068634033203,-0.010894090868532658,-0.010894090868532658,-0.0033058077096939087,-0.0033058077096939087,14.812884330749512,-44.975772857666016,0.0,-2.7817895,-2.6626765727996826,4.824872016906738,-0.5936238169670105,-0.6038796901702881,4.8612528442367795,-0.12241887940134707,4.964597225189209,-0.41348448395729065,-2.912226676940918,-0.41348448395729065,-2.912226676940918,-0.3718264102935791,131.08396911621094,-0.37169402837753296,132.7801055908203,-0.006635487079620503,-80.15289306640796,-0.125,-2.25,2.25
17.72,79.41803741455078,79.41803741455078,-0.011214603669941425,-0.011214603669941425,-0.003282591700553894,-0.003282591700553894,14.721571922302246,-45.0091438293457,0.0,-2.7939584,-2.674755096435547,4.823526859283447,-0.5937857627868652,-0.6039679646492004,4.8599375401662535,-0.12248575176959452,4.961568832397461,-0.4198745787143707,-2.913602590560913,-0.4198745787143707,-2.913602590560913,-0.3719591200351715,129.4809112548828,-0.3718264102935791,131.08396911621094,-0.006516277790068562,-75.7198333740116,-0.125,-2.25,2.25
17.740000000000002,79.5153579711914,79.5153579711914,-0.011533022858202457,-0.011533022858202457,-0.003265805309638381,-0.003265805309638381,14.629894256591797,-45.041385650634766,0.0,-2.8061237,-2.6868350505828857,4.8220696449279785,-0.5939427614212036,-0.6040438413619995,4.858510436788264,-0.1225544692155395,4.95850944519043,-0.4259125590324402,-2.914674758911133,-0.4259125590324402,-2.914674758911133,-0.3720894455909729,127.96651458740234,-0.3719591200351715,129.4809112548828,-0.006313621997833386,-71.56181335449371,-0.125,-2.25,2.25
17.76,79.61266326904297,79.61266326904297,-0.011849948205053806,-0.011849948205053806,-0.003254994750022888,-0.003254994750022888,14.537851333618164,-45.072509765625,0.0,-2.818287,-2.6989171504974365,4.820508003234863,-0.5940936207771301,-0.6041072607040405,4.85697896222533,-0.12262460237663159,4.955424785614014,-0.43161553144454956,-2.9154608249664307,-0.43161553144454956,-2.9154608249664307,-0.37221571803092957,126.5352783203125,-0.3720894455909729,127.96651458740234,-0.005358457565307732,-62.85858154297009,-0.125,-2.25,2.25
17.78,79.7099380493164,79.7099380493164,-0.012165941298007965,-0.012165941298007965,-0.003249824047088623,-0.003249824047088623,14.445470809936523,-45.102500915527344,0.0,-2.830446,-2.7110002040863037,4.818846702575684,-0.5942369103431702,-0.6041573882102966,4.855347675351244,-0.12269574450842487,4.952316761016846,-0.4369904100894928,-2.9159741401672363,-0.4369904100894928,-2.9159741401672363,-0.3723228871822357,125.27810668945312,-0.37221571803092957,126.5352783203125,-0.004027783870697107,-51.19094848632922,-0.125,-2.25,2.25
17.8,79.80717468261719,79.80717468261719,-0.01248147338628769,-0.01248147338628769,-0.003248564898967743,-0.003248564898967743,14.352771759033203,-45.13135528564453,0.0,-2.8426006,-2.7230827808380127,4.817096710205078,-0.5943658351898193,-0.6041876673698425,4.853626629800595,-0.12276623487492008,4.949229717254639,-0.4419395625591278,-2.916184902191162,-0.4419395625591278,-2.916184902191162,-0.37240344285964966,124.25428771972656,-0.3723228871822357,125.27810668945312,-0.0030398368835449865,-41.05567932128994,-0.125,-2.25,2.25
17.82,79.90438079833984,79.90438079833984,-0.012796830385923386,-0.012796830385923386,-0.0032489150762557983,-0.0032489150762557983,14.25976276397705,-45.15907287597656,0.0,-2.8547513,-2.735166311264038,4.815270900726318,-0.5944721698760986,-0.604190468788147,4.851827594642955,-0.12283406900731628,4.9462199211120605,-0.44632476568222046,-2.9160537719726562,-0.44632476568222046,-2.9160537719726562,-0.37246423959732056,123.43317413330078,-0.37240344285964966,124.25428771972656,-0.0024229288101196805,-32.286453247071,-0.125,-2.25,2.25
17.84,80.00155639648438,80.00155639648438,-0.01311210822314024,-0.01311210822314024,-0.003249518573284149,-0.003249518573284149,14.16645622253418,-45.18565368652344,0.0,-2.8668983,-2.7472493648529053,4.813383102416992,-0.5945526957511902,-0.6041638255119324,4.849963896634534,-0.12289823905340876,4.943312644958496,-0.4500829577445984,-2.9155802726745605,-0.4500829577445984,-2.9155802726745605,-0.37251269817352295,122.78744506835938,-0.37246423959732056,123.43317413330078,-0.0021144747734070275,-24.68452453613334,-0.125,-2.25,2.25
17.86,80.09870147705078,80.09870147705078,-0.013427302241325378,-0.013427302241325378,-0.003249727189540863,-0.003249727189540863,14.072866439819336,-45.211090087890625,0.0,-2.8790414,-2.7593324184417725,4.811444282531738,-0.5946078896522522,-0.604109525680542,4.8480464752665124,-0.12295856351251797,4.940515995025635,-0.4532219469547272,-2.9147932529449463,-0.4532219469547272,-2.9147932529449463,-0.3725549876689911,122.29375457763672,-0.37251269817352295,122.78744506835938,-0.002074241638183638,-18.090438842773825,-0.125,-2.25,2.25
17.88,80.19580841064453,80.19580841064453,-0.013742371462285519,-0.013742371462285519,-0.003249548375606537,-0.003249548375606537,13.97901439666748,-45.235374450683594,0.0,-2.8911793,-2.771414279937744,4.809464454650879,-0.5946406722068787,-0.6040318608283997,4.846085623427729,-0.12301538440159421,4.937829494476318,-0.45578888058662415,-2.913738489151001,-0.45578888058662415,-2.913738489151001,-0.37259647250175476,121.93194580078125,-0.3725549876689911,122.29375457763672,-0.0022515654563900287,-12.368392944334005,-0.125,-2.25,2.25
17.900000000000002,80.29288482666016,80.29288482666016,-0.014057292602956295,-0.014057292602956295,-0.0032493621110916138,-0.0032493621110916138,13.884915351867676,-45.25851058959961,0.0,-2.903314,-2.783493995666504,4.807452201843262,-0.5946558713912964,-0.6039361357688904,4.844090449030423,-0.12306947061876435,4.935248374938965,-0.45785218477249146,-2.912471055984497,-0.45785218477249146,-2.912471055984497,-0.37264150381088257,121.68457794189453,-0.37259647250175476,121.93194580078125,-0.00257492065429693,-7.382202148437657,-0.125,-2.25,2.25
17.92,80.38992309570312,80.38992309570312,-0.014372088946402073,-0.014372088946402073,-0.0032498687505722046,-0.0032498687505722046,13.790574073791504,-45.28049850463867,0.0,-2.9154444,-2.795572519302368,4.805413722991943,-0.5946585536003113,-0.6038283705711365,4.842067724070916,-0.1231217011191091,4.932765483856201,-0.4594835638999939,-2.91104793548584,-0.4594835638999939,-2.91104793548584,-0.3726930022239685,121.53693389892578,-0.37264150381088257,121.68457794189453,-0.0029966235160828274,-3.0315399169922523,-0.125,-2.25,2.25
17.94,80.48692321777344,80.48692321777344,-0.014686860144138336,-0.014686860144138336,-0.003251872956752777,-0.003251872956752777,13.696020126342773,-45.301334381103516,0.0,-2.9275692,-2.807647943496704,4.8033552169799805,-0.5946542024612427,-0.603714108467102,4.840024272769054,-0.12317304150514888,4.930372714996338,-0.46074971556663513,-2.909522294998169,-0.46074971556663513,-2.909522294998169,-0.37275293469429016,121.47630310058594,-0.3726930022239685,121.53693389892578,-0.003434717655181958,0.7835388183593917,-0.125,-2.25,2.25
17.96,80.5838851928711,80.5838851928711,-0.015001783147454262,-0.015001783147454262,-0.0032562091946601868,-0.0032562091946601868,13.601259231567383,-45.32101058959961,0.0,-2.9396894,-2.8197214603424072,4.801281452178955,-0.5946477055549622,-0.6035983562469482,4.837965427404317,-0.12322437276042968,4.928062915802002,-0.46170735359191895,-2.9079408645629883,-0.46170735359191895,-2.9079408645629883,-0.3728216290473938,121.49197387695312,-0.37275293469429016,121.47630310058594,-0.0038787722587586278,4.113769531250088,-0.125,-2.25,2.25
17.98,80.6808090209961,80.6808090209961,-0.01531711034476757,-0.01531711034476757,-0.00326365209184587,-0.00326365209184587,13.506307601928711,-45.339534759521484,0.0,-2.9518044,-2.8317923545837402,4.799197673797607,-0.5946431159973145,-0.603485107421875,4.835896891744835,-0.12327639376296731,4.925828456878662,-0.46240073442459106,-2.9063405990600586,-0.46240073442459106,-2.9063405990600586,-0.37289920449256897,121.57424926757812,-0.3728216290473938,121.49197387695312,-0.004261732101440521,7.030105590820463,-0.125,-2.25,2.25
18.0,80.77769470214844,80.77769470214844,-0.015633171424269676,-0.015633171424269676,-0.00327485054731369,-0.00327485054731369,13.411184310913086,-45.35689163208008,0.0,-2.9639156,-2.8438608646392822,4.797107219696045,-0.5946435928344727,-0.6033772230148315,4.8338223674188745,-0.1233296693313351,4.92366361618042,-0.46286413073539734,-2.904749631881714,-0.46286413073539734,-2.904749631881714,-0.3729844391345978,121.71485137939453,-0.37289920449256897,121.57424926757812,-0.004583597183227637,9.56802368164083,-0.125,-2.25,2.25
18.02,80.87454223632812,80.87454223632812,-0.015950344502925873,-0.015950344502925873,-0.0032902362290769815,-0.0032902362290769815,13.315896034240723,-45.37309646606445,0.0,-2.9760213,-2.855926990509033,4.795014381408691,-0.5946512222290039,-0.6032765507698059,4.831746371035489,-0.12338452044757524,4.921562194824219,-0.4631216526031494,-2.9031851291656494,-0.4631216526031494,-2.9031851291656494,-0.37307611107826233,121.90621185302734,-0.3729844391345978,121.71485137939453,-0.004793703556060893,11.779403686523688,-0.125,-2.25,2.25
18.04,80.97135162353516,80.97135162353516,-0.01626904308795929,-0.01626904308795929,-0.003310099244117737,-0.003310099244117737,13.220459938049316,-45.38813400268555,0.0,-2.9881227,-2.8679919242858887,4.792922496795654,-0.5946670770645142,-0.6031838655471802,4.829672348393247,-0.12344108455212159,4.919519424438477,-0.46319112181663513,-2.9016566276550293,-0.46319112181663513,-2.9016566276550293,-0.37317198514938354,122.14179992675781,-0.37307611107826233,121.90621185302734,-0.004903972148895369,13.673782348633104,-0.125,-2.25,2.25
18.06,81.06812286376953,81.06812286376953,-0.016589701175689697,-0.016589701175689697,-0.0033345294650644064,-0.0033345294650644064,13.124885559082031,-45.40199661254883,0.0,-3.0002193,-2.880054473876953,4.790834903717041,-0.5946911573410034,-0.6030991077423096,4.827603613315104,-0.12349927861157121,4.917530059814453,-0.46308350563049316,-2.900165319442749,-0.46308350563049316,-2.900165319442749,-0.37327006459236145,122.41527557373047,-0.37317198514938354,122.14179992675781,-0.004903972148894497,15.285873413083548,-0.125,-2.25,2.25
18.080000000000002,81.16486358642578,81.16486358642578,-0.016912754625082016,-0.016912754625082016,-0.0033633860293775797,-0.0033633860293775797,13.029184341430664,-45.414695739746094,0.0,-3.0123112,-2.8921167850494385,4.788755416870117,-0.5947227478027344,-0.6030212640762329,4.825543864618466,-0.12355886001048419,4.915591239929199,-0.46280765533447266,-2.89870548248291,-0.46280765533447266,-2.89870548248291,-0.37336814403533936,122.72099304199219,-0.37327006459236145,122.41527557373047,-0.004792213439941509,16.629028320312855,-0.125,-2.25,2.25
18.1,81.26156616210938,81.26156616210938,-0.017238616943359375,-0.017238616943359375,-0.003396362066268921,-0.003396362066268921,12.933382034301758,-45.42622756958008,0.0,-3.0243995,-2.9041764736175537,4.78668737411499,-0.5947602987289429,-0.6029489040374756,4.823496224778869,-0.1236194260321127,4.913699626922607,-0.4623705744743347,-2.8972675800323486,-0.4623705744743347,-2.8972675800323486,-0.3734639883041382,123.05357360839844,-0.37336814403533936,122.72099304199219,-0.004564225673675634,17.724609375000377,-0.125,-2.25,2.25
18.12,81.35823059082031,81.35823059082031,-0.017567669972777367,-0.017567669972777367,-0.0034330934286117554,-0.0034330934286117554,12.837488174438477,-45.43659210205078,0.0,-3.0364826,-2.9162349700927734,4.784633636474609,-0.5948019623756409,-0.6028801798820496,4.821463305857482,-0.12368052396474755,4.911852836608887,-0.461777925491333,-2.895838499069214,-0.461777925491333,-2.895838499069214,-0.3735552728176117,123.40806579589844,-0.3734639883041382,123.05357360839844,-0.004231929779052825,18.58558654785196,-0.125,-2.25,2.25
18.14,81.4548568725586,81.4548568725586,-0.017900247126817703,-0.017900247126817703,-0.0034730136394500732,-0.0034730136394500732,12.741515159606934,-45.44579315185547,0.0,-3.0485609,-2.9282922744750977,4.782597064971924,-0.5948454141616821,-0.6028127074241638,4.819447660534062,-0.12374160200526933,4.91004753112793,-0.4610340893268585,-2.894402265548706,-0.4610340893268585,-2.894402265548706,-0.37363991141319275,123.77977752685547,-0.3735552728176117,123.40806579589844,-0.0038057565689087725,19.216537475586346,-0.125,-2.25,2.25
18.16,81.55144500732422,81.55144500732422,-0.01823662966489792,-0.01823662966489792,-0.0035154225770384073,-0.0035154225770384073,12.64548110961914,-45.453826904296875,0.0,-3.0606346,-2.9403481483459473,4.780580997467041,-0.5948878526687622,-0.6027439832687378,4.817452255144396,-0.1238019968482247,4.9082818031311035,-0.46014347672462463,-2.892942428588867,-0.46014347672462463,-2.892942428588867,-0.3737160265445709,124.16410827636719,-0.37363991141319275,123.77977752685547,-0.0033065676689148656,19.62585449218792,-0.125,-2.25,2.25
18.18,81.64799499511719,81.64799499511719,-0.018577024340629578,-0.018577024340629578,-0.0035595372319221497,-0.0035595372319221497,12.549400329589844,-45.460697174072266,0.0,-3.072703,-2.9524013996124268,4.77858829498291,-0.5949264764785767,-0.6026715040206909,4.815479582073097,-0.12386105618515561,4.906554222106934,-0.4591149389743805,-2.89144229888916,-0.4591149389743805,-2.89144229888916,-0.3737821578979492,124.55662536621094,-0.3737160265445709,124.16410827636719,-0.002734363079071103,19.831085205078548,-0.125,-2.25,2.25
18.2,81.74451446533203,81.74451446533203,-0.018921563401818275,-0.018921563401818275,-0.0036046504974365234,-0.0036046504974365234,12.453272819519043,-45.46640396118164,0.0,-3.0847676,-2.9644546508789062,4.776619911193848,-0.5949586033821106,-0.6025930047035217,4.8135302549949674,-0.12391820009915154,4.904861927032471,-0.45795539021492004,-2.8898873329162598,-0.45795539021492004,-2.8898873329162598,-0.37383684515953064,124.9532470703125,-0.3737821578979492,124.55662536621094,-0.002101063728332564,19.84062194824261,-0.125,-2.25,2.25
18.22,81.84099578857422,81.84099578857422,-0.019270308315753937,-0.019270308315753937,-0.0036499276757240295,-0.0036499276757240295,12.357131004333496,-45.47093963623047,0.0,-3.0968285,-2.9765055179595947,4.774679183959961,-0.5949817299842834,-0.6025060415267944,4.81160727499197,-0.12397282335976903,4.903202533721924,-0.45667484402656555,-2.888263463973999,-0.45667484402656555,-2.888263463973999,-0.3738788664340973,125.35005950927734,-0.37383684515953064,124.9532470703125,-0.0014424324035642276,19.65522766112974,-0.125,-2.25,2.25
18.240000000000002,81.93744659423828,81.93744659423828,-0.01962324231863022,-0.01962324231863022,-0.003694541985169053,-0.003694541985169053,12.260974884033203,-45.47431945800781,0.0,-3.1088846,-2.9885547161102295,4.772767543792725,-0.5949932336807251,-0.6024083495140076,4.809711735146617,-0.12402434416870091,4.901574611663818,-0.4552830457687378,-2.8865575790405273,-0.4552830457687378,-2.8865575790405273,-0.3739077150821686,125.7431640625,-0.3738788664340973,125.35005950927734,-0.0007376074790954747,19.297790527344162,-0.125,-2.25,2.25
18.26,82.03386688232422,82.03386688232422,-0.01998027414083481,-0.01998027414083481,-0.003737710416316986,-0.003737710416316986,12.164819717407227,-45.476531982421875,0.0,-3.120937,-3.0006024837493896,4.770885944366455,-0.5949909090995789,-0.6022983193397522,4.807844306554086,-0.12407227825000704,4.899975776672363,-0.4537929892539978,-2.884760618209839,-0.4537929892539978,-2.884760618209839,-0.3739224672317505,126.12911987304688,-0.3739077150821686,125.7431640625,-2.980232238769595e-05,18.767547607422276,-0.125,-2.25,2.25
18.28,82.1302490234375,82.1302490234375,-0.02034122124314308,-0.02034122124314308,-0.003778599202632904,-0.003778599202632904,12.068686485290527,-45.47758483886719,0.0,-3.1329849,-3.0126473903656006,4.769036769866943,-0.5949727892875671,-0.6021741628646851,4.806007109060031,-0.12411615304594543,4.898404121398926,-0.4522179961204529,-2.8828651905059814,-0.4522179961204529,-2.8828651905059814,-0.37392306327819824,126.50447082519531,-0.3739224672317505,126.12911987304688,0.004030764102935877,22.321701049805164,-0.125,-2.25,2.25
18.3,82.22660064697266,82.22660064697266,-0.020705845206975937,-0.020705845206975937,-0.0038165447767823935,-0.0038165447767823935,11.972582817077637,-45.477474212646484,0.0,3.1381564,-3.0246896743774414,4.767219543457031,-0.5949374437332153,-0.6020346879959106,4.8041994897666855,-0.12415567989204987,4.896857261657715,-0.4505714476108551,-2.8808672428131104,-0.4505714476108551,-2.8808672428131104,-0.3738424479961395,126.9509048461914,-0.37392306327819824,126.50447082519531,0.011260807514190913,29.21447753906312,-0.125,-2.25,2.25
18.32,82.32292175292969,82.32292175292969,-0.02107359655201435,-0.02107359655201435,-0.0038448572158813477,-0.0038448572158813477,11.876520156860352,-45.47620391845703,0.0,3.126116,-3.036729335784912,4.7654500007629395,-0.5948576331138611,-0.6018508076667786,4.80243368652242,-0.12418481897184978,4.895371913909912,-0.44849923253059387,-2.878566265106201,-0.44849923253059387,-2.878566265106201,-0.3736172318458557,127.53519439697266,-0.3738424479961395,126.9509048461914,0.01722276210784949,33.546066284180405,-0.125,-2.25,2.25
18.34,82.41920471191406,82.41920471191406,-0.02144310064613819,-0.02144310064613819,-0.0038521212991327047,-0.0038521212991327047,11.780521392822266,-45.473777770996094,0.0,3.1140814,-3.0487635135650635,4.763754367828369,-0.5946881771087646,-0.6015754342079163,4.80073012207485,-0.12419354265148179,4.8940043449401855,-0.44550269842147827,-2.8756351470947266,-0.44550269842147827,-2.8756351470947266,-0.37327277660369873,128.20611572265625,-0.3736172318458557,127.53519439697266,0.021882355213165748,35.81848144531326,-0.125,-2.25,2.25
18.36,82.51546478271484,82.51546478271484,-0.02181203104555607,-0.02181203104555607,-0.0038304480258375406,-0.0038304480258375406,11.684588432312012,-45.470184326171875,0.0,3.1020486,-3.060791492462158,4.762151718139648,-0.5944041609764099,-0.601186215877533,4.799104634529911,-0.12417618501050925,4.8927764892578125,-0.4415300786495209,-2.871920347213745,-0.4415300786495209,-2.871920347213745,-0.3728351294994354,128.9224853515625,-0.37327277660369873,128.20611572265625,0.02528131008148247,36.459350585938274,-0.125,-2.25,2.25
18.38,82.61170196533203,82.61170196533203,-0.022177433595061302,-0.022177433595061302,-0.0037751570343971252,-0.0037751570343971252,11.58873462677002,-45.46543884277344,0.0,3.0900192,-3.0728113651275635,4.7606520652771,-0.5939964056015015,-0.6006781458854675,4.797566030446545,-0.12413056339467107,4.891689777374268,-0.4367416501045227,-2.8673970699310303,-0.4367416501045227,-2.8673970699310303,-0.3723295032978058,129.65167236328125,-0.3728351294994354,128.9224853515625,0.027514994144435395,35.84671020507252,-0.125,-2.25,2.25
18.400000000000002,82.7079086303711,82.7079086303711,-0.022536007687449455,-0.022536007687449455,-0.0036840736865997314,-0.0036840736865997314,11.4929780960083,-45.45954895019531,0.0,3.0779927,-3.0848195552825928,4.759259223937988,-0.5934674739837646,-0.600058376789093,4.796118430910093,-0.1240570849473898,4.8907341957092285,-0.4313845634460449,-2.8621315956115723,-0.4313845634460449,-2.8621315956115723,-0.371779203414917,130.3686065673828,-0.3723295032978058,129.65167236328125,0.028750300407410282,34.32540893554761,-0.125,-2.25,2.25
18.42,82.80409240722656,82.80409240722656,-0.02288433536887169,-0.02288433536887169,-0.0035572501365095377,-0.0035572501365095377,11.39732837677002,-45.4525260925293,0.0,3.06597,-3.0968143939971924,4.757971286773682,-0.5928284525871277,-0.5993414521217346,4.794761343378798,-0.12395807226781533,4.889894008636475,-0.4257206618785858,-2.856250524520874,-0.4257206618785858,-2.856250524520874,-0.3712041974067688,131.05511474609375,-0.371779203414917,130.3686065673828,0.029139220714569713,32.15408325195381,-0.125,-2.25,2.25
18.44,82.90026092529297,82.90026092529297,-0.023219069465994835,-0.023219069465994835,-0.0033961832523345947,-0.0033961832523345947,11.301783561706543,-45.444374084472656,0.0,3.0539489,-3.108795642852783,4.756782054901123,-0.592095673084259,-0.5985459685325623,4.793490670056055,-0.12383704997132118,4.8891520500183105,-0.4199840724468231,-2.8499114513397217,-0.4199840724468231,-2.8499114513397217,-0.3706214129924774,131.6981964111328,-0.3712041974067688,131.05511474609375,0.028809905052185673,29.51812744140688,-0.125,-2.25,2.25
18.46,82.99639129638672,82.99639129638672,-0.023537034168839455,-0.023537034168839455,-0.003203466534614563,-0.003203466534614563,11.20638370513916,-45.435089111328125,0.0,3.0419323,-3.120758056640625,4.755684852600098,-0.5912884473800659,-0.5976923108100891,4.79230220721264,-0.12369817795198515,4.888490200042725,-0.41436517238616943,-2.8432822227478027,-0.41436517238616943,-2.8432822227478027,-0.3700452148914337,132.28855895996094,-0.3706214129924774,131.6981964111328,0.027947127819061876,26.62048339843807,-0.125,-2.25,2.25
18.48,83.09252166748047,83.09252166748047,-0.023835347965359688,-0.023835347965359688,-0.0029823854565620422,-0.0029823854565620422,11.11110782623291,-45.424686431884766,0.0,3.0299165,-3.1327052116394043,4.754669666290283,-0.5904271006584167,-0.5968008637428284,4.7911885578354,-0.12354591748826854,4.887889862060547,-0.40901342034339905,-2.8365302085876465,-0.40901342034339905,-2.8365302085876465,-0.3694862723350525,132.8209686279297,-0.3700452148914337,132.28855895996094,0.026650726795197102,23.562622070313,-0.125,-2.25,2.25
18.5,83.18861389160156,83.18861389160156,-0.02411145158112049,-0.02411145158112049,-0.0027366355061531067,-0.0027366355061531067,11.015995979309082,-45.41316604614258,0.0,3.0179045,3.138552665710449,4.753726005554199,-0.5895318388938904,-0.5958905816078186,4.790141827227237,-0.12338472206780583,4.887334823608398,-0.40403297543525696,-2.8298065662384033,-0.40403297543525696,-2.8298065662384033,-0.36895325779914856,133.29222106933594,-0.3694862723350525,132.8209686279297,0.025062263011932907,20.464324951172312,-0.125,-2.25,2.25
18.52,83.28470611572266,83.28470611572266,-0.02436314895749092,-0.02436314895749092,-0.0024700385984033346,-0.0024700385984033346,10.921035766601562,-45.40052795410156,0.0,3.0058932,3.1266419887542725,4.752843856811523,-0.5886213779449463,-0.5949786901473999,4.789154398618282,-0.12321872790214677,4.8868088722229,-0.39949122071266174,-2.8232431411743164,-0.39949122071266174,-2.8232431411743164,-0.3684520125389099,133.70150756835938,-0.36895325779914856,133.29222106933594,0.02328008413314869,17.85583496093788,-0.125,-2.25,2.25
18.54,83.38076782226562,83.38076782226562,-0.024588603526353836,-0.024588603526353836,-0.002186313271522522,-0.002186313271522522,10.826255798339844,-45.386783599853516,0.0,2.993886,3.114750385284424,4.752012252807617,-0.5877124667167664,-0.5940797924995422,4.788217454791296,-0.1230516908068203,4.886299133300781,-0.39542442560195923,-2.8169479370117188,-0.39542442560195923,-2.8169479370117188,-0.36798641085624695,134.05862426757812,-0.3684520125389099,133.70150756835938,0.02139508724212692,17.61398315429725,-0.125,-2.25,2.25
18.56,83.47682189941406,83.47682189941406,-0.024786327034235,-0.024786327034235,-0.0018890053033828735,-0.0018890053033828735,10.731657028198242,-45.3719367980957,0.0,2.9818792,3.1028764247894287,4.751221656799316,-0.5868195295333862,-0.5932061672210693,4.787323301416004,-0.12288684993264196,4.885796546936035,-0.3918406367301941,-2.811004400253296,-0.3918406367301941,-2.811004400253296,-0.3675585091114044,134.41090393066406,-0.36798641085624695,134.05862426757812,0.019383430480954002,17.136383056637946,-0.125,-2.25,2.25
18.580000000000002,83.57286071777344,83.57286071777344,-0.024955157190561295,-0.024955157190561295,-0.0015812963247299194,-0.0015812963247299194,10.637259483337402,-45.35598373413086,0.0,2.9698741,3.091019868850708,4.750463962554932,-0.5859543681144714,-0.5923672914505005,4.786465332690245,-0.12272686534730898,4.885313510894775,-0.3887093961238861,-2.805471420288086,-0.3887093961238861,-2.805471420288086,-0.3671708405017853,134.75363159179688,-0.3675585091114044,134.41090393066406,0.01731663942337073,16.50695800781285,-0.125,-2.25,2.25
18.6,83.66887664794922,83.66887664794922,-0.025094226002693176,-0.025094226002693176,-0.0012661366490647197,-0.0012661366490647197,10.543075561523438,-45.338932037353516,0.0,2.9578722,3.0791797637939453,4.7497334480285645,-0.5851269960403442,-0.5915712118148804,4.785639082590382,-0.12257396620008573,4.884850978851318,-0.38598304986953735,-2.800391435623169,-0.38598304986953735,-2.800391435623169,-0.36682450771331787,135.08377075195312,-0.3671708405017853,134.75363159179688,0.016802549362182975,18.157196044922262,-0.125,-2.25,2.25
18.62,83.764892578125,83.764892578125,-0.02520293928682804,-0.02520293928682804,-0.0009462610469199717,-0.0009462610469199717,10.449100494384766,-45.32076644897461,0.0,2.94587,3.0673537254333496,4.749024391174316,-0.5843455195426941,-0.5908241271972656,4.7848398462412725,-0.1224299867089428,4.884407043457031,-0.3836170732975006,-2.7957913875579834,-0.3836170732975006,-2.7957913875579834,-0.3664884567260742,135.44691467285156,-0.36682450771331787,135.08377075195312,0.02066493034362837,26.152038574219308,-0.125,-2.25,2.25
18.64,83.86087799072266,83.86087799072266,-0.025280838832259178,-0.025280838832259178,-0.0006212219595909119,-0.0006212219595909119,10.355376243591309,-45.301509857177734,0.0,2.9338717,3.055544137954712,4.74833869934082,-0.5836039185523987,-0.5901172161102295,4.7840687638669435,-0.12229363618419434,4.883997440338135,-0.3813996911048889,-2.7915902137756348,-0.3813996911048889,-2.7915902137756348,-0.36607515811920166,135.96995544433594,-0.3664884567260742,135.44691467285156,0.023563206195831802,31.79779052734443,-0.125,-2.25,2.25
18.66,83.95685577392578,83.95685577392578,-0.02532711811363697,-0.02532711811363697,-0.0002827942662406713,-0.0002827942662406713,10.26188850402832,-45.281166076660156,0.0,2.921875,3.043747901916504,4.747697830200195,-0.5828631520271301,-0.5894069671630859,4.783342360826647,-0.1221562730145745,4.883690357208252,-0.3787368834018707,-2.7874600887298584,-0.3787368834018707,-2.7874600887298584,-0.36560389399528503,136.6059112548828,-0.36607515811920166,135.96995544433594,0.02603828907012995,35.24703979492263,-0.125,-2.25,2.25
18.68,84.0528335571289,84.0528335571289,-0.025340288877487183,-0.025340288877487183,7.436424493789673e-05,7.436424493789673e-05,10.16865062713623,-45.25973892211914,0.0,2.9098775,3.0319647789001465,4.747117042541504,-0.5821009874343872,-0.5886715054512024,4.782673078432194,-0.12201289826538968,4.883512020111084,-0.37546131014823914,-2.7832233905792236,-0.37546131014823914,-2.7832233905792236,-0.36508312821388245,137.31085205078125,-0.36560389399528503,136.6059112548828,0.028863549232483524,36.46469116211015,-0.125,-2.25,2.25
18.7,84.14877319335938,84.14877319335938,-0.02531842514872551,-0.02531842514872551,0.00045406073331832886,0.00045406073331832886,10.07569694519043,-45.23723602294922,0.0,2.8978853,3.0201990604400635,4.746607780456543,-0.5813038349151611,-0.587899386882782,4.782070636238831,-0.12186040287445792,4.8834662437438965,-0.37157514691352844,-2.778780221939087,-0.37157514691352844,-2.778780221939087,-0.3645058572292328,138.04014587402344,-0.36508312821388245,137.31085205078125,0.03062933683395451,36.282348632813274,-0.125,-2.25,2.25
18.72,84.24471282958984,84.24471282958984,-0.025259224697947502,-0.025259224697947502,0.0008602514280937612,0.0008602514280937612,9.983015060424805,-45.213661193847656,0.0,2.8858924,3.008448362350464,4.746181011199951,-0.5804584622383118,-0.5870792269706726,4.78154433394265,-0.1216957644520174,4.883538722991943,-0.3670966327190399,-2.7740421295166016,-0.3670966327190399,-2.7740421295166016,-0.3638932704925537,138.7657928466797,-0.3645058572292328,138.04014587402344,0.031448900699610566,35.073852539057015,-0.125,-2.25,2.25
18.740000000000002,84.34065246582031,84.34065246582031,-0.02516009658575058,-0.02516009658575058,0.0012945011258125305,0.0012945011258125305,9.890605926513672,-45.18901062011719,0.0,2.8739002,2.9967126846313477,4.745840549468994,-0.5795631408691406,-0.5862120985984802,4.781097777209568,-0.12151853126371287,4.8837151527404785,-0.36220645904541016,-2.7690138816833496,-0.36220645904541016,-2.7690138816833496,-0.3632642924785614,139.46726989746094,-0.3638932704925537,138.7657928466797,0.03144145011901923,33.14361572265695,-0.125,-2.25,2.25
18.76,84.43656921386719,84.43656921386719,-0.02501837909221649,-0.02501837909221649,0.0017564891604706645,0.0017564891604706645,9.798514366149902,-45.163307189941406,0.0,2.8619103,2.984996795654297,4.745584011077881,-0.57862389087677,-0.5853067636489868,4.7807293599712795,-0.1213300189842492,4.883977890014648,-0.3571234345436096,-2.7637603282928467,-0.3571234345436096,-2.7637603282928467,-0.36263546347618103,140.13014221191406,-0.3632642924785614,139.46726989746094,0.0307381153106696,30.729675292969404,-0.125,-2.25,2.25
18.78,84.532470703125,84.532470703125,-0.024831488728523254,-0.024831488728523254,0.0022445619106292725,0.0022445619106292725,9.706733703613281,-45.13655090332031,0.0,2.849923,2.973299980163574,4.745408058166504,-0.577651858329773,-0.5843762755393982,4.780437146113672,-0.1211326331315047,4.884309768676758,-0.35205116868019104,-2.758380651473999,-0.35205116868019104,-2.758380651473999,-0.36202070116996765,140.74473571777344,-0.36263546347618103,140.13014221191406,0.029473006725311907,28.028106689453722,-0.125,-2.25,2.25
18.8,84.62837219238281,84.62837219238281,-0.024597039446234703,-0.024597039446234703,0.002756066620349884,0.002756066620349884,9.615263938903809,-45.10874557495117,0.0,2.8379352,2.961620807647705,4.745304584503174,-0.576661229133606,-0.5834356546401978,4.780214824973112,-0.12092953203556853,4.884694576263428,-0.34715983271598816,-2.7529900074005127,-0.34715983271598816,-2.7529900074005127,-0.3614312410354614,141.3052978515625,-0.36202070116996765,140.74473571777344,0.027804076671600935,25.20828247070366,-0.125,-2.25,2.25
18.82,84.72427368164062,84.72427368164062,-0.024312922731041908,-0.024312922731041908,0.0032878073398023844,0.0032878073398023844,9.52410888671875,-45.07988739013672,0.0,2.8259475,2.949958562850952,4.745264530181885,-0.5756670236587524,-0.5825002789497375,4.780055228083712,-0.12072407148538937,4.885117530822754,-0.3425741195678711,-2.7477049827575684,-0.3425741195678711,-2.7477049827575684,-0.3608751595020294,141.80946350097656,-0.3614312410354614,141.3052978515625,0.025813281536102847,22.36251831054735,-0.125,-2.25,2.25
18.84,84.82017517089844,84.82017517089844,-0.023977339267730713,-0.023977339267730713,0.00383632630109787,0.00383632630109787,9.4332914352417,-45.04999542236328,0.0,2.81396,2.9383153915405273,4.745278835296631,-0.5746840834617615,-0.5815843343734741,4.779951152522213,-0.12051956963708237,4.88556432723999,-0.3383770287036896,-2.742631196975708,-0.3383770287036896,-2.742631196975708,-0.3603588938713074,142.2567138671875,-0.3608751595020294,141.80946350097656,0.023624300956726577,19.586944580078544,-0.125,-2.25,2.25
18.86,84.91606140136719,84.91606140136719,-0.02358882501721382,-0.02358882501721382,0.00439801812171936,0.00439801812171936,9.342842102050781,-45.019046783447266,0.0,2.801974,2.9266912937164307,4.74533748626709,-0.5737262964248657,-0.5807003378868103,4.779894321193833,-0.12031916959216314,4.886023044586182,-0.3346210718154907,-2.7378621101379395,-0.3346210718154907,-2.7378621101379395,-0.35988640785217285,142.64845275878906,-0.3603588938713074,142.2567138671875,0.02132654190063522,16.943359375000362,-0.125,-2.25,2.25
18.88,85.01192474365234,85.01192474365234,-0.023146258667111397,-0.023146258667111397,0.004969380795955658,0.004969380795955658,9.252763748168945,-44.98707580566406,0.0,2.789991,2.915085792541504,4.745431900024414,-0.5728058815002441,-0.5798589587211609,4.779877665343601,-0.12012563052315944,4.886483669281006,-0.3313278257846832,-2.733470916748047,-0.3313278257846832,-2.733470916748047,-0.35945987701416016,142.98731994628906,-0.35988640785217285,142.64845275878906,0.018993020057675253,14.467620849607114,-0.125,-2.25,2.25
18.900000000000002,85.1077880859375,85.1077880859375,-0.022648831829428673,-0.022648831829428673,0.005547292530536652,0.005547292530536652,9.163050651550293,-44.95407485961914,0.0,2.778008,2.903496503829956,4.7455549240112305,-0.5719329714775085,-0.5790686011314392,4.779895277165633,-0.11994124106583375,4.886937618255615,-0.3284996449947357,-2.729511260986328,-0.3284996449947357,-2.729511260986328,-0.3590800166130066,143.27667236328125,-0.35945987701416016,142.98731994628906,0.016659498214722034,12.191009521484634,-0.125,-2.25,2.25
18.92,85.20365142822266,85.20365142822266,-0.02209603600203991,-0.02209603600203991,0.00612872838973999,0.00612872838973999,9.073712348937988,-44.92005157470703,0.0,2.766025,2.8919217586517334,4.745697021484375,-0.5711154937744141,-0.5783356428146362,4.7799386112119535,-0.11976789005521511,4.887377738952637,-0.3261197507381439,-2.726017713546753,-0.3261197507381439,-2.726017713546753,-0.35874682664871216,143.52049255371094,-0.3590800166130066,143.27667236328125,0.013132393360138219,10.628509521484602,-0.125,-2.25,2.25
18.94,85.29951477050781,85.29951477050781,-0.021487629041075706,-0.021487629041075706,0.006711096037179232,0.006711096037179232,8.984760284423828,-44.885013580322266,0.0,2.754042,2.8803598880767822,4.745852470397949,-0.5703595280647278,-0.577664315700531,4.7800026843126915,-0.11960698563010454,4.88779878616333,-0.3241630792617798,-2.7230091094970703,-0.3241630792617798,-2.7230091094970703,-0.3584841787815094,143.73306274414062,-0.35874682664871216,143.52049255371094,0.010284781455993871,9.676361083984581,-0.125,-2.25,2.25
18.96,85.39537811279297,85.39537811279297,-0.020823704078793526,-0.020823704078793526,0.007289767265319824,0.007289767265319824,8.89620590209961,-44.84896469116211,0.0,2.7420597,2.8688104152679443,4.746011257171631,-0.5696791410446167,-0.5770680904388428,4.780079201952743,-0.11946170083491871,4.888199329376221,-0.32271960377693176,-2.720564603805542,-0.32271960377693176,-2.720564603805542,-0.3582784831523895,143.9265899658203,-0.3584841787815094,143.73306274414062,0.007715821266174481,8.964538574218942,-0.125,-2.25,2.25
18.98,85.49122619628906,85.49122619628906,-0.02010471746325493,-0.02010471746325493,0.007861986756324768,0.007861986756324768,8.808074951171875,-44.811912536621094,0.0,2.7300782,2.857273578643799,4.746167182922363,-0.5690794587135315,-0.5765504837036133,4.780162587044387,-0.11933325515395457,4.888581275939941,-0.3217219114303589,-2.7186927795410156,-0.3217219114303589,-2.7186927795410156,-0.35812416672706604,144.1058807373047,-0.3582784831523895,143.9265899658203,0.005473196506500361,8.471679687500181,-0.125,-2.25,2.25
19.0,85.58705139160156,85.58705139160156,-0.01933136209845543,-0.01933136209845543,0.008425645530223846,0.008425645530223846,8.720381736755371,-44.773860931396484,0.0,2.7181005,2.845747709274292,4.746316432952881,-0.5685620903968811,-0.5761114358901978,4.780249212369061,-0.11922207744300153,4.888945579528809,-0.32108989357948303,-2.717376232147217,-0.32108989357948303,-2.717376232147217,-0.35801470279693604,144.2753143310547,-0.35812416672706604,144.1058807373047,0.0035345554351807395,8.152770996093924,-0.125,-2.25,2.25
19.02,85.68287658691406,85.68287658691406,-0.01850450597703457,-0.01850450597703457,0.00897937174886465,0.00897937174886465,8.633123397827148,-44.73480987548828,0.0,2.7061222,2.8342294692993164,4.746456623077393,-0.5681257843971252,-0.5757483243942261,4.780336534351122,-0.11912796627447374,4.889291763305664,-0.3207412660121918,-2.7165770530700684,-0.3207412660121918,-2.7165770530700684,-0.3579440116882324,144.43836975097656,-0.35801470279693604,144.2753143310547,0.0018864870071411534,7.96966552734392,-0.125,-2.25,2.25
19.04,85.77870178222656,85.77870178222656,-0.01762513816356659,-0.01762513816356659,0.00952223688364029,0.00952223688364029,8.546299934387207,-44.69476318359375,0.0,2.6941438,2.822716236114502,4.746586799621582,-0.5677670836448669,-0.575456440448761,4.780423172441164,-0.11905022639339802,4.889621734619141,-0.32060322165489197,-2.7162444591522217,-0.32060322165489197,-2.7162444591522217,-0.3579062819480896,144.59776306152344,-0.3579440116882324,144.43836975097656,0.000536441802978527,7.902526855468919,-0.125,-2.25,2.25
19.06,85.87452697753906,85.87452697753906,-0.01669430360198021,-0.01669430360198021,0.010053843259811401,0.010053843259811401,8.459930419921875,-44.653717041015625,0.0,2.682166,2.8112070560455322,4.746706962585449,-0.5674809813499451,-0.575230062007904,4.780508514044408,-0.11898781694672303,4.889936923980713,-0.32061341404914856,-2.716320037841797,-0.32061341404914856,-2.716320037841797,-0.35789555311203003,144.7558135986328,-0.3579062819480896,144.59776306152344,-0.0005766749382018142,7.908630371092514,-0.125,-2.25,2.25
19.080000000000002,85.9703140258789,85.9703140258789,-0.015713080763816833,-0.015713080763816833,0.010574176907539368,0.010574176907539368,8.374062538146973,-44.6117057800293,0.0,2.6701922,2.799705743789673,4.746817588806152,-0.5672612190246582,-0.5750627517700195,4.780592276277992,-0.118939425330865,4.890239238739014,-0.3207167685031891,-2.716740608215332,-0.3207167685031891,-2.716740608215332,-0.35790708661079407,144.9139862060547,-0.35789555311203003,144.7558135986328,-0.001463294029235871,7.96966552734392,-0.125,-2.25,2.25
19.1,86.06610107421875,86.06610107421875,-0.014682531356811523,-0.014682531356811523,0.01108349859714508,0.01108349859714508,8.288677215576172,-44.56869125366211,0.0,2.658219,2.7882063388824463,4.746919631958008,-0.5671011209487915,-0.5749475359916687,4.780674604451732,-0.11890364055952121,4.890530109405518,-0.32087242603302,-2.71744441986084,-0.32087242603302,-2.71744441986084,-0.3579363524913788,145.07337951660156,-0.35790708661079407,144.9139862060547,-0.0021353363990784147,8.080291748047047,-0.125,-2.25,2.25
19.12,86.1618881225586,86.1618881225586,-0.013603691011667252,-0.013603691011667252,0.011582158505916595,0.011582158505916595,8.203776359558105,-44.524688720703125,0.0,2.646246,2.7767062187194824,4.747014999389648,-0.5669936537742615,-0.5748777985572815,4.780756551828444,-0.11887895383636601,4.890811920166016,-0.32104840874671936,-2.7183728218078613,-0.32104840874671936,-2.7183728218078613,-0.35797905921936035,145.2349853515625,-0.3579363524913788,145.07337951660156,-0.0015869736671448092,13.246154785156532,-0.125,-2.25,2.25
19.14,86.25765228271484,86.25765228271484,-0.012477553449571133,-0.012477553449571133,0.012070811353623867,0.012070811353623867,8.119400978088379,-44.47972106933594,0.0,2.6342752,2.765209913253784,4.747105598449707,-0.5669317841529846,-0.5748469233512878,4.780839174320282,-0.11886385650146583,4.891086578369141,-0.32121795415878296,-2.7194697856903076,-0.32121795415878296,-2.7194697856903076,-0.35801079869270325,145.49990844726562,-0.35797905921936035,145.2349853515625,-0.0011250376701355221,17.807769775391005,-0.125,-2.25,2.25
19.16,86.35340118408203,86.35340118408203,-0.01130496896803379,-0.01130496896803379,0.012552030384540558,0.012552030384540558,8.035539627075195,-44.43378829956055,0.0,2.6223068,2.7537128925323486,4.747198581695557,-0.5669001936912537,-0.57483971118927,4.780927755536522,-0.11885498920590926,4.891399383544922,-0.3212253451347351,-2.7206215858459473,-0.3212253451347351,-2.7206215858459473,-0.35803329944610596,145.85606384277344,-0.35801079869270325,145.49990844726562,-0.0008612871170044129,21.576690673828583,-0.125,-2.25,2.25
19.18,86.44915008544922,86.44915008544922,-0.01008656620979309,-0.01008656620979309,0.013027802109718323,0.013027802109718323,7.9522013664245605,-44.38688659667969,0.0,2.6103382,2.742215633392334,4.747299671173096,-0.5668882131576538,-0.5748463273048401,4.781026711297193,-0.11884999389141157,4.891776084899902,-0.3209801912307739,-2.721754550933838,-0.3209801912307739,-2.721754550933838,-0.35805052518844604,146.28759765625,-0.35803329944610596,145.85606384277344,-0.000801682472229021,24.674987792969276,-0.125,-2.25,2.25
19.2,86.54487609863281,86.54487609863281,-0.008822810836136341,-0.008822810836136341,0.013499438762664795,0.013499438762664795,7.869414806365967,-44.33904266357422,0.0,2.598372,2.7307188510894775,4.7474164962768555,-0.5668891072273254,-0.5748617649078369,4.781142818303445,-0.11884728235647204,4.8922271728515625,-0.3204573094844818,-2.7228312492370605,-0.3204573094844818,-2.7228312492370605,-0.3580665588378906,146.78109741210938,-0.35805052518844604,146.28759765625,-0.0009179115295410351,27.220916748047454,-0.125,-2.25,2.25
19.22,86.64058685302734,86.64058685302734,-0.00751406280323863,-0.00751406280323863,0.01396758109331131,0.01396758109331131,7.787179470062256,-44.290252685546875,0.0,2.586408,2.719221353530884,4.747554302215576,-0.5668994784355164,-0.5748841166496277,4.781280881849139,-0.11884601882814916,4.892755508422852,-0.3196786344051361,-2.7238428592681885,-0.3196786344051361,-2.7238428592681885,-0.35808491706848145,147.3255157470703,-0.3580665588378906,146.78109741210938,-0.0011906027793882417,29.307556152339167,-0.125,-2.25,2.25
19.240000000000002,86.73629760742188,86.73629760742188,-0.006160642486065626,-0.006160642486065626,0.014432385563850403,0.014432385563850403,7.7054948806762695,-44.240509033203125,0.0,2.5744448,2.7077226638793945,4.747716426849365,-0.5669183135032654,-0.5749137997627258,4.7814440960823426,-0.11884591000452299,4.893360137939453,-0.3186827301979065,-2.7247979640960693,-0.3186827301979065,-2.7247979640960693,-0.3581087291240692,147.9116668701172,-0.35808491706848145,147.3255157470703,-0.001566112041473422,31.024932861328786,-0.125,-2.25,2.25
19.26,86.83197784423828,86.83197784423828,-0.004762868396937847,-0.004762868396937847,0.01489362120628357,0.01489362120628357,7.6243977546691895,-44.18983840942383,0.0,2.5624847,2.6962246894836426,4.74790620803833,-0.5669461488723755,-0.5749521851539612,4.781635838920623,-0.11884698439869168,4.894038200378418,-0.317516565322876,-2.7257163524627686,-0.317516565322876,-2.7257163524627686,-0.3581400513648987,148.53216552734375,-0.3581087291240692,147.9116668701172,-0.0020176172256470156,32.43713378906319,-0.125,-2.25,2.25
19.28,86.92765045166016,86.92765045166016,-0.0033210834953933954,-0.0033210834953933954,0.015350893139839172,0.015350893139839172,7.543882846832275,-44.13823699951172,0.0,2.5505254,2.684725761413574,4.748124122619629,-0.566984236240387,-0.5750011801719666,4.781856732269121,-0.11884948993877564,4.8947858810424805,-0.31622114777565,-2.726621150970459,-0.31622114777565,-2.726621150970459,-0.3581804037094116,149.180908203125,-0.3581400513648987,148.53216552734375,-0.002515316009521538,33.59680175781322,-0.125,-2.25,2.25
19.3,87.02332305908203,87.02332305908203,-0.0018356719519942999,-0.0018356719519942999,0.015803733840584755,0.015803733840584755,7.463945388793945,-44.0857048034668,0.0,2.538566,2.6732234954833984,4.748373031616211,-0.5670340061187744,-0.5750627517700195,4.782109786639704,-0.11885365246854253,4.895598888397217,-0.3148334324359894,-2.727537155151367,-0.3148334324359894,-2.727537155151367,-0.35823071002960205,149.85284423828125,-0.3581804037094116,149.180908203125,-0.0030055642127991365,34.549713134766364,-0.125,-2.25,2.25
19.32,87.11895751953125,87.11895751953125,-0.00030706607503816485,-0.00030706607503816485,0.0162515789270401,0.0162515789270401,7.384635925292969,-44.03226852416992,0.0,2.5266123,2.6617236137390137,4.748653411865234,-0.5670971870422363,-0.5751388072967529,4.782395680573759,-0.11885981870465492,4.8964738845825195,-0.31338199973106384,-2.7284860610961914,-0.31338199973106384,-2.7284860610961914,-0.35829082131385803,150.54383850097656,-0.35823071002960205,149.85284423828125,-0.003485381603241041,35.32485961914138,-0.125,-2.25,2.25
19.34,87.21459197998047,87.21459197998047,0.001264248974621296,0.001264248974621296,0.0166938379406929,0.0166938379406929,7.305939197540283,-43.97789001464844,0.0,2.514658,2.650219440460205,4.748966217041016,-0.567175030708313,-0.5752304196357727,4.78271550963005,-0.11886822438021107,4.897407054901123,-0.3118860721588135,-2.729485034942627,-0.3118860721588135,-2.729485034942627,-0.35836052894592285,151.25033569335938,-0.35829082131385803,150.54383850097656,-0.00393837690353402,35.93978881836014,-0.125,-2.25,2.25
19.36,87.31022644042969,87.31022644042969,0.0028777418192476034,0.0028777418192476034,0.017130129039287567,0.017130129039287567,7.22786283493042,-43.922603607177734,0.0,2.5027032,2.6387124061584473,4.749312400817871,-0.5672682523727417,-0.5753385424613953,4.78307030585088,-0.11887899370377293,4.898395538330078,-0.31036028265953064,-2.730546712875366,-0.31036028265953064,-2.730546712875366,-0.35843929648399353,151.96913146972656,-0.35836052894592285,151.25033569335938,-0.004324316978454682,36.4234924316414,-0.125,-2.25,2.25
19.38,87.40582275390625,87.40582275390625,0.0045328401029109955,0.0045328401029109955,0.017560036852955818,0.017560036852955818,7.150439739227295,-43.866432189941406,0.0,2.4907537,2.6272058486938477,4.749691963195801,-0.5673773884773254,-0.5754633545875549,4.783460133230142,-0.11889223726669082,4.899435997009277,-0.30881187319755554,-2.731679916381836,-0.30881187319755554,-2.731679916381836,-0.3585257828235626,152.69760131835938,-0.35843929648399353,151.96913146972656,-0.0046670436859123565,36.7752075195255,-0.125,-2.25,2.25
19.400000000000002,87.50141906738281,87.50141906738281,0.006228945683687925,0.006228945683687925,0.01798335462808609,0.01798335462808609,7.07365083694458,-43.809364318847656,0.0,2.4788046,2.6156959533691406,4.750105857849121,-0.5675022006034851,-0.5756046175956726,4.783885910895277,-0.11890788103859029,4.90052604675293,-0.30724453926086426,-2.732886791229248,-0.30724453926086426,-2.732886791229248,-0.3586191236972809,153.43310546875,-0.3585257828235626,152.69760131835938,-0.004938244819641218,37.01934814453204,-0.125,-2.25,2.25
19.42,87.59701538085938,87.59701538085938,0.007965441793203354,0.007965441793203354,0.01839989423751831,0.01839989423751831,6.997507095336914,-43.751399993896484,0.0,2.466855,2.6041808128356934,4.750555515289307,-0.5676421523094177,-0.5757617950439453,4.784348996146092,-0.11892577721881141,4.901663303375244,-0.30566293001174927,-2.7341678142547607,-0.30566293001174927,-2.7341678142547607,-0.3587178885936737,154.17349243164062,-0.3586191236972809,153.43310546875,-0.005134940147400012,37.15515136718829,-0.125,-2.25,2.25
19.44,87.69257354736328,87.69257354736328,0.009741697460412979,0.009741697460412979,0.018809573724865913,0.018809573724865913,6.922046661376953,-43.69257354736328,0.0,2.4549103,2.592665672302246,4.751039981842041,-0.5677964091300964,-0.5759338140487671,4.7848483436032385,-0.11894577522103664,4.90284538269043,-0.30406641960144043,-2.735518217086792,-0.30406641960144043,-2.735518217086792,-0.3588205873966217,154.91659545898438,-0.3587178885936737,154.17349243164062,-0.005267560482025258,37.187194824219546,-0.125,-2.25,2.25
19.46,87.78813171386719,87.78813171386719,0.011557080782949924,0.011557080782949924,0.01921246200799942,0.01921246200799942,6.847252368927002,-43.632869720458984,0.0,2.442965,2.5811450481414795,4.751560688018799,-0.5679636001586914,-0.5761193633079529,4.7853852115614375,-0.11896755400012676,4.90407133102417,-0.30245348811149597,-2.736931800842285,-0.30245348811149597,-2.736931800842285,-0.3589259386062622,155.66033935546875,-0.3588205873966217,154.91659545898438,-0.005336105823516959,37.12158203125079,-0.125,-2.25,2.25
19.48,87.8836898803711,87.8836898803711,0.01341097243130207,0.01341097243130207,0.019608646631240845,0.019608646631240845,6.773131847381592,-43.57229232788086,0.0,2.4310203,2.569619655609131,4.752119064331055,-0.5681422352790833,-0.5763168931007385,4.785960844082051,-0.11899076781241086,4.905338764190674,-0.30082350969314575,-2.7383999824523926,-0.30082350969314575,-2.7383999824523926,-0.35903266072273254,156.40277099609375,-0.3589259386062622,155.66033935546875,-0.00533312559127819,36.96899414062579,-0.125,-2.25,2.25
19.5,87.97921752929688,87.97921752929688,0.015302754007279873,0.015302754007279873,0.019998280331492424,0.019998280331492424,6.6997199058532715,-43.510868072509766,0.0,2.4190798,2.5580923557281494,4.752714157104492,-0.5683305859565735,-0.5765247344970703,4.786574089479364,-0.11901508066588296,4.906646728515625,-0.29917657375335693,-2.7399134635925293,-0.29917657375335693,-2.7399134635925293,-0.3591393232345581,157.14215087890625,-0.35903266072273254,156.40277099609375,-0.005286931991577261,36.72027587890703,-0.125,-2.25,2.25
19.52,88.07473754882812,88.07473754882812,0.017231838777661324,0.017231838777661324,0.020381629467010498,0.020381629467010498,6.627012729644775,-43.44860076904297,0.0,2.4071395,2.5465612411499023,4.753347873687744,-0.5685268640518188,-0.5767412185668945,4.787226629630187,-0.11904007336878744,4.907992839813232,-0.2975118160247803,-2.741462469100952,-0.2975118160247803,-2.741462469100952,-0.35924506187438965,157.87655639648438,-0.3591393232345581,157.14215087890625,-0.00518113374710094,36.3899230957039,-0.125,-2.25,2.25
19.54,88.17025756835938,88.17025756835938,0.01919766142964363,0.01919766142964363,0.020758988335728645,0.020758988335728645,6.5550055503845215,-43.385475158691406,0.0,2.3951993,2.5350236892700195,4.754020690917969,-0.5687293410301208,-0.5769646167755127,4.787918732917751,-0.11906537473380122,4.9093756675720215,-0.29583415389060974,-2.743036985397339,-0.29583415389060974,-2.743036985397339,-0.35934868454933167,158.60435485839844,-0.35924506187438965,157.87655639648438,-0.005021691322326767,35.98327636718827,-0.125,-2.25,2.25
19.56,88.2657699584961,88.2657699584961,0.021199680864810944,0.021199680864810944,0.02113059163093567,0.02113059163093567,6.483733654022217,-43.321502685546875,0.0,2.3832605,2.523481607437134,4.754732131958008,-0.5689360499382019,-0.5771932601928711,4.788649692302959,-0.11909058798678152,4.910794734954834,-0.29414278268814087,-2.7446279525756836,-0.29414278268814087,-2.7446279525756836,-0.3594491183757782,159.3240203857422,-0.35934868454933167,158.60435485839844,-0.004833936691283424,35.485076904291326,-0.125,-2.25,2.25
19.580000000000002,88.36125183105469,88.36125183105469,0.02323739416897297,0.02323739416897297,0.02149689942598343,0.02149689942598343,6.413212299346924,-43.2567024230957,0.0,2.3713255,2.511937141418457,4.755483627319336,-0.5691453218460083,-0.5774254202842712,4.789420729804541,-0.11911533106822657,4.912248611450195,-0.2924390435218811,-2.7462258338928223,-0.2924390435218811,-2.7462258338928223,-0.3595457971096039,160.03372192382812,-0.3594491183757782,159.3240203857422,-0.004614889621734717,34.91592407226637,-0.125,-2.25,2.25
19.6,88.45673370361328,88.45673370361328,0.0253103319555521,0.0253103319555521,0.021858157590031624,0.021858157590031624,6.343430042266846,-43.191078186035156,0.0,2.3593898,2.500387191772461,4.756274223327637,-0.5693554282188416,-0.5776597261428833,4.790230692892898,-0.11913926895937965,4.913735866546631,-0.2907254695892334,-2.7478232383728027,-0.2907254695892334,-2.7478232383728027,-0.3596380949020386,160.73204040527344,-0.3595457971096039,160.03372192382812,-0.004360079765319917,34.27886962890698,-0.125,-2.25,2.25
19.62,88.55221557617188,88.55221557617188,0.027418050915002823,0.027418050915002823,0.022214695811271667,0.022214695811271667,6.274392127990723,-43.12464141845703,0.0,2.347455,2.4888317584991455,4.757104396820068,-0.5695648193359375,-0.5778948664665222,4.7910798705166675,-0.119162068487652,4.91525411605835,-0.28900668025016785,-2.7494137287139893,-0.28900668025016785,-2.7494137287139893,-0.35972529649734497,161.41761779785156,-0.3596380949020386,160.73204040527344,-0.004084408283233729,33.57315063476634,-0.125,-2.25,2.25
19.64,88.64769744873047,88.64769744873047,0.029560139402747154,0.029560139402747154,0.022566810250282288,0.022566810250282288,6.206103324890137,-43.05738067626953,0.0,2.3355193,2.4772696495056152,4.757973670959473,-0.5697722434997559,-0.5781295299530029,4.791967640020778,-0.11918348217570923,4.916803359985352,-0.2872862219810486,-2.750991106033325,-0.2872862219810486,-2.750991106033325,-0.35980698466300964,162.08908081054688,-0.35972529649734497,161.41761779785156,-0.0038042664527893877,32.795715332031946,-0.125,-2.25,2.25
19.66,88.7431411743164,88.7431411743164,0.03173622116446495,0.03173622116446495,0.022914960980415344,0.022914960980415344,6.138607501983643,-42.989349365234375,0.0,2.3235888,2.4657068252563477,4.758883476257324,-0.5699762105941772,-0.5783624649047852,4.792895244133581,-0.11920316608772111,4.918381214141846,-0.2855667769908905,-2.7525506019592285,-0.2855667769908905,-2.7525506019592285,-0.35988306999206543,162.7449951171875,-0.35980698466300964,162.08908081054688,-0.003515183925628737,31.957244873047557,-0.125,-2.25,2.25
19.68,88.83858489990234,88.83858489990234,0.0339459590613842,0.0339459590613842,0.02325931191444397,0.02325931191444397,6.071883678436279,-42.92052459716797,0.0,2.3116584,2.45413875579834,4.75983190536499,-0.57017582654953,-0.5785928964614868,4.793860682217617,-0.11922098288055107,4.919986724853516,-0.28385651111602783,-2.75408935546875,-0.28385651111602783,-2.75408935546875,-0.359953373670578,163.38414001464844,-0.35988306999206543,162.7449951171875,-0.0032156705856323927,31.069183349610036,-0.125,-2.25,2.25
19.7,88.93402862548828,88.93402862548828,0.03618902713060379,0.03618902713060379,0.02360023558139801,0.02360023558139801,6.005941390991211,-42.85091018676758,0.0,2.299728,2.4425649642944336,4.760818958282471,-0.5703701376914978,-0.5788201093673706,4.794863840351675,-0.11923673577752175,4.9216179847717285,-0.2821590304374695,-2.755606174468994,-0.2821590304374695,-2.755606174468994,-0.36001768708229065,164.00552368164062,-0.359953373670578,163.38414001464844,-0.0029087066650391245,30.133056640625643,-0.125,-2.25,2.25
19.72,89.02947235107422,89.02947235107422,0.03846513852477074,0.03846513852477074,0.02393794246017933,0.02393794246017933,5.940789699554443,-42.780521392822266,0.0,2.287798,2.430986166000366,4.761843681335449,-0.570558488368988,-0.5790433883666992,4.795903693166101,-0.1192503136193261,4.92327356338501,-0.28047847747802734,-2.757098913192749,-0.28047847747802734,-2.757098913192749,-0.36007586121559143,164.60818481445312,-0.36001768708229065,164.00552368164062,-0.002607703208922932,29.145812988276695,-0.125,-2.25,2.25
19.740000000000002,89.12491607666016,89.12491607666016,0.04077402502298355,0.04077402502298355,0.02427266351878643,0.02427266351878643,5.876437664031982,-42.70935821533203,0.0,2.2758672,2.4194014072418213,4.762906551361084,-0.5707401633262634,-0.5792621374130249,4.79698062858628,-0.11926155763561892,4.924951553344727,-0.2788204550743103,-2.7585668563842773,-0.2788204550743103,-2.7585668563842773,-0.3601280152797699,165.19110107421875,-0.36007586121559143,164.60818481445312,-0.0023141503334045905,28.113555908203725,-0.125,-2.25,2.25
19.76,89.22032928466797,89.22032928466797,0.043115437030792236,0.043115437030792236,0.024604588747024536,0.024604588747024536,5.81291389465332,-42.63745880126953,0.0,2.2639406,2.407815456390381,4.764005661010742,-0.5709148049354553,-0.5794761180877686,4.798092709883469,-0.11927044243162042,4.926650047302246,-0.27719035744667053,-2.7600104808807373,-0.27719035744667053,-2.7600104808807373,-0.360174298286438,165.7533721923828,-0.3601280152797699,165.19110107421875,0.001545250415802035,27.931213378906847,-0.125,-2.25,2.25
19.78,89.31573486328125,89.31573486328125,0.045489151030778885,0.045489151030778885,0.02493390440940857,0.02493390440940857,5.750222206115723,-42.56480407714844,0.0,2.2520149,2.396225690841675,4.765141010284424,-0.5710820555686951,-0.5796849131584167,4.799239894200646,-0.11927689546402029,4.928367614746094,-0.2755935490131378,-2.7614307403564453,-0.2755935490131378,-2.7614307403564453,-0.36014339327812195,166.31199645996094,-0.360174298286438,165.7533721923828,0.006338953971862928,27.233123779297454,-0.125,-2.25,2.25
19.8,89.41114044189453,89.41114044189453,0.04789520800113678,0.04789520800113678,0.025267213582992554,0.025267213582992554,5.688366889953613,-42.49140167236328,0.0,2.2400892,2.3846311569213867,4.766324520111084,-0.5712136030197144,-0.5798577070236206,4.80043064852383,-0.11927476688599235,4.930112361907959,-0.2736763060092926,-2.7626147270202637,-0.2736763060092926,-2.7626147270202637,-0.3600166141986847,166.85665893554688,-0.36014339327812195,166.31199645996094,0.010450184345245583,25.53024291992242,-0.125,-2.25,2.25
19.82,89.50654602050781,89.50654602050781,0.05033431947231293,0.05033431947231293,0.02561182528734207,0.02561182528734207,5.627345561981201,-42.41726303100586,0.0,2.228163,2.373032569885254,4.767570972442627,-0.5712807178497314,-0.579964816570282,4.8016762318865736,-0.11925775614705944,4.93189001083374,-0.271231472492218,-2.7633554935455322,-0.271231472492218,-2.7633554935455322,-0.3598076105117798,167.3672637939453,-0.3600166141986847,166.85665893554688,0.013829767704010305,23.06060791015674,-0.125,-2.25,2.25
19.84,89.6019515991211,89.6019515991211,0.052807822823524475,0.052807822823524475,0.025972940027713776,0.025972940027713776,5.567166328430176,-42.3423957824707,0.0,2.2162373,2.3614323139190674,4.768887519836426,-0.5712664723396301,-0.5799911618232727,4.802981736304124,-0.11922219887948428,4.933700084686279,-0.2682947516441345,-2.7635498046875,-0.2682947516441345,-2.7635498046875,-0.3595310151576996,167.82847595214844,-0.3598076105117798,167.3672637939453,0.01644343137741124,20.01724243164105,-0.125,-2.25,2.25
19.86,89.69735717773438,89.69735717773438,0.055317480117082596,0.055317480117082596,0.026353858411312103,0.026353858411312103,5.507835388183594,-42.26681900024414,0.0,2.2043123,2.349832057952881,4.7702765464782715,-0.5711637139320374,-0.5799322724342346,4.804348688219174,-0.11916657432614369,4.935536861419678,-0.2649992108345032,-2.7631733417510986,-0.2649992108345032,-2.7631733417510986,-0.35920214653015137,168.22882080078125,-0.3595310151576996,167.82847595214844,0.018340349197388087,16.59622192382848,-0.125,-2.25,2.25
19.88,89.79276275634766,89.79276275634766,0.057865310460329056,0.057865310460329056,0.02675624191761017,0.02675624191761017,5.449358940124512,-42.1905403137207,0.0,2.1923866,2.338233232498169,4.771737098693848,-0.5709726810455322,-0.5797913074493408,4.805776185128839,-0.1190909745810493,4.937392711639404,-0.26151415705680847,-2.7622597217559814,-0.26151415705680847,-2.7622597217559814,-0.3588353395462036,168.5607452392578,-0.35920214653015137,168.22882080078125,0.019581615924832145,12.9585266113261,-0.125,-2.25,2.25
19.900000000000002,89.88816833496094,89.88816833496094,0.06045343354344368,0.06045343354344368,0.027180327102541924,0.027180327102541924,5.39174747467041,-42.11357498168945,0.0,2.180461,2.3266382217407227,4.773264408111572,-0.5706992745399475,-0.5795761942863464,4.807260214686234,-0.11899675685868348,4.939260005950928,-0.2580009698867798,-2.7608814239501953,-0.2580009698867798,-2.7608814239501953,-0.3584437072277069,168.81991577148438,-0.3588353395462036,168.5607452392578,0.020231306552887393,9.226226806640822,-0.125,-2.25,2.25
19.92,89.98357391357422,89.98357391357422,0.0630839616060257,0.0630839616060257,0.02762548066675663,0.02762548066675663,5.334999084472656,-42.035926818847656,0.0,2.168535,2.315046548843384,4.7748517990112305,-0.5703530311584473,-0.5792980194091797,4.808795304717432,-0.11888607555824053,4.941129207611084,-0.25459763407707214,-2.759134292602539,-0.25459763407707214,-2.759134292602539,-0.35803908109664917,169.0044403076172,-0.3584437072277069,168.81991577148438,0.020365417003632025,5.498504638671992,-0.125,-2.25,2.25
19.94,90.07896423339844,90.07896423339844,0.06575892120599747,0.06575892120599747,0.02809017151594162,0.02809017151594162,5.279131889343262,-41.957611083984375,0.0,2.1566112,2.303462505340576,4.776491641998291,-0.5699460506439209,-0.5789695382118225,4.810375339484866,-0.11876163550393677,4.942992210388184,-0.2514171898365021,-2.757124423980713,-0.2514171898365021,-2.757124423980713,-0.35763177275657654,169.11441040039062,-0.35803908109664917,169.0044403076172,0.020056962966919372,1.8562316894531645,-0.125,-2.25,2.25
19.96,90.17433166503906,90.17433166503906,0.06848015636205673,0.06848015636205673,0.028572380542755127,0.028572380542755127,5.224159240722656,-41.878662109375,0.0,2.14469,2.29188871383667,4.778174877166748,-0.5694916248321533,-0.5786041617393494,4.811992920562273,-0.1186264193722168,4.944839954376221,-0.24854345619678497,-2.7549610137939453,-0.24854345619678497,-2.7549610137939453,-0.35723063349723816,169.1515350341797,-0.35763177275657654,169.11441040039062,0.019361078739166673,-1.6586303710937853,-0.125,-2.25,2.25
19.98,90.26969909667969,90.26969909667969,0.07124929130077362,0.07124929130077362,0.029069630429148674,0.029069630429148674,5.170068740844727,-41.79905319213867,0.0,2.1327689,2.2803220748901367,4.779891490936279,-0.5690033435821533,-0.5782147645950317,4.813639732066861,-0.1184834904879038,4.946663856506348,-0.24603819847106934,-2.7527482509613037,-0.24603819847106934,-2.7527482509613037,-0.35684341192245483,169.1183624267578,-0.35723063349723816,169.1515350341797,0.018405914306641017,-4.93698120117198,-0.125,-2.25,2.25
20.0,90.36506652832031,90.36506652832031,0.07406771928071976,0.07406771928071976,0.029579252004623413,0.029579252004623413,5.116886138916016,-41.718814849853516,0.0,2.1208484,2.268763542175293,4.781632423400879,-0.5684947371482849,-0.5778139233589172,4.815308390818169,-0.11833587167851235,4.948457717895508,-0.24393850564956665,-2.750582218170166,-0.24393850564956665,-2.750582218170166,-0.356475293636322,169.01962280273438,-0.35684341192245483,169.1183624267578,0.017209351062775026,-8.00781250000017,-0.125,-2.25,2.25
20.02,90.46043395996094,90.46043395996094,0.07693658024072647,0.07693658024072647,0.030098475515842438,0.030098475515842438,5.064608573913574,-41.63792419433594,0.0,2.108927,2.257211923599243,4.783387660980225,-0.5679783821105957,-0.5774127244949341,4.816990446094204,-0.11818640759960686,4.95021390914917,-0.2422620803117752,-2.7485439777374268,-0.2422620803117752,-2.7485439777374268,-0.35613110661506653,168.85946655273438,-0.356475293636322,169.01962280273438,0.015845894813537934,-10.827636718750231,-0.125,-2.25,2.25
20.04,90.55580139160156,90.55580139160156,0.07985671609640121,0.07985671609640121,0.03062470257282257,0.03062470257282257,5.013235092163086,-41.55641174316406,0.0,2.0970066,2.245668411254883,4.785150527954102,-0.567465603351593,-0.5770211219787598,4.818680606365875,-0.1180375984225909,4.951927661895752,-0.241013303399086,-2.746701955795288,-0.241013303399086,-2.746701955795288,-0.3558141887187958,168.64291381835938,-0.35613110661506653,168.85946655273438,0.014369189739227602,-13.380432128906536,-0.125,-2.25,2.25
20.06,90.65116882324219,90.65116882324219,0.08282873779535294,0.08282873779535294,0.031155258417129517,0.031155258417129517,4.962775707244873,-41.474300384521484,0.0,2.0850856,2.234132766723633,4.7869110107421875,-0.5669664740562439,-0.5766475200653076,4.820370111046304,-0.11789176374366754,4.9535932540893555,-0.24018573760986328,-2.7451107501983643,-0.24018573760986328,-2.7451107501983643,-0.35552680492401123,168.37530517578125,-0.3558141887187958,168.64291381835938,0.012840330600736518,-15.652465820310054,-0.125,-2.25,2.25
20.080000000000002,90.74653625488281,90.74653625488281,0.08585300296545029,0.08585300296545029,0.03168775886297226,0.03168775886297226,4.913229942321777,-41.39158248901367,0.0,2.0731642,2.2226028442382812,4.788661956787109,-0.5664894580841064,-0.5762988924980164,4.822052845262126,-0.11775081771316014,4.955206871032715,-0.23976202309131622,-2.743809938430786,-0.23976202309131622,-2.743809938430786,-0.35526999831199646,168.062255859375,-0.35552680492401123,168.37530517578125,0.011298060417175534,-17.65060424804725,-0.125,-2.25,2.25
20.1,90.84190368652344,90.84190368652344,0.08892963826656342,0.08892963826656342,0.03221997991204262,0.03221997991204262,4.86461067199707,-41.30828094482422,0.0,2.0612438,2.2110800743103027,4.790397644042969,-0.5660416483879089,-0.5759806036949158,4.823723948959158,-0.11761635408712902,4.956766605377197,-0.2397184818983078,-2.742825746536255,-0.2397184818983078,-2.742825746536255,-0.35504403710365295,167.70924377441406,-0.35526999831199646,168.062255859375,0.009782612323761194,-19.376373291016037,-0.125,-2.25,2.25
20.12,90.93727111816406,90.93727111816406,0.09205856174230576,0.09205856174230576,0.03274993225932121,0.03274993225932121,4.816919803619385,-41.224388122558594,0.0,2.0493224,2.199561834335327,4.792111873626709,-0.565628170967102,-0.575696587562561,4.825377854339044,-0.11748957071578531,4.9582695960998535,-0.2400246560573578,-2.7421717643737793,-0.2400246560573578,-2.7421717643737793,-0.35484838485717773,167.32171630859375,-0.35504403710365295,167.70924377441406,0.008313357830047784,-20.843505859375444,-0.125,-2.25,2.25
20.14,91.03263854980469,91.03263854980469,0.09523950517177582,0.09523950517177582,0.033275846391916275,0.033275846391916275,4.770165920257568,-41.13992691040039,0.0,2.037402,2.1880486011505127,4.793799877166748,-0.5652530193328857,-0.5754494071006775,4.8270102794782686,-0.11737139565943695,4.959715366363525,-0.24064654111862183,-2.7418501377105713,-0.24064654111862183,-2.7418501377105713,-0.3546821177005768,166.90484619140625,-0.35484838485717773,167.32171630859375,0.006918609142303614,-22.06115722656297,-0.125,-2.25,2.25
20.16,91.12799072265625,91.12799072265625,0.09847205877304077,0.09847205877304077,0.03379623219370842,0.03379623219370842,4.724365234375,-41.05492401123047,0.0,2.0254834,2.1765410900115967,4.795457363128662,-0.5649186968803406,-0.5752406120300293,4.828617240543082,-0.11726243747763772,4.961102485656738,-0.2415507286787033,-2.7418549060821533,-0.2415507286787033,-2.7418549060821533,-0.3545437455177307,166.463623046875,-0.3546821177005768,166.90484619140625,0.005631148815155149,-23.030853271484865,-0.125,-2.25,2.25
20.18,91.22332000732422,91.22332000732422,0.10175564140081406,0.10175564140081406,0.034309886395931244,0.034309886395931244,4.679526329040527,-40.969390869140625,0.0,2.0135667,2.165039539337158,4.797080993652344,-0.5646264553070068,-0.5750705003738403,4.8301955543945745,-0.11716302338887559,4.96243143081665,-0.24270161986351013,-2.742171049118042,-0.24270161986351013,-2.742171049118042,-0.3544311225414276,166.0030059814453,-0.3545437455177307,166.463623046875,0.004428625106811618,-23.812103271484883,-0.125,-2.25,2.25
20.2,91.31864929199219,91.31864929199219,0.10508956760168076,0.10508956760168076,0.03481576591730118,0.03481576591730118,4.635644435882568,-40.8833122253418,0.0,2.0016506,2.1535396575927734,4.79866886138916,-0.5643764138221741,-0.5749384760856628,4.831743326972648,-0.11707321288339534,4.963703632354736,-0.2440638244152069,-2.7427778244018555,-0.2440638244152069,-2.7427778244018555,-0.3543425500392914,165.52676391601562,-0.3544311225414276,166.0030059814453,0.0033646821975708723,-24.37438964843802,-0.125,-2.25,2.25
20.22,91.41397857666016,91.41397857666016,0.10847307741641998,0.10847307741641998,0.03531312942504883,0.03531312942504883,4.592743873596191,-40.796688079833984,0.0,1.9897339,2.1420400142669678,4.800217628479004,-0.5641677379608154,-0.5748432874679565,4.8332571333745955,-0.11699290417247854,4.9649200439453125,-0.2456040382385254,-2.7436511516571045,-0.2456040382385254,-2.7436511516571045,-0.35427525639533997,165.03927612304688,-0.3543425500392914,165.52676391601562,0.002411007881164174,-24.765014648433628,-0.125,-2.25,2.25
20.240000000000002,91.50927734375,91.50927734375,0.11190532147884369,0.11190532147884369,0.03580135107040405,0.03580135107040405,4.550837516784668,-40.70957565307617,0.0,1.9778221,2.1305453777313232,4.801726818084717,-0.5639990568161011,-0.5747829079627991,4.834736329067328,-0.11692181652525972,4.9660820960998535,-0.24728675186634064,-2.7447614669799805,-0.24728675186634064,-2.7447614669799805,-0.3542270362377167,164.54397583007812,-0.35427525639533997,165.03927612304688,0.0015780329704285004,-24.997711181641158,-0.125,-2.25,2.25
20.26,91.60456848144531,91.60456848144531,0.11538540571928024,0.11538540571928024,0.036280132830142975,0.036280132830142975,4.509911060333252,-40.62195587158203,0.0,1.9659107,2.1190502643585205,4.803195953369141,-0.5638680458068848,-0.5747549533843994,4.836180159955144,-0.1168594740633947,4.967191696166992,-0.2490835189819336,-2.7460789680480957,-0.2490835189819336,-2.7460789680480957,-0.3541954755783081,164.0440216064453,-0.3542270362377167,164.54397583007812,0.0008746981620788761,-25.08468627929741,-0.125,-2.25,2.25
20.28,91.69985961914062,91.69985961914062,0.11891242116689682,0.11891242116689682,0.036749135702848434,0.036749135702848434,4.469970226287842,-40.533836364746094,0.0,1.9539993,2.107553720474243,4.804623603820801,-0.5637720823287964,-0.5747565627098083,4.837586891747303,-0.11680536361426723,4.9682512283325195,-0.2509669065475464,-2.7475717067718506,-0.2509669065475464,-2.7475717067718506,-0.35417798161506653,163.54232788085938,-0.3541954755783081,164.0440216064453,0.0002771615982055723,-25.062561035156783,-0.125,-2.25,2.25
20.3,91.79511260986328,91.79511260986328,0.12248541414737701,0.12248541414737701,0.03720832243561745,0.03720832243561745,4.431034564971924,-40.44525909423828,0.0,1.9420927,2.096059799194336,4.806010723114014,-0.5637081861495972,-0.5747847557067871,4.838957117997529,-0.11675884210483226,4.969263076782227,-0.2529090642929077,-2.749208688735962,-0.2529090642929077,-2.749208688735962,-0.3541724383831024,163.04107666015625,-0.35417798161506653,163.54232788085938,-0.00020712614059448684,-24.936676025391158,-0.125,-2.25,2.25
20.32,91.89036560058594,91.89036560058594,0.1261034458875656,0.1261034458875656,0.03765770047903061,0.03765770047903061,4.393095970153809,-40.356201171875,0.0,1.9301856,2.0845625400543213,4.807356834411621,-0.5636731386184692,-0.5748363733291626,4.840289985172801,-0.11671925306361888,4.970229148864746,-0.2548890709877014,-2.7509591579437256,-0.2548890709877014,-2.7509591579437256,-0.3541765809059143,162.54234313964844,-0.3541724383831024,163.04107666015625,-0.0005975365638733037,-24.73220825195365,-0.125,-2.25,2.25
20.34,91.98558807373047,91.98558807373047,0.12976552546024323,0.12976552546024323,0.03809737786650658,0.03809737786650658,4.35617208480835,-40.26670455932617,0.0,1.9182827,2.073065996170044,4.808663368225098,-0.5636635422706604,-0.5749081969261169,4.84158651454201,-0.11668585849655273,4.9711527824401855,-0.2568868100643158,-2.752793550491333,-0.2568868100643158,-2.752793550491333,-0.3541885316371918,162.04769897460938,-0.3541765809059143,162.54234313964844,-0.0008910894393921088,-24.457550048828647,-0.125,-2.25,2.25
20.36,92.08080291748047,92.08080291748047,0.13347077369689941,0.13347077369689941,0.03852756321430206,0.03852756321430206,4.3202619552612305,-40.1767578125,0.0,1.9063814,2.0615668296813965,4.809930324554443,-0.5636759400367737,-0.574997067451477,4.84284630072489,-0.1166579436779269,4.972036361694336,-0.25888437032699585,-2.754685401916504,-0.25888437032699585,-2.754685401916504,-0.3542063534259796,161.5585479736328,-0.3541885316371918,162.04769897460938,-0.0011116266250610588,-24.13864135742239,-0.125,-2.25,2.25
20.38,92.17598724365234,92.17598724365234,0.13721825182437897,0.13721825182437897,0.03894847631454468,0.03894847631454468,4.285376071929932,-40.086395263671875,0.0,1.894483,2.0500662326812744,4.811159133911133,-0.5637072324752808,-0.5751000642776489,4.844070401610764,-0.1166348338362066,4.972881317138672,-0.26086822152137756,-2.75661039352417,-0.26086822152137756,-2.75661039352417,-0.35422858595848083,161.07577514648438,-0.3542063534259796,161.5585479736328,-0.0012621283531186992,-23.784637451168155,-0.125,-2.25,2.25
20.400000000000002,92.27115631103516,92.27115631103516,0.14100706577301025,0.14100706577301025,0.03936039283871651,0.03936039283871651,4.251517295837402,-39.995601654052734,0.0,1.8825867,2.0385630130767822,4.812351226806641,-0.5637542009353638,-0.5752142667770386,4.845259861887662,-0.11661583069044593,4.973690509796143,-0.2628275752067566,-2.7585458755493164,-0.2628275752067566,-2.7585458755493164,-0.3542538285255432,160.60008239746094,-0.35422858595848083,161.07577514648438,-0.0013381242752075482,-23.390197753906747,-0.125,-2.25,2.25
20.42,92.36629486083984,92.36629486083984,0.14483632147312164,0.14483632147312164,0.039763569831848145,0.039763569831848145,4.218698024749756,-39.9044189453125,0.0,1.8706949,2.0270586013793945,4.813506603240967,-0.5638138651847839,-0.5753371119499207,4.846414333713018,-0.11660032004944103,4.974465847015381,-0.2647537589073181,-2.7604730129241943,-0.2647537589073181,-2.7604730129241943,-0.35428059101104736,160.1322784423828,-0.3542538285255432,160.60008239746094,-0.001382827758789092,-23.009490966797365,-0.125,-2.25,2.25
20.44,92.46141815185547,92.46141815185547,0.14870522916316986,0.14870522916316986,0.04015836864709854,0.04015836864709854,4.186941146850586,-39.81282043457031,0.0,1.858804,2.015550136566162,4.814627647399902,-0.5638834834098816,-0.5754661560058594,4.847535865361904,-0.11658768009969389,4.975209712982178,-0.2666377127170563,-2.7623746395111084,-0.2666377127170563,-2.7623746395111084,-0.35430824756622314,159.67208862304688,-0.35428059101104736,160.1322784423828,-0.0013634562492370896,-22.600555419922358,-0.125,-2.25,2.25
20.46,92.5565185546875,92.5565185546875,0.15261295437812805,0.15261295437812805,0.04054506495594978,0.04054506495594978,4.156229496002197,-39.72084045410156,0.0,1.8469169,2.0040388107299805,4.815715312957764,-0.563960611820221,-0.5755993127822876,4.848625119262215,-0.11657738511759413,4.97592306137085,-0.268476277589798,-2.764237880706787,-0.268476277589798,-2.764237880706787,-0.3543355166912079,159.22007751464844,-0.35430824756622314,159.67208862304688,-0.0013113021850586217,-22.198486328125473,-0.125,-2.25,2.25
20.48,92.65158081054688,92.65158081054688,0.15655870735645294,0.15655870735645294,0.04092398285865784,0.04092398285865784,4.126572608947754,-39.62851333618164,0.0,1.8350341,1.9925270080566406,4.816770076751709,-0.564042866230011,-0.5757344961166382,4.84968229137081,-0.11656893360142553,4.976607799530029,-0.27026551961898804,-2.7660508155822754,-0.27026551961898804,-2.7660508155822754,-0.35436174273490906,158.77610778808594,-0.3543355166912079,159.22007751464844,-0.0012636184692383081,-21.83609008789109,-0.125,-2.25,2.25
20.5,92.74662017822266,92.74662017822266,0.16054172813892365,0.16054172813892365,0.0412953682243824,0.0412953682243824,4.097968101501465,-39.53582000732422,0.0,1.8231542,1.9810113906860352,4.817793369293213,-0.5641282200813293,-0.5758698582649231,4.850708566580534,-0.11656187492986098,4.97726583480835,-0.2720024287700653,-2.767803430557251,-0.2720024287700653,-2.767803430557251,-0.3543870151042938,158.33938598632812,-0.35436174273490906,158.77610778808594,-0.0011444091796875245,-21.44012451171921,-0.125,-2.25,2.25
20.52,92.84163665771484,92.84163665771484,0.16456131637096405,0.16456131637096405,0.041659533977508545,0.041659533977508545,4.070423603057861,-39.44278335571289,0.0,1.8112772,1.9694925546646118,4.81878662109375,-0.5642151236534119,-0.5760042667388916,4.8517051853334365,-0.11655585654515242,4.977897644042969,-0.2736892104148865,-2.76949143409729,-0.2736892104148865,-2.76949143409729,-0.3544099032878876,157.91058349609375,-0.3543870151042938,158.33938598632812,-0.001029670238494895,-21.083831787109826,-0.125,-2.25,2.25
20.54,92.9366226196289,92.9366226196289,0.16861674189567566,0.16861674189567566,0.04201672226190567,0.04201672226190567,4.043943405151367,-39.34941864013672,0.0,1.7994039,1.957971215248108,4.8197503089904785,-0.5643018484115601,-0.5761362910270691,4.85267242013455,-0.11655051248328237,4.978504657745361,-0.2753235101699829,-2.7711076736450195,-0.2753235101699829,-2.7711076736450195,-0.35443049669265747,157.48890686035156,-0.3544099032878876,157.91058349609375,-0.0009059906005859568,-20.75119018554732,-0.125,-2.25,2.25
20.56,93.03157043457031,93.03157043457031,0.17270736396312714,0.17270736396312714,0.04236713796854019,0.04236713796854019,4.018534183502197,-39.25574493408203,0.0,1.7875354,1.9464480876922607,4.820686340332031,-0.5643872022628784,-0.5762650370597839,4.853612026722156,-0.11654555260477807,4.979087829589844,-0.2769066095352173,-2.7726492881774902,-0.2769066095352173,-2.7726492881774902,-0.3544486165046692,157.07388305664062,-0.35443049669265747,157.48890686035156,-0.000774860382079957,-20.442199707028056,-0.125,-2.25,2.25
20.580000000000002,93.12649536132812,93.12649536132812,0.17683249711990356,0.17683249711990356,0.04271100088953972,0.04271100088953972,3.9941959381103516,-39.16175842285156,0.0,1.7756698,1.9349216222763062,4.821594715118408,-0.5644700527191162,-0.5763894319534302,4.854523873385987,-0.1165407448991667,4.979647636413574,-0.2784413695335388,-2.7741146087646484,-0.2784413695335388,-2.7741146087646484,-0.3544641137123108,156.6650390625,-0.3544486165046692,157.07388305664062,-0.0006332993507385389,-20.156097412109805,-0.125,-2.25,2.25
20.6,93.22138977050781,93.22138977050781,0.1809915006160736,0.1809915006160736,0.04304846003651619,0.04304846003651619,3.9709346294403076,-39.067481994628906,0.0,1.763808,1.923392415046692,4.822476863861084,-0.5645497441291809,-0.5765090584754944,4.855409304690157,-0.11653592082250284,4.980185031890869,-0.2799305021762848,-2.775502920150757,-0.2799305021762848,-2.775502920150757,-0.35447677969932556,156.2619171142578,-0.3544641137123108,156.6650390625,0.0003769993782043537,-19.202423095703534,-0.125,-2.25,2.25
20.62,93.3162612915039,93.3162612915039,0.1851835548877716,0.1851835548877716,0.04334519803524017,0.04334519803524017,3.948754072189331,-38.972923278808594,0.0,1.7520034,1.9118785858154297,4.823332786560059,-0.5646253824234009,-0.5766233205795288,4.8562682166846995,-0.11653089744732131,4.9807000160217285,-0.2813754379749298,-2.7768146991729736,-0.2813754379749298,-2.7768146991729736,-0.3544692397117615,155.87786865234375,-0.35447677969932556,156.2619171142578,0.009077787399292186,-12.331390380859638,-0.12288427,-2.25,2.25
20.64,93.41114807128906,93.41114807128906,0.18939471244812012,0.18939471244812012,0.04332916438579559,0.04332916438579559,3.9276859760284424,-38.878116607666016,0.0,1.740535,1.900388240814209,4.824167251586914,-0.5646896362304688,-0.5767241716384888,4.857104493064746,-0.11652406148296111,4.981199264526367,-0.2826904058456421,-2.77799916267395,-0.2826904058456421,-2.77799916267395,-0.35428768396377563,155.63124084472656,-0.3544692397117615,155.87786865234375,0.02603530883789118,-0.6355285644531385,-0.11893066,-2.25,2.25
20.66,93.5060806274414,93.5060806274414,0.19359126687049866,0.19359126687049866,0.042957503348588943,0.042957503348588943,3.90769362449646,-38.78303909301758,0.0,1.7294366,1.8888942003250122,4.825014591217041,-0.56467604637146,-0.5767397284507751,4.857944507999556,-0.11650100443210021,4.981744766235352,-0.2830488383769989,-2.7785537242889404,-0.2830488383769989,-2.7785537242889404,-0.3537669777870178,155.6185302734375,-0.35428768396377563,155.63124084472656,0.049923360347748864,13.571929931640915,-0.11497513,-2.25,2.25
20.68,93.6010513305664,93.6010513305664,0.19773980975151062,0.19773980975151062,0.042258381843566895,0.042258381843566895,3.888784170150757,-38.687744140625,0.0,1.7187073,1.8774021863937378,4.825937271118164,-0.564468264579773,-0.5765478014945984,4.858836791505261,-0.11643645740489715,4.982431888580322,-0.28128597140312195,-2.777622938156128,-0.28128597140312195,-2.777622938156128,-0.35276851058006287,155.8899688720703,-0.3537669777870178,155.6185302734375,0.07919371128082445,28.438568115234983,-0.111018024,-2.25,2.25
20.7,93.69607543945312,93.69607543945312,0.2018100917339325,0.2018100917339325,0.04126876965165138,0.04126876965165138,3.870950222015381,-38.59221267700195,0.0,1.7083476,1.8659148216247559,4.827015399932861,-0.5639215111732483,-0.576001763343811,4.859844147907721,-0.11629894243058683,4.983365058898926,-0.27629950642585754,-2.7741804122924805,-0.27629950642585754,-2.7741804122924805,-0.3511846363544464,156.458740234375,-0.35276851058006287,155.8899688720703,0.11224150657654047,42.59490966796966,-0.10705868,-2.25,2.25
20.72,93.7911605834961,93.7911605834961,0.2057756781578064,0.2057756781578064,0.040031254291534424,0.040031254291534424,3.8541877269744873,-38.4964714050293,0.0,1.6983564,1.8544420003890991,4.828338146209717,-0.5628800988197327,-0.5749492645263672,4.86103726171598,-0.11605457792516767,4.984647274017334,-0.2672455608844757,-2.7671706676483154,-0.2672455608844757,-2.7671706676483154,-0.34893980622291565,157.31063842773438,-0.3511846363544464,156.458740234375,0.14713257551190936,54.43267822264774,-0.103096806,-2.25,2.25
20.740000000000002,93.88631439208984,93.88631439208984,0.20961438119411469,0.20961438119411469,0.03859059512615204,0.03859059512615204,3.838484048843384,-38.40052032470703,0.0,1.6887348,1.8429948091506958,4.829995155334473,-0.5611910820007324,-0.5732465982437134,4.86248790549361,-0.11567009834025031,4.986367225646973,-0.2536200284957886,-2.755615711212158,-0.2536200284957886,-2.755615711212158,-0.345997154712677,158.3992919921875,-0.34893980622291565,157.31063842773438,0.1806259155273476,59.6626281738294,-0.09913206,-2.25,2.25
20.76,93.9815444946289,93.9815444946289,0.21330837905406952,0.21330837905406952,0.036990631371736526,0.036990631371736526,3.823824644088745,-38.30437088012695,0.0,1.6794817,1.8315879106521606,4.832066535949707,-0.5587181448936462,-0.5707710385322571,4.8642607838476755,-0.11511595964265076,4.988593578338623,-0.23530666530132294,-2.7387139797210693,-0.23530666530132294,-2.7387139797210693,-0.3423846364021301,159.59254455566406,-0.345997154712677,158.3992919921875,0.2140969038009689,63.291168212891975,-0.09516414,-2.25,2.25
20.78,94.07686614990234,94.07686614990234,0.21684379875659943,0.21684379875659943,0.035268619656562805,0.035268619656562805,3.8101890087127686,-38.208038330078125,0.0,1.6705978,1.8202370405197144,4.8346123695373535,-0.5553634762763977,-0.5674430727958679,4.866405794265968,-0.11437108028573369,4.991340160369873,-0.21272361278533936,-2.715996742248535,-0.21272361278533936,-2.715996742248535,-0.33810269832611084,160.85836791992188,-0.3423846364021301,159.59254455566406,0.24672448635101843,65.21759033203264,-0.0911924,-2.25,2.25
20.8,94.17229461669922,94.17229461669922,0.22021028399467468,0.22021028399467468,0.0334591269493103,0.0334591269493103,3.797553300857544,-38.111515045166016,0.0,1.662082,1.808959722518921,4.837679386138916,-0.5510476231575012,-0.5632010698318481,4.868962448618897,-0.11341858350583287,4.994625568389893,-0.1863662600517273,-2.6871509552001953,-0.1863662600517273,-2.6871509552001953,-0.3331682085990906,162.1627197265625,-0.33810269832611084,160.85836791992188,0.27751475572586654,66.1621093750014,-0.08721622,-2.25,2.25
20.82,94.26783752441406,94.26783752441406,0.22340066730976105,0.22340066730976105,0.03159249201416969,0.03159249201416969,3.785890579223633,-38.01481246948242,0.0,1.6539352,1.7977735996246338,4.841300010681152,-0.5457125306129456,-0.5580034255981445,4.871959355278871,-0.11224645095039547,4.998462677001953,-0.15680469572544098,-2.652029514312744,-0.15680469572544098,-2.652029514312744,-0.32761791348457336,163.4859619140625,-0.3331682085990906,162.1627197265625,0.3059178590774601,66.5306091308608,-0.083235264,-2.25,2.25
20.84,94.3635025024414,94.3635025024414,0.22641043365001678,0.22641043365001678,0.02969406545162201,0.02969406545162201,3.7751832008361816,-37.917945861816406,0.0,1.6461637,1.7867060899734497,4.8454909324646,-0.5393252968788147,-0.5518328547477722,4.875413228891483,-0.11084831923551783,5.002862930297852,-0.12468826025724411,-2.610670566558838,-0.12468826025724411,-2.610670566558838,-0.3214995563030243,164.8165740966797,-0.32761791348457336,163.4859619140625,0.3314942121505808,66.71829223632955,-0.079249226,-2.25,2.25
20.86,94.45931243896484,94.45931243896484,0.22923730313777924,0.22923730313777924,0.02778349071741104,0.02778349071741104,3.7653918266296387,-37.82090377807617,0.0,1.6387656,1.7757725715637207,4.850256443023682,-0.5318784117698669,-0.5446953177452087,4.879332147743129,-0.10922343458989359,5.007833480834961,-0.09069592505693436,-2.5632848739624023,-0.09069592505693436,-2.5632848739624023,-0.3148696720600128,166.15093994140625,-0.3214995563030243,164.8165740966797,0.3538131713867263,66.42761230468892,-0.075257145,-2.25,2.25
20.88,94.5552749633789,94.5552749633789,0.23188060522079468,0.23188060522079468,0.025874413549900055,0.025874413549900055,3.756476402282715,-37.72369384765625,0.0,1.6317389,1.7649897336959839,4.855587482452393,-0.5233888626098633,-0.5366187691688538,4.883714334525762,-0.10737646274605286,5.013378143310547,-0.055495887994766235,-2.5102388858795166,-0.055495887994766235,-2.5102388858795166,-0.30779340863227844,167.4794921875,-0.3148696720600128,166.15093994140625,0.3744363784789454,65.2404785156148,-0.0712587,-2.25,2.25
20.900000000000002,94.65140533447266,94.65140533447266,0.23434066772460938,0.23434066772460938,0.02397436462342739,0.02397436462342739,3.748401641845703,-37.62631607055664,0.0,1.6250827,1.754374384880066,4.861464977264404,-0.5138974189758301,-0.5276520848274231,4.888551143477832,-0.10531722703511873,5.019489765167236,-0.01973092369735241,-2.452042818069458,-0.01973092369735241,-2.452042818069458,-0.30030468106269836,168.7843017578125,-0.30779340863227844,167.4794921875,0.3935083746910179,63.17443847656385,-0.06725327,-2.25,2.25
20.92,94.74769592285156,94.74769592285156,0.23661844432353973,0.23661844432353973,0.022088589146733284,0.022088589146733284,3.74113392829895,-37.52878952026367,0.0,1.6188018,1.7439472675323486,4.867866039276123,-0.5034499764442444,-0.5178443193435669,4.893830979418835,-0.10305673580667507,5.026150226593018,0.01615959405899048,-2.3891966342926025,0.01615959405899048,-2.3891966342926025,-0.2924345135688782,170.04779052734375,-0.30030468106269836,168.7843017578125,0.408440828323373,57.055664062501215,-0.06324116,-2.25,2.25
20.94,94.84416961669922,94.84416961669922,0.2387152463197708,0.2387152463197708,0.020220421254634857,0.020220421254634857,3.7346351146698,-37.43110656738281,0.0,1.6128948,1.7337218523025513,4.874765872955322,-0.4920952320098877,-0.5072436332702637,4.899540798227598,-0.10060664323811523,5.033331394195557,0.05185185372829437,-2.3221757411956787,0.05185185372829437,-2.3221757411956787,-0.2842656970024109,171.18890380859375,-0.2924345135688782,170.04779052734375,0.4210531711578459,49.26147460937605,-0.059221428,-2.25,2.25
20.96,94.94086456298828,94.94086456298828,0.24063238501548767,0.24063238501548767,0.0183660089969635,0.0183660089969635,3.7288684844970703,-37.33323669433594,0.0,1.6073635,1.7237138748168945,4.88212776184082,-0.479909211397171,-0.4959253668785095,4.905658399656534,-0.09798440156957727,5.040970325469971,0.0868360847234726,-2.2516238689422607,0.0868360847234726,-2.2516238689422607,-0.27584463357925415,172.17413330078125,-0.2842656970024109,171.18890380859375,0.4330590367317292,41.989135742188395,-0.05519247,-2.25,2.25
20.98,95.03775787353516,95.03775787353516,0.24237066507339478,0.24237066507339478,0.016518883407115936,0.016518883407115936,3.7237987518310547,-37.23521423339844,0.0,1.6022112,1.7139383554458618,4.889913082122803,-0.4669719934463501,-0.4839652478694916,4.912159687284096,-0.09520827026824831,5.0490007400512695,0.12072112411260605,-2.1781651973724365,0.12072112411260605,-2.1781651973724365,-0.26718345284461975,173.013916015625,-0.27584463357925415,172.17413330078125,0.44451504945755954,35.11428833007887,-0.05115525,-2.25,2.25
21.0,95.13487243652344,95.13487243652344,0.24393019080162048,0.24393019080162048,0.014674030244350433,0.014674030244350433,3.7193901538848877,-37.13702392578125,0.0,1.5974395,1.7044070959091187,4.898086071014404,-0.45334962010383606,-0.4714212417602539,4.919021552820603,-0.0922935319580314,5.057372570037842,0.15334303677082062,-2.1022708415985107,0.15334303677082062,-2.1022708415985107,-0.25829315185546875,173.71620178222656,-0.26718345284461975,173.013916015625,0.4554487764835455,28.554534912109983,-0.04710881,-2.25,2.25
21.02,95.23221588134766,95.23221588134766,0.24531061947345734,0.24531061947345734,0.012827700935304165,0.012827700935304165,3.715606451034546,-37.038673400878906,0.0,1.5930498,1.695130467414856,4.906613349914551,-0.4390965402126312,-0.45833829045295715,4.926221710112771,-0.08925299942962103,5.066044807434082,0.18464861810207367,-2.0242888927459717,0.18464861810207367,-2.0242888927459717,-0.24918417632579803,174.28729248046875,-0.25829315185546875,173.71620178222656,0.4658840596675972,22.270202636719226,-0.043052834,-2.25,2.25
21.04,95.32980346679688,95.32980346679688,0.2465112954378128,0.2465112954378128,0.010977022349834442,0.010977022349834442,3.712412118911743,-36.94014358520508,0.0,1.5890462,1.6861207485198975,4.915465354919434,-0.4242583215236664,-0.4447524845600128,4.933740445016875,-0.08609754323461807,5.074982643127441,0.2146238386631012,-1.944474458694458,0.2146238386631012,-1.944474458694458,-0.2398664951324463,174.73269653320312,-0.24918417632579803,174.28729248046875,0.47827288508416244,24.719238281250526,-0.038986683,-2.25,2.25
21.06,95.4276351928711,95.4276351928711,0.24753116071224213,0.24753116071224213,0.009119898080825806,0.009119898080825806,3.7097716331481934,-36.84144973754883,0.0,1.5854304,1.67738676071167,4.9246134757995605,-0.4088732600212097,-0.4306930899620056,4.941557975860143,-0.08283647450448559,5.0841546058654785,0.24326904118061066,-1.8630095720291138,0.24326904118061066,-1.8630095720291138,-0.23030103743076324,175.22708129882812,-0.2398664951324463,174.73269653320312,0.49409344792358306,43.199157714837,-0.034910362,-2.25,2.25
21.080000000000002,95.52571868896484,95.52571868896484,0.2483692467212677,0.2483692467212677,0.0072603896260261536,0.0072603896260261536,3.707648515701294,-36.74258804321289,0.0,1.5822055,1.6689385175704956,4.934040069580078,-0.3929481506347656,-0.41615694761276245,4.949662580147162,-0.07947250641235877,5.093607425689697,0.27081742882728577,-1.779824137687683,0.27081742882728577,-1.779824137687683,-0.22041916847229004,176.091064453125,-0.23030103743076324,175.22708129882812,0.5068935453891862,57.017517089844965,-0.03082355,-2.25,2.25
21.1,95.62406158447266,95.62406158447266,0.24902528524398804,0.24902528524398804,0.005411021411418915,0.005411021411418915,3.706005096435547,-36.643550872802734,0.0,1.5793746,1.6607856750488281,4.943742752075195,-0.37644994258880615,-0.401101678609848,4.95805475544302,-0.07600008514527073,5.103499412536621,0.2977849543094635,-1.6945464611053467,0.2977849543094635,-1.6945464611053467,-0.21028129756450653,177.23141479492188,-0.22041916847229004,176.091064453125,0.5146592855453601,63.29650878906385,-0.026725927,-2.25,2.25
21.12,95.7226791381836,95.7226791381836,0.2494998723268509,0.2494998723268509,0.0035764798521995544,0.0035764798521995544,3.7048027515411377,-36.54433822631836,0.0,1.5769408,1.6529390811920166,4.953716278076172,-0.35938572883605957,-0.38553372025489807,4.9667356549113695,-0.07242182883898524,5.1138834953308105,0.32428857684135437,-1.6071348190307617,0.32428857684135437,-1.6071348190307617,-0.19998811185359955,178.49734497070312,-0.21028129756450653,177.23141479492188,0.5194373428821675,69.5167541503921,-0.022616863,-2.25,2.25
21.14,95.82156372070312,95.82156372070312,0.24979357421398163,0.24979357421398163,0.001749865710735321,0.001749865710735321,3.7040023803710938,-36.44493865966797,0.0,1.5749071,1.6454081535339355,4.963942050933838,-0.3418154716491699,-0.36951592564582825,4.975696785545516,-0.06875115440144793,5.124722480773926,0.35005873441696167,-1.517959713935852,0.35005873441696167,-1.517959713935852,-0.18959936499595642,179.88768005371094,-0.19998811185359955,178.49734497070312,0.5219213664531819,64.73541259765763,-0.018496672,-2.25,2.25
21.16,95.92073822021484,95.92073822021484,0.24990606307983398,0.24990606307983398,-8.044391870498657e-05,-8.044391870498657e-05,3.7035648822784424,-36.345359802246094,0.0,1.5732768,1.6382009983062744,4.974399089813232,-0.3238157331943512,-0.3531246781349182,4.984927575582108,-0.06500473562169841,5.135986804962158,0.3748355805873871,-1.427504539489746,0.3748355805873871,-1.427504539489746,-0.179160937666893,181.18238830566406,-0.18959936499595642,179.88768005371094,0.5230225622654072,58.702850341798126,-0.014364402,-2.25,2.25
21.18,96.02019500732422,96.02019500732422,0.24983566999435425,0.24983566999435425,-0.0019286200404167175,-0.0019286200404167175,3.7034521102905273,-36.24559783935547,0.0,1.5720541,1.6313257217407227,4.98506498336792,-0.30546796321868896,-0.3364373743534088,4.994415237538222,-0.06120010411797406,5.147558212280273,0.3983830511569977,-1.3362679481506348,0.3983830511569977,-1.3362679481506348,-0.16870048642158508,182.3564453125,-0.179160937666893,181.18238830566406,0.5238339304924123,53.48205566406364,-0.010220368,-2.25,2.25
21.2,96.11994934082031,96.11994934082031,0.2495793253183365,0.2495793253183365,-0.0038088448345661163,-0.0038088448345661163,3.703626871109009,-36.1456413269043,0.0,1.5712416,1.6247860193252563,4.99591588973999,-0.2868465185165405,-0.31952086091041565,5.004143933036057,-0.057353233887206645,5.1593451499938965,0.4204977750778198,-1.2446725368499756,0.4204977750778198,-1.2446725368499756,-0.15822380781173706,183.42608642578125,-0.16870048642158508,182.3564453125,0.5248524248600118,48.05145263671977,-0.006063938,-2.25,2.25
21.22,96.22000122070312,96.22000122070312,0.24913261830806732,0.24913261830806732,-0.005732764024287462,-0.005732764024287462,3.704052448272705,-36.045494079589844,0.0,1.5708435,1.6185870170593262,5.00692892074585,-0.26800745725631714,-0.3024217486381531,5.014096649900777,-0.05347628017361985,5.171291351318359,0.44109389185905457,-1.1529837846755981,0.44109389185905457,-1.1529837846755981,-0.14772675931453705,184.38711547851562,-0.15822380781173706,183.42608642578125,0.0,0.0,-0.0018951098,-2.25,2.25
21.229064573346218,96.26548245743669,96.26548245743669,0.24884148267819817,0.24884148267819817,-0.006609628563159666,-0.006609628563159666,3.704343124655501,-36.000005927135646,0.0,1.5707964,1.6159217631627973,5.011984960876341,-0.25938719383715925,-0.2946015003741267,5.018692555275461,-0.05170725477087688,5.176757364012542,0.4497413251454984,-1.1114357559931076,0.4497413251454984,-1.1114357559931076,-0.14772675931453705,184.38711547851562,-0.153466244510652,183.86165234259923,0.0,0.0,-0.0,-2.25,2.25
