t,s,s_track,e,e_track,dphi,dphi_track,x_ref,y_ref,z_ref,psi_ref,yaw,vx,vy,r,V,beta,rear_wheelspeed_ms,fcog_x,fcog_y,accel_x,accel_y,roadwheel_angle,rear_wheel_torque,measured_roadwheel_angle,measured_rear_wheel_torque,roadwheel_angle_rate,rear_wheel_torque_rate,kappa_track,e_min,e_max
0.0,0.0,0.0,0.0,0.0,0.0,0.0,3.953184127807617,-36.0,0.0,1.5707964,1.5707963705062866,0.10000000149011612,0.0,0.0,0.10000000149011612,0.0,0.10000000149011612,0.0,0.0,0.0,0.0,0.004666301421821117,308.3905029296875,0.0,250.0,0.5919319111853838,2978.3889770507812,-0.0,-2.25,2.25
0.02,0.0021169965621083975,0.0021169965621083975,-7.205383008113131e-05,-7.205383008113131e-05,-0.2059253752231598,-0.2059253752231598,3.953256130218506,-35.99788284301758,0.0,1.5707964,1.5708682537078857,0.0910613089799881,-0.01902829483151436,0.0032783448696136475,0.09302815701358325,-0.20599721464506895,0.327295184135437,-0.40909650921821594,-0.08352958410978317,-0.40909650921821594,-0.08352958410978317,0.016504939645528793,367.9582824707031,0.004666301421821117,308.3905029296875,0.5993627943098545,2991.6351318359375,-0.0,-2.25,2.25
0.04,0.004427856300026178,0.004427856300026178,-0.0007448864635080099,-0.0007448864635080099,-0.38581785559654236,-0.38581785559654236,3.9539289474487305,-35.99557113647461,0.0,1.5707964,1.5712623596191406,0.15191076695919037,-0.0617847666144371,0.044359154999256134,0.16399462949660853,-0.38628387385600993,0.0574791245162487,1.3758161067962646,-0.2613380551338196,1.3758161067962646,-0.2613380551338196,0.028492195531725883,427.7909851074219,0.016504939645528793,367.9582824707031,0.5999564193189145,2997.752380371094,-0.0,-2.25,2.25
0.06,0.007391615770757198,0.007391615770757198,-0.0023855937179178,-0.0023855937179178,-0.670060396194458,-0.670060396194458,3.9555697441101074,-35.99260711669922,0.0,1.5707964,1.572313666343689,0.14239101111888885,-0.11317598074674606,0.06742625683546066,0.18189008402177223,-0.6715776742443351,0.34301701188087463,0.40177279710769653,-0.45965835452079773,0.40177279710769653,-0.45965835452079773,0.04049132391810417,487.74603271484375,0.028492195531725883,427.7909851074219,0.599922053515911,2995.8068847656245,-0.0,-2.25,2.25
0.08,0.010775712318718433,0.010775712318718433,-0.0051534222438931465,-0.0051534222438931465,-0.7034198045730591,-0.7034198045730591,3.9583375453948975,-35.98922348022461,0.0,1.5707964,1.5740578174591064,0.2071685791015625,-0.1768752634525299,0.11468027532100677,0.27240352234940396,-0.7066813160255709,0.09271708875894547,1.871425747871399,-0.693249523639679,1.871425747871399,-0.693249523639679,0.052489764988422394,547.6621704101562,0.04049132391810417,487.74603271484375,0.5999170243740081,2995.486450195312,-0.0,-2.25,2.25
0.1,0.014916282147169113,0.014916282147169113,-0.009008568711578846,-0.009008568711578846,-0.7949296236038208,-0.7949296236038208,3.9621927738189697,-35.985084533691406,0.0,1.5707964,1.576530933380127,0.20921431481838226,-0.21570156514644623,0.13443513214588165,0.3004959146669914,-0.8006641176162673,0.3382820188999176,0.9873021841049194,-0.7981162667274475,0.9873021841049194,-0.7981162667274475,0.06448810547590256,607.5718994140625,0.052489764988422394,547.6621704101562,0.5997806787490848,2987.7075195312514,-0.0,-2.25,2.25
0.12,0.01963016577064991,0.01963016577064991,-0.013539452105760574,-0.013539452105760574,-0.7282109260559082,-0.7282109260559082,3.966723680496216,-35.980369567871094,0.0,1.5707964,1.5793994665145874,0.2654251456260681,-0.24081073701381683,0.150765523314476,0.35838571259434593,-0.7368140159048582,0.19945308566093445,1.9067386388778687,-0.8337024450302124,1.9067386388778687,-0.8337024450302124,0.07648371905088425,667.3260498046875,0.06448810547590256,607.5718994140625,0.5995269864797587,2973.5046386718723,-0.0,-2.25,2.25
0.14,0.025134922936558723,0.025134922936558723,-0.018314309418201447,-0.018314309418201447,-0.6818724274635315,-0.6818724274635315,3.971498489379883,-35.9748649597168,0.0,1.5707964,1.5823898315429688,0.2903972268104553,-0.24137228727340698,0.14714877307415009,0.3776124076388369,-0.6934659476363431,0.32028183341026306,1.624579906463623,-0.7605805993080139,1.624579906463623,-0.7605805993080139,0.08847425878047943,726.796142578125,0.07648371905088425,667.3260498046875,0.5985375493764881,2927.7221679687514,-0.0,-2.25,2.25
0.16,0.03136667609214783,0.03136667609214783,-0.02303987927734852,-0.02303987927734852,-0.6067235469818115,-0.6067235469818115,3.976223945617676,-35.968631744384766,0.0,1.5707964,1.5853204727172852,0.33284974098205566,-0.2382519543170929,0.14480255544185638,0.40933231463901754,-0.6212477156197316,0.3350139260292053,1.8773435354232788,-0.6776294112205505,1.8773435354232788,-0.6776294112205505,0.10044500976800919,785.3505859375,0.08847425878047943,726.796142578125,0.5949322134256366,2810.0097656250014,-0.0,-2.25,2.25
0.18,0.03841561824083328,0.03841561824083328,-0.027663560584187508,-0.027663560584187508,-0.5437123775482178,-0.5437123775482178,3.9808475971221924,-35.96158218383789,0.0,1.5707964,1.588207721710205,0.3737792372703552,-0.2349262535572052,0.14363504946231842,0.44147623132489566,-0.5611237235424599,0.38725951313972473,1.98744797706604,-0.6006348133087158,1.98744797706604,-0.6006348133087158,0.11234365403652191,841.55078125,0.10044500976800919,785.3505859375,0.5778796970844263,2482.1594238281227,-0.0,-2.25,2.25
0.2,0.04632693529129028,0.04632693529129028,-0.032190099358558655,-0.032190099358558655,-0.48642054200172424,-0.48642054200172424,3.9853742122650146,-35.953670501708984,0.0,1.5707964,1.5910840034484863,0.4181235432624817,-0.23207733035087585,0.14376786351203918,0.4782124890602105,-0.5067081837614107,0.4390529990196228,2.1245665550231934,-0.5317876935005188,2.1245665550231934,-0.5317876935005188,0.12390124797821045,891.1939697265625,0.11234365403652191,841.55078125,0.525600463151932,1885.516357421876,-0.0,-2.25,2.25
0.22,0.055156271904706955,0.055156271904706955,-0.03661617636680603,-0.03661617636680603,-0.43442022800445557,-0.43442022800445557,3.989800214767456,-35.94484329223633,0.0,1.5707964,1.593968152999878,0.46494272351264954,-0.22896254062652588,0.14448536932468414,0.5182620776764528,-0.45759197741356855,0.4944320321083069,2.254939556121826,-0.46713510155677795,2.254939556121826,-0.46713510155677795,0.13441325724124908,928.904296875,0.12390124797821045,891.1939697265625,0.3946401178836825,1008.1848144531255,-0.0,-2.25,2.25
0.24,0.0649489015340805,0.0649489015340805,-0.04092635214328766,-0.04092635214328766,-0.3870096206665039,-0.3870096206665039,3.994110584259033,-35.93505096435547,0.0,1.5707964,1.5968682765960693,0.5136784315109253,-0.2251451462507248,0.14543035626411438,0.5608528041115464,-0.4130815396135502,0.5520631670951843,2.367049217224121,-0.40438735485076904,2.367049217224121,-0.40438735485076904,0.14230605959892273,949.0679931640625,0.13441325724124908,928.904296875,0.18608570098876936,160.28442382812486,-0.0,-2.25,2.25
0.26,0.07573644816875458,0.07573644816875458,-0.04509913921356201,-0.04509913921356201,-0.3440234363079071,-0.3440234363079071,3.9982833862304688,-35.92426300048828,0.0,1.5707964,1.5997859239578247,0.5635172128677368,-0.2205231636762619,0.14625543355941772,0.6051298331069206,-0.3730130033969093,0.6103818416595459,2.448857069015503,-0.3429115116596222,2.448857069015503,-0.3429115116596222,0.14602777361869812,952.273681640625,0.14230605959892273,949.0679931640625,-0.017994642257690412,-414.19372558593716,-0.0,-2.25,2.25
0.28,0.08753406256437302,0.08753406256437302,-0.04911379888653755,-0.04911379888653755,-0.3054977059364319,-0.3054977059364319,4.002297878265381,-35.9124641418457,0.0,1.5707964,1.6027153730392456,0.6137117743492126,-0.21531036496162415,0.14662402868270874,0.650385036139952,-0.337416752060145,0.6683229207992554,2.496528387069702,-0.28351470828056335,2.496528387069702,-0.28351470828056335,0.1456678807735443,943.9898071289062,0.14602777361869812,952.273681640625,-0.1645900309085849,-713.1317138671889,-0.0,-2.25,2.25
0.3,0.10034332424402237,0.10034332424402237,-0.05295489355921745,-0.05295489355921745,-0.2713179588317871,-0.2713179588317871,4.006138801574707,-35.899658203125,0.0,1.5707964,1.6056462526321411,0.6637580990791321,-0.2098187655210495,0.14638133347034454,0.6961312580669827,-0.30616783022714283,0.72560715675354,2.514805316925049,-0.22738616168498993,2.514805316925049,-0.22738616168498993,0.14237608015537262,929.7271728515625,0.1456678807735443,943.9898071289062,-0.2353839576244352,-791.2170410156243,-0.0,-2.25,2.25
0.32,0.11415752023458481,0.11415752023458481,-0.05661323666572571,-0.05661323666572571,-0.24117708206176758,-0.24117708206176758,4.0097975730896,-35.885841369628906,0.0,1.5707964,1.6085665225982666,0.7133846282958984,-0.20432397723197937,0.14557383954524994,0.7420686730759974,-0.27894726417521576,0.7823281288146973,2.512058973312378,-0.1754731386899948,2.512058973312378,-0.1754731386899948,0.1376684010028839,913.90283203125,0.14237608015537262,929.7271728515625,-0.2843320369720456,-823.1323242187493,-0.0,-2.25,2.25
0.34,0.12896601855754852,0.12896601855754852,-0.06008460745215416,-0.06008460745215416,-0.21461749076843262,-0.21461749076843262,4.013268947601318,-35.87103271484375,0.0,1.5707964,1.6114671230316162,0.7624924778938293,-0.19899727404117584,0.14441034197807312,0.7880321655367188,-0.2552882260113691,0.8387413620948792,2.4968137741088867,-0.1281956136226654,2.4968137741088867,-0.1281956136226654,0.131981760263443,897.440185546875,0.1376684010028839,913.90283203125,-0.317972898483277,-823.9593505859391,-0.0,-2.25,2.25
0.36,0.14475731551647186,0.14475731551647186,-0.06336884200572968,-0.06336884200572968,-0.19126485288143158,-0.19126485288143158,4.016552925109863,-35.85523986816406,0.0,1.5707964,1.6143417358398438,0.8110625743865967,-0.19402486085891724,0.14300495386123657,0.8339473281940148,-0.23481021403535512,0.8947849273681641,2.4750213623046875,-0.0859924703836441,2.4750213623046875,-0.0859924703836441,0.12562230229377747,880.9609985351562,0.131981760263443,897.440185546875,-0.34161470830440493,-804.5776367187493,-0.0,-2.25,2.25
0.38,0.16151989996433258,0.16151989996433258,-0.06646941602230072,-0.06646941602230072,-0.1707572191953659,-0.1707572191953659,4.0196533203125,-35.838478088378906,0.0,1.5707964,1.617186427116394,0.8590977787971497,-0.18953922390937805,0.14141614735126495,0.8797579842970257,-0.21714723509851053,0.9503962993621826,2.450162172317505,-0.049029331654310226,2.450162172317505,-0.049029331654310226,0.11879000812768936,864.8694458007812,0.12562230229377747,880.9609985351562,-0.3566283732652661,-763.9526367187493,-0.0,-2.25,2.25
0.4,0.17924264073371887,0.17924264073371887,-0.06939216703176498,-0.06939216703176498,-0.15273717045783997,-0.15273717045783997,4.022576332092285,-35.82075500488281,0.0,1.5707964,1.6199976205825806,0.9066134691238403,-0.18560996651649475,0.13966502249240875,0.9254183065333313,-0.20193840407859223,1.0055240392684937,2.424259901046753,-0.017185552045702934,2.424259901046753,-0.017185552045702934,0.11165744066238403,849.5903930664062,0.11879000812768936,864.8694458007812,-0.3661025315523154,-716.4093017578139,-0.0,-2.25,2.25
0.42,0.19791491329669952,0.19791491329669952,-0.07214406877756119,-0.07214406877756119,-0.13685519993305206,-0.13685519993305206,4.025328159332275,-35.802085876464844,0.0,1.5707964,1.622772216796875,0.9536370635032654,-0.18224763870239258,0.1377587765455246,0.9708953860739729,-0.18883109009404006,1.060170292854309,2.3986213207244873,0.009902563877403736,2.3986213207244873,0.009902563877403736,0.10433539003133774,835.26220703125,0.11165744066238403,849.5903930664062,-0.37098042666912046,-662.0086669921869,-0.0,-2.25,2.25
0.44,0.21752679347991943,0.21752679347991943,-0.07473217695951462,-0.07473217695951462,-0.12279067188501358,-0.12279067188501358,4.027916431427002,-35.782470703125,0.0,1.5707964,1.6255073547363281,1.0002013444900513,-0.17942573130130768,0.13569270074367523,1.0161674677791626,-0.1775016434782118,1.114335298538208,2.373999834060669,0.032725684344768524,2.373999834060669,0.032725684344768524,0.09691578149795532,822.0220336914062,0.10433539003133774,835.26220703125,-0.3791280090808865,-596.8078613281244,-0.0,-2.25,2.25
0.46,0.2380690574645996,0.2380690574645996,-0.07716303318738937,-0.07716303318738937,-0.11025833338499069,-0.11025833338499069,4.0303473472595215,-35.76192855834961,0.0,1.5707964,1.628199577331543,1.046342372894287,-0.17709392309188843,0.13346055150032043,1.0612231711144093,-0.16766157581914193,1.1680519580841064,2.350841522216797,0.051832541823387146,2.350841522216797,0.051832541823387146,0.08933322131633759,810.0858764648438,0.09691578149795532,822.0220336914062,-0.38480721414089275,-535.9161376953135,-0.0,-2.25,2.25
0.48,0.2595333755016327,0.2595333755016327,-0.07944256067276001,-0.07944256067276001,-0.09903568029403687,-0.09903568029403687,4.032626628875732,-35.74046325683594,0.0,1.5707964,1.630845546722412,1.0921109914779663,-0.175218865275383,0.1310257613658905,1.1060777858972575,-0.15908476566636123,1.2214043140411377,2.329740524291992,0.06764912605285645,2.329740524291992,0.06764912605285645,0.08163707703351974,799.3675537109375,0.08933322131633759,810.0858764648438,-0.3933865576982495,-482.60498046874955,-0.0,-2.25,2.25
0.5,0.28191250562667847,0.28191250562667847,-0.08157604932785034,-0.08157604932785034,-0.08892384171485901,-0.08892384171485901,4.034759998321533,-35.71808624267578,0.0,1.5707964,1.6334407329559326,1.1375561952590942,-0.17374980449676514,0.12836748361587524,1.15074892654089,-0.15156811688290708,1.2744407653808594,2.3109052181243896,0.08063492178916931,2.3109052181243896,0.08063492178916931,0.07376934587955475,789.7154541015625,0.08163707703351974,799.3675537109375,-0.4006847739219662,-432.9711914062496,-0.0,-2.25,2.25
0.52,0.30520012974739075,0.30520012974739075,-0.08356814831495285,-0.08356814831495285,-0.07977093756198883,-0.07977093756198883,4.036752223968506,-35.694801330566406,0.0,1.5707964,1.635980486869812,1.1827224493026733,-0.1726524978876114,0.1254483014345169,1.1952578287178655,-0.14495501050213463,1.327197790145874,2.294318437576294,0.09113449603319168,2.294318437576294,0.09113449603319168,0.06575565040111542,781.0560302734375,0.07376934587955475,789.7154541015625,-0.4056518897414204,-390.49072265624966,-0.0,-2.25,2.25
0.54,0.3293907344341278,0.3293907344341278,-0.08542302995920181,-0.08542302995920181,-0.07144437730312347,-0.07144437730312347,4.038607120513916,-35.67060852050781,0.0,1.5707964,1.6384594440460205,1.2276476621627808,-0.17188505828380585,0.12224622070789337,1.239622222967533,-0.13910743421039387,1.379723072052002,2.279801368713379,0.0994899570941925,2.279801368713379,0.0994899570941925,0.057642612606287,773.2462158203125,0.06575565040111542,781.0560302734375,-0.40833577513694724,-346.7010498046872,-0.0,-2.25,2.25
0.56,0.35447952151298523,0.35447952151298523,-0.08714421838521957,-0.08714421838521957,-0.06382916122674942,-0.06382916122674942,4.040328502655029,-35.6455192565918,0.0,1.5707964,1.6408718824386597,1.2723621129989624,-0.17140088975429535,0.11875344812870026,1.2838549807527906,-0.13390467149515117,1.4320433139801025,2.267059564590454,0.10602986812591553,2.267059564590454,0.10602986812591553,0.04947589710354805,766.3121948242188,0.057642612606287,773.2462158203125,-0.4095938056707401,-302.8625488281264,-0.0,-2.25,2.25
0.58,0.38046225905418396,0.38046225905418396,-0.08873465657234192,-0.08873465657234192,-0.05682845413684845,-0.05682845413684845,4.041918754577637,-35.619537353515625,0.0,1.5707964,1.6432119607925415,1.3168939352035522,-0.17115482687950134,0.11497137695550919,1.3279697328403421,-0.1292441002058306,1.4842135906219482,2.255903720855713,0.11104468256235123,2.255903720855713,0.11104468256235123,0.041284020990133286,760.2549438476562,0.04947589710354805,766.3121948242188,-0.4118418321013447,-264.9658203124998,-0.0,-2.25,2.25
0.6,0.4073352515697479,0.4073352515697479,-0.09019677340984344,-0.09019677340984344,-0.050364114344120026,-0.050364114344120026,4.0433807373046875,-35.5926628112793,0.0,1.5707964,1.6454740762710571,1.3612723350524902,-0.17110876739025116,0.1109033152461052,1.3719841764601626,-0.12504187687492327,1.536285161972046,2.2462639808654785,0.11476694047451019,2.2462639808654785,0.11476694047451019,0.033047184348106384,754.9556274414062,0.041284020990133286,760.2549438476562,-0.4127854481339451,-227.8503417968748,-0.0,-2.25,2.25
0.62,0.4350954592227936,0.4350954592227936,-0.09153269976377487,-0.09153269976377487,-0.04438021034002304,-0.04438021034002304,4.044716835021973,-35.564903259277344,0.0,1.5707964,1.647652506828308,1.4055243730545044,-0.17124038934707642,0.10654119402170181,1.4159173825453222,-0.12123630991577479,1.588279366493225,2.238034248352051,0.11733852326869965,2.238034248352051,0.11733852326869965,0.024791475385427475,750.3986206054688,0.033047184348106384,754.9556274414062,-0.41074445471167526,-182.50427246093733,-0.0,-2.25,2.25
0.64,0.46374019980430603,0.46374019980430603,-0.09274446219205856,-0.09274446219205856,-0.03882746398448944,-0.03882746398448944,4.045928478240967,-35.536258697509766,0.0,1.5707964,1.6497411727905273,1.4496735334396362,-0.1715249866247177,0.10188575834035873,1.4597856604967627,-0.11777218441803021,1.6402332782745361,2.2310845851898193,0.11889566481113434,2.2310845851898193,0.11889566481113434,0.016576586291193962,746.74853515625,0.024791475385427475,750.3986206054688,-0.4075064789503809,-138.8763427734374,-0.0,-2.25,2.25
0.66,0.49326738715171814,0.49326738715171814,-0.09383391588926315,-0.09383391588926315,-0.0336579829454422,-0.0336579829454422,4.047018051147461,-35.50673294067383,0.0,1.5707964,1.6517343521118164,1.493748426437378,-0.17193081974983215,0.09695369005203247,1.5036105108251911,-0.11459596874540365,1.692229986190796,2.225484609603882,0.11959075927734375,2.225484609603882,0.11959075927734375,0.008426456712186337,743.9710083007812,0.016576586291193962,746.74853515625,-0.4032756900414821,-98.47412109374991,-0.0,-2.25,2.25
0.68,0.5236754417419434,0.5236754417419434,-0.09480269253253937,-0.09480269253253937,-0.028833935037255287,-0.028833935037255287,4.04798698425293,-35.476322174072266,0.0,1.5707964,1.653626799583435,1.537781000137329,-0.17243266105651855,0.09175994247198105,1.5474183102776045,-0.11166439214352535,1.7443128824234009,2.221342086791992,0.11953460425138474,2.221342086791992,0.11953460425138474,0.00036094291135668755,742.0015258789062,0.008426456712186337,743.9710083007812,-0.3981236135587093,-62.50915527343744,-0.0,-2.25,2.25
0.7000000000000001,0.5549635291099548,0.5549635291099548,-0.09565235674381256,-0.09565235674381256,-0.024324722588062286,-0.024324722588062286,4.048836708068848,-35.44503402709961,0.0,1.5707964,1.6554133892059326,1.5818012952804565,-0.1730092465877533,0.08631835877895355,1.591234595261111,-0.10894178826401675,1.7965129613876343,2.2186524868011475,0.118810273706913,2.2186524868011475,0.118810273706913,-0.007601529359817505,740.7513427734375,0.00036094291135668755,742.0015258789062,-0.3920784685760755,-29.72412109375014,-0.0,-2.25,2.25
0.72,0.5871312618255615,0.5871312618255615,-0.0963844358921051,-0.0963844358921051,-0.020105428993701935,-0.020105428993701935,4.0495686531066895,-35.41286849975586,0.0,1.5707964,1.6570892333984375,1.625835657119751,-0.17364200949668884,0.08064281195402145,1.635081995321354,-0.10639837364310235,1.848848819732666,2.2173142433166504,0.11748167872428894,2.2173142433166504,0.11748167872428894,-0.015443098731338978,740.1568603515625,-0.007601529359817505,740.7513427734375,-0.3851684276014563,-0.14953613281249986,-0.0,-2.25,2.25
0.74,0.6201788187026978,0.6201788187026978,-0.09700052440166473,-0.09700052440166473,-0.0161554217338562,-0.0161554217338562,4.050184726715088,-35.37982177734375,0.0,1.5707964,1.6586500406265259,1.6699066162109375,-0.17431433498859406,0.07474800199270248,1.6789799266958432,-0.10400899637156448,1.9013391733169556,2.2171900272369385,0.11559803783893585,2.2171900272369385,0.11559803783893585,-0.02314646728336811,740.1538696289062,-0.015443098731338978,740.1568603515625,-0.3774103708565232,26.220703124999975,-0.0,-2.25,2.25
0.76,0.6541067957878113,0.6541067957878113,-0.09750229120254517,-0.09750229120254517,-0.012457557022571564,-0.012457557022571564,4.050686359405518,-35.345890045166016,0.0,1.5707964,1.6600910425186157,1.714034080505371,-0.1750112771987915,0.0686497762799263,1.722945668406478,-0.10175227395606357,1.953997254371643,2.218136787414551,0.11319689452648163,2.218136787414551,0.11319689452648163,-0.03069467470049858,740.6782836914062,-0.02314646728336811,740.1538696289062,-0.36881975829601255,49.41101074218746,-0.0,-2.25,2.25
0.78,0.6889161467552185,0.6889161467552185,-0.09789154678583145,-0.09789154678583145,-0.008997522294521332,-0.008997522294521332,4.051075458526611,-35.31108474731445,0.0,1.5707964,1.66140878200531,1.7582348585128784,-0.1757192611694336,0.06236523762345314,1.7669937963772633,-0.09960996103743143,2.0068321228027344,2.22001314163208,0.11030687391757965,2.22001314163208,0.11030687391757965,-0.03807106986641884,741.66650390625,-0.03069467470049858,740.6782836914062,-0.35656522959470716,80.76782226562493,-0.0,-2.25,2.25
0.8,0.7246082425117493,0.7246082425117493,-0.09817023575305939,-0.09817023575305939,-0.005763128399848938,-0.005763128399848938,4.05135440826416,-35.275390625,0.0,1.5707964,1.6625995635986328,1.8025232553482056,-0.17642571032047272,0.05591278523206711,1.81113669206197,-0.09756631130817078,2.059847354888916,2.2226815223693848,0.10695008188486099,2.2226815223693848,0.10695008188486099,-0.04520237445831299,743.2818603515625,-0.03807106986641884,741.66650390625,-0.3429139032959935,109.1186523437499,-0.0,-2.25,2.25
0.8200000000000001,0.7611846923828125,0.7611846923828125,-0.09834036976099014,-0.09834036976099014,-0.0027351751923561096,-0.0027351751923561096,4.051524639129639,-35.23881530761719,0.0,1.5707964,1.6636602878570557,1.846917986869812,-0.17710357904434204,0.04933160915970802,1.855389912641964,-0.0955991135001968,2.113110303878784,2.226203680038452,0.10321109741926193,2.226203680038452,0.10321109741926193,-0.052060652524232864,745.4642333984375,-0.04520237445831299,743.2818603515625,-0.3287393599748627,131.15844726562563,-0.0,-2.25,2.25
0.84,0.7986474633216858,0.7986474633216858,-0.09840385615825653,-0.09840385615825653,0.000101529061794281,0.000101529061794281,4.05158805847168,-35.201351165771484,0.0,1.5707964,1.6645889282226562,1.8914411067962646,-0.1777312308549881,0.04265792295336723,1.8997731051101623,-0.09369093469162997,2.166639804840088,2.2306909561157227,0.09914815425872803,2.2306909561157227,0.09914815425872803,-0.05863543972373009,748.08740234375,-0.052060652524232864,745.4642333984375,-0.31407605856657,147.46398925781236,-0.0,-2.25,2.25
0.86,0.8369990587234497,0.8369990587234497,-0.09836259484291077,-0.09836259484291077,0.002757519483566284,0.002757519483566284,4.051546573638916,-35.16299819946289,0.0,1.5707964,1.6653835773468018,1.936111569404602,-0.1782938688993454,0.03592121601104736,1.9443036575775523,-0.09182963655749336,2.2204277515411377,2.2361013889312744,0.09478934109210968,2.2361013889312744,0.09478934109210968,-0.06491696089506149,751.0366821289062,-0.05863543972373009,748.08740234375,-0.2989582717418668,158.57849121093736,-0.0,-2.25,2.25
0.88,0.8762422204017639,0.8762422204017639,-0.09821861982345581,-0.09821861982345581,0.005240834783762693,0.005240834783762693,4.051402568817139,-35.123756408691406,0.0,1.5707964,1.6660432815551758,1.9809426069259644,-0.17878006398677826,0.029147919267416,1.9889936961221752,-0.09000615677198144,2.27445912361145,2.2422754764556885,0.09014951437711716,2.2422754764556885,0.09014951437711716,-0.07089612632989883,754.208251953125,-0.06491696089506149,751.0366821289062,-0.2834163606166837,165.01770019531236,-0.0,-2.25,2.25
0.9,0.9163799285888672,0.9163799285888672,-0.09797412157058716,-0.09797412157058716,0.0075579057447612286,0.0075579057447612286,4.051158428192139,-35.0836181640625,0.0,1.5707964,1.6665678024291992,2.0259416103363037,-0.17918048799037933,0.0223630852997303,2.0338498115073604,-0.08821353676532777,2.3287150859832764,2.2490105628967285,0.08523675799369812,2.2490105628967285,0.08523675799369812,-0.07656445354223251,757.5086059570312,-0.07089612632989883,754.208251953125,-0.26748664677143075,167.23632812499986,-0.0,-2.25,2.25
0.92,0.9574154019355774,0.9574154019355774,-0.09763144701719284,-0.09763144701719284,0.009714111685752869,0.009714111685752869,4.050815582275391,-35.04258346557617,0.0,1.5707964,1.666956901550293,2.071112871170044,-0.17948752641677856,0.01559089869260788,2.0788757291539666,-0.08644637577189285,2.3831729888916016,2.2560954093933105,0.08005499839782715,2.2560954093933105,0.08005499839782715,-0.08191418647766113,760.8533325195312,-0.07656445354223251,757.5086059570312,-0.2506110817193983,164.76745605468736,-0.0,-2.25,2.25
0.9400000000000001,0.9993518590927124,0.9993518590927124,-0.09719318896532059,-0.09719318896532059,0.01171392947435379,0.01171392947435379,4.050377368927002,-35.000648498535156,0.0,1.5707964,1.6672109365463257,2.1164557933807373,-0.17969505488872528,0.00885466206818819,2.124070488022078,-0.08470062416731927,2.43780779838562,2.2633278369903564,0.07460520416498184,2.2633278369903564,0.07460520416498184,-0.0869264081120491,764.148681640625,-0.08191418647766113,760.8533325195312,-0.23212991654873003,161.59057617187577,-0.0,-2.25,2.25
0.96,1.0421925783157349,1.0421925783157349,-0.09666213393211365,-0.09666213393211365,0.013562984764575958,0.013562984764575958,4.049846172332764,-34.95780563354492,0.0,1.5707964,1.6673309803009033,2.1619656085968018,-0.179794579744339,0.002181063871830702,2.1694288150710967,-0.08297162706307407,2.4925858974456787,2.2705211639404297,0.06890319287776947,2.2705211639404297,0.06890319287776947,-0.09156900644302368,767.3804931640625,-0.0869264081120491,764.148681640625,-0.21294653415679912,155.12084960937486,-0.0,-2.25,2.25
0.98,1.0859405994415283,1.0859405994415283,-0.09604115039110184,-0.09604115039110184,0.015269511379301548,0.015269511379301548,4.049225330352783,-34.914058685302734,0.0,1.5707964,1.66731858253479,2.2076377868652344,-0.17977222800254822,-0.00439626257866621,2.2149452932197287,-0.08125265676798338,2.5474936962127686,2.2775557041168213,0.06299222260713577,2.2775557041168213,0.06299222260713577,-0.09582793712615967,770.48291015625,-0.09156900644302368,767.3804931640625,-0.1934088766574858,143.5455322265624,-0.0,-2.25,2.25
1.0,1.1305989027023315,1.1305989027023315,-0.09533315896987915,-0.09533315896987915,0.016840890049934387,0.016840890049934387,4.048517227172852,-34.86940002441406,0.0,1.5707964,1.6671758890151978,2.253464460372925,-0.17961621284484863,-0.01084542740136385,2.2606114345637915,-0.07953854284782311,2.6025028228759766,2.28434157371521,0.056909799575805664,2.28434157371521,0.056909799575805664,-0.09969611465930939,773.3538208007812,-0.09582793712615967,770.48291015625,-0.17402470111846907,128.1921386718749,-0.0,-2.25,2.25
1.02,1.1761703491210938,1.1761703491210938,-0.09454113990068436,-0.09454113990068436,0.01828356832265854,0.01828356832265854,4.047725200653076,-34.823829650878906,0.0,1.5707964,1.6669056415557861,2.299436092376709,-0.17931726574897766,-0.017137642949819565,2.3064173570107296,-0.077825641099918,2.657569169998169,2.290745258331299,0.050686463713645935,2.290745258331299,0.050686463713645935,-0.10317660868167877,775.9176635742188,-0.09969611465930939,773.3538208007812,-0.15487410128116594,109.5886230468749,-0.0,-2.25,2.25
1.04,1.2226576805114746,1.2226576805114746,-0.09366815537214279,-0.09366815537214279,0.019602350890636444,0.019602350890636444,4.046852111816406,-34.777339935302734,0.0,1.5707964,1.6665111780166626,2.3455376625061035,-0.17887020111083984,-0.023249197751283646,2.3523480769393013,-0.07611246909327223,2.712648391723633,2.296600818634033,0.04433940723538399,2.296600818634033,0.04433940723538399,-0.1062740907073021,778.1094360351562,-0.10317660868167877,775.9176635742188,-0.1360267400741576,88.22021484374991,-0.0,-2.25,2.25
1.06,1.2700632810592651,1.2700632810592651,-0.09271740168333054,-0.09271740168333054,0.02080135978758335,0.02080135978758335,4.045901298522949,-34.72993469238281,0.0,1.5707964,1.6659964323043823,2.391751527786255,-0.17827226221561432,-0.029159728437662125,2.39838620120767,-0.074398705900094,2.7676942348480225,2.3017427921295166,0.03788009285926819,2.3017427921295166,0.03788009285926819,-0.10899462550878525,779.8738403320312,-0.1062740907073021,778.1094360351562,-0.11753924190998066,64.55078124999994,-0.0,-2.25,2.25
1.08,1.3183889389038086,1.3183889389038086,-0.09169220924377441,-0.09169220924377441,0.021884314715862274,0.021884314715862274,4.0448760986328125,-34.681610107421875,0.0,1.5707964,1.66536545753479,2.438056468963623,-0.17752231657505035,-0.034851331263780594,2.4445108956062236,-0.07268477467366892,2.822660207748413,2.306020736694336,0.031318292021751404,2.306020736694336,0.031318292021751404,-0.11134541034698486,781.1648559570312,-0.10899462550878525,779.8738403320312,-0.09945891797542564,39.001464843749964,-0.0,-2.25,2.25
1.1,1.3676363229751587,1.3676363229751587,-0.09059607982635498,-0.09059607982635498,0.02285495400428772,0.02285495400428772,4.043780326843262,-34.632362365722656,0.0,1.5707964,1.6646227836608887,2.484429359436035,-0.1766202449798584,-0.040308065712451935,2.490699490698244,-0.07097146967201176,2.8774988651275635,2.30930495262146,0.024664634838700294,2.30930495262146,0.024664634838700294,-0.11333458870649338,781.9448852539062,-0.11134541034698486,781.1648559570312,-0.08183121681213372,11.95373535156249,-0.0,-2.25,2.25
1.12,1.4178065061569214,1.4178065061569214,-0.08943262696266174,-0.08943262696266174,0.023717066273093224,0.023717066273093224,4.042616844177246,-34.582191467285156,0.0,1.5707964,1.6637731790542603,2.5308449268341064,-0.17556656897068024,-0.04551573097705841,2.5369272090113406,-0.06925977614587792,2.9321630001068115,2.3114821910858154,0.017931796610355377,2.3114821910858154,0.017931796610355377,-0.11497121304273605,782.1839599609375,-0.11333458870649338,781.9448852539062,-0.06469115614891047,-16.244506835937486,-0.0,-2.25,2.25
1.1400000000000001,1.468900203704834,1.468900203704834,-0.08820559829473495,-0.08820559829473495,0.024474643170833588,0.024474643170833588,4.0413899421691895,-34.531097412109375,0.0,1.5707964,1.6628217697143555,2.5772762298583984,-0.17436237633228302,-0.05046173930168152,2.583167629727765,-0.06755080497789681,2.986605405807495,2.31246018409729,0.011135108768939972,2.31246018409729,0.011135108768939972,-0.11626503616571426,781.8590698242188,-0.11497121304273605,782.1839599609375,-0.04807226359844257,-45.28198242187546,-0.0,-2.25,2.25
1.16,1.5209174156188965,1.5209174156188965,-0.08691883832216263,-0.08691883832216263,0.02513187564909458,0.02513187564909458,4.040102958679199,-34.47908020019531,0.0,1.5707964,1.661773920059204,2.623694896697998,-0.17300905287265778,-0.055135004222393036,2.6293929039485544,-0.06584566867975744,3.0407793521881104,2.3121633529663086,0.004292910452932119,2.3121633529663086,0.004292910452932119,-0.1172264814376831,780.9534301757812,-0.11626503616571426,781.8590698242188,-0.03200247883796689,-74.87792968749993,-0.0,-2.25,2.25
1.18,1.5738577842712402,1.5738577842712402,-0.08557626605033875,-0.08557626605033875,0.025693198665976524,0.025693198665976524,4.038760185241699,-34.42613983154297,0.0,1.5707964,1.660634994506836,2.670071840286255,-0.17150826752185822,-0.05952594056725502,2.6755744650668905,-0.0641454543778873,3.0946383476257324,2.3105311393737793,-0.0025734996888786554,2.3105311393737793,-0.0025734996888786554,-0.11786653101444244,779.4558715820312,-0.1172264814376831,780.9534301757812,-0.016504153609275804,-104.7821044921874,-0.0,-2.25,2.25
1.2,1.6277201175689697,1.6277201175689697,-0.08418183028697968,-0.08418183028697968,0.02616330236196518,0.02616330236196518,4.037365913391113,-34.37228012084961,0.0,1.5707964,1.6594109535217285,2.7163772583007812,-0.16986192762851715,-0.06362641602754593,2.7216830241362318,-0.062451207939155706,3.1481375694274902,2.3075146675109863,-0.009440023452043533,2.3075146675109863,-0.009440023452043533,-0.11819661408662796,777.3602294921875,-0.11786653101444244,779.4558715820312,-0.0015962868928909287,-134.7686767578124,-0.0,-2.25,2.25
1.22,1.6825029850006104,1.6825029850006104,-0.08273951709270477,-0.08273951709270477,0.026547029614448547,0.026547029614448547,4.035923480987549,-34.31749725341797,0.0,1.5707964,1.6581073999404907,2.762580394744873,-0.16807207465171814,-0.06742972880601883,2.7676883241626884,-0.06076390363830947,3.201232671737671,2.30307936668396,-0.01627994328737259,2.30307936668396,-0.01627994328737259,-0.11822853982448578,774.6648559570312,-0.11819661408662796,777.3602294921875,0.012703984975814807,-164.63928222656236,-0.0,-2.25,2.25
1.24,1.7382041215896606,1.7382041215896606,-0.0812532901763916,-0.0812532901763916,0.02684946358203888,0.02684946358203888,4.03443717956543,-34.26179504394531,0.0,1.5707964,1.6567302942276,2.808650493621826,-0.16614097356796265,-0.07093054056167603,2.813560096820439,-0.05908445984860689,3.2538809776306152,2.2972004413604736,-0.02306429110467434,2.2972004413604736,-0.02306429110467434,-0.11797446012496948,771.3720703125,-0.11822853982448578,774.6648559570312,0.026385113596916174,-194.22607421874983,-0.0,-2.25,2.25
1.26,1.794820785522461,1.794820785522461,-0.07972706109285355,-0.07972706109285355,0.027075856924057007,0.027075856924057007,4.03291130065918,-34.20518112182617,0.0,1.5707964,1.6552859544754028,2.8545563220977783,-0.1640709489583969,-0.07412488758563995,2.8592675762020776,-0.05741369703840424,3.3060405254364014,2.2898643016815186,-0.029762130230665207,2.2898643016815186,-0.029762130230665207,-0.11744675785303116,767.487548828125,-0.11797446012496948,771.3720703125,0.03943592309951779,-223.3764648437498,-0.0,-2.25,2.25
1.28,1.8523494005203247,1.8523494005203247,-0.07816470414400101,-0.07816470414400101,0.0272316113114357,0.0272316113114357,4.031348705291748,-34.147647857666016,0.0,1.5707964,1.6537803411483765,2.9002676010131836,-0.1618645042181015,-0.0770101472735405,2.9047809341175004,-0.055752358923119756,3.3576712608337402,2.281062126159668,-0.03634096309542656,2.281062126159668,-0.03634096309542656,-0.1166580393910408,763.02001953125,-0.11744675785303116,767.487548828125,0.05184896290302272,-251.95922851562477,-0.0,-2.25,2.25
1.3,1.9107861518859863,1.9107861518859863,-0.07656998187303543,-0.07656998187303543,0.027322199195623398,0.027322199195623398,4.029754161834717,-34.08921432495117,0.0,1.5707964,1.6522196531295776,2.9457530975341797,-0.15952430665493011,-0.07958494871854782,2.9500693747852695,-0.05410115237918469,3.4087352752685547,2.2707948684692383,-0.04276726767420769,2.2707948684692383,-0.04276726767420769,-0.11562106013298035,757.9808349609375,-0.1166580393910408,763.02001953125,0.06362050771713251,-279.8583984374998,-0.0,-2.25,2.25
1.32,1.9701260328292847,1.9701260328292847,-0.07494651526212692,-0.07494651526212692,0.027353204786777496,0.027353204786777496,4.028130531311035,-34.02987289428711,0.0,1.5707964,1.6506102085113525,2.9909822940826416,-0.1570531278848648,-0.08184918016195297,2.9951027976505715,-0.05246069999758819,3.4591948986053467,2.259068727493286,-0.04900676757097244,2.259068727493286,-0.04900676757097244,-0.1143486499786377,752.3836669921875,-0.11562106013298035,757.9808349609375,0.07474832236766808,-306.9824218749997,-0.0,-2.25,2.25
1.34,2.0303642749786377,2.0303642749786377,-0.07329779863357544,-0.07329779863357544,0.02733023837208748,0.02733023837208748,4.026482105255127,-33.969635009765625,0.0,1.5707964,1.6489582061767578,3.0359246730804443,-0.15445390343666077,-0.0838039219379425,3.039851086633262,-0.05083158133960354,3.509014368057251,2.245896577835083,-0.055024873465299606,2.245896577835083,-0.055024873465299606,-0.11285368353128433,746.2440185546875,-0.1143486499786377,752.3836669921875,0.08523240685462945,-333.2427978515622,-0.0,-2.25,2.25
1.36,2.091494560241699,2.091494560241699,-0.07162714749574661,-0.07162714749574661,0.02725893259048462,0.02725893259048462,4.024811267852783,-33.908504486083984,0.0,1.5707964,1.6472697257995605,3.0805506706237793,-0.15172971785068512,-0.0854513868689537,3.084285061656861,-0.04921431761272032,3.5581600666046143,2.231297016143799,-0.060787055641412735,2.231297016143799,-0.060787055641412735,-0.11114903539419174,739.5791625976562,-0.11285368353128433,746.2440185546875,0.09507425129413596,-358.57543945312466,-0.0,-2.25,2.25
1.3800000000000001,2.153510570526123,2.153510570526123,-0.06993768364191055,-0.06993768364191055,0.02714497782289982,0.02714497782289982,4.0231218338012695,-33.84648895263672,0.0,1.5707964,1.6455507278442383,3.124831199645996,-0.14888380467891693,-0.08679486811161041,3.1283760025893157,-0.04760938714045768,3.606600046157837,2.215289831161499,-0.06625925749540329,2.215289831161499,-0.06625925749540329,-0.10924755036830902,732.4076538085938,-0.11114903539419174,739.5791625976562,0.10427944362163534,-382.91625976562466,-0.0,-2.25,2.25
1.4000000000000001,2.216405153274536,2.216405153274536,-0.06823232024908066,-0.06823232024908066,0.02699388563632965,0.02699388563632965,4.021416664123535,-33.78359603881836,0.0,1.5707964,1.6438075304031372,3.1687381267547607,-0.14591963589191437,-0.08783870190382004,3.1720961297047885,-0.046017252393716984,3.654304027557373,2.197901725769043,-0.07140829414129257,2.197901725769043,-0.07140829414129257,-0.10716196149587631,724.7493286132812,-0.10924755036830902,732.4076538085938,0.11284910142421838,-406.23168945312915,-0.0,-2.25,2.25
1.42,2.2801716327667236,2.2801716327667236,-0.06651370227336884,-0.06651370227336884,0.026811199262738228,0.026811199262738228,4.019697666168213,-33.71982955932617,0.0,1.5707964,1.6420459747314453,3.21224308013916,-0.14284075796604156,-0.0885881781578064,3.2154174049473316,-0.0444383305901861,3.7012429237365723,2.1791610717773438,-0.07620202749967575,2.1791610717773438,-0.07620202749967575,-0.10490497946739197,716.6246948242188,-0.10716196149587631,724.7493286132812,0.12079253792762745,-428.4698486328121,-0.0,-2.25,2.25
1.44,2.3448007106781006,2.3448007106781006,-0.06478425860404968,-0.06478425860404968,0.026602353900671005,0.026602353900671005,4.01796817779541,-33.65519714355469,0.0,1.5707964,1.640271782875061,3.255319595336914,-0.13965098559856415,-0.08904949575662613,3.2583136843408953,-0.042873028906499966,3.7473905086517334,2.1591010093688965,-0.08060988783836365,2.1591010093688965,-0.08060988783836365,-0.10248912870883942,708.0552978515625,-0.10490497946739197,716.6246948242188,0.12811720371246327,-449.6093749999996,-0.0,-2.25,2.25
1.46,2.4102842807769775,2.4102842807769775,-0.06304612755775452,-0.06304612755775452,0.0263726357370615,0.0263726357370615,4.01623010635376,-33.58971405029297,0.0,1.5707964,1.6384907960891724,3.297940969467163,-0.13635432720184326,-0.08922970294952393,3.3007585704859843,-0.04132175556167345,3.7927210330963135,2.1377570629119873,-0.08460311591625214,2.1377570629119873,-0.08460311591625214,-0.09992678463459015,699.0631103515625,-0.10248912870883942,708.0552978515625,0.1348298043012618,-469.6258544921871,-0.0,-2.25,2.25
1.48,2.4766130447387695,2.4766130447387695,-0.061301179230213165,-0.061301179230213165,0.02612719126045704,0.02612719126045704,4.0144853591918945,-33.52338790893555,0.0,1.5707964,1.6367084980010986,3.3400824069976807,-0.1329549103975296,-0.08913664519786835,3.3427275530222675,-0.03978487300321205,3.8372113704681396,2.1151654720306396,-0.08815490454435349,2.1151654720306396,-0.08815490454435349,-0.09723018854856491,689.6705932617188,-0.09992678463459015,699.0631103515625,0.1409407705068587,-488.50708007812455,-0.0,-2.25,2.25
1.5,2.5437777042388916,2.5437777042388916,-0.059550996869802475,-0.059550996869802475,0.025871090590953827,0.025871090590953827,4.012734889984131,-33.45622253417969,0.0,1.5707964,1.63493013381958,3.3817193508148193,-0.12945713102817535,-0.08877887576818466,3.3841963472070367,-0.038262769512239385,3.8808398246765137,2.0913681983947754,-0.0912407860159874,2.0913681983947754,-0.0912407860159874,-0.09441137313842773,679.9004516601562,-0.09723018854856491,689.6705932617188,0.14664940536022172,-505.20019531249955,-0.0,-2.25,2.25
1.52,2.6117677688598633,2.6117677688598633,-0.05779685452580452,-0.05779685452580452,0.025609109550714493,0.025609109550714493,4.01098108291626,-33.38823318481445,0.0,1.5707964,1.6331613063812256,3.422828197479248,-0.1258656084537506,-0.08816566318273544,3.425141605955945,-0.03675583901927467,3.923586368560791,2.0664055347442627,-0.09383884817361832,2.0664055347442627,-0.09383884817361832,-0.0914783850312233,669.7964477539062,-0.09441137313842773,679.9004516601562,0.15257634222507463,-516.3818359374995,-0.0,-2.25,2.25
1.54,2.680572748184204,2.680572748184204,-0.056039731949567795,-0.056039731949567795,0.025346282869577408,0.025346282869577408,4.009223937988281,-33.319427490234375,0.0,1.5707964,1.6314067840576172,3.4633870124816895,-0.12218386679887772,-0.08730537444353104,3.465541587621301,-0.03526409686365194,3.9654407501220703,2.040337324142456,-0.09592416882514954,2.040337324142456,-0.09592416882514954,-0.0884268581867218,659.4688110351562,-0.0914783850312233,669.7964477539062,0.15778243541717515,-527.346801757812,-0.0,-2.25,2.25
1.56,2.750180959701538,2.750180959701538,-0.05428021773695946,-0.05428021773695946,0.025088924914598465,0.025088924914598465,4.007464408874512,-33.24981689453125,0.0,1.5707964,1.6296714544296265,3.50337815284729,-0.11841069161891937,-0.08620104938745499,3.5053786633882167,-0.033786142295492406,4.006423473358154,2.013288974761963,-0.09745284169912338,2.013288974761963,-0.09745284169912338,-0.0852712094783783,648.921875,-0.0884268581867218,659.4688110351562,0.16228891909122453,-537.960815429687,-0.0,-2.25,2.25
1.58,2.8205819129943848,2.8205819129943848,-0.052518486976623535,-0.052518486976623535,0.024842265993356705,0.024842265993356705,4.005702495574951,-33.17941665649414,0.0,1.5707964,1.627960205078125,3.542785882949829,-0.11454823613166809,-0.08485963195562363,3.5446372326134417,-0.0323215537934522,4.046530723571777,1.9853864908218384,-0.09839790314435959,1.9853864908218384,-0.09839790314435959,-0.0820254310965538,638.1626586914062,-0.0852712094783783,648.921875,0.16612336039543138,-548.098754882812,-0.0,-2.25,2.25
1.6,2.89176344871521,2.89176344871521,-0.050754349678754807,-0.050754349678754807,0.024610841646790504,0.024610841646790504,4.003938674926758,-33.108238220214844,0.0,1.5707964,1.6262776851654053,3.5815956592559814,-0.11060066521167755,-0.08329086005687714,3.5833029419163758,-0.03087046665241111,4.085752010345459,1.9567124843597412,-0.09874363243579865,1.9567124843597412,-0.09874363243579865,-0.07870296388864517,627.20068359375,-0.0820254310965538,638.1626586914062,0.16931332647800432,-557.650756835937,-0.0,-2.25,2.25
1.62,2.9637134075164795,2.9637134075164795,-0.048987261950969696,-0.048987261950969696,0.02439858950674534,0.02439858950674534,4.002171516418457,-33.036285400390625,0.0,1.5707964,1.6246283054351807,3.6197941303253174,-0.10657354444265366,-0.08150634914636612,3.6213626532443133,-0.02943337745179327,4.124075412750244,1.9273171424865723,-0.09848251938819885,1.9273171424865723,-0.09848251938819885,-0.07531669735908508,616.0476684570312,-0.07870296388864517,627.20068359375,0.1718852669000624,-566.531372070312,-0.0,-2.25,2.25
1.6400000000000001,3.0364198684692383,3.0364198684692383,-0.04721638932824135,-0.04721638932824135,0.02420901507139206,0.02420901507139206,4.000400543212891,-32.96358108520508,0.0,1.5707964,1.623016357421875,3.65736722946167,-0.10247327387332916,-0.07951894402503967,3.658802512161383,-0.028010988598672067,4.161491394042969,1.8972316980361938,-0.09761320799589157,1.8972316980361938,-0.09761320799589157,-0.07187899202108383,604.717041015625,-0.07531669735908508,616.0476684570312,0.1755040138959883,-566.9372558593745,-0.0,-2.25,2.25
1.6600000000000001,3.109870195388794,3.109870195388794,-0.04544058069586754,-0.04544058069586754,0.024045240134000778,0.024045240134000778,3.998624801635742,-32.89012908935547,0.0,1.5707964,1.6214457750320435,3.6943020820617676,-0.09830685704946518,-0.07734231650829315,3.695609842998697,-0.0266041218573045,4.197989463806152,1.8664847612380981,-0.0961393415927887,1.8664847612380981,-0.0961393415927887,-0.06836891174316406,593.3782958984375,-0.07187899202108383,604.717041015625,0.17840452492237274,-567.6330566406308,-0.0,-2.25,2.25
1.68,3.184051513671875,3.184051513671875,-0.043658316135406494,-0.043658316135406494,0.023913178592920303,0.023913178592920303,3.996842384338379,-32.815948486328125,0.0,1.5707964,1.6199201345443726,3.7305898666381836,-0.09407047182321548,-0.07497759908437729,3.7317757176353115,-0.025210635500457067,4.233622074127197,1.835199236869812,-0.09401863813400269,1.835199236869812,-0.09401863813400269,-0.06480082124471664,582.025634765625,-0.06836891174316406,593.3782958984375,0.18032938241958602,-561.941528320312,-0.0,-2.25,2.25
1.7,3.258951187133789,3.258951187133789,-0.04186761751770973,-0.04186761751770973,0.023817328736186028,0.023817328736186028,3.995051860809326,-32.74104690551758,0.0,1.5707964,1.6184433698654175,3.766226053237915,-0.08976521342992783,-0.07243120670318604,3.7672956451054067,-0.023829748998497147,4.268405914306641,1.803529977798462,-0.0912332609295845,1.803529977798462,-0.0912332609295845,-0.06119423359632492,570.7868041992188,-0.06480082124471664,582.025634765625,0.18096286803483946,-558.3618164062495,-0.0,-2.25,2.25
1.72,3.3345558643341064,3.3345558643341064,-0.04006614536046982,-0.04006614536046982,0.023760592564940453,0.023760592564940453,3.9932503700256348,-32.665443420410156,0.0,1.5707964,1.6170189380645752,3.80120849609375,-0.0853973776102066,-0.06971530616283417,3.8021676373981736,-0.022462070931403587,4.302393436431885,1.7716411352157593,-0.08779095858335495,1.7716411352157593,-0.08779095858335495,-0.05757497623562813,559.6195678710938,-0.06119423359632492,570.7868041992188,0.18078926950693114,-556.185913085937,-0.0,-2.25,2.25
1.74,3.4108529090881348,3.4108529090881348,-0.038251303136348724,-0.038251303136348724,0.023744115605950356,0.023744115605950356,3.9914355278015137,-32.58914566040039,0.0,1.5707964,1.6156501770019531,3.835538625717163,-0.08097909390926361,-0.06684857606887817,3.8363933795973884,-0.0211096987502907,4.335592269897461,1.7396739721298218,-0.08372750878334045,1.7396739721298218,-0.08372750878334045,-0.0539591908454895,548.495849609375,-0.05757497623562813,559.6195678710938,0.1800058409571646,-554.275512695312,-0.0,-2.25,2.25
1.76,3.4878289699554443,3.4878289699554443,-0.03642033785581589,-0.03642033785581589,0.023768547922372818,0.023768547922372818,3.9896044731140137,-32.51217269897461,0.0,1.5707964,1.6143397092819214,3.869218111038208,-0.0765230804681778,-0.06385079771280289,3.8699747509034754,-0.019774823592481974,4.367994785308838,1.707690954208374,-0.07908360660076141,1.707690954208374,-0.07908360660076141,-0.05035907402634621,537.4103393554688,-0.0539591908454895,548.495849609375,0.17866697162389739,-552.4414062499995,-0.0,-2.25,2.25
1.78,3.5654711723327637,3.5654711723327637,-0.03457038104534149,-0.03457038104534149,0.02383437193930149,0.02383437193930149,3.9877545833587646,-32.43452835083008,0.0,1.5707964,1.61309015750885,3.9022467136383057,-0.0720413476228714,-0.06074114516377449,3.9029116528392334,-0.018459408139125933,4.39959716796875,1.675703763961792,-0.07389914244413376,1.675703763961792,-0.07389914244413376,-0.046785734593868256,526.3615112304688,-0.05035907402634621,537.4103393554688,0.17681736499071105,-550.5554199218745,-0.0,-2.25,2.25
1.8,3.643766403198242,3.643766403198242,-0.032698433846235275,-0.032698433846235275,0.02394195646047592,0.02394195646047592,3.985882520675659,-32.356231689453125,0.0,1.5707964,1.6119035482406616,3.9346249103546143,-0.06754522770643234,-0.057538047432899475,3.9352046380040986,-0.017165192410125988,4.4303975105285645,1.6437103748321533,-0.06821344792842865,1.6437103748321533,-0.06821344792842865,-0.04324938729405403,515.3504028320312,-0.046785734593868256,526.3615112304688,0.17450340092182143,-548.4878540039058,-0.0,-2.25,2.25
1.82,3.7227022647857666,3.7227022647857666,-0.030801404267549515,-0.030801404267549515,0.02409145049750805,0.02409145049750805,3.983985424041748,-32.27729797363281,0.0,1.5707964,1.6107815504074097,3.966352939605713,-0.06304546445608139,-0.05425918102264404,3.966853964051029,-0.01589373327900712,4.460396766662598,1.6117064952850342,-0.0620657317340374,1.6117064952850342,-0.0620657317340374,-0.0397593192756176,504.3806457519531,-0.04324938729405403,515.3504028320312,0.17176382243633256,-546.157836914062,-0.0,-2.25,2.25
1.84,3.802265167236328,3.802265167236328,-0.028876112774014473,-0.028876112774014473,0.02428283914923668,0.02428283914923668,3.982060194015503,-32.19773483276367,0.0,1.5707964,1.6097255945205688,3.9974308013916016,-0.05855221301317215,-0.05092138051986694,3.9978595990308414,-0.014646413918981447,4.489596366882324,1.5796937942504883,-0.055495116859674454,1.5796937942504883,-0.055495116859674454,-0.036324042826890945,493.4574890136719,-0.0397593192756176,504.3806457519531,0.1667615026235579,-547.1298217773433,-0.0,-2.25,2.25
1.86,3.8824424743652344,3.8824424743652344,-0.02691931277513504,-0.02691931277513504,0.024515938013792038,0.024515938013792038,3.9801034927368164,-32.117557525634766,0.0,1.5707964,1.6087368726730347,4.027859210968018,-0.05407509580254555,-0.04754067584872246,4.028222180983312,-0.013424463102718298,4.518000602722168,1.547680139541626,-0.04854070395231247,1.547680139541626,-0.04854070395231247,-0.032988812774419785,482.514892578125,-0.036324042826890945,493.4574890136719,0.1553690060973166,-558.6654663085933,-0.0,-2.25,2.25
1.8800000000000001,3.963221311569214,3.963221311569214,-0.02492782473564148,-0.02492782473564148,0.024787019938230515,0.024787019938230515,3.978111982345581,-32.03677749633789,0.0,1.5707964,1.6078156232833862,4.057638168334961,-0.0496363490819931,-0.04414726048707962,4.057941753189526,-0.012232207839560858,4.5455851554870605,1.5156372785568237,-0.04130040109157562,1.5156372785568237,-0.04130040109157562,-0.02988143265247345,471.3415832519531,-0.032988812774419785,482.514892578125,0.1449588686227797,-565.4464721679683,-0.0,-2.25,2.25
1.9000000000000001,4.044588565826416,4.044588565826416,-0.02289906144142151,-0.02289906144142151,0.0250821765512228,0.0250821765512228,3.976083278656006,-31.955411911010742,0.0,1.5707964,1.6069618463516235,4.086761474609375,-0.04529620707035065,-0.04081441089510918,4.087012490404985,-0.01108318962380914,4.572251796722412,1.4834048748016357,-0.03404448926448822,1.4834048748016357,-0.03404448926448822,-0.026982255280017853,460.03265380859375,-0.02988143265247345,471.3415832519531,0.13639284297824045,-569.4274902343808,-0.0,-2.25,2.25
1.92,4.12653112411499,4.12653112411499,-0.02083135023713112,-0.02083135023713112,0.025392666459083557,0.025392666459083557,3.974015474319458,-31.87346839904785,0.0,1.5707964,1.6061736345291138,4.11522102355957,-0.04109005257487297,-0.037586912512779236,4.115426158390803,-0.009984563863608043,4.59798526763916,1.4508380889892578,-0.026935333386063576,1.4508380889892578,-0.026935333386063576,-0.02425439842045307,448.64410400390625,-0.026982255280017853,460.03265380859375,0.12844074517488469,-570.1217651367183,-0.0,-2.25,2.25
1.94,4.209036350250244,4.209036350250244,-0.018723541870713234,-0.018723541870713234,0.025714747607707977,0.025714747607707977,3.971907615661621,-31.790964126586914,0.0,1.5707964,1.6054489612579346,4.143009185791016,-0.037030428647994995,-0.03448266163468361,4.14317467242145,-0.008937813296971306,4.622792720794678,1.4179106950759888,-0.020036008208990097,1.4179106950759888,-0.020036008208990097,-0.021685583516955376,437.2416687011719,-0.02425439842045307,448.64410400390625,0.12104501947760571,-568.1228637695308,-0.0,-2.25,2.25
1.96,4.292089939117432,4.292089939117432,-0.016574738547205925,-0.016574738547205925,0.026046115905046463,0.026046115905046463,3.9697587490081787,-31.707910537719727,0.0,1.5707964,1.6047852039337158,4.170121669769287,-0.03312268853187561,-0.03151063248515129,4.170253212117337,-0.00794269199365367,4.646699905395508,1.3846772909164429,-0.013379671610891819,1.3846772909164429,-0.013379671610891819,-0.01926468312740326,425.87921142578125,-0.021685583516955376,437.2416687011719,0.11414410546421995,-563.9465332031245,-0.0,-2.25,2.25
1.98,4.375679016113281,4.375679016113281,-0.014384199865162373,-0.014384199865162373,0.026385394856333733,0.026385394856333733,3.9675683975219727,-31.62432098388672,0.0,1.5707964,1.6041797399520874,4.196557521820068,-0.02936759777367115,-0.02867390774190426,4.19666027809538,-0.006997906792764373,4.669737339019775,1.351244568824768,-0.006980558857321739,1.351244568824768,-0.006980558857321739,-0.01698180101811886,414.60028076171875,-0.01926468312740326,425.87921142578125,0.10767537169158449,-558.0322265624995,-0.0,-2.25,2.25
2.0,4.459789752960205,4.459789752960205,-0.012151284143328667,-0.012151284143328667,0.026731787249445915,0.026731787249445915,3.9653353691101074,-31.540210723876953,0.0,1.5707964,1.6036297082901,4.222317218780518,-0.025763070210814476,-0.02597190998494625,4.222395816571101,-0.006101566785013217,4.691938400268555,1.3177409172058105,-0.0008414400508627295,1.3177409172058105,-0.0008414400508627295,-0.014828293584287167,403.43963623046875,-0.01698180101811886,414.60028076171875,0.10157986544072618,-550.747680664062,-0.0,-2.25,2.25
2.02,4.544408798217773,4.544408798217773,-0.009875403717160225,-0.009875403717160225,0.027084805071353912,0.027084805071353912,3.963059425354004,-31.455591201782227,0.0,1.5707964,1.603132724761963,4.247405529022217,-0.02230541966855526,-0.02340191975235939,4.247464097519258,-0.005251491638426781,4.713334560394287,1.2842984199523926,0.0050411769188940525,1.2842984199523926,0.0050411769188940525,-0.012796696275472641,392.4246826171875,-0.014828293584287167,403.43963623046875,0.09581162594258777,-542.3904418945308,-0.0,-2.25,2.25
2.04,4.629523277282715,4.629523277282715,-0.007556010503321886,-0.007556010503321886,0.02744409628212452,0.02744409628212452,3.960740089416504,-31.3704776763916,0.0,1.5707964,1.6026859283447266,4.271829128265381,-0.018990175798535347,-0.020960163325071335,4.271871337935334,-0.0044454143963629615,4.7339558601379395,1.2510327100753784,0.010673705488443375,1.2510327100753784,0.010673705488443375,-0.010880463756620884,381.5768737792969,-0.012796696275472641,392.4246826171875,0.09032683447003356,-533.2138061523433,-0.0,-2.25,2.25
2.06,4.7151198387146,4.7151198387146,-0.005192582495510578,-0.005192582495510578,0.027809379622340202,0.027809379622340202,3.95837664604187,-31.284881591796875,0.0,1.5707964,1.6022868156433105,4.295595645904541,-0.015812600031495094,-0.018642427399754524,4.295624749839516,-0.003681102671648925,4.7538323402404785,1.2180452346801758,0.016063297167420387,1.2180452346801758,0.016063297167420387,-0.009073927067220211,370.91259765625,-0.010880463756620884,381.5768737792969,0.08509033359587186,-523.416137695312,-0.0,-2.25,2.25
2.08,4.80118465423584,4.80118465423584,-0.0027846270240843296,-0.0027846270240843296,0.028180327266454697,0.028180327266454697,3.9559688568115234,-31.198816299438477,0.0,1.5707964,1.6019331216812134,4.318714141845703,-0.012768040411174297,-0.016444453969597816,4.318733015808457,-0.0029564362891460272,4.77299165725708,1.185422420501709,0.021216504275798798,1.185422420501709,0.021216504275798798,-0.0073721203953027725,360.44427490234375,-0.009073927067220211,370.91259765625,0.07972884923219674,-512.5900268554683,-0.0,-2.25,2.25
2.1,4.8877058029174805,4.8877058029174805,-0.00033168282243423164,-0.00033168282243423164,0.028556546196341515,0.028556546196341515,3.9535157680511475,-31.112295150756836,0.0,1.5707964,1.6016223430633545,4.341194152832031,-0.00985210295766592,-0.014362211339175701,4.341205332222343,-0.002269441470904708,4.791459083557129,1.1532344818115234,0.026138605549931526,1.1532344818115234,0.026138605549931526,-0.005777543410658836,350.1924743652344,-0.0073721203953027725,360.44427490234375,0.07451183628290885,-501.25122070312455,-0.0,-2.25,2.25
2.12,4.974669933319092,4.974669933319092,0.002166652586311102,0.002166652586311102,0.02893698401749134,0.02893698401749134,3.951017379760742,-31.025331497192383,0.0,1.5707964,1.6013522148132324,4.363048076629639,-0.007063224911689758,-0.012394746765494347,4.363053793861329,-0.0016188725444513713,4.809264659881592,1.121543288230896,0.03082219883799553,1.121543288230896,0.03082219883799553,-0.004287306685000658,340.1674499511719,-0.005777543410658836,350.1924743652344,0.06952993571758265,-489.66979980468705,-0.0,-2.25,2.25
2.14,5.062065124511719,5.062065124511719,0.004710686393082142,0.004710686393082142,0.029320528730750084,0.029320528730750084,3.9484734535217285,-30.93793487548828,0.0,1.5707964,1.6011204719543457,4.384288311004639,-0.0043999189510941505,-0.010541046038269997,4.384290518806742,-0.0010035648118613245,4.82643461227417,1.0904024839401245,0.03525954484939575,1.0904024839401245,0.03525954484939575,-0.002896707970649004,330.3740539550781,-0.004287306685000658,340.1674499511719,0.06476629641838366,-477.9541015624996,-0.0,-2.25,2.25
2.16,5.14987850189209,5.14987850189209,0.0073006306774914265,0.0073006306774914265,0.029706154018640518,0.029706154018640518,3.9458835124969482,-30.850122451782227,0.0,1.5707964,1.6009247303009033,4.404927730560303,-0.0018600499024614692,-0.00879925861954689,4.404928123277925,-0.00042226567736918533,4.8429951667785645,1.0598567724227905,0.03944594785571098,1.0598567724227905,0.03944594785571098,-0.0016013820422813296,320.8149719238281,-0.002896707970649004,330.3740539550781,0.060208185459487085,-466.1926269531246,-0.0,-2.25,2.25
2.18,5.238099098205566,5.238099098205566,0.009936604648828506,0.009936604648828506,0.030092941597104073,0.030092941597104073,3.9432475566864014,-30.76190185546875,0.0,1.5707964,1.600762963294983,4.4249796867370605,0.0005588991334661841,-0.0071670482866466045,4.424979722033069,0.00012630546806108813,4.858969211578369,1.0299402475357056,0.04337861388921738,1.0299402475357056,0.04337861388921738,-0.00039721833309158683,311.4911193847656,-0.0016013820422813296,320.8149719238281,0.05640823219437147,-451.49688720703085,-0.0,-2.25,2.25
2.2,5.326714992523193,5.326714992523193,0.012618646025657654,0.012618646025657654,0.03047998622059822,0.03047998622059822,3.940565586090088,-30.67328643798828,0.0,1.5707964,1.6006330251693726,4.4444580078125,0.002859637374058366,-0.005641778465360403,4.4444589277812625,0.0006434163568237969,4.874378681182861,1.0006766319274902,0.04705590382218361,1.0006766319274902,0.04705590382218361,0.0007309463107958436,302.461181640625,-0.00039721833309158683,311.4911193847656,0.053358619334176134,-433.9569091796871,-0.0,-2.25,2.25
2.22,5.415714740753174,5.415714740753174,0.015346743166446686,0.015346743166446686,0.030867349356412888,0.030867349356412888,3.9378373622894287,-30.584285736083984,0.0,1.5707964,1.6005325317382812,4.463377475738525,0.005049015395343304,-0.004215973429381847,4.463380331484925,0.0011312091054716444,4.889267921447754,0.9721046090126038,0.05049514397978783,0.9721046090126038,0.05049514397978783,0.0017981186974793673,293.78204345703125,0.0007309463107958436,302.461181640625,0.050222768913954455,-417.9687499999996,-0.0,-2.25,2.25
2.24,5.505087375640869,5.505087375640869,0.018120916560292244,0.018120916560292244,0.03125586733222008,0.03125586733222008,3.935063123703003,-30.49491310119629,0.0,1.5707964,1.6004598140716553,4.481754302978516,0.0071367728523910046,-0.002878600498661399,4.481759985295195,0.0015924047454548976,4.9036946296691895,0.9443022608757019,0.053727325052022934,0.9443022608757019,0.053727325052022934,0.002802574075758457,285.42266845703125,0.0017981186974793673,293.78204345703125,0.047022197395563084,-403.31115722656216,-0.0,-2.25,2.25
2.2600000000000002,5.594821929931641,5.594821929931641,0.020941223949193954,0.020941223949193954,0.031645625829696655,0.031645625829696655,3.9322428703308105,-30.40517807006836,0.0,1.5707964,1.600413203239441,4.499607563018799,0.009128814563155174,-0.0016229600878432393,4.4996168232896565,0.0020287996031833795,4.917686939239502,0.9173464775085449,0.05676716938614845,0.9173464775085449,0.05676716938614845,0.0037430180236697197,277.3564453125,0.002802574075758457,285.42266845703125,0.04378496669232841,-389.78576660156216,-0.0,-2.25,2.25
2.2800000000000002,5.684908390045166,5.684908390045166,0.023807724937796593,0.023807724937796593,0.03203621134161949,0.03203621134161949,3.9293763637542725,-30.315092086791992,0.0,1.5707964,1.600390911102295,4.516955375671387,0.011028604581952095,-0.0004453406436368823,4.516968839379531,0.0024415965510882287,4.931262016296387,0.8912693858146667,0.05961916968226433,0.8912693858146667,0.05961916968226433,0.004618717357516289,269.56072998046875,0.0037430180236697197,277.3564453125,0.04053637385368344,-377.2201538085934,-0.0,-2.25,2.25
2.3000000000000003,5.775337219238281,5.775337219238281,0.026720423251390457,0.026720423251390457,0.03242693096399307,0.03242693096399307,3.9264636039733887,-30.22466278076172,0.0,1.5707964,1.6003917455673218,4.533815383911133,0.012838133610785007,0.0006560649489983916,4.5338335603618996,0.0028316325679384104,4.944430351257324,0.866062343120575,0.06228167191147804,0.866062343120575,0.06228167191147804,0.005429444834589958,262.0163269042969,0.004618717357516289,269.56072998046875,0.037305057048798405,-365.46249389649216,-0.0,-2.25,2.25
2.32,5.866097450256348,5.866097450256348,0.029679253697395325,0.029679253697395325,0.032816868275403976,0.032816868275403976,3.9235048294067383,-30.13390350341797,0.0,1.5707964,1.6004137992858887,4.550203800201416,0.014558459632098675,0.0016819516895338893,4.550227090169706,0.00319950722951093,4.957202434539795,0.841695249080658,0.06474918872117996,0.841695249080658,0.06474918872117996,0.00617554597556591,254.7070770263672,0.005429444834589958,262.0163269042969,0.03411413636058566,-354.3930053710934,-0.0,-2.25,2.25
2.34,5.957180500030518,5.957180500030518,0.03268405795097351,0.03268405795097351,0.033204980194568634,0.033204980194568634,3.9205000400543213,-30.04281997680664,0.0,1.5707964,1.6004557609558105,4.566135883331299,0.016190189868211746,0.0026324912905693054,4.566164586093417,0.00354569431011632,4.9695868492126465,0.8181285858154297,0.06701448559761047,0.8181285858154297,0.06701448559761047,0.006857828702777624,247.6192169189453,0.00617554597556591,254.7070770263672,0.03098642919212577,-343.90640258789034,-0.0,-2.25,2.25
2.36,6.048577785491943,6.048577785491943,0.03573458641767502,0.03573458641767502,0.0335901714861393,0.0335901714861393,3.917449474334717,-29.95142364501953,0.0,1.5707964,1.6005159616470337,4.581625938415527,0.017733769491314888,0.0035077077336609364,4.58166025869906,0.0038706086375119094,4.981592655181885,0.7953190207481384,0.06906988471746445,0.7953190207481384,0.06906988471746445,0.00747755728662014,240.7410888671875,0.006857828702777624,247.6192169189453,0.02793907187879083,-333.92486572265597,-0.0,-2.25,2.25
2.38,6.140280246734619,6.140280246734619,0.0388304740190506,0.0388304740190506,0.033971358090639114,0.033971358090639114,3.914353609085083,-29.85972023010254,0.0,1.5707964,1.6005929708480835,4.596686840057373,0.01918969675898552,0.004307756666094065,4.596726895304782,0.004174655779001252,4.993229389190674,0.7732245922088623,0.07090818881988525,0.7732245922088623,0.07090818881988525,0.008036338724195957,234.06259155273438,0.00747755728662014,240.7410888671875,0.024985009804368,-324.38430786132784,-0.0,-2.25,2.25
2.4,6.232279300689697,6.232279300689697,0.04197126626968384,0.04197126626968384,0.03434745594859123,0.03434745594859123,3.911212921142578,-29.76772117614746,0.0,1.5707964,1.600685477256775,4.611332416534424,0.02055862545967102,0.0050330436788499355,4.6113782443931015,0.0044582535793468644,5.004505634307861,0.7518071532249451,0.07252324372529984,0.7518071532249451,0.07252324372529984,0.008536038920283318,227.5749053955078,0.008036338724195957,234.06259155273438,0.02177753485739229,-314.26467895507784,-0.0,-2.25,2.25
2.42,6.32456636428833,6.32456636428833,0.04515640065073967,0.04515640065073967,0.03471741825342178,0.03471741825342178,3.9080276489257812,-29.675434112548828,0.0,1.5707964,1.6007919311523438,4.625574588775635,0.021841438487172127,0.005684306845068932,4.625626154885635,0.004721851467972021,5.0154314041137695,0.7310296893119812,0.07391025125980377,0.7310296893119812,0.07391025125980377,0.008971589617431164,221.28961181640625,0.008536038920283318,227.5749053955078,0.01872680149972437,-304.5310974121091,-0.0,-2.25,2.25
2.44,6.4171342849731445,6.4171342849731445,0.04838517680764198,0.04838517680764198,0.035079654306173325,0.035079654306173325,3.904798984527588,-29.582866668701172,0.0,1.5707964,1.6009106636047363,4.639425277709961,0.023036589846014977,0.006259695161134005,4.639482470268196,0.004965356514266906,5.02602481842041,0.7108736038208008,0.0750538632273674,0.7108736038208008,0.0750538632273674,0.009346125647425652,215.19898986816406,0.008971589617431164,221.28961181640625,0.014668097719550119,-294.7265624999997,-0.0,-2.25,2.25
2.46,6.509974956512451,6.509974956512451,0.05165676772594452,0.05165676772594452,0.035432834178209305,0.035432834178209305,3.9015274047851562,-29.490026473999023,0.0,1.5707964,1.601040244102478,4.652896881103516,0.024143844842910767,0.0067589557729661465,4.652959521791117,0.0051889454606913335,5.036297798156738,0.691326379776001,0.07594490796327591,0.691326379776001,0.07594490796327591,0.009639487601816654,209.30445861816406,0.009346125647425652,215.19898986816406,0.007640104740858071,-285.65597534179665,-0.0,-2.25,2.25
2.48,6.603080749511719,6.603080749511719,0.0549701452255249,0.0549701452255249,0.035773865878582,0.035773865878582,3.8982138633728027,-29.396921157836914,0.0,1.5707964,1.6011791229248047,4.666001319885254,0.025155292823910713,0.0071732657961547375,4.666069127855693,0.005391136305259317,5.046266555786133,0.672383725643158,0.07654008269309998,0.672383725643158,0.07654008269309998,0.009792289696633816,203.59133911132812,0.009639487601816654,209.30445861816406,0.0013566110283136355,-275.49057006835915,-0.0,-2.25,2.25
2.5,6.696444511413574,6.696444511413574,0.058323800563812256,0.058323800563812256,0.03609500452876091,0.03609500452876091,3.89486026763916,-29.30355453491211,0.0,1.5707964,1.601325273513794,4.678750991821289,0.02604292705655098,0.0074713765643537045,4.678823471506311,0.005566156041798914,5.055937767028809,0.654053807258606,0.07670562714338303,0.654053807258606,0.07670562714338303,0.009819421917200089,198.08152770996094,0.009792289696633816,203.59133911132812,-0.004206178709864613,-264.5782470703123,-0.0,-2.25,2.25
2.52,6.7900590896606445,6.7900590896606445,0.06171558052301407,0.06171558052301407,0.03639083728194237,0.03639083728194237,3.8914685249328613,-29.20993995666504,0.0,1.5707964,1.6014760732650757,4.691157817840576,0.026791639626026154,0.007636941969394684,4.6912343219925186,0.005711031133060735,5.065330982208252,0.6363409757614136,0.0763644203543663,0.6363409757614136,0.0763644203543663,0.009735298343002796,192.7899627685547,0.009819421917200089,198.08152770996094,-0.011525815352797498,-255.83419799804665,-0.0,-2.25,2.25
2.54,6.883918762207031,6.883918762207031,0.06514287739992142,0.06514287739992142,0.03665762022137642,0.03665762022137642,3.8880412578582764,-29.11608123779297,0.0,1.5707964,1.6016292572021484,4.7032341957092285,0.027395380660891533,0.007664108648896217,4.703313981287044,0.00582473032416919,5.074466705322266,0.619255006313324,0.07547972351312637,0.619255006313324,0.07547972351312637,0.009504782035946846,187.67327880859375,0.009735298343002796,192.7899627685547,-0.01973989419639109,-247.23052978515602,-0.0,-2.25,2.25
2.56,6.978016376495361,6.978016376495361,0.06860260665416718,0.06860260665416718,0.036888860166072845,0.036888860166072845,3.8845815658569336,-29.021982192993164,0.0,1.5707964,1.6017814874649048,4.714993000030518,0.02783622220158577,0.007533755153417587,4.715075168605824,0.00590369886075699,5.083346366882324,0.6028026938438416,0.0739617571234703,0.6028026938438416,0.0739617571234703,0.009109984152019024,182.72866821289062,0.009504782035946846,187.67327880859375,-0.026746047660708403,-236.79351806640605,-0.0,-2.25,2.25
2.58,7.072345733642578,7.072345733642578,0.07209102064371109,0.07209102064371109,0.03707723319530487,0.03707723319530487,3.8810930252075195,-28.92765235900879,0.0,1.5707964,1.6019296646118164,4.726446628570557,0.028094034641981125,0.007224417291581631,4.726530123410666,0.005943937590156744,5.091973781585693,0.5869671106338501,0.07171039283275604,0.5869671106338501,0.07171039283275604,0.008575063198804855,177.9927978515625,0.009109984152019024,182.72866821289062,-0.03387532196938989,-223.23074340820293,-0.0,-2.25,2.25
2.6,7.166901111602783,7.166901111602783,0.07560376077890396,0.07560376077890396,0.03721805289387703,0.03721805289387703,3.877580404281616,-28.833097457885742,0.0,1.5707964,1.6020700931549072,4.737606525421143,0.02816258743405342,0.006730651017278433,4.737690230591693,0.005944405801706176,5.100373268127441,0.5717363357543945,0.06868747621774673,0.5717363357543945,0.06868747621774673,0.007897556759417057,173.52818298339844,0.008575063198804855,177.9927978515625,-0.04179901443421837,-205.77468872070295,-0.0,-2.25,2.25
2.62,7.261676788330078,7.261676788330078,0.07913599908351898,0.07913599908351898,0.037306565791368484,0.037306565791368484,3.8740482330322266,-28.73832130432129,0.0,1.5707964,1.602198839187622,4.748486042022705,0.028035666793584824,0.006047443952411413,4.748568804376432,0.0059040588494518615,5.108587741851807,0.5571431517601013,0.06485556811094284,0.5571431517601013,0.06485556811094284,0.007061576470732689,169.41268920898438,0.007897556759417057,173.52818298339844,-0.04865571390837427,-189.63088989257795,-0.0,-2.25,2.25
2.64,7.3566670417785645,7.3566670417785645,0.08268240094184875,0.08268240094184875,0.037336766719818115,0.037336766719818115,3.870501756668091,-28.64333152770996,0.0,1.5707964,1.6023123264312744,4.759100914001465,0.02770201489329338,0.0051645636558532715,4.75918153796204,0.005820784751343193,5.1166815757751465,0.5432782173156738,0.06015528738498688,0.5432782173156738,0.06015528738498688,0.006088462192565203,165.6200714111328,0.007061576470732689,169.41268920898438,-0.055227032862603616,-179.2076110839842,-0.0,-2.25,2.25
2.66,7.451868057250977,7.451868057250977,0.08623708784580231,0.08623708784580231,0.03730477765202522,0.03730477765202522,3.8669469356536865,-28.54813003540039,0.0,1.5707964,1.6024065017700195,4.769469261169434,0.02716076374053955,0.004083674866706133,4.769546596934249,0.005694652518597733,5.124685287475586,0.5302355289459229,0.05457451194524765,0.5302355289459229,0.05457451194524765,0.004983921535313129,162.03591918945312,0.006088462192565203,165.6200714111328,-0.06044368492439384,-167.48352050781236,-0.0,-2.25,2.25
2.68,7.547273635864258,7.547273635864258,0.08979380875825882,0.08979380875825882,0.03720710426568985,0.03720710426568985,3.8633902072906494,-28.45272445678711,0.0,1.5707964,1.6024774312973022,4.779608249664307,0.026412969455122948,0.002808141056448221,4.779681230502149,0.005526122478709254,5.132579326629639,0.5180249810218811,0.048110973089933395,0.5180249810218811,0.048110973089933395,0.0037750478368252516,158.68624877929688,0.004983921535313129,162.03591918945312,-0.06440407596528525,-154.94308471679673,-0.0,-2.25,2.25
2.7,7.642880916595459,7.642880916595459,0.09334605932235718,0.09334605932235718,0.03704237937927246,0.03704237937927246,3.8598380088806152,-28.357118606567383,0.0,1.5707964,1.6025211811065674,4.78953218460083,0.025469046086072922,0.001351534971036017,4.789599901832692,0.005317597845165024,5.140372276306152,0.5065940618515015,0.04080558940768242,0.5065940618515015,0.04080558940768242,0.0024869663175195456,155.58738708496094,0.0037750478368252516,158.68624877929688,-0.06721897516399616,-142.0013427734374,-0.0,-2.25,2.25
2.72,7.738685607910156,7.738685607910156,0.09688720852136612,0.09688720852136612,0.03681075572967529,0.03681075572967529,3.856297016143799,-28.261314392089844,0.0,1.5707964,1.6025344133377075,4.799253940582275,0.024345355108380318,-0.00026592204812914133,4.799315688982113,0.005072693920636311,5.148085117340088,0.4959038197994232,0.0327276773750782,0.4959038197994232,0.0327276773750782,0.0011425868142396212,152.7473602294922,0.0024869663175195456,155.58738708496094,-0.06900381922605442,-129.0077209472655,-0.0,-2.25,2.25
2.74,7.834684371948242,7.834684371948242,0.10041068494319916,0.10041068494319916,0.036513544619083405,0.036513544619083405,3.852773427963257,-28.165313720703125,0.0,1.5707964,1.6025142669677734,4.808788776397705,0.023061789572238922,-0.002020078944042325,4.808844075466245,0.004795721718159203,5.155742645263672,0.4859379231929779,0.02396455407142639,0.4859379231929779,0.02396455407142639,-0.00023748957028146833,150.16720581054688,0.0011425868142396212,152.7473602294922,-0.06986948501435103,-116.23764038085928,-0.0,-2.25,2.25
2.7600000000000002,7.930872917175293,7.930872917175293,0.10391002893447876,0.10391002893447876,0.03615289181470871,0.03615289181470871,3.849274158477783,-28.06912612915039,0.0,1.5707964,1.602457880973816,4.818151473999023,0.021640105172991753,-0.003884908277541399,4.818200070622935,0.0044913406688210245,5.163367748260498,0.47668924927711487,0.014614042825996876,0.47668924927711487,0.014614042825996876,-0.00163487927056849,147.8424530029297,-0.00023748957028146833,150.16720581054688,-0.06993149872869248,-103.92227172851554,-0.0,-2.25,2.25
2.7800000000000002,8.02724838256836,8.02724838256836,0.1073790118098259,0.1073790118098259,0.03573156148195267,0.03573156148195267,3.8458051681518555,-27.972749710083008,0.0,1.5707964,1.6023635864257812,4.82735538482666,0.020102690905332565,-0.0058339424431324005,4.827397241743897,0.004164303868174068,5.170981407165527,0.46815797686576843,0.004778907634317875,0.46815797686576843,0.004778907634317875,-0.0030335092451423407,145.76400756835938,-0.00163487927056849,147.8424530029297,-0.06929113296791906,-92.22106933593741,-0.0,-2.25,2.25
2.8000000000000003,8.123807907104492,8.123807907104492,0.11081162840127945,0.11081162840127945,0.03525273874402046,0.03525273874402046,3.842372417449951,-27.876190185546875,0.0,1.5707964,1.6022298336029053,4.8364152908325195,0.018471643328666687,-0.00784136913716793,4.836450564929395,0.003819265386413378,5.178600788116455,0.46033793687820435,-0.005437416955828667,0.46033793687820435,-0.005437416955828667,-0.004419331904500723,143.91958618164062,-0.0030335092451423407,145.76400756835938,-0.06805073935538676,-81.26525878906423,-0.0,-2.25,2.25
2.82,8.220549583435059,8.220549583435059,0.11420222371816635,0.11420222371816635,0.03471992909908295,0.03471992909908295,3.838981866836548,-27.779449462890625,0.0,1.5707964,1.6020556688308716,4.8453450202941895,0.016768209636211395,-0.009882708080112934,4.845374034947571,0.0034606705251926163,5.1862406730651855,0.4532187581062317,-0.015933657065033913,0.4532187581062317,-0.015933657065033913,-0.005780346691608429,142.29428100585938,-0.004419331904500723,143.91958618164062,-0.06630262359976763,-71.32873535156244,-0.0,-2.25,2.25
2.84,8.31747055053711,8.31747055053711,0.11754543334245682,0.11754543334245682,0.03413677588105202,0.03413677588105202,3.8356387615203857,-27.68252944946289,0.0,1.5707964,1.6018404960632324,4.854158401489258,0.015012331306934357,-0.011935307644307613,4.854181615559931,0.0030926645162865814,5.193911075592041,0.44678112864494324,-0.026613028720021248,0.44678112864494324,-0.026613028720021248,-0.007106399163603783,140.86770629882812,-0.005780346691608429,142.29428100585938,-0.06414386443793768,-63.10501098632807,-0.0,-2.25,2.25
2.86,8.414567947387695,8.414567947387695,0.12083626538515091,0.12083626538515091,0.03350702300667763,0.03350702300667763,3.832347869873047,-27.585432052612305,0.0,1.5707964,1.6015843152999878,4.862867832183838,0.013222391717135906,-0.013978625647723675,4.862885808337582,0.0027190455484539505,5.201619625091553,0.4409942328929901,-0.03738468885421753,0.4409942328929901,-0.03738468885421753,-0.008389276452362537,139.60560607910156,-0.007106399163603783,140.86770629882812,-0.06163585931062693,-55.625152587890575,-0.0,-2.25,2.25
2.88,8.5118408203125,8.5118408203125,0.12407003343105316,0.12407003343105316,0.032834429293870926,0.032834429293870926,3.8291141986846924,-27.488157272338867,0.0,1.5707964,1.601287603378296,4.871484756469727,0.011414977721869946,-0.01599448174238205,4.871498130373582,0.0023432192443421443,5.20936393737793,0.4358179271221161,-0.04816512018442154,0.4358179271221161,-0.04816512018442154,-0.009621993638575077,138.49310302734375,-0.008389276452362537,139.60560607910156,-0.058848597109317724,-48.91433715820308,-0.0,-2.25,2.25
2.9,8.609288215637207,8.609288215637207,0.12724246084690094,0.12724246084690094,0.03212271258234978,0.03212271258234978,3.825941562652588,-27.390710830688477,0.0,1.5707964,1.600950837135315,4.880019664764404,0.009604969061911106,-0.017966944724321365,4.880029117117845,0.0019682208923016563,5.217142581939697,0.43119698762893677,-0.058878034353256226,0.43119698762893677,-0.058878034353256226,-0.010798965580761433,137.5148162841797,-0.009621993638575077,138.49310302734375,-0.05584252066910262,-42.974853515624964,-0.0,-2.25,2.25
2.92,8.706907272338867,8.706907272338867,0.1303495615720749,0.1303495615720749,0.03137550875544548,0.03137550875544548,3.8228344917297363,-27.2930908203125,0.0,1.5707964,1.6005752086639404,4.888481616973877,0.007805491331964731,-0.01988227665424347,4.888487848526011,0.0015967094304996379,5.2249579429626465,0.4270785450935364,-0.0694548562169075,0.4270785450935364,-0.0694548562169075,-0.011915815994143486,136.6553192138672,-0.010798965580761433,137.5148162841797,-0.0526752788573503,-37.802124023437464,-0.0,-2.25,2.25
2.94,8.804697036743164,8.804697036743164,0.1333877444267273,0.1333877444267273,0.03059636987745762,0.03059636987745762,3.819796323776245,-27.195301055908203,0.0,1.5707964,1.6001617908477783,4.896879196166992,0.006027980707585812,-0.021728813648223877,4.89688290633996,0.0012309835348868114,5.232809066772461,0.42341476678848267,-0.07983464002609253,0.42341476678848267,-0.07983464002609253,-0.012969321571290493,135.89927673339844,-0.011915815994143486,136.6553192138672,-0.0493980478495359,-33.37554931640622,-0.0,-2.25,2.25
2.96,8.902657508850098,8.902657508850098,0.13635370135307312,0.13635370135307312,0.029788710176944733,0.029788710176944733,3.8168303966522217,-27.097341537475586,0.0,1.5707964,1.5997121334075928,4.905219554901123,0.004282255191355944,-0.02349689230322838,4.905221424104512,0.0008729994764865438,5.240694522857666,0.4201584458351135,-0.08996392786502838,0.4201584458351135,-0.08996392786502838,-0.013957282528281212,135.2317657470703,-0.012969321571290493,135.89927673339844,-0.04605492576956745,-29.6607971191406,-0.0,-2.25,2.25
2.98,9.000785827636719,9.000785827636719,0.1392444670200348,0.1392444670200348,0.028955796733498573,0.028955796733498573,3.8139395713806152,-26.99921417236328,0.0,1.5707964,1.599227786064148,4.913509368896484,0.002576597034931183,-0.025178709998726845,4.913510044467785,0.0005243903298661025,5.248613357543945,0.4172654449939728,-0.09979655593633652,0.4172654449939728,-0.09979655593633652,-0.014878381043672562,134.6385498046875,-0.013957282528281212,135.2317657470703,-0.042684935033321346,-26.6212463378906,-0.0,-2.25,2.25
3.0,9.099081039428711,9.099081039428711,0.1420573592185974,0.1420573592185974,0.028100738301873207,0.028100738301873207,3.811126708984375,-26.90091896057129,0.0,1.5707964,1.5987106561660767,4.921754360198975,0.0009178772452287376,-0.026768194511532784,4.921754445788235,0.00018649391404214233,5.256562232971191,0.414693146944046,-0.10929324477910995,0.414693146944046,-0.10929324477910995,-0.01573207974433899,134.1061248779297,-0.014878381043672562,134.6385498046875,-0.03932174295186993,-24.21112060546873,-0.0,-2.25,2.25
3.02,9.197543144226074,9.197543144226074,0.14479005336761475,0.14479005336761475,0.02722649648785591,0.02722649648785591,3.808393955230713,-26.80245590209961,0.0,1.5707964,1.5981624126434326,4.929959297180176,-0.0006883330061100423,-0.028260838240385056,4.929959345233547,-0.0001396224512504326,5.264536380767822,0.41240036487579346,-0.11842117458581924,0.41240036487579346,-0.11842117458581924,-0.01651851460337639,133.6219024658203,-0.01573207974433899,134.1061248779297,-0.03599626943469044,-22.385406494140604,-0.0,-2.25,2.25
3.04,9.296172142028809,9.296172142028809,0.14744043350219727,0.14744043350219727,0.026335854083299637,0.026335854083299637,3.80574369430542,-26.703826904296875,0.0,1.5707964,1.5975853204727173,4.93812894821167,-0.0022376428823918104,-0.02965356595814228,4.938129455189664,-0.0004531357428503227,5.272531986236572,0.4103446304798126,-0.12715360522270203,0.4103446304798126,-0.12715360522270203,-0.017238439992070198,133.1741943359375,-0.01651851460337639,133.6219024658203,-0.03273151814937589,-21.092224121093732,-0.0,-2.25,2.25
3.06,9.394968032836914,9.394968032836914,0.15000669658184052,0.15000669658184052,0.025431420654058456,0.025431420654058456,3.8031773567199707,-26.605031967163086,0.0,1.5707964,1.596981167793274,4.9462666511535645,-0.003726748051121831,-0.03094458393752575,4.946268055106287,-0.000753446510015893,5.280545234680176,0.40848827362060547,-0.135469451546669,0.40848827362060547,-0.135469451546669,-0.017893070355057716,132.75234985351562,-0.017238439992070198,133.1741943359375,-0.02954881638288495,-20.279693603515607,-0.0,-2.25,2.25
3.08,9.493926048278809,9.493926048278809,0.15248726308345795,0.15248726308345795,0.024515651166439056,0.024515651166439056,3.800696849822998,-26.506072998046875,0.0,1.5707964,1.5963521003723145,4.954373359680176,-0.005153289996087551,-0.03213319554924965,4.9543760397759895,-0.0010401493314088203,5.288569927215576,0.40679678320884705,-0.14335276186466217,0.40679678320884705,-0.14335276186466217,-0.018484046682715416,132.3467559814453,-0.017893070355057716,132.75234985351562,-0.026465114206075644,-19.902038574218732,-0.0,-2.25,2.25
3.1,9.593050003051758,9.593050003051758,0.15488079190254211,0.15488079190254211,0.02359081245958805,0.02359081245958805,3.7983033657073975,-26.406949996948242,0.0,1.5707964,1.5957001447677612,4.962453365325928,-0.006515753921121359,-0.03321970999240875,4.9624576429511,-0.0013130098556236032,5.296601295471191,0.4052368402481079,-0.1507922261953354,0.4052368402481079,-0.1507922261953354,-0.01901334896683693,131.94871520996094,-0.018484046682715416,132.3467559814453,-0.023494940251111963,-19.906616210937482,-0.0,-2.25,2.25
3.12,9.692337036132812,9.692337036132812,0.1571861356496811,0.1571861356496811,0.02265903353691101,0.02265903353691101,3.7959980964660645,-26.307662963867188,0.0,1.5707964,1.5950273275375366,4.9705071449279785,-0.007813354022800922,-0.03420528396964073,4.9705132859978525,-0.0015719417273489793,5.304633140563965,0.40377509593963623,-0.1577807366847992,0.40377509593963623,-0.1577807366847992,-0.01948324777185917,131.5505828857422,-0.01901334896683693,131.94871520996094,-0.02064844593405722,-20.247650146484357,-0.0,-2.25,2.25
3.14,9.791786193847656,9.791786193847656,0.15940238535404205,0.15940238535404205,0.02172227017581463,0.02172227017581463,3.7937817573547363,-26.208213806152344,0.0,1.5707964,1.594335675239563,4.978535175323486,-0.009045954793691635,-0.035091809928417206,4.978543393527005,-0.0018169892388436339,5.312660217285156,0.4023836553096771,-0.16431504487991333,0.4023836553096771,-0.16431504487991333,-0.019896216690540314,131.1456298828125,-0.01948324777185917,131.5505828857422,-0.017933361232280714,-20.877838134765607,-0.0,-2.25,2.25
3.16,9.891398429870605,9.891398429870605,0.1615287959575653,0.1615287959575653,0.020782334730029106,0.020782334730029106,3.7916553020477295,-26.108600616455078,0.0,1.5707964,1.5936269760131836,4.986537933349609,-0.01021396741271019,-0.03588177636265755,4.986548394016135,-0.002048305510717915,5.320677280426025,0.40103623270988464,-0.17039521038532257,0.40103623270988464,-0.17039521038532257,-0.02025488391518593,130.7280731201172,-0.019896216690540314,131.1456298828125,-0.015355087816715227,-21.754455566406232,-0.0,-2.25,2.25
3.18,9.991172790527344,9.991172790527344,0.1635648012161255,0.1635648012161255,0.01984088495373726,0.01984088495373726,3.7896194458007812,-26.008827209472656,0.0,1.5707964,1.5929033756256104,4.994515419006348,-0.011318265460431576,-0.036578189581632614,4.994528243370457,-0.002266134977353139,5.328679084777832,0.3997102379798889,-0.17602421343326569,0.3997102379798889,-0.17602421343326569,-0.020561985671520233,130.29298400878906,-0.02025488391518593,130.7280731201172,-0.01292079687118529,-22.84393310546873,-0.0,-2.25,2.25
3.2,10.091107368469238,10.091107368469238,0.16550999879837036,0.16550999879837036,0.01889944076538086,0.01889944076538086,3.7876741886138916,-25.908891677856445,0.0,1.5707964,1.5921666622161865,5.002467155456543,-0.012360097840428352,-0.0371844545006752,5.002482425100572,-0.0024707953704080584,5.336658954620361,0.39838412404060364,-0.1812075972557068,0.39838412404060364,-0.1812075972557068,-0.02082040160894394,129.8361053466797,-0.020561985671520233,130.29298400878906,-0.010629463940858832,-24.103546142578104,-0.0,-2.25,2.25
3.22,10.191203117370605,10.191203117370605,0.16736412048339844,0.16736412048339844,0.017959393560886383,0.017959393560886383,3.7858200073242188,-25.808795928955078,0.0,1.5707964,1.5914183855056763,5.010392665863037,-0.013341054320335388,-0.03770432621240616,5.0104104272868195,-0.00266267011020775,5.3446125984191895,0.3970390856266022,-0.18595318496227264,0.3970390856266022,-0.18595318496227264,-0.021032990887761116,129.35403442382812,-0.02082040160894394,129.8361053466797,-0.008449703454971307,-28.413391113281225,-0.0,-2.25,2.25
3.24,10.291460037231445,10.291460037231445,0.16912707686424255,0.16912707686424255,0.01702200621366501,0.01702200621366501,3.784057140350342,-25.708539962768555,0.0,1.5707964,1.590660572052002,5.018290996551514,-0.014262966811656952,-0.03814180940389633,5.018311265584495,-0.002842188389604462,5.352535247802734,0.3956582248210907,-0.19027069211006165,0.3956582248210907,-0.19027069211006165,-0.021201984956860542,128.7857666015625,-0.021032990887761116,129.35403442382812,-0.006408896297216409,-33.04595947265622,-0.0,-2.25,2.25
3.2600000000000002,10.391875267028809,10.391875267028809,0.17079885303974152,0.17079885303974152,0.016088485717773438,0.016088485717773438,3.7823853492736816,-25.608123779296875,0.0,1.5707964,1.5898946523666382,5.026159763336182,-0.015127575024962425,-0.03850085288286209,5.02618252853055,-0.0030097589529127586,5.360398292541504,0.39420607686042786,-0.19417011737823486,0.39420607686042786,-0.19417011737823486,-0.02133016288280487,128.12484741210938,-0.021201984956860542,128.7857666015625,-0.0045130029320716815,-37.26234436035153,-0.0,-2.25,2.25
3.2800000000000002,10.492449760437012,10.492449760437012,0.17237956821918488,0.17237956821918488,0.015159925445914268,0.015159925445914268,3.7808046340942383,-25.507549285888672,0.0,1.5707964,1.5891221761703491,5.033995151519775,-0.015936775133013725,-0.038785677403211594,5.034020378020559,-0.0031658198730100643,5.368180274963379,0.39262470602989197,-0.19766288995742798,0.39262470602989197,-0.19766288995742798,-0.021420422941446304,127.37960052490234,-0.02133016288280487,128.12484741210938,-0.0027546659111976598,-41.0915374755859,-0.0,-2.25,2.25
3.3000000000000003,10.593181610107422,10.593181610107422,0.17386946082115173,0.17386946082115173,0.014237289316952229,0.014237289316952229,3.7793147563934326,-25.406818389892578,0.0,1.5707964,1.5883444547653198,5.041792869567871,-0.016692712903022766,-0.03900066018104553,5.041820503180324,-0.00331085634434586,5.375872611999512,0.39086630940437317,-0.20076218247413635,0.39086630940437317,-0.20076218247413635,-0.021475516259670258,126.55776977539062,-0.021420422941446304,127.37960052490234,-0.0011323951184749592,-44.57626342773433,-0.0,-2.25,2.25
3.3200000000000003,10.694069862365723,10.694069862365723,0.17526887357234955,0.17526887357234955,0.013321424834430218,0.013321424834430218,3.7779152393341064,-25.30592918395996,0.0,1.5707964,1.587563157081604,5.049549102783203,-0.017397688701748848,-0.03915020078420639,5.049579073644734,-0.003445380866082617,5.383469104766846,0.3889031708240509,-0.2034824639558792,0.3889031708240509,-0.2034824639558792,-0.021498164162039757,125.66624450683594,-0.021475516259670258,126.55776977539062,0.00035967677831650545,-47.74551391601664,-0.0,-2.25,2.25
3.34,10.79511547088623,10.79511547088623,0.17657820880413055,0.17657820880413055,0.012413067743182182,0.012413067743182182,3.7766058444976807,-25.204883575439453,0.0,1.5707964,1.5867793560028076,5.057258129119873,-0.018054122105240822,-0.03923867270350456,5.057290355108557,-0.003569927606622155,5.390968322753906,0.38672614097595215,-0.20583921670913696,0.38672614097595215,-0.20583921670913696,-0.021490970626473427,124.71133422851562,-0.021498164162039757,125.66624450683594,0.0017250888049602493,-50.63362121582027,-0.0,-2.25,2.25
3.36,10.896315574645996,10.896315574645996,0.17779795825481415,0.17779795825481415,0.011512869969010353,0.011512869969010353,3.775386095046997,-25.103683471679688,0.0,1.5707964,1.5859942436218262,5.064915657043457,-0.018664443865418434,-0.03927035629749298,5.064950046587701,-0.0036850286648264334,5.398368835449219,0.38433852791786194,-0.20784838497638702,0.38433852791786194,-0.20784838497638702,-0.021456468850374222,123.69866180419922,-0.021490970626473427,124.71133422851562,0.0029693357646465275,-53.26881408691401,-0.0,-2.25,2.25
3.38,10.997669219970703,10.997669219970703,0.1789286732673645,0.1789286732673645,0.01062140055000782,0.01062140055000782,3.7742555141448975,-25.002330780029297,0.0,1.5707964,1.5852090120315552,5.072518348693848,-0.019231103360652924,-0.03924944996833801,5.072554803368045,-0.0037912157039848592,5.405669212341309,0.38174962997436523,-0.20952636003494263,0.38174962997436523,-0.20952636003494263,-0.02139708213508129,122.63328552246094,-0.021456468850374222,123.69866180419922,0.004097167402505871,-55.67436218261714,-0.0,-2.25,2.25
3.4,11.099175453186035,11.099175453186035,0.17997097969055176,0.17997097969055176,0.009739159606397152,0.009739159606397152,3.7732131481170654,-24.90082359313965,0.0,1.5707964,1.5844244956970215,5.0800628662109375,-0.0197564959526062,-0.039180029183626175,5.080101282827697,-0.0038890062724213164,5.412868976593018,0.3789704740047455,-0.2108895629644394,0.3789704740047455,-0.2108895629644394,-0.021315138787031174,121.5197982788086,-0.02139708213508129,122.63328552246094,0.005095265805721279,-58.000946044921825,-0.0,-2.25,2.25
3.42,11.20083236694336,11.20083236694336,0.18092556297779083,0.18092556297779083,0.008866576477885246,0.008866576477885246,3.7722585201263428,-24.79916763305664,0.0,1.5707964,1.583641767501831,5.087545871734619,-0.020242983475327492,-0.03906605765223503,5.087586144271559,-0.003978907936865287,5.419968128204346,0.37601417303085327,-0.2119544893503189,0.37601417303085327,-0.2119544893503189,-0.021213233470916748,120.35977935791016,-0.021315138787031174,121.5197982788086,0.005913898348808283,-60.58654785156244,-0.0,-2.25,2.25
3.44,11.302639961242676,11.302639961242676,0.18179312348365784,0.18179312348365784,0.008003990165889263,0.008003990165889263,3.771390914916992,-24.697359085083008,0.0,1.5707964,1.5828617811203003,5.094963550567627,-0.02069300040602684,-0.038911525160074234,5.095005572310837,-0.004061439580774231,5.426965236663818,0.3728947043418884,-0.21273820102214813,0.3728947043418884,-0.21273820102214813,-0.021094955503940582,119.1480484008789,-0.021213233470916748,120.35977935791016,0.00664480030536651,-62.88452148437494,-0.0,-2.25,2.25
3.46,11.404596328735352,11.404596328735352,0.18257443606853485,0.18257443606853485,0.007151567842811346,0.007151567842811346,3.7706096172332764,-24.59540367126465,0.0,1.5707964,1.582085132598877,5.102313041687012,-0.021109439432621002,-0.038720883429050446,5.102356708796684,-0.004137205777126703,5.433854579925537,0.36962053179740906,-0.2132599800825119,0.36962053179740906,-0.2132599800825119,-0.020962059497833252,117.8903579711914,-0.021094955503940582,119.1480484008789,0.0072937458753585755,-64.92729187011713,-0.0,-2.25,2.25
3.48,11.506699562072754,11.506699562072754,0.18327024579048157,0.18327024579048157,0.006309467367827892,0.006309467367827892,3.769913911819458,-24.49329948425293,0.0,1.5707964,1.581312656402588,5.109591484069824,-0.021494822576642036,-0.038498133420944214,5.109636695644463,-0.004206734696559137,5.440634727478027,0.36619511246681213,-0.21353769302368164,0.36619511246681213,-0.21353769302368164,-0.02081618458032608,116.59181213378906,-0.020962059497833252,117.8903579711914,0.007866416126489632,-66.7404174804687,-0.0,-2.25,2.25
3.5,11.60894775390625,11.60894775390625,0.18388140201568604,0.18388140201568604,0.005477831233292818,0.005477831233292818,3.7693028450012207,-24.39105224609375,0.0,1.5707964,1.5805447101593018,5.116795539855957,-0.021851418539881706,-0.03824688494205475,5.1168421981904055,-0.004270502022872722,5.4473042488098145,0.3626273572444916,-0.213588148355484,0.3626273572444916,-0.213588148355484,-0.020658856257796288,115.25700378417969,-0.02081618458032608,116.59181213378906,0.008363742381334298,-68.35861206054682,-0.0,-2.25,2.25
3.52,11.711338996887207,11.711338996887207,0.18440869450569153,0.18440869450569153,0.004656766541302204,0.004656766541302204,3.768775463104248,-24.288660049438477,0.0,1.5707964,1.5797821283340454,5.1239237785339355,-0.022181259468197823,-0.03797043487429619,5.123971789198012,-0.004328932644264847,5.45386266708374,0.35892537236213684,-0.21342718601226807,0.35892537236213684,-0.21342718601226807,-0.0204915814101696,113.88983154296875,-0.020658856257796288,115.25700378417969,0.008634384721517556,-69.9447631835937,-0.0,-2.25,2.25
3.54,11.813873291015625,11.813873291015625,0.1848529577255249,0.1848529577255249,0.00384636502712965,0.00384636502712965,3.7683310508728027,-24.186126708984375,0.0,1.5707964,1.579025149345398,5.130972862243652,-0.022486228495836258,-0.037671834230422974,5.131022134385388,-0.004382421257215957,5.460310935974121,0.35509899258613586,-0.21307000517845154,0.35509899258613586,-0.21307000517845154,-0.02031889371573925,112.49093627929688,-0.0204915814101696,113.88983154296875,0.008359923958778374,-71.77543640136713,-0.0,-2.25,2.25
3.56,11.916549682617188,11.916549682617188,0.1852150559425354,0.1852150559425354,0.0030464327428489923,0.0030464327428489923,3.7679691314697266,-24.083450317382812,0.0,1.5707964,1.5782743692398071,5.137941837310791,-0.022769277915358543,-0.03735525906085968,5.137992289173406,-0.004431566098358579,5.466647148132324,0.3511580526828766,-0.21253658831119537,0.3511580526828766,-0.21253658831119537,-0.020151695236563683,111.05542755126953,-0.02031889371573925,112.49093627929688,0.008113123476505273,-73.21281433105462,-0.0,-2.25,2.25
3.58,12.019364356994629,12.019364356994629,0.18549580872058868,0.18549580872058868,0.0022560397628694773,0.0022560397628694773,3.767688274383545,-23.980634689331055,0.0,1.5707964,1.577530026435852,5.144827365875244,-0.023036587983369827,-0.037028469145298004,5.144878940173881,-0.0044775912567638085,5.472867488861084,0.3471076190471649,-0.21186156570911407,0.3471076190471649,-0.21186156570911407,-0.019989432767033577,109.59117126464844,-0.020151695236563683,111.05542755126953,0.007901247590780251,-74.31373596191399,-0.0,-2.25,2.25
3.6,12.122316360473633,12.122316360473633,0.18569591641426086,0.18569591641426086,0.0014745197258889675,0.0014745197258889675,3.7674882411956787,-23.877683639526367,0.0,1.5707964,1.5767922401428223,5.151628017425537,-0.02329232543706894,-0.03669685497879982,5.151680673561594,-0.004521321539803558,5.478971004486084,0.3429524898529053,-0.2110709398984909,0.3429524898529053,-0.2110709398984909,-0.019831407815217972,108.10489654541016,-0.019989432767033577,109.59117126464844,0.0077236443758010795,-75.1396179199218,-0.0,-2.25,2.25
3.62,12.225403785705566,12.225403785705566,0.18581607937812805,0.18581607937812805,0.0007014055736362934,0.0007014055736362934,3.7673680782318115,-23.774595260620117,0.0,1.5707964,1.5760611295700073,5.158341884613037,-0.023539166897535324,-0.03636402264237404,5.158395592714019,-0.004563288753198984,5.484959125518799,0.33870208263397217,-0.21018405258655548,0.33870208263397217,-0.21018405258655548,-0.01967693492770195,106.60210418701172,-0.019831407815217972,108.10489654541016,0.0075817108154296806,-75.73585510253899,-0.0,-2.25,2.25
3.64,12.328624725341797,12.328624725341797,0.1858569234609604,0.1858569234609604,-6.362143903970718e-05,-6.362143903970718e-05,3.767327308654785,-23.671375274658203,0.0,1.5707964,1.5753365755081177,5.164967060089111,-0.023778729140758514,-0.03603228181600571,5.165021796639885,-0.00460381661028054,5.4908342361450195,0.33437007665634155,-0.20921540260314941,0.33437007665634155,-0.20921540260314941,-0.019525300711393356,105.08738708496094,-0.01967693492770195,106.60210418701172,0.0074697658419609,-76.15318298339837,-0.0,-2.25,2.25
3.66,12.431978225708008,12.431978225708008,0.18581907451152802,0.18581907451152802,-0.0008207622449845076,-0.0008207622449845076,3.767364978790283,-23.568021774291992,0.0,1.5707964,1.5746186971664429,5.171503067016602,-0.024011842906475067,-0.035703010857105255,5.171558811495997,-0.004643073792065186,5.496596813201904,0.32996922731399536,-0.20817571878433228,0.32996922731399536,-0.20817571878433228,-0.019375905394554138,103.56432342529297,-0.019525300711393356,105.08738708496094,0.007386691868305199,-76.42326354980462,-0.0,-2.25,2.25
3.68,12.53546142578125,12.53546142578125,0.18570317327976227,0.18570317327976227,-0.001570145832374692,-0.001570145832374692,3.7674808502197266,-23.46453857421875,0.0,1.5707964,1.5739073753356934,5.177948951721191,-0.024238839745521545,-0.03537696972489357,5.178005684429363,-0.004681132031760201,5.502250671386719,0.325511634349823,-0.20707309246063232,0.325511634349823,-0.20707309246063232,-0.019228171557188034,102.03585815429688,-0.019375905394554138,103.56432342529297,0.007330719381570809,-76.57661437988274,-0.0,-2.25,2.25
3.7,12.639071464538574,12.639071464538574,0.1855097860097885,0.1855097860097885,-0.0023118387907743454,-0.0023118387907743454,3.767674446105957,-23.36092758178711,0.0,1.5707964,1.5732024908065796,5.184304237365723,-0.024459684267640114,-0.03505444526672363,5.184361937762704,-0.00471799139501986,5.507796764373779,0.32100945711135864,-0.205913707613945,0.32100945711135864,-0.205913707613945,-0.019081557169556618,100.50432586669922,-0.019228171557188034,102.03585815429688,0.007296167314052576,-76.64184570312493,-0.0,-2.25,2.25
3.72,12.742809295654297,12.742809295654297,0.1852395385503769,0.1852395385503769,-0.003045867197215557,-0.003045867197215557,3.767944574356079,-23.257190704345703,0.0,1.5707964,1.5725040435791016,5.190568447113037,-0.02467411197721958,-0.03473542630672455,5.190627092747784,-0.004753607697589633,5.513236999511719,0.31647247076034546,-0.204702228307724,0.31647247076034546,-0.204702228307724,-0.018935633823275566,98.97148895263672,-0.019081557169556618,100.50432586669922,0.00727837905287742,-76.64260864257805,-0.0,-2.25,2.25
3.74,12.846671104431152,12.846671104431152,0.18489304184913635,0.18489304184913635,-0.0037722319830209017,-0.0037722319830209017,3.7682909965515137,-23.153329849243164,0.0,1.5707964,1.5718120336532593,5.19674015045166,-0.02488173358142376,-0.03441973030567169,5.196799716362212,-0.004787913717097007,5.5185747146606445,0.3119123578071594,-0.20344237983226776,0.3119123578071594,-0.20344237983226776,-0.018790066242218018,97.43863677978516,-0.018935633823275566,98.97148895263672,0.007276516407728189,-76.5922546386718,-0.0,-2.25,2.25
3.7600000000000002,12.950654983520508,12.950654983520508,0.18447092175483704,0.18447092175483704,-0.004490918479859829,-0.004490918479859829,3.7687132358551025,-23.049345016479492,0.0,1.5707964,1.5711262226104736,5.202820777893066,-0.02508210577070713,-0.034107089042663574,5.202881236286843,-0.00482082941833283,5.52380895614624,0.30733633041381836,-0.20213724672794342,0.30733633041381836,-0.20213724672794342,-0.018644535914063454,95.90679168701172,-0.018790066242218018,97.43863677978516,0.007285829633474344,-76.50604248046868,-0.0,-2.25,2.25
3.7800000000000002,13.054758071899414,13.054758071899414,0.18397380411624908,0.18397380411624908,-0.005201900843530893,-0.005201900843530893,3.7692103385925293,-22.945241928100586,0.0,1.5707964,1.5704467296600342,5.208808898925781,-0.02527475915849209,-0.033797185868024826,5.208870219057001,-0.00485227261888091,5.528941631317139,0.3027498722076416,-0.2007894515991211,0.3027498722076416,-0.2007894515991211,-0.018498819321393967,94.37667083740234,-0.018644535914063454,95.90679168701172,0.00730426982045173,-76.39465332031243,-0.0,-2.25,2.25
3.8000000000000003,13.158980369567871,13.158980369567871,0.18340234458446503,0.18340234458446503,-0.005905154626816511,-0.005905154626816511,3.7697818279266357,-22.841018676757812,0.0,1.5707964,1.5697734355926514,5.214705467224121,-0.025459254160523415,-0.03348970040678978,5.214767615485809,-0.004882164878134355,5.533973693847656,0.29815688729286194,-0.19940133392810822,0.29815688729286194,-0.19940133392810822,-0.018352733924984932,92.8487777709961,-0.018498819321393967,94.37667083740234,0.007230602204799646,-75.90026855468743,-0.0,-2.25,2.25
3.8200000000000003,13.263320922851562,13.263320922851562,0.1827571988105774,0.1827571988105774,-0.006600653287023306,-0.006600653287023306,3.7704269886016846,-22.736679077148438,0.0,1.5707964,1.5691062211990356,5.2205095291137695,-0.025635190308094025,-0.03318432718515396,5.220572469236473,-0.004910437213622219,5.538906097412109,0.29356226325035095,-0.19797508418560028,0.29356226325035095,-0.19797508418560028,-0.01820812188088894,91.33077239990234,-0.018352733924984932,92.8487777709961,0.006774626672268058,-73.93608093261876,-0.0,-2.25,2.25
3.84,13.367775917053223,13.367775917053223,0.1820390224456787,0.1820390224456787,-0.007288533728569746,-0.007288533728569746,3.7711451053619385,-22.63222312927246,0.0,1.5707964,1.5684449672698975,5.226222515106201,-0.025802981108427048,-0.03288165107369423,5.2262862121430995,-0.0049371742933539825,5.543743133544922,0.2889710068702698,-0.1965162605047226,0.2889710068702698,-0.1965162605047226,-0.01807262934744358,89.85205078125,-0.01820812188088894,91.33077239990234,0.006371922791004175,-72.09815979003899,-0.0,-2.25,2.25
3.86,13.472343444824219,13.472343444824219,0.18124841153621674,0.18124841153621674,-0.007969511672854424,-0.007969511672854424,3.7719357013702393,-22.52765655517578,0.0,1.5707964,1.567789912223816,5.231843948364258,-0.02596590854227543,-0.03258537873625755,5.231908383032154,-0.004963010289555999,5.548498630523682,0.28440287709236145,-0.1950431764125824,0.28440287709236145,-0.1950431764125824,-0.017945190891623497,88.41008758544922,-0.01807262934744358,89.85205078125,0.006023980677127833,-70.3872680664062,-0.0,-2.25,2.25
3.88,13.577022552490234,13.577022552490234,0.18038591742515564,0.18038591742515564,-0.008644125424325466,-0.008644125424325466,3.7727982997894287,-22.422977447509766,0.0,1.5707964,1.5671405792236328,5.237375736236572,-0.026125989854335785,-0.032297682017087936,5.2374408989377095,-0.004988332796424384,5.553178787231445,0.2798845171928406,-0.19356851279735565,0.2798845171928406,-0.19356851279735565,-0.01782471127808094,87.0023422241211,-0.017945190891623497,88.41008758544922,0.005657598376274104,-71.03881835937494,-0.0,-2.25,2.25
3.9,13.681811332702637,13.681811332702637,0.1794520914554596,0.1794520914554596,-0.009312750771641731,-0.009312750771641731,3.7737319469451904,-22.31818962097168,0.0,1.5707964,1.5664969682693481,5.242819786071777,-0.02628426067531109,-0.03201964870095253,5.242885672183303,-0.005013340443036377,5.557788848876953,0.2754373550415039,-0.1921004056930542,0.2754373550415039,-0.1921004056930542,-0.017711559310555458,85.5815658569336,-0.01782471127808094,87.0023422241211,0.005340762436389919,-72.05009460449212,-0.0,-2.25,2.25
3.92,13.786706924438477,13.786706924438477,0.1784474104642868,0.1784474104642868,-0.009975754655897617,-0.009975754655897617,3.7747366428375244,-22.213293075561523,0.0,1.5707964,1.5658587217330933,5.248177528381348,-0.02644159086048603,-0.03175227344036102,5.2482441375315405,-0.005038199830471366,5.562312126159668,0.27105721831321716,-0.19064606726169586,0.27105721831321716,-0.19064606726169586,-0.01760474406182766,84.14056396484375,-0.017711559310555458,85.5815658569336,0.005089771002531047,-72.82714843749993,-0.0,-2.25,2.25
3.94,13.891708374023438,13.891708374023438,0.1773722916841507,0.1773722916841507,-0.010633403435349464,-0.010633403435349464,3.7758119106292725,-22.108291625976562,0.0,1.5707964,1.5652259588241577,5.253449440002441,-0.026598216965794563,-0.03149592876434326,5.253516772963395,-0.005062957205620835,5.56673526763916,0.26671430468559265,-0.1892097443342209,0.26671430468559265,-0.1892097443342209,-0.01750294864177704,82.68402099609375,-0.01760474406182766,84.14056396484375,0.004904810339212413,-73.39286804199212,-0.0,-2.25,2.25
3.96,13.996814727783203,13.996814727783203,0.17622721195220947,0.17622721195220947,-0.01128586009144783,-0.01128586009144783,3.7769570350646973,-22.003185272216797,0.0,1.5707964,1.5645980834960938,5.258634567260742,-0.026753844693303108,-0.03125037997961044,5.25870262328984,-0.005087559046966532,5.571053504943848,0.26237672567367554,-0.1877930909395218,0.26237672567367554,-0.1877930909395218,-0.01740485243499279,81.2161636352539,-0.01750294864177704,82.68402099609375,0.0047758221626281695,-73.79417419433587,-0.0,-2.25,2.25
3.98,14.102022171020508,14.102022171020508,0.17501257359981537,0.17501257359981537,-0.011933215893805027,-0.011933215893805027,3.7781715393066406,-21.897977828979492,0.0,1.5707964,1.5639750957489014,5.263732433319092,-0.026907827705144882,-0.031014885753393173,5.263801208325324,-0.005111884706560799,5.5752668380737305,0.2580268383026123,-0.18639594316482544,0.2580268383026123,-0.18639594316482544,-0.017309335991740227,79.74028015136719,-0.01740485243499279,81.2161636352539,0.0047008506953716235,-74.05357360839837,-0.0,-2.25,2.25
4.0,14.207330703735352,14.207330703735352,0.173728808760643,0.173728808760643,-0.012575510889291763,-0.012575510889291763,3.7794554233551025,-21.79266929626465,0.0,1.5707964,1.563356637954712,5.268742561340332,-0.027059340849518776,-0.030788417905569077,5.268812046904529,-0.005135780051162103,5.57937479019165,0.25365543365478516,-0.18501697480678558,0.25365543365478516,-0.18501697480678558,-0.017215318977832794,78.25920867919922,-0.017309335991740227,79.74028015136719,0.002155173569917629,-75.07820129394358,-0.0,-2.25,2.25
4.0200000000000005,14.312737464904785,14.312737464904785,0.1723763346672058,0.1723763346672058,-0.013212724588811398,-0.013212724588811398,3.7808077335357666,-21.68726348876953,0.0,1.5707964,1.5627427101135254,5.2736639976501465,-0.027207408100366592,-0.03056977316737175,5.27373418017697,-0.005159063362498666,5.583378791809082,0.2492595911026001,-0.1836538463830948,0.2492595911026001,-0.1836538463830948,-0.01717221550643444,76.75764465332031,-0.017215318977832794,78.25920867919922,-0.00013550743460655502,-75.28114318847817,-0.0,-2.25,2.25
4.04,14.418242454528809,14.418242454528809,0.17095543444156647,0.17095543444156647,-0.013848693110048771,-0.013848693110048771,3.782228708267212,-21.581756591796875,0.0,1.5707964,1.5621329545974731,5.278496265411377,-0.02737049199640751,-0.03037955053150654,5.278567226794974,-0.005185235589702528,5.587272644042969,0.24483349919319153,-0.18239179253578186,0.24483349919319153,-0.18239179253578186,-0.01717492565512657,75.25202178955078,-0.01717221550643444,76.75764465332031,-0.002119503915309857,-74.77836608886545,-0.0,-2.25,2.25
4.0600000000000005,14.523842811584473,14.523842811584473,0.16946598887443542,0.16946598887443542,-0.014486292377114296,-0.014486292377114296,3.7837181091308594,-21.47615623474121,0.0,1.5707964,1.5615265369415283,5.283238887786865,-0.027560213580727577,-0.03023049235343933,5.283310771741145,-0.005216490145200751,5.5910563468933105,0.2403765320777893,-0.18128709495067596,0.2403765320777893,-0.18128709495067596,-0.01721731573343277,73.75645446777344,-0.01717492565512657,75.25202178955078,-0.0038030557334423876,-73.71177673340001,-0.0,-2.25,2.25
4.08,14.629533767700195,14.629533767700195,0.16790767014026642,0.16790767014026642,-0.01512757409363985,-0.01512757409363985,3.785276412963867,-21.370466232299805,0.0,1.5707964,1.5609228610992432,5.2878923416137695,-0.027782859280705452,-0.03012913651764393,5.287965327398371,-0.00525400326650949,5.5947370529174805,0.23589979112148285,-0.1803729087114334,0.23589979112148285,-0.1803729087114334,-0.017293376848101616,72.28221893310547,-0.01721731573343277,73.75645446777344,-0.005194079130888096,-72.19734191894685,-0.0,-2.25,2.25
4.1,14.73531723022461,14.73531723022461,0.16627992689609528,0.16627992689609528,-0.015773961320519447,-0.015773961320519447,3.7869040966033936,-21.26468276977539,0.0,1.5707964,1.5603206157684326,5.292455673217773,-0.028040872886776924,-0.03007756918668747,5.292529956790727,-0.005298223024932168,5.598321914672852,0.23142606019973755,-0.17966514825820923,0.23142606019973755,-0.17966514825820923,-0.017397258430719376,70.83827209472656,-0.017293376848101616,72.28221893310547,-0.006312411278486106,-70.35636901855307,-0.0,-2.25,2.25
4.12,14.841190338134766,14.841190338134766,0.16458207368850708,0.16458207368850708,-0.01642635464668274,-0.01642635464668274,3.788602113723755,-21.158809661865234,0.0,1.5707964,1.5597190856933594,5.296931266784668,-0.028333934023976326,-0.0300747100263834,5.297007047084071,-0.005349071445502657,5.601818561553955,0.22697928547859192,-0.17916689813137054,0.22697928547859192,-0.17916689813137054,-0.0175235066562891,69.43114471435547,-0.017397258430719376,70.83827209472656,-0.007172022014856491,-68.2754516601577,-0.0,-2.25,2.25
4.14,14.947151184082031,14.947151184082031,0.16281338036060333,0.16281338036060333,-0.017085283994674683,-0.017085283994674683,3.7903707027435303,-21.05284881591797,0.0,1.5707964,1.5591171979904175,5.3013200759887695,-0.028659874573349953,-0.030117347836494446,5.301397545599852,-0.0054061243154124704,5.605236530303955,0.22258183360099792,-0.17887209355831146,0.22258183360099792,-0.17887209355831146,-0.017666947096586227,68.06563568115234,-0.0175235066562891,69.43114471435547,-0.007794797420501529,-66.04232788085785,-0.0,-2.25,2.25
4.16,15.053197860717773,15.053197860717773,0.16097305715084076,0.16097305715084076,-0.017750954255461693,-0.017750954255461693,3.7922110557556152,-20.946802139282227,0.0,1.5707964,1.55851411819458,5.305623531341553,-0.029015252366662025,-0.03020084649324417,5.305702869667233,-0.005468718792946069,5.608583450317383,0.21825861930847168,-0.1787680834531784,0.21825861930847168,-0.1787680834531784,-0.01782284304499626,66.74478912353516,-0.017666947096586227,68.06563568115234,-0.00820066779851931,-63.724899291993545,-0.0,-2.25,2.25
4.18,15.15932846069336,15.15932846069336,0.1590603142976761,0.1590603142976761,-0.018423330038785934,-0.018423330038785934,3.794123888015747,-20.84067153930664,0.0,1.5707964,1.5579091310501099,5.309844493865967,-0.029395848512649536,-0.030319731682538986,5.309925862471952,-0.005536046910566723,5.611865043640137,0.2140272557735443,-0.17883774638175964,0.2140272557735443,-0.17883774638175964,-0.017986856400966644,65.47029113769531,-0.01782284304499626,66.74478912353516,-0.0084100291132925,-61.38343811035015,-0.0,-2.25,2.25
4.2,15.265542030334473,15.265542030334473,0.15707437694072723,0.15707437694072723,-0.019102180376648903,-0.019102180376648903,3.796109676361084,-20.734458923339844,0.0,1.5707964,1.55730140209198,5.3139848709106445,-0.029797032475471497,-0.03046809509396553,5.314068410494126,-0.005607227140433268,5.615088939666748,0.20990192890167236,-0.17906109988689423,0.20990192890167236,-0.17906109988689423,-0.018155056983232498,64.24262237548828,-0.017986856400966644,65.47029113769531,-0.008442997932434262,-59.0642929077161,-0.0,-2.25,2.25
4.22,15.371835708618164,15.371835708618164,0.15501447021961212,0.15501447021961212,-0.019787143915891647,-0.019787143915891647,3.7981696128845215,-20.628164291381836,0.0,1.5707964,1.5566905736923218,5.318047523498535,-0.030214011669158936,-0.030639896169304848,5.3181333519093,-0.005681349490585014,5.618260383605957,0.20589472353458405,-0.17941643297672272,0.20589472353458405,-0.17941643297672272,-0.01832391694188118,63.061336517333984,-0.018155056983232498,64.24262237548828,-0.008320156484842108,-56.80961608886587,-0.0,-2.25,2.25
4.24,15.478209495544434,15.478209495544434,0.15287989377975464,0.15287989377975464,-0.02047772891819477,-0.02047772891819477,3.8003041744232178,-20.52178955078125,0.0,1.5707964,1.5560760498046875,5.322035312652588,-0.03064200095832348,-0.03082917630672455,5.322123523683367,-0.005757508279179673,5.621383190155029,0.2020111083984375,-0.17988131940364838,0.2020111083984375,-0.17988131940364838,-0.018490320071578026,61.92514419555664,-0.01832391694188118,63.061336517333984,-0.00969283282756826,-57.24925994873169,-0.0,-2.25,2.25
4.26,15.584660530090332,15.584660530090332,0.15067000687122345,0.15067000687122345,-0.021173367276787758,-0.021173367276787758,3.80251407623291,-20.41533851623535,0.0,1.5707964,1.5554578304290771,5.325950622558594,-0.03107638843357563,-0.031030211597681046,5.326041285593865,-0.005834833622564785,5.624462127685547,0.1982555091381073,-0.18043330311775208,0.1982555091381073,-0.18043330311775208,-0.018684176728129387,60.78015899658203,-0.018490320071578026,61.92514419555664,-0.01120511442422841,-57.75279998779163,-0.0,-2.25,2.25
4.28,15.691187858581543,15.691187858581543,0.14838407933712006,0.14838407933712006,-0.021875916048884392,-0.021875916048884392,3.804800033569336,-20.308813095092773,0.0,1.5707964,1.5548354387283325,5.3297953605651855,-0.03152545168995857,-0.0312519446015358,5.329888595421712,-0.005914877009153512,5.62747859954834,0.19460830092430115,-0.18110758066177368,0.19460830092430115,-0.18110758066177368,-0.01890827901661396,59.62510299682617,-0.018684176728129387,60.78015899658203,-0.012376159429550435,-57.531166076661385,-0.0,-2.25,2.25
4.3,15.797789573669434,15.797789573669434,0.1460212618112564,0.1460212618112564,-0.022587217390537262,-0.022587217390537262,3.8071627616882324,-20.20220947265625,0.0,1.5707964,1.5542081594467163,5.33357048034668,-0.031996410340070724,-0.031502142548561096,5.333666453678948,-0.005998988225543749,5.6304192543029785,0.19103191792964935,-0.1819356381893158,0.19103191792964935,-0.1819356381893158,-0.019155802205204964,58.47447967529297,-0.01890827901661396,59.62510299682617,-0.013221520930528335,-56.7300796508776,-0.0,-2.25,2.25
4.32,15.904462814331055,15.904462814331055,0.14358048141002655,0.14358048141002655,-0.02330836094915867,-0.02330836094915867,3.809603691101074,-20.095537185668945,0.0,1.5707964,1.5535756349563599,5.337276458740234,-0.03249203786253929,-0.031783491373062134,5.337375359626411,-0.00608768099783973,5.633284091949463,0.18749785423278809,-0.18292975425720215,0.18749785423278809,-0.18292975425720215,-0.019420232623815536,57.33987808227539,-0.019155802205204964,58.47447967529297,-0.013765040785074527,-55.48763275146602,-0.0,-2.25,2.25
4.34,16.011207580566406,16.011207580566406,0.14106057584285736,0.14106057584285736,-0.02403990551829338,-0.02403990551829338,3.8121235370635986,-19.988792419433594,0.0,1.5707964,1.552937388420105,5.34091329574585,-0.033012013882398605,-0.032095059752464294,5.341015317871253,-0.006180889234304365,5.636078357696533,0.18399646878242493,-0.18408839404582977,0.18399646878242493,-0.18408839404582977,-0.01969553343951702,56.230125427246094,-0.019420232623815536,57.33987808227539,-0.01402916386723486,-53.91845703124876,-0.0,-2.25,2.25
4.36,16.118026733398438,16.118026733398438,0.13846036791801453,0.13846036791801453,-0.0247819647192955,-0.0247819647192955,3.8147237300872803,-19.881973266601562,0.0,1.5707964,1.5522925853729248,5.344481945037842,-0.033553916960954666,-0.03243346884846687,5.3445872736984,-0.006278153141875609,5.638807773590088,0.18053367733955383,-0.18540018796920776,0.18053367733955383,-0.18540018796920776,-0.019976116716861725,55.151756286621094,-0.01969553343951702,56.230125427246094,-0.014573801308870626,-52.11200714111439,-0.0,-2.25,2.25
4.38,16.224912643432617,16.224912643432617,0.13577868044376373,0.13577868044376373,-0.025534313172101974,-0.025534313172101974,3.8174054622650146,-19.775087356567383,0.0,1.5707964,1.5516408681869507,5.3479838371276855,-0.03411392495036125,-0.03279377892613411,5.348092639629056,-0.00637875193845371,5.641480922698975,0.1771210879087448,-0.18684694170951843,0.1771210879087448,-0.18684694170951843,-0.02026759274303913,54.10951614379883,-0.019976116716861725,55.151756286621094,-0.014803931117057459,-50.217247009276186,-0.0,-2.25,2.25
4.4,16.331867218017578,16.331867218017578,0.13301430642604828,0.13301430642604828,-0.02629728429019451,-0.02629728429019451,3.8201699256896973,-19.668132781982422,0.0,1.5707964,1.5509816408157349,5.351420879364014,-0.03469153121113777,-0.0331747904419899,5.3515333251724115,-0.006482585846595498,5.64410400390625,0.17377187311649323,-0.1884247064590454,0.17377187311649323,-0.1884247064590454,-0.020563671365380287,53.10517120361328,-0.02026759274303913,54.10951614379883,-0.01434395089745552,-48.4113693237315,-0.0,-2.25,2.25
4.42,16.438886642456055,16.438886642456055,0.13016606867313385,0.13016606867313385,-0.02707074210047722,-0.02707074210047722,3.8230180740356445,-19.561113357543945,0.0,1.5707964,1.5503147840499878,5.354794025421143,-0.035284027457237244,-0.03357282280921936,5.354910271636638,-0.006589145473748078,5.646683692932129,0.1705019623041153,-0.1901194006204605,0.1705019623041153,-0.1901194006204605,-0.02085055038332939,52.13694381713867,-0.020563671365380287,53.10517120361328,-0.013680011034011525,-46.583175659178615,-0.0,-2.25,2.25
4.44,16.545970916748047,16.545970916748047,0.12723281979560852,0.12723281979560852,-0.0278535895049572,-0.0278535895049572,3.825951337814331,-19.454029083251953,0.0,1.5707964,1.5496398210525513,5.35810661315918,-0.03588411584496498,-0.03397911414504051,5.35822677270663,-0.006697063339471085,5.649223327636719,0.1673232465982437,-0.19189570844173431,0.1673232465982437,-0.19189570844173431,-0.02112415060400963,51.20528030395508,-0.02085055038332939,52.13694381713867,-0.012841448187828338,-44.79198455810642,-0.0,-2.25,2.25
4.46,16.653120040893555,16.653120040893555,0.12421352416276932,0.12421352416276932,-0.02864464744925499,-0.02864464744925499,3.8289706707000732,-19.346879959106445,0.0,1.5707964,1.5489567518234253,5.361359596252441,-0.03648492321372032,-0.03438549116253853,5.361483737730635,-0.006805057442219938,5.651727199554443,0.16424165666103363,-0.193719282746315,0.16424165666103363,-0.193719282746315,-0.02138097956776619,50.30944061279297,-0.02112415060400963,51.20528030395508,-0.011854898184537613,-43.08414459228416,-0.0,-2.25,2.25
4.48,16.760330200195312,16.760330200195312,0.12110729515552521,0.12110729515552521,-0.029442647472023964,-0.029442647472023964,3.8320767879486084,-19.239669799804688,0.0,1.5707964,1.5482656955718994,5.364555358886719,-0.03708009421825409,-0.03478442132472992,5.364683507155613,-0.00691194353226328,5.654199600219727,0.16126054525375366,-0.19555731117725372,0.16126054525375366,-0.19555731117725372,-0.021618077531456947,49.447757720947266,-0.02138097956776619,50.30944061279297,-0.011580809950828799,-46.76170349121193,-0.0,-2.25,2.25
4.5,16.86760139465332,16.86760139465332,0.1179133877158165,0.1179133877158165,-0.03024633228778839,-0.03024633228778839,3.835270643234253,-19.13239860534668,0.0,1.5707964,1.5475666522979736,5.367696762084961,-0.037663839757442474,-0.03516911715269089,5.367828899520052,-0.007016644814281157,5.656642913818359,0.15838299691677094,-0.19737890362739563,0.15838299691677094,-0.19737890362739563,-0.02184969373047352,48.51252365112305,-0.021618077531456947,49.447757720947266,-0.011342857033014036,-51.20792388915898,-0.0,-2.25,2.25
4.5200000000000005,16.974931716918945,16.974931716918945,0.11463111639022827,0.11463111639022827,-0.03105565346777439,-0.03105565346777439,3.838552951812744,-19.025068283081055,0.0,1.5707964,1.5468600988388062,5.370783805847168,-0.03823738545179367,-0.03554099053144455,5.370919919976128,-0.007119396497970324,5.659014701843262,0.15556363761425018,-0.19918449223041534,0.15556363761425018,-0.19918449223041534,-0.022076550871133804,47.488365173339844,-0.02184969373047352,48.51252365112305,-0.010895449668169254,-54.79984283447382,-0.0,-2.25,2.25
4.54,17.082321166992188,17.082321166992188,0.111259825527668,0.111259825527668,-0.03187057748436928,-0.03187057748436928,3.8419241905212402,-18.917678833007812,0.0,1.5707964,1.5461461544036865,5.373814105987549,-0.03880186006426811,-0.03590153902769089,5.373954189426554,-0.007220418308528687,5.66128396987915,0.15272103250026703,-0.20097468793392181,0.15272103250026703,-0.20097468793392181,-0.022294459864497185,46.39236831665039,-0.022076550871133804,47.488365173339844,-0.010258890688419104,-57.665061950682265,-0.0,-2.25,2.25
4.5600000000000005,17.189767837524414,17.189767837524414,0.10779886692762375,0.10779886692762375,-0.03269073739647865,-0.03269073739647865,3.8453853130340576,-18.810232162475586,0.0,1.5707964,1.5454251766204834,5.376784324645996,-0.03935650363564491,-0.03625011071562767,5.37692836181935,-0.007319579584927461,5.6634392738342285,0.14978136122226715,-0.20274220407009125,0.14978136122226715,-0.20274220407009125,-0.02249963767826557,45.23906707763672,-0.022294459864497185,46.39236831665039,-0.009455904364586078,-59.924125671388,-0.0,-2.25,2.25
4.58,17.297271728515625,17.297271728515625,0.10424764454364777,0.10424764454364777,-0.033515557646751404,-0.033515557646751404,3.8489365577697754,-18.702728271484375,0.0,1.5707964,1.5446972846984863,5.379691123962402,-0.03989936411380768,-0.03658457100391388,5.379839082026203,-0.007416528502902744,5.6654767990112305,0.14670328795909882,-0.20447464287281036,0.14670328795909882,-0.20447464287281036,-0.02268875576555729,44.040584564208984,-0.02249963767826557,45.23906707763672,-0.008508004248142046,-61.68651580810405,-0.0,-2.25,2.25
4.6000000000000005,17.404829025268555,17.404829025268555,0.10060562938451767,0.10060562938451767,-0.034344229847192764,-0.034344229847192764,3.8525784015655518,-18.595170974731445,0.0,1.5707964,1.5439629554748535,5.38253116607666,-0.0404277928173542,-0.03690187633037567,5.382682989013811,-0.007510784678145433,5.667399883270264,0.1434706747531891,-0.2061564028263092,0.1434706747531891,-0.2061564028263092,-0.022858915850520134,42.806854248046875,-0.02268875576555729,44.040584564208984,-0.007435586303472678,-63.045692443849,-0.0,-2.25,2.25
4.62,17.512441635131836,17.512441635131836,0.09687241166830063,0.09687241166830063,-0.035175807774066925,-0.035175807774066925,3.856311798095703,-18.487558364868164,0.0,1.5707964,1.5432223081588745,5.385301113128662,-0.04093873128294945,-0.037198491394519806,5.385456717752345,-0.007601792702209183,5.669212818145752,0.1400875747203827,-0.20777000486850739,0.1400875747203827,-0.20777000486850739,-0.023007627576589584,41.54594039916992,-0.022858915850520134,42.806854248046875,-0.006261654198169842,-64.0926361083998,-0.0,-2.25,2.25
4.64,17.620101928710938,17.620101928710938,0.09304769337177277,0.09304769337177277,-0.0360092930495739,-0.0360092930495739,3.8601365089416504,-18.379898071289062,0.0,1.5707964,1.5424760580062866,5.387999534606934,-0.04142898693680763,-0.03747069090604782,5.388158808524777,-0.0076889706906115496,5.6709208488464355,0.13656961917877197,-0.20929712057113647,0.13656961917877197,-0.20929712057113647,-0.02313286066055298,40.26408767700195,-0.023007627576589584,41.54594039916992,-0.005009118467569236,-64.90573883056491,-0.0,-2.25,2.25
4.66,17.72781753540039,17.72781753540039,0.08913126587867737,0.08913126587867737,-0.036843571811914444,-0.036843571811914444,3.8640527725219727,-18.27218246459961,0.0,1.5707964,1.5417245626449585,5.390623569488525,-0.04189537093043327,-0.03771483153104782,5.390786370283153,-0.007771740484976902,5.672529220581055,0.13293558359146118,-0.21071937680244446,0.13293558359146118,-0.21071937680244446,-0.023233043029904366,38.965972900390625,-0.02313286066055298,40.26408767700195,-0.003693345934152682,-65.53897857666155,-0.0,-2.25,2.25
4.68,17.835582733154297,17.835582733154297,0.08512306213378906,0.08512306213378906,-0.03767750784754753,-0.03767750784754753,3.868061065673828,-18.164417266845703,0.0,1.5707964,1.540968418121338,5.393171787261963,-0.042334891855716705,-0.037927523255348206,5.393337943239495,-0.007849559410621078,5.674041271209717,0.12920470535755157,-0.21201905608177185,0.12920470535755157,-0.21201905608177185,-0.023306909948587418,37.65519332885742,-0.023233043029904366,38.965972900390625,-0.002336408942937797,-66.05415344238129,-0.0,-2.25,2.25
4.7,17.94339370727539,17.94339370727539,0.08102315664291382,0.08102315664291382,-0.03850996494293213,-0.03850996494293213,3.8721609115600586,-18.05660629272461,0.0,1.5707964,1.540208339691162,5.395642280578613,-0.04274478927254677,-0.03810570761561394,5.395811592057077,-0.007921929006486457,5.6754608154296875,0.12539459764957428,-0.21317948400974274,0.12539459764957428,-0.21317948400974274,-0.023353638127446175,36.334110260009766,-0.023306909948587418,37.65519332885742,-0.0009525567293167317,-66.4878845214858,-0.0,-2.25,2.25
4.72,18.051244735717773,18.051244735717773,0.07683173567056656,0.07683173567056656,-0.03933978080749512,-0.03933978080749512,3.876352310180664,-17.948755264282227,0.0,1.5707964,1.5394450426101685,5.398034572601318,-0.04312262684106827,-0.038246773183345795,5.39820681411381,-0.007988409294458687,5.676790714263916,0.12152170389890671,-0.2141854614019394,0.12152170389890671,-0.2141854614019394,-0.02337268926203251,35.00435256958008,-0.023353638127446175,36.334110260009766,0.00043967738747595727,-66.88518524169767,-0.0,-2.25,2.25
4.74,18.159143447875977,18.159143447875977,0.07254911959171295,0.07254911959171295,-0.04016581550240517,-0.04016581550240517,3.8806350231170654,-17.840856552124023,0.0,1.5707964,1.5386792421340942,5.400347709655762,-0.04346632957458496,-0.03834856301546097,5.4005226327635105,-0.008048628221446117,5.678032875061035,0.11759849637746811,-0.2150234580039978,0.11759849637746811,-0.2150234580039978,-0.02336389571428299,33.666648864746094,-0.02337268926203251,35.00435256958008,0.001828651875257531,-67.26531982422019,-0.0,-2.25,2.25
4.76,18.26708221435547,18.26708221435547,0.06817574799060822,0.06817574799060822,-0.04098697379231453,-0.04098697379231453,3.8850083351135254,-17.73291778564453,0.0,1.5707964,1.5379116535186768,5.402581691741943,-0.04377419874072075,-0.03840944543480873,5.402759028165205,-0.008102282085284225,5.679187774658203,0.1136324554681778,-0.215681791305542,0.1136324554681778,-0.215681791305542,-0.02332732267677784,32.32134246826172,-0.02336389571428299,33.666648864746094,0.0031983479857444026,-67.6604270935043,-0.0,-2.25,2.25
4.78,18.375062942504883,18.375062942504883,0.06371218711137772,0.06371218711137772,-0.041802193969488144,-0.041802193969488144,3.889472007751465,-17.62493896484375,0.0,1.5707964,1.537143349647522,5.404735565185547,-0.04404490813612938,-0.03842823952436447,5.404915030184494,-0.008149137476947153,5.680258274078369,0.10963065922260284,-0.21615074574947357,0.10963065922260284,-0.21615074574947357,-0.02326335571706295,30.9681339263916,-0.02332732267677784,32.32134246826172,0.00369204208254822,-72.36633300781405,-0.0,-2.25,2.25
4.8,18.483081817626953,18.483081817626953,0.05915912240743637,0.05915912240743637,-0.04261046275496483,-0.04261046275496483,3.8940250873565674,-17.516918182373047,0.0,1.5707964,1.5363750457763672,5.406808376312256,-0.04427751898765564,-0.03840427100658417,5.406989672345239,-0.008189032447190806,5.681242942810059,0.10559887439012527,-0.21642260253429413,0.10559887439012527,-0.21642260253429413,-0.023189514875411987,29.52080726623535,-0.02326335571706295,30.9681339263916,0.003815069794654758,-78.54766845702943,-0.0,-2.25,2.25
4.82,18.59113883972168,18.59113883972168,0.054517295211553574,0.054517295211553574,-0.04341210052371025,-0.04341210052371025,3.8986668586730957,-17.40886116027832,0.0,1.5707964,1.5356073379516602,5.408798694610596,-0.04447801783680916,-0.0383448526263237,5.4089815689177545,-0.008223085720467647,5.682106018066406,0.1015055701136589,-0.21652136743068695,0.1015055701136589,-0.21652136743068695,-0.02311321347951889,27.949853897094727,-0.023189514875411987,29.52080726623535,0.0040096230804921055,-83.89663696289242,-0.0,-2.25,2.25
4.84,18.69923210144043,18.69923210144043,0.04978739842772484,0.04978739842772484,-0.04420780763030052,-0.04420780763030052,3.9033968448638916,-17.30076789855957,0.0,1.5707964,1.5348411798477173,5.410701751708984,-0.0446535088121891,-0.038258735090494156,5.410886007096797,-0.008252625469902969,5.682810306549072,0.09728089720010757,-0.2164774239063263,0.09728089720010757,-0.2164774239063263,-0.02303302101790905,26.271921157836914,-0.02311321347951889,27.949853897094727,0.00428035855293264,-88.25378417968547,-0.0,-2.25,2.25
4.86,18.807355880737305,18.807355880737305,0.0449700728058815,0.0449700728058815,-0.04499798268079758,-0.04499798268079758,3.9082140922546387,-17.192646026611328,0.0,1.5707964,1.5340769290924072,5.41251277923584,-0.04480857774615288,-0.03815178573131561,5.412698254478159,-0.008278512390737255,5.683340549468994,0.0928555428981781,-0.21631120145320892,0.0928555428981781,-0.21631120145320892,-0.022947413846850395,24.506845474243164,-0.02303302101790905,26.271921157836914,0.004625972360372642,-91.66383743286328,-0.0,-2.25,2.25
4.88,18.915512084960938,18.915512084960938,0.040065947920084,0.040065947920084,-0.04578272998332977,-0.04578272998332977,3.9131181240081787,-17.084487915039062,0.0,1.5707964,1.5333149433135986,5.414226055145264,-0.044946007430553436,-0.038027625530958176,5.414412610782244,-0.00830127418784649,5.683692455291748,0.08819069713354111,-0.216035857796669,0.08819069713354111,-0.216035857796669,-0.022854894399642944,22.673568725585938,-0.022947413846850395,24.506845474243164,0.0038649886846541465,-93.04008483886504,-0.0,-2.25,2.25
4.9,19.023698806762695,19.023698806762695,0.03507564589381218,0.03507564589381218,-0.04656203091144562,-0.04656203091144562,3.9181084632873535,-16.976301193237305,0.0,1.5707964,1.5325554609298706,5.415836811065674,-0.04506723955273628,-0.03788822144269943,5.416024318646927,-0.008321188568907642,5.6838698387146,0.08327862620353699,-0.21565905213356018,0.08327862620353699,-0.21565905213356018,-0.02277759462594986,20.812767028808594,-0.022854894399642944,22.673568725585938,0.0014948658645153364,-95.31202316284383,-0.0,-2.25,2.25
4.92,19.131912231445312,19.131912231445312,0.029999729245901108,0.029999729245901108,-0.04733746871352196,-0.04733746871352196,3.923184394836426,-16.868087768554688,0.0,1.5707964,1.531799077987671,5.41733980178833,-0.04518203064799309,-0.037744682282209396,5.41752821348754,-0.008340068137628455,5.683887481689453,0.07813917845487595,-0.21522623300552368,0.07813917845487595,-0.21522623300552368,-0.022747697308659554,18.906526565551758,-0.02277759462594986,20.812767028808594,-0.0004954636096954231,-96.62218093871847,-0.0,-2.25,2.25
4.94,19.24015235900879,19.24015235900879,0.024838512763381004,0.024838512763381004,-0.04811280220746994,-0.04811280220746994,3.9283456802368164,-16.75984764099121,0.0,1.5707964,1.5310451984405518,5.4187331199646,-0.0453101210296154,-0.037619221955537796,5.418922552728448,-0.008361560545378134,5.683745384216309,0.07280319929122925,-0.2148292362689972,0.07280319929122925,-0.2148292362689972,-0.022757606580853462,16.974082946777344,-0.022747697308659554,18.906526565551758,-0.0021204352378845666,-97.13244438171594,-0.0,-2.25,2.25
4.96,19.34841537475586,19.34841537475586,0.019591955468058586,0.019591955468058586,-0.0488906130194664,-0.0488906130194664,3.9335920810699463,-16.651586532592773,0.0,1.5707964,1.530293583869934,5.420012950897217,-0.045462992042303085,-0.03752460330724716,5.420203619010913,-0.008387789155879538,5.683447360992432,0.06730394810438156,-0.2145249843597412,0.06730394810438156,-0.2145249843597412,-0.022800015285611153,15.031434059143066,-0.022757606580853462,16.974082946777344,-0.003399141132831495,-96.9877719879128,-0.0,-2.25,2.25
4.98,19.456697463989258,19.456697463989258,0.014259787276387215,0.014259787276387215,-0.04967261478304863,-0.04967261478304863,3.9389243125915527,-16.543302536010742,0.0,1.5707964,1.5295435190200806,5.421177864074707,-0.04564623534679413,-0.0374668650329113,5.421370030973254,-0.008419785851545207,5.683001518249512,0.06167980283498764,-0.214344784617424,0.06167980283498764,-0.214344784617424,-0.022867998108267784,13.091678619384766,-0.022800015285611153,15.031434059143066,-0.004351977258920762,-96.30923271179404,-0.0,-2.25,2.25
5.0,19.56499671936035,19.56499671936035,0.008841588161885738,0.008841588161885738,-0.05045982077717781,-0.05045982077717781,3.944342613220215,-16.43500328063965,0.0,1.5707964,1.528794288635254,5.422227382659912,-0.04586127772927284,-0.03744727745652199,5.422421326866986,-0.0084578128011939,5.6824164390563965,0.05596689507365227,-0.2143012285232544,0.05596689507365227,-0.2143012285232544,-0.022955037653446198,11.165493965148926,-0.022867998108267784,13.091678619384766,-0.005006790161132697,-95.21493911742944,-0.0,-2.25,2.25
5.0200000000000005,19.673311233520508,19.673311233520508,0.0033368614967912436,0.0033368614967912436,-0.05125271901488304,-0.05125271901488304,3.9498472213745117,-16.326690673828125,0.0,1.5707964,1.5280452966690063,5.423160552978516,-0.04610668867826462,-0.037463847547769547,5.423356544624658,-0.008501606655370933,5.681702136993408,0.05020444840192795,-0.21439337730407715,0.05020444840192795,-0.21439337730407715,-0.023055173456668854,9.261195182800293,-0.022955037653446198,11.165493965148926,-0.005276128649711722,-92.65246391296584,-0.0,-2.25,2.25
5.04,19.781641006469727,19.781641006469727,-0.002254921942949295,-0.002254921942949295,-0.0520513616502285,-0.0520513616502285,3.9554390907287598,-16.218358993530273,0.0,1.5707964,1.5272955894470215,5.423978328704834,-0.04637913033366203,-0.03751242905855179,5.424176613458506,-0.008550550394669664,5.6808671951293945,0.04442581906914711,-0.21461088955402374,0.04442581906914711,-0.21461088955402374,-0.023160696029663086,7.408145904541016,-0.023055173456668854,9.261195182800293,-0.005296245217323181,-89.83509540557654,-0.0,-2.25,2.25
5.0600000000000005,19.889982223510742,19.889982223510742,-0.007934268563985825,-0.007934268563985825,-0.05285535380244255,-0.05285535380244255,3.961118459701538,-16.110015869140625,0.0,1.5707964,1.5265446901321411,5.424681186676025,-0.04667320474982262,-0.037586525082588196,5.424881967851322,-0.008603649046147325,5.679930686950684,0.038670994341373444,-0.21493303775787354,0.038670994341373444,-0.21493303775787354,-0.023266620934009552,5.611443996429443,-0.023160696029663086,7.408145904541016,-0.0051104463636876245,-87.00246810913272,-0.0,-2.25,2.25
5.08,19.99833106994629,19.99833106994629,-0.01370162982493639,-0.01370162982493639,-0.053664062172174454,-0.053664062172174454,3.966885805130005,-16.001667022705078,0.0,1.5707922,1.5257879495620728,5.425271987915039,-0.04698305204510689,-0.03767913952469826,5.425475421567687,-0.008659819763024717,5.678906440734863,0.032981738448143005,-0.21533577144145966,0.032981738448143005,-0.21533577144145966,-0.023368829861283302,3.871394634246826,-0.023266620934009552,5.611443996429443,-0.006937142461538154,-88.81897926330362,-0.0,-2.25,2.25
5.1000000000000005,20.106691360473633,20.106691360473633,-0.019553333520889282,-0.019553333520889282,-0.05428702384233475,-0.05428702384233475,3.9727470874786377,-15.89331340789795,0.0,1.5705488,1.5249797105789185,5.425753593444824,-0.04730277881026268,-0.037783294916152954,5.425959786955907,-0.008717974306052914,5.677804946899414,0.027393167838454247,-0.2157936990261078,0.027393167838454247,-0.2157936990261078,-0.02350757271051407,2.095015048980713,-0.023368829861283302,3.871394634246826,-0.01406017690897018,-101.7148872837446,-0.004445473,-2.25,2.25
5.12,20.215068817138672,20.215068817138672,-0.02545222081243992,-0.02545222081243992,-0.05442849546670914,-0.05442849546670914,3.978708267211914,-15.784955978393555,0.0,1.5698198,1.5241715908050537,5.426126956939697,-0.04764382541179657,-0.037911754101514816,5.426336119973359,-0.008780222331598453,5.67659330368042,0.02189081721007824,-0.21635890007019043,0.02189081721007824,-0.21635890007019043,-0.023788776248693466,0.060717303305864334,-0.02350757271051407,2.095015048980713,-0.02597449347376879,-123.574684001508,-0.008961201,-2.25,2.25
5.14,20.323471069335938,20.323471069335938,-0.031346313655376434,-0.031346313655376434,-0.054096803069114685,-0.054096803069114685,3.984769344329834,-15.676597595214844,0.0,1.5686041,1.5233629941940308,5.426388263702393,-0.048056039959192276,-0.038120973855257034,5.426601051433911,-0.008855758445774473,5.675156116485596,0.016330575570464134,-0.21725884079933167,0.016330575570464134,-0.21725884079933167,-0.02430826611816883,-2.410776376724243,-0.023788776248693466,0.060717303305864334,-0.042135361582039815,-152.47849225997572,-0.0134779615,-2.25,2.25
5.16,20.431903839111328,20.431903839111328,-0.037184908986091614,-0.037184908986091614,-0.053307514637708664,-0.053307514637708664,3.9909322261810303,-15.568242073059082,0.0,1.5669013,1.5225520133972168,5.4265265464782715,-0.048613596707582474,-0.038495007902383804,5.426744294825236,-0.0089582711630479,5.673341751098633,0.01043002214282751,-0.21883805096149445,0.01043002214282751,-0.21883805096149445,-0.025150973349809647,-5.460346221923828,-0.02430826611816883,-2.410776376724243,-0.061974860727788336,-186.73505783081453,-0.017995993,-2.25,2.25
5.18,20.540372848510742,20.540372848510742,-0.04291915521025658,-0.04291915521025658,-0.052080534398555756,-0.052080534398555756,3.997199535369873,-15.45988941192627,0.0,1.5647106,1.5217341184616089,5.426520824432373,-0.049404650926589966,-0.03913329541683197,5.426745717051,-0.009104044298721532,5.670989036560059,0.003821535501629114,-0.22151385247707367,0.003821535501629114,-0.22151385247707367,-0.026390470564365387,-9.195047378540039,-0.025150973349809647,-5.460346221923828,-0.085089635103939,-224.62568283080535,-0.022515535,-2.25,2.25
5.2,20.648881912231445,20.648881912231445,-0.04850247502326965,-0.04850247502326965,-0.05043891817331314,-0.05043891817331314,4.0035858154296875,-15.351548194885254,0.0,1.5620188,1.5208903551101685,5.426342487335205,-0.05052364990115166,-0.0401415154337883,5.4265776903181395,-0.00931054206579587,5.667938709259033,-0.0038939560763537884,-0.225742369890213,-0.0038939560763537884,-0.225742369890213,-0.028092263266444206,-13.68756103515625,-0.026390470564365387,-9.195047378540039,-0.11064168065786598,-265.1636123657283,-0.027036747,-2.25,2.25
5.22,20.75743865966797,20.75743865966797,-0.053890857845544815,-0.053890857845544815,-0.0484081394970417,-0.0484081394970417,4.010097026824951,-15.243216514587402,0.0,1.5588331,1.520020604133606,5.425954818725586,-0.052067093551158905,-0.041626397520303726,5.426204629119904,-0.009595637492950882,5.6640448570251465,-0.013108339160680771,-0.23199866712093353,-0.013108339160680771,-0.23199866712093353,-0.03030509687960148,-18.990833282470703,-0.028092263266444206,-13.68756103515625,-0.1380181871354548,-307.30886459349875,-0.031559944,-2.25,2.25
5.24,20.866043090820312,20.866043090820312,-0.059043094515800476,-0.059043094515800476,-0.04601498693227768,-0.04601498693227768,4.01674222946167,-15.134900093078613,0.0,1.5551578,1.5191190242767334,5.425314903259277,-0.05412695184350014,-0.0436880923807621,5.425584901781843,-0.009976408202648829,5.65917444229126,-0.02418351173400879,-0.24074584245681763,-0.02418351173400879,-0.24074584245681763,-0.03306546062231064,-25.13701057434082,-0.03030509687960148,-18.990833282470703,-0.16662329435348866,-350.19483566284924,-0.03608513,-2.25,2.25
5.26,20.974687576293945,20.974687576293945,-0.06392090767621994,-0.06392090767621994,-0.04328688606619835,-0.04328688606619835,4.023534297943115,-15.026617050170898,0.0,1.5509924,1.5181740522384644,5.424375057220459,-0.0567876361310482,-0.04641663283109665,5.4246723031914845,-0.010468590582000304,5.653208255767822,-0.037442103028297424,-0.25241902470588684,-0.037442103028297424,-0.25241902470588684,-0.03639792650938034,-32.140907287597656,-0.03306546062231064,-25.13701057434082,-0.19618421792983556,-393.4629440307526,-0.040611982,-2.25,2.25
5.28,21.083377838134766,21.083377838134766,-0.0684889629483223,-0.0684889629483223,-0.04025131091475487,-0.04025131091475487,4.030490875244141,-14.91836166381836,0.0,1.5463364,1.5171713829040527,5.423080921173096,-0.060123786330223083,-0.0498894527554512,5.423414196543937,-0.01108619326155101,5.6460394859313965,-0.05316826328635216,-0.26741284132003784,-0.05316826328635216,-0.26741284132003784,-0.04032161086797714,-40.01016616821289,-0.03639792650938034,-32.140907287597656,-0.23269560188055535,-443.2561874389743,-0.045140743,-2.25,2.25
5.3,21.192110061645508,21.192110061645508,-0.07271496206521988,-0.07271496206521988,-0.036935754120349884,-0.036935754120349884,4.037631511688232,-14.810147285461426,0.0,1.5411893,1.5160951614379883,5.421375751495361,-0.06420110166072845,-0.054172370582818985,5.42175587981941,-0.01184166228456104,5.637572288513184,-0.07161103188991547,-0.2860826253890991,-0.07161103188991547,-0.2860826253890991,-0.04497552290558815,-48.87528991699219,-0.04032161086797714,-40.01016616821289,-0.28049256652592963,-514.0708923339726,-0.04967125,-2.25,2.25
5.32,21.30087661743164,21.30087661743164,-0.07657003402709961,-0.07657003402709961,-0.03337739408016205,-0.03337739408016205,4.0450029373168945,-14.701985359191895,0.0,1.5355332,1.5149110555648804,5.419194221496582,-0.06912703067064285,-0.05937694013118744,5.419635094420221,-0.0127552693051734,5.627659797668457,-0.09309951961040497,-0.3089717626571655,-0.09309951961040497,-0.3089717626571655,-0.05058537423610687,-59.156707763671875,-0.04497552290558815,-48.87528991699219,-0.3256982192397187,-579.7763824463015,-0.054203194,-2.25,2.25
5.34,21.409669876098633,21.409669876098633,-0.08003009855747223,-0.08003009855747223,-0.029629001393914223,-0.029629001393914223,4.052612781524658,-14.593884468078613,0.0,1.5293852,1.5136158466339111,5.4164557456970215,-0.07507547736167908,-0.06568842381238937,5.416976017336181,-0.013859740332380108,5.615994453430176,-0.1182449609041214,-0.3369281589984894,-0.1182449609041214,-0.3369281589984894,-0.05709933862090111,-70.75223541259766,-0.05058537423610687,-59.156707763671875,-0.3676900640129958,-657.2624206542816,-0.058736246,-2.25,2.25
5.36,21.518474578857422,21.518474578857422,-0.08307653665542603,-0.08307653665542603,-0.025735611096024513,-0.025735611096024513,4.060494899749756,-14.485867500305176,0.0,1.5227467,1.5121877193450928,5.41306734085083,-0.08215845376253128,-0.07322046160697937,5.413690797239027,-0.015176634731079804,5.602385997772217,-0.14766962826251984,-0.3705306351184845,-0.14766962826251984,-0.3705306351184845,-0.0644531399011612,-83.8974838256836,-0.05709933862090111,-70.75223541259766,-0.4039585590362635,-738.6730194091955,-0.06326977,-2.25,2.25
5.38,21.627281188964844,21.627281188964844,-0.08569540828466415,-0.08569540828466415,-0.021735362708568573,-0.021735362708568573,4.0686845779418945,-14.377941131591797,0.0,1.5156178,1.5106009244918823,5.408925533294678,-0.09043719619512558,-0.0820278599858284,5.409681535098231,-0.016718435032315668,5.586569786071777,-0.18195903301239014,-0.41012826561927795,-0.18195903301239014,-0.41012826561927795,-0.07253231108188629,-98.67094421386719,-0.0644531399011612,-83.8974838256836,-0.4353929311036963,-816.3898468017389,-0.06780338,-2.25,2.25
5.4,21.73607063293457,21.73607063293457,-0.08787659555673599,-0.08787659555673599,-0.0176568441092968,-0.0176568441092968,4.07722282409668,-14.270129203796387,0.0,1.5080003,1.5088305473327637,5.403918266296387,-0.09991413354873657,-0.09209843724966049,5.404841853643318,-0.018487095053221644,5.568305015563965,-0.22165924310684204,-0.45579591393470764,-0.22165924310684204,-0.45579591393470764,-0.08124016970396042,-114.99874114990234,-0.07253231108188629,-98.67094421386719,-0.46281367540360485,-898.9627838134958,-0.07233628,-2.25,2.25
5.42,21.844823837280273,21.844823837280273,-0.08961297571659088,-0.08961297571659088,-0.013522169552743435,-0.013522169552743435,4.086162567138672,-14.162452697753906,0.0,1.4998901,1.5068460702896118,5.397928714752197,-0.11055489629507065,-0.10337792336940765,5.39906073263129,-0.020478121858286128,5.547427654266357,-0.2671971917152405,-0.5074251890182495,-0.2671971917152405,-0.5074251890182495,-0.09049644321203232,-132.97799682617188,-0.08124016970396042,-114.99874114990234,-0.4879131913185007,-995.2018737792739,-0.07686766,-2.25,2.25
5.44,21.953516006469727,21.953516006469727,-0.09089983254671097,-0.09089983254671097,-0.009349198080599308,-0.009349198080599308,4.09556245803833,-14.054940223693848,0.0,1.4912825,1.5046167373657227,5.3908371925354,-0.12230374664068222,-0.11578768491744995,5.392224387288173,-0.022683446908312116,5.523746490478516,-0.31888440251350403,-0.5647896528244019,-0.31888440251350403,-0.5647896528244019,-0.10025470703840256,-152.8820343017578,-0.09049644321203232,-132.97799682617188,-0.5093343555927385,-1086.2617492676013,-0.0813965,-2.25,2.25
5.46,22.062118530273438,22.062118530273438,-0.09173457324504852,-0.09173457324504852,-0.005154838785529137,-0.005154838785529137,4.10544490814209,-13.94761848449707,0.0,1.4821936,1.5021336078643799,5.3825178146362305,-0.13510242104530334,-0.1292463093996048,5.384213098406181,-0.02509495814868085,5.496975898742676,-0.3770834505558014,-0.627627968788147,-0.3770834505558014,-0.627627968788147,-0.11044139415025711,-174.60726928710938,-0.10025470703840256,-152.8820343017578,-0.5272962152957794,-1171.6873168945042,-0.08592161,-2.25,2.25
5.48,22.170604705810547,22.170604705810547,-0.0921165868639946,-0.0921165868639946,-0.0009530280367471278,-0.0009530280367471278,4.115855693817139,-13.840516090393066,0.0,1.4726268,1.4993761777877808,5.372840404510498,-0.14887945353984833,-0.14365652203559875,5.374902706470775,-0.02770254753085189,5.466926097869873,-0.4420861601829529,-0.6955965161323547,-0.4420861601829529,-0.6955965161323547,-0.12098731845617294,-198.041015625,-0.11044139415025711,-174.60726928710938,-0.5421180278062936,-1250.9536743164329,-0.09044186,-2.25,2.25
5.5,22.27893829345703,22.27893829345703,-0.09204699099063873,-0.09204699099063873,0.0032444018870592117,0.0032444018870592117,4.126839637756348,-13.733671188354492,0.0,1.4625871,1.4963265657424927,5.361677646636963,-0.16355624794960022,-0.158909410238266,5.364171681880608,-0.030495220975126126,5.433457374572754,-0.5139576196670532,-0.7682945728302002,-0.5139576196670532,-0.7682945728302002,-0.13182967901229858,-223.06008911132812,-0.12098731845617294,-198.041015625,-0.5536422133445612,-1313.9167785644229,-0.094955765,-2.25,2.25
5.5200000000000005,22.3870849609375,22.3870849609375,-0.0915284976363182,-0.0915284976363182,0.007426608353853226,0.007426608353853226,4.1384429931640625,-13.627118110656738,0.0,1.4520798,1.4929686784744263,5.34891414642334,-0.17905385792255402,-0.17488721013069153,5.351910203828599,-0.03346230984509775,5.3964433670043945,-0.5925007462501526,-0.8452932238578796,-0.5925007462501526,-0.8452932238578796,-0.14290252327919006,-249.3384246826172,-0.13182967901229858,-223.06008911132812,-0.5628526210785032,-1363.7535095215135,-0.099461876,-2.25,2.25
5.54,22.495006561279297,22.495006561279297,-0.09056530147790909,-0.09056530147790909,0.011583123356103897,0.011583123356103897,4.1507248878479,-13.520899772644043,0.0,1.4411045,1.4892818927764893,5.3344526290893555,-0.19529786705970764,-0.1914578527212143,5.338026424520247,-0.03659432288490395,5.355813026428223,-0.6771215796470642,-0.9261535406112671,-0.6771215796470642,-0.9261535406112671,-0.1541595757007599,-276.6134948730469,-0.14290252327919006,-249.3384246826172,-0.5697898566722738,-1414.610290527311,-0.10395861,-2.25,2.25
5.5600000000000005,22.602657318115234,22.602657318115234,-0.08916326612234116,-0.08916326612234116,0.015700772404670715,0.015700772404670715,4.1637396812438965,-13.41506576538086,0.0,1.4296662,1.4852532148361206,5.318225383758545,-0.21223679184913635,-0.20847846567630768,5.322458613109935,-0.03988628054378215,5.311438083648682,-0.766800582408905,-1.0104999542236328,-0.766800582408905,-1.0104999542236328,-0.16555537283420563,-304.90570068359375,-0.1541595757007599,-276.6134948730469,-0.5749650299549225,-1451.9027709961247,-0.10844406,-2.25,2.25
5.58,22.710002899169922,22.710002899169922,-0.0873301774263382,-0.0873301774263382,0.019763583317399025,0.019763583317399025,4.1775078773498535,-13.309649467468262,0.0,1.417782,1.4808835983276367,5.3001861572265625,-0.22984349727630615,-0.2257952094078064,5.305167418140193,-0.043338021779834146,5.263042449951172,-0.8605268001556396,-1.0980159044265747,-0.8605268001556396,-1.0980159044265747,-0.17705467343330383,-333.9437561035156,-0.16555537283420563,-304.90570068359375,-0.579079985618578,-1477.2430419921534,-0.11291679,-2.25,2.25
5.6000000000000005,22.816993713378906,22.816993713378906,-0.08507595211267471,-0.08507595211267471,0.023755423724651337,0.023755423724651337,4.192070484161377,-13.204703330993652,0.0,1.4054613,1.4761683940887451,5.280282974243164,-0.2481006532907486,-0.24326741695404053,5.286108419456181,-0.046951710376592036,5.210562229156494,-0.9580093026161194,-1.1883741617202759,-0.9580093026161194,-1.1883741617202759,-0.18863627314567566,-363.4886169433594,-0.17705467343330383,-333.9437561035156,-0.5822792649269228,-1484.622192382844,-0.11737474,-2.25,2.25
5.62,22.923583984375,22.923583984375,-0.08241253346204758,-0.08241253346204758,0.027662143111228943,0.027662143111228943,4.2074689865112305,-13.100276947021484,0.0,1.3927146,1.471105933189392,5.25844669342041,-0.26698538661003113,-0.2607887089252472,5.26522011165795,-0.050729110515010056,5.154196262359619,-1.0595067739486694,-1.281183123588562,-1.0595067739486694,-1.281183123588562,-0.20028185844421387,-393.1810607910156,-0.18863627314567566,-363.4886169433594,-0.58480501174928,-340.946960449226,-0.121816,-2.25,2.25
5.64,23.029727935791016,23.029727935791016,-0.07935362309217453,-0.07935362309217453,0.03146439790725708,0.03146439790725708,4.2237443923950195,-12.996419906616211,0.0,1.37958,1.4657148122787476,5.234610557556152,-0.2864641547203064,-0.27828118205070496,5.242443075629716,-0.0546704848600717,5.094338893890381,-1.1650967597961426,-1.375985860824585,-1.1650967597961426,-1.375985860824585,-0.21197795867919922,-400.0,-0.20028185844421387,-393.1810607910156,-0.586505234241472,0.0,-0.125,-2.25,2.25
5.66,23.13535499572754,23.13535499572754,-0.07592449337244034,-0.07592449337244034,0.03485565260052681,0.03485565260052681,4.240928649902344,-12.893182754516602,0.0,1.3663769,1.4599990844726562,5.208959579467773,-0.30646583437919617,-0.2957035303115845,5.21796715284514,-0.058766621929854615,5.0414652824401855,-1.2676054239273071,-1.4721616506576538,-1.2676054239273071,-1.4721616506576538,-0.22370806336402893,-400.0,-0.21197795867919922,-400.0,-0.5877047777176029,0.0,-0.125,-2.25,2.25
5.68,23.240419387817383,23.240419387817383,-0.0721818134188652,-0.0721818134188652,0.03770091384649277,0.03770091384649277,4.259055137634277,-12.790613174438477,0.0,1.353244,1.4539352655410767,5.1819682121276855,-0.3268476128578186,-0.31302544474601746,5.192265778398931,-0.0629905848412835,4.995569229125977,-1.3570202589035034,-1.5688228607177734,-1.3570202589035034,-1.5688228607177734,-0.23546215891838074,-400.0,-0.22370806336402893,-400.0,-0.5886420607566698,0.0,-0.125,-2.25,2.25
5.7,23.34489631652832,23.34489631652832,-0.0681849792599678,-0.0681849792599678,0.040028173476457596,0.040028173476457596,4.278176307678223,-12.688755989074707,0.0,1.3401843,1.4475263357162476,5.154007434844971,-0.34746071696281433,-0.3302049934864044,5.165706301007593,-0.06731378725073787,4.9539008140563965,-1.4312379360198975,-1.6651240587234497,-1.4312379360198975,-1.6651240587234497,-0.2472350001335144,-400.0,-0.23546215891838074,-400.0,-0.5893558263778812,0.0,-0.125,-2.25,2.25
5.72,23.44877052307129,23.44877052307129,-0.06398972123861313,-0.06398972123861313,0.041860610246658325,0.041860610246658325,4.298305034637451,-12.587639808654785,0.0,1.3272,1.44077467918396,5.125300884246826,-0.3681880831718445,-0.3472050130367279,5.138508695978928,-0.07171416614788503,4.914802551269531,-1.492834448814392,-1.7604155540466309,-1.492834448814392,-1.7604155540466309,-0.2590221166610718,-400.0,-0.2472350001335144,-400.0,-0.5898877978324754,0.0,-0.125,-2.25,2.25
5.74,23.552026748657227,23.552026748657227,-0.05964876338839531,-0.05964876338839531,0.04321599006652832,0.04321599006652832,4.319458484649658,-12.487296104431152,0.0,1.3142929,1.433685302734375,5.095983028411865,-0.3889460265636444,-0.36400169134140015,5.110804441322463,-0.07617635362657733,4.877251148223877,-1.5452134609222412,-1.8542362451553345,-1.5452134609222412,-1.8542362451553345,-0.27081987261772156,-400.0,-0.2590221166610718,-400.0,-0.5902349948883182,0.0,-0.125,-2.25,2.25
5.76,23.6546630859375,23.6546630859375,-0.0552123486995697,-0.0552123486995697,0.04410769045352936,0.04410769045352936,4.341662406921387,-12.387747764587402,0.0,1.3014634,1.4262611865997314,5.066136837005615,-0.40967652201652527,-0.3805834650993347,5.082674227604679,-0.08069008584148027,4.840602874755859,-1.5913411378860474,-1.9462690353393555,-1.5913411378860474,-1.9462690353393555,-0.28262457251548767,-400.0,-0.27081987261772156,-400.0,-0.590234994888292,0.0,-0.125,-2.25,2.25
5.78,23.756668090820312,23.756668090820312,-0.05072867497801781,-0.05072867497801781,0.04454609751701355,0.04454609751701355,4.364935398101807,-12.289026260375977,0.0,1.288713,1.4185073375701904,5.035810947418213,-0.43033844232559204,-0.39694705605506897,5.054164923415176,-0.08524852770729448,4.804443359375,-1.6334714889526367,-2.03629469871521,-1.6334714889526367,-2.03629469871521,-0.2944292724132538,-400.0,-0.28262457251548767,-400.0,-0.5898609757423526,0.0,-0.125,-2.25,2.25
5.8,23.8580379486084,23.8580379486084,-0.046244170516729355,-0.046244170516729355,0.04453998804092407,0.04453998804092407,4.389296054840088,-12.19115924835205,0.0,1.2760416,1.4104282855987549,5.005034446716309,-0.45089948177337646,-0.4130922853946686,5.025303986375384,-0.08984664339189116,4.768502712249756,-1.673193097114563,-2.1241509914398193,-1.673193097114563,-2.1241509914398193,-0.3062264919281006,-400.0,-0.2944292724132538,-400.0,-0.5892902612686021,0.0,-0.125,-2.25,2.25
5.82,23.958770751953125,23.958770751953125,-0.04180363938212395,-0.04180363938212395,0.044097378849983215,0.044097378849983215,4.414760589599609,-12.094170570373535,0.0,1.26345,1.4020277261734009,4.973825454711914,-0.4713315963745117,-0.42901965975761414,4.99610779784435,-0.09448025773665801,4.732604503631592,-1.7115809917449951,-2.2097086906433105,-1.7115809917449951,-2.2097086906433105,-0.3180122971534729,-400.0,-0.3062264919281006,-400.0,-0.588499009609235,0.0,-0.125,-2.25,2.25
5.84,24.058860778808594,24.058860778808594,-0.03745033219456673,-0.03745033219456673,0.04322570562362671,0.04322570562362671,4.441343307495117,-11.998091697692871,0.0,1.2509387,1.393310308456421,4.942191123962402,-0.4916101098060608,-0.4447310268878937,4.966581682187083,-0.09914594796500688,4.69663143157959,-1.7493579387664795,-2.292865037918091,-1.7493579387664795,-2.292865037918091,-0.32978227734565735,-400.0,-0.3180122971534729,-400.0,-0.5874425172805651,0.0,-0.125,-2.25,2.25
5.86,24.15830421447754,24.15830421447754,-0.03322600945830345,-0.03322600945830345,0.04193203151226044,0.04193203151226044,4.469053745269775,-11.902953147888184,0.0,1.2385083,1.3842809200286865,4.910134792327881,-0.5117115378379822,-0.4602280259132385,4.936726889021235,-0.10384052553223484,4.660505294799805,-1.786993384361267,-2.3735315799713135,-1.786993384361267,-2.3735315799713135,-0.3415311276912689,-400.0,-0.32978227734565735,-400.0,-0.5859956145286686,0.0,-0.125,-2.25,2.25
5.88,24.257099151611328,24.257099151611328,-0.029170935973525047,-0.029170935973525047,0.04022367298603058,0.04022367298603058,4.497903823852539,-11.808778762817383,0.0,1.2261589,1.3749432563781738,4.877656936645508,-0.5316120386123657,-0.47551149129867554,4.906541404207615,-0.10856072436732707,4.624173164367676,-1.824781894683838,-2.451627731323242,-1.824781894683838,-2.451627731323242,-0.35325103998184204,-400.0,-0.3415311276912689,-400.0,-0.5841091275215015,0.0,-0.125,-2.25,2.25
5.9,24.35524559020996,24.35524559020996,-0.02532389760017395,-0.02532389760017395,0.0381082221865654,0.0381082221865654,4.52789831161499,-11.715600967407227,0.0,1.2138907,1.3653018474578857,4.844757080078125,-0.5512862205505371,-0.49057984352111816,4.876021704416011,-0.11330292412027046,4.5876007080078125,-1.8628870248794556,-2.5270721912384033,-1.8628870248794556,-2.5270721912384033,-0.36493322253227234,-400.0,-0.35325103998184204,-400.0,-0.5816847085952883,0.0,-0.125,-2.25,2.25
5.92,24.452741622924805,24.452741622924805,-0.02172214537858963,-0.02172214537858963,0.03559372201561928,0.03559372201561928,4.559045314788818,-11.623446464538574,0.0,1.2017037,1.355360507965088,4.811432361602783,-0.5707067847251892,-0.505429208278656,4.845161256801459,-0.11806310477945971,4.5507636070251465,-1.9013869762420654,-2.5997819900512695,-1.9013869762420654,-2.5997819900512695,-0.37656691670417786,-400.0,-0.36493322253227234,-400.0,-0.5785673856735096,0.0,-0.125,-2.25,2.25
5.94,24.54958152770996,24.54958152770996,-0.01840134710073471,-0.01840134710073471,0.03268897533416748,0.03268897533416748,4.591342926025391,-11.532349586486816,0.0,1.1895986,1.3451241254806519,4.77768087387085,-0.5898439288139343,-0.5200531482696533,4.813953717362682,-0.12283663747392674,4.513645648956299,-1.940294623374939,-2.6696691513061523,-1.940294623374939,-2.6696691513061523,-0.3881382644176483,-400.0,-0.37656691670417786,-400.0,-0.5745470523834351,0.0,-0.125,-2.25,2.25
5.96,24.645763397216797,24.645763397216797,-0.015395522117614746,-0.015395522117614746,0.029403476044535637,0.029403476044535637,4.624794006347656,-11.442339897155762,0.0,1.177576,1.3345975875854492,4.743501663208008,-0.6086651682853699,-0.5344414710998535,4.782392844167132,-0.12761822264240946,4.47623872756958,-1.9795690774917603,-2.736637592315674,-1.9795690774917603,-2.736637592315674,-0.3996292054653168,-400.0,-0.3881382644176483,-400.0,-0.018540024757384827,0.0,-0.125,-2.25,2.25
5.98,24.74128532409668,24.74128532409668,-0.012736949138343334,-0.012736949138343334,0.025748133659362793,0.025748133659362793,4.659394264221191,-11.353445053100586,0.0,1.1656356,1.3237853050231934,4.708896160125732,-0.6271341443061829,-0.5485796928405762,4.750473690254638,-0.13240157404269196,4.438539028167725,-2.0191166400909424,-2.8005788326263428,-2.0191166400909424,-2.8005788326263428,-0.4000000059604645,-400.0,-0.3996292054653168,-400.0,0.0,0.0,-0.125,-2.25,2.25
6.0,24.83616065979004,24.83616065979004,-0.010413319803774357,-0.010413319803774357,0.022812291979789734,0.022812291979789734,4.69513463973999,-11.265677452087402,0.0,1.1537764,1.3127366304397583,4.676271915435791,-0.6406294107437134,-0.5572183728218079,4.7199496892449355,-0.13614824225024683,4.401493549346924,-1.9977402687072754,-2.840813398361206,-1.9977402687072754,-2.840813398361206,-0.4000000059604645,-400.0,-0.4000000059604645,-400.0,0.0,0.0,-0.125,-2.25,2.25
6.0200000000000005,24.93041229248047,24.93041229248047,-0.008358330465853214,-0.008358330465853214,0.02043774724006653,0.02043774724006653,4.731908798217773,-11.17899227142334,0.0,1.1419948,1.3015508651733398,4.644978046417236,-0.6504033803939819,-0.5616957545280457,4.690292699707131,-0.13911841891442717,4.366392612457275,-1.9597907066345215,-2.8628034591674805,-1.9597907066345215,-2.8628034591674805,-0.4000000059604645,-400.0,-0.4000000059604645,-400.0,0.0,0.0,-0.125,-2.25,2.25
6.04,25.02405548095703,25.02405548095703,-0.006522407755255699,-0.006522407755255699,0.018461287021636963,0.018461287021636963,4.769647121429443,-11.093366622924805,0.0,1.1302894,1.2903004884719849,4.614530563354492,-0.6575844287872314,-0.5632616281509399,4.661148957190293,-0.1415499731446223,4.333470344543457,-1.9235703945159912,-2.8715434074401855,-1.9235703945159912,-2.8715434074401855,-0.4000000059604645,-400.0,-0.4000000059604645,-400.0,0.0,0.0,-0.125,-2.25,2.25
6.0600000000000005,25.11709976196289,25.11709976196289,-0.0048705171793699265,-0.0048705171793699265,0.016764283180236816,0.016764283180236816,4.808294296264648,-11.00878620147705,0.0,1.1186588,1.279036283493042,4.584635257720947,-0.66297847032547,-0.5628314018249512,4.632323488105415,-0.14361322769299828,4.302499294281006,-1.8940229415893555,-2.870659351348877,-1.8940229415893555,-2.870659351348877,-0.4000000059604645,-400.0,-0.4000000059604645,-400.0,0.0,0.0,-0.125,-2.25,2.25
6.08,25.20955467224121,25.20955467224121,-0.0033778680954128504,-0.0033778680954128504,0.015264571644365788,0.015264571644365788,4.847804069519043,-10.925239562988281,0.0,1.1071019,1.2677921056747437,4.55511474609375,-0.667140007019043,-0.5610491037368774,4.603710040722167,-0.14542560885841707,4.273116588592529,-1.8711378574371338,-2.8627068996429443,-1.8711378574371338,-2.8627068996429443,-0.4000000059604645,-400.0,-0.4000000059604645,-400.0,0.0,0.0,-0.125,-2.25,2.25
6.1000000000000005,25.301424026489258,25.301424026489258,-0.002026631962507963,-0.002026631962507963,0.013906776905059814,0.013906776905059814,4.888134956359863,-10.842720985412598,0.0,1.0956184,1.256591558456421,4.525863170623779,-0.6704426407814026,-0.5583584904670715,4.575251990195367,-0.14706633280286907,4.244960784912109,-1.8534799814224243,-2.849468469619751,-1.8534799814224243,-2.849468469619751,-0.4000000059604645,-400.0,-0.4000000059604645,-400.0,0.0,0.0,-0.125,-2.25,2.25
6.12,25.392711639404297,25.392711639404297,-0.0008036238141357899,-0.0008036238141357899,0.012654289603233337,0.012654289603233337,4.929251670837402,-10.761225700378418,0.0,1.0842075,1.2454497814178467,4.4968156814575195,-0.6731348037719727,-0.5550621747970581,4.546917828271299,-0.14858816139454517,4.217724323272705,-1.839518427848816,-2.8321878910064697,-1.839518427848816,-2.8321878910064697,-0.4000000059604645,-400.0,-0.4000000059604645,-400.0,0.0,0.0,-0.125,-2.25,2.25
6.140000000000001,25.483423233032227,25.483423233032227,0.0003012798260897398,0.0003012798260897398,0.011483103036880493,0.011483103036880493,4.971160411834717,-10.68077278137207,0.0,1.0728683,1.2343772649765015,4.467932224273682,-0.6753801107406616,-0.551365315914154,4.518689705510574,-0.15002586424542602,4.191161155700684,-1.8280290365219116,-2.811741828918457,-1.8280290365219116,-2.811741828918457,-0.4000000059604645,-400.0,-0.4000000059604645,-400.0,0.0,0.0,-0.125,-2.25,2.25
6.16,25.57355499267578,25.57355499267578,0.0012962030014023185,0.0012962030014023185,0.010377705097198486,0.010377705097198486,5.013799667358398,-10.601348876953125,0.0,1.0616021,1.223381757736206,4.439188003540039,-0.6772856712341309,-0.5474072098731995,4.490557427673414,-0.1514021689808524,4.165083408355713,-1.8181467056274414,-2.7887566089630127,-1.8181467056274414,-2.7887566089630127,-0.4000000059604645,-400.0,-0.4000000059604645,-400.0,0.0,0.0,-0.125,-2.25,2.25
6.18,25.663116455078125,25.663116455078125,0.0021879589185118675,0.0021879589185118675,0.009328290820121765,0.009328290820121765,5.057130813598633,-10.522942543029785,0.0,1.0504069,1.212466835975647,4.410565376281738,-0.6789204478263855,-0.5432823896408081,4.4625127353243546,-0.1527317042952962,4.139352321624756,-1.8092979192733765,-2.7636890411376953,-1.8092979192733765,-2.7636890411376953,-0.4000000059604645,-400.0,-0.4000000059604645,-400.0,0.0,0.0,-0.125,-2.25,2.25
6.2,25.752113342285156,25.752113342285156,0.0029825223609805107,0.0029825223609805107,0.00832870602607727,0.00832870602607727,5.101127624511719,-10.44554615020752,0.0,1.0392823,1.2016346454620361,4.382053852081299,-0.6803285479545593,-0.539055585861206,4.434551036542764,-0.15402369837632873,4.113867282867432,-1.8011184930801392,-2.7368812561035156,-1.8011184930801392,-2.7368812561035156,-0.4000000059604645,-400.0,-0.4000000059604645,-400.0,0.0,0.0,-0.125,-2.25,2.25
6.22,25.84054183959961,25.84054183959961,0.0036853232886642218,0.0036853232886642218,0.007375269662588835,0.007375269662588835,5.145759105682373,-10.369160652160645,0.0,1.0282286,1.190887689590454,4.353645324707031,-0.6815376281738281,-0.5347713232040405,4.406667805945917,-0.15528385116769727,4.0885539054870605,-1.7933861017227173,-2.7085955142974854,-1.7933861017227173,-2.7085955142974854,-0.4000000059604645,-400.0,-0.4000000059604645,-400.0,0.0,0.0,-0.125,-2.25,2.25
6.24,25.928407669067383,25.928407669067383,0.004301438573747873,0.004301438573747873,0.006465792190283537,0.006465792190283537,5.191060543060303,-10.29382038116455,0.0,1.0172454,1.1802266836166382,4.3253326416015625,-0.6825644373893738,-0.5304604768753052,4.378857918646439,-0.15651552176917316,4.063361167907715,-1.7859692573547363,-2.6790401935577393,-1.7859692573547363,-2.6790401935577393,-0.4000000059604645,-400.0,-0.4000000059604645,-400.0,0.0,0.0,-0.125,-2.25,2.25
6.26,26.015710830688477,26.015710830688477,0.004835715051740408,0.004835715051740408,0.005599155556410551,0.005599155556410551,5.23694372177124,-10.219486236572266,0.0,1.0063324,1.169651985168457,4.297110080718994,-0.6834185123443604,-0.526144802570343,4.3511166278131155,-0.15772047504766953,4.0382513999938965,-1.7787895202636719,-2.6483848094940186,-1.7787895202636719,-2.6483848094940186,-0.4000000059604645,-400.0,-0.4000000059604645,-400.0,0.0,0.0,-0.125,-2.25,2.25
6.28,26.102455139160156,26.102455139160156,0.005292853340506554,0.005292853340506554,0.0047749727964401245,0.0047749727964401245,5.283381462097168,-10.146151542663574,0.0,0.99548954,1.1591635942459106,4.2689738273620605,-0.6841047406196594,-0.5218397974967957,4.323440393348863,-0.158899397202255,4.013197898864746,-1.7718052864074707,-2.6167712211608887,-1.7718052864074707,-2.6167712211608887,-0.4000000059604645,-400.0,-0.4000000059604645,-400.0,0.0,0.0,-0.125,-2.25,2.25
6.3,26.188642501831055,26.188642501831055,0.005677448119968176,0.005677448119968176,0.003992959391325712,0.003992959391325712,5.330356121063232,-10.073820114135742,0.0,0.9847162,1.1487611532211304,4.240917205810547,-0.6846250891685486,-0.5175566673278809,4.295822419427854,-0.16005243309884312,3.9881820678710938,-1.7649935483932495,-2.5843207836151123,-1.7649935483932495,-2.5843207836151123,-0.4000000059604645,-400.0,-0.4000000059604645,-400.0,0.0,20.846557617187017,-0.125,-2.25,2.25
6.32,26.274276733398438,26.274276733398438,0.005994014907628298,0.005994014907628298,0.0032532811164855957,0.0032532811164855957,5.377895355224609,-10.002521514892578,0.0,0.9740118,1.1384443044662476,4.212937355041504,-0.6849797964096069,-0.5133035778999329,4.268259420301612,-0.161179197481709,3.963190793991089,-1.758341908454895,-2.5511398315429688,-1.758341908454895,-2.5511398315429688,-0.4000000059604645,-399.58306884765625,-0.4000000059604645,-400.0,0.0,69.12078857422023,-0.125,-2.25,2.25
6.34,26.359355926513672,26.359355926513672,0.006247017066925764,0.006247017066925764,0.002556413412094116,0.002556413412094116,5.425912857055664,-9.932208061218262,0.0,0.96337676,1.1282119750976562,4.18503475189209,-0.6851673126220703,-0.5090873837471008,4.24075112696209,-0.1622787571074221,3.938394546508789,-1.7517037391662598,-2.5173206329345703,-1.7517037391662598,-2.5173206329345703,-0.4000000059604645,-398.2006530761719,-0.4000000059604645,-399.58306884765625,0.0,113.52081298827864,-0.125,-2.25,2.25
6.36,26.443883895874023,26.443883895874023,0.0064409165643155575,0.0064409165643155575,0.0019039212493225932,0.0019039212493225932,5.4743804931640625,-9.862874984741211,0.0,0.95281076,1.1180636882781982,4.157225131988525,-0.6851836442947388,-0.5049139857292175,4.213311930589287,-0.1633489952463266,3.914132833480835,-1.7445958852767944,-2.4829390048980713,-1.7445958852767944,-2.4829390048980713,-0.4000000059604645,-395.93023681640625,-0.4000000059604645,-398.2006530761719,0.0,154.31060791015955,-0.125,-2.25,2.25
6.38,26.527862548828125,26.527862548828125,0.006580279674381018,0.006580279674381018,0.0012985318899154663,0.0012985318899154663,5.523338317871094,-9.79455852508545,0.0,0.94231343,1.1079984903335571,4.129540920257568,-0.6850224137306213,-0.5007889866828918,4.185972278861274,-0.1643865130164879,3.8905863761901855,-1.7363910675048828,-2.44805645942688,-1.7363910675048828,-2.44805645942688,-0.4000000059604645,-392.8440246582031,-0.4000000059604645,-395.93023681640625,0.0,193.80187988280804,-0.125,-2.25,2.25
6.4,26.611295700073242,26.611295700073242,0.006669850088655949,0.006669850088655949,0.0007437170133925974,0.0007437170133925974,5.572715759277344,-9.727222442626953,0.0,0.93188435,1.098015308380127,4.10202169418335,-0.6846761703491211,-0.49671778082847595,4.158769461967659,-0.16538725803689328,3.8678433895111084,-1.7266138792037964,-2.412728786468506,-1.7266138792037964,-2.412728786468506,-0.4000000059604645,-388.9679870605469,-0.4000000059604645,-392.8440246582031,0.0,229.51507568359864,-0.125,-2.25,2.25
6.42,26.694185256958008,26.694185256958008,0.00671457638964057,0.00671457638964057,0.0002429485321044922,0.0002429485321044922,5.622472763061523,-9.660841941833496,0.0,0.92152315,1.0881131887435913,4.074709415435791,-0.6841378808021545,-0.4927060902118683,4.13174315031677,-0.16634704532626965,3.845956802368164,-1.7149708271026611,-2.3770105838775635,-1.7149708271026611,-2.3770105838775635,-0.4000000059604645,-384.377685546875,-0.4000000059604645,-388.9679870605469,0.0,261.608886718744,-0.125,-2.25,2.25
6.44,26.77653694152832,26.77653694152832,0.006719611585140228,0.006719611585140228,-0.00020028650760650635,-0.00020028650760650635,5.67265510559082,-9.595458030700684,0.0,0.9112291,1.0782904624938965,4.0476460456848145,-0.6834011673927307,-0.4887602925300598,4.104933089191791,-0.1672617093303862,3.8249359130859375,-1.701322078704834,-2.3409581184387207,-1.701322078704834,-2.3409581184387207,-0.4000000059604645,-379.1455078125,-0.4000000059604645,-384.377685546875,0.0,290.2435302734437,-0.125,-2.25,2.25
6.46,26.858352661132812,26.858352661132812,0.00669028190895915,0.00669028190895915,-0.0005828291177749634,-0.0005828291177749634,5.7231879234313965,-9.531027793884277,0.0,0.9010021,1.0685465335845947,4.020871639251709,-0.6824606657028198,-0.4848873019218445,4.0783772875459015,-0.16812727537948027,3.804764986038208,-1.6856539249420166,-2.304630994796753,-1.6856539249420166,-2.304630994796753,-0.4000000059604645,-373.34063720703125,-0.4000000059604645,-379.1455078125,0.0,315.5883789062427,-0.125,-2.25,2.25
6.48,26.93964385986328,26.93964385986328,0.006632068194448948,0.006632068194448948,-0.0009018033742904663,-0.0009018033742904663,5.7740397453308105,-9.467519760131836,0.0,0.89084077,1.0588791370391846,3.994422435760498,-0.6813123226165771,-0.4810944199562073,4.052110200408674,-0.168940126314226,3.7854132652282715,-1.6680458784103394,-2.2680928707122803,-1.6680458784103394,-2.2680928707122803,-0.4000000059604645,-367.02886962890625,-0.4000000059604645,-373.34063720703125,0.0,337.81890869141347,-0.125,-2.25,2.25
6.5,27.020410537719727,27.020410537719727,0.0065505607053637505,0.0065505607053637505,-0.001154765603132546,-0.001154765603132546,5.825270652770996,-9.404995918273926,0.0,0.88074493,1.0492870807647705,3.9683315753936768,-0.6799530386924744,-0.47738948464393616,4.026163388027563,-0.16969690731504392,3.766841173171997,-1.6486332416534424,-2.2314088344573975,-1.6486332416534424,-2.2314088344573975,-0.4000000059604645,-360.2724914550781,-0.4000000059604645,-367.02886962890625,0.0,357.10144042967926,-0.125,-2.25,2.25
6.5200000000000005,27.100664138793945,27.100664138793945,0.006451427470892668,0.006451427470892668,-0.0013396888971328735,-0.0013396888971328735,5.876776695251465,-9.343366622924805,0.0,0.8707132,1.039768099784851,3.9426279067993164,-0.6783808469772339,-0.47378015518188477,4.000564383311223,-0.17039463887198802,3.7490053176879883,-1.6275875568389893,-2.1946463584899902,-1.6275875568389893,-2.1946463584899902,-0.4000000059604645,-353.1304626464844,-0.4000000059604645,-360.2724914550781,0.0,373.60229492188296,-0.125,-2.25,2.25
6.54,27.180408477783203,27.180408477783203,0.006340373773127794,0.006340373773127794,-0.0014549791812896729,-0.0014549791812896729,5.928582668304443,-9.282658576965332,0.0,0.86074513,1.0303207635879517,3.917336940765381,-0.6765947341918945,-0.47027406096458435,3.975337613564573,-0.17103065419564384,3.7318613529205322,-1.6050976514816284,-2.1578733921051025,-1.6050976514816284,-2.1578733921051025,-0.4000000059604645,-345.6584167480469,-0.4000000059604645,-353.1304626464844,0.0,387.5381469726473,-0.125,-2.25,2.25
6.5600000000000005,27.259653091430664,27.259653091430664,0.006223111879080534,0.006223111879080534,-0.0014994442462921143,-0.0014994442462921143,5.980674743652344,-9.222860336303711,0.0,0.85083973,1.0209429264068604,3.892479181289673,-0.6745941638946533,-0.4668784737586975,3.9505026848154716,-0.17160257147272218,3.715365171432495,-1.5813580751419067,-2.12115740776062,-1.5813580751419067,-2.12115740776062,-0.4000000059604645,-337.90765380859375,-0.4000000059604645,-345.6584167480469,0.0,399.8977661132898,-0.125,-2.25,2.25
6.58,27.33840560913086,27.33840560913086,0.006105328444391489,0.006105328444391489,-0.0014722049236297607,-0.0014722049236297607,6.032995700836182,-9.163920402526855,0.0,0.84099555,1.0116316080093384,3.868072271347046,-0.6723794341087341,-0.463600218296051,3.9260765657047845,-0.17210830853831272,3.6994738578796387,-1.5565606355667114,-2.0845654010772705,-1.5565606355667114,-2.0845654010772705,-0.4000000059604645,-329.9096984863281,-0.4000000059604645,-337.90765380859375,0.0,409.91363525389676,-0.125,-2.25,2.25
6.6000000000000005,27.41667366027832,27.41667366027832,0.00599266029894352,0.00599266029894352,-0.0013727545738220215,-0.0013727545738220215,6.085611343383789,-9.105896949768066,0.0,0.8312121,1.0023853778839111,3.844130277633667,-0.6699510812759399,-0.46044546365737915,3.9020727879836756,-0.17254598031944052,3.684154510498047,-1.5308856964111328,-2.048161268234253,-1.5308856964111328,-2.048161268234253,-0.4000000059604645,-321.71142578125,-0.4000000059604645,-329.9096984863281,0.0,417.7474975586027,-0.125,-2.25,2.25
6.62,27.49446678161621,27.49446678161621,0.005890670698136091,0.005890670698136091,-0.0012009292840957642,-0.0012009292840957642,6.13841438293457,-9.04869270324707,0.0,0.8214881,0.9932011365890503,3.820664644241333,-0.6673101782798767,-0.45741984248161316,3.878502442669293,-0.17291394505158286,3.669372081756592,-1.5044982433319092,-2.012007236480713,-1.5044982433319092,-2.012007236480713,-0.4000000059604645,-313.3564758300781,-0.4000000059604645,-321.71142578125,0.0,423.5488891601465,-0.125,-2.25,2.25
6.640000000000001,27.571794509887695,27.571794509887695,0.005804823711514473,0.005804823711514473,-0.0009568631649017334,-0.0009568631649017334,6.191476821899414,-8.992364883422852,0.0,0.81182206,0.9840759038925171,3.7976834774017334,-0.6644580364227295,-0.4545283913612366,3.8553734289556014,-0.17321077289297163,3.655092477798462,-1.4775562286376953,-1.976162075996399,-1.4775562286376953,-1.976162075996399,-0.4000000059604645,-304.885498046875,-0.4000000059604645,-313.3564758300781,0.0,427.4597167968841,-0.125,-2.25,2.25
6.66,27.648662567138672,27.648662567138672,0.00574047164991498,0.00574047164991498,-0.0006409882917068899,-0.0006409882917068899,6.244716644287109,-8.936844825744629,0.0,0.8022136,0.9750078916549683,3.7751924991607666,-0.6613963842391968,-0.4517752528190613,3.83269142807041,-0.17343526009074892,3.641282558441162,-1.450210690498352,-1.9406816959381104,-1.450210690498352,-1.9406816959381104,-0.4000000059604645,-296.3363037109375,-0.4000000059604645,-304.885498046875,0.0,434.532165527353,-0.125,-2.25,2.25
6.68,27.72508430480957,27.72508430480957,0.005702833645045757,0.005702833645045757,-0.0002539158158469945,-0.0002539158158469945,6.298172950744629,-8.882153511047363,0.0,0.7926609,0.965993344783783,3.753194808959961,-0.6581271290779114,-0.44916409254074097,3.8104596300226476,-0.17358638837446969,3.627911329269409,-1.4226051568984985,-1.9056185483932495,-1.4226051568984985,-1.9056185483932495,-0.4000000059604645,-287.6456604003906,-0.4000000059604645,-296.3363037109375,0.0,439.8071289062398,-0.125,-2.25,2.25
6.7,27.801063537597656,27.801063537597656,0.005696979351341724,0.005696979351341724,0.00020332634449005127,0.00020332634449005127,6.351801872253418,-8.828256607055664,0.0,0.78316337,0.9570299983024597,3.731691360473633,-0.6546523571014404,-0.4466979503631592,3.7886792050122198,-0.1736633113320576,3.6149895191192627,-1.3948334455490112,-1.8710213899612427,-1.3948334455490112,-1.8710213899612427,-0.4000000059604645,-278.8495178222656,-0.4000000059604645,-287.6456604003906,0.0,443.30139160157194,-0.125,-2.25,2.25
6.72,27.87661361694336,27.87661361694336,0.005727826617658138,0.005727826617658138,0.000729873776435852,0.000729873776435852,6.405612468719482,-8.775150299072266,0.0,0.77371967,0.9481146335601807,3.7106847763061523,-0.6509740352630615,-0.4443792700767517,3.767353010231045,-0.17366510825560943,3.602511167526245,-1.3669451475143433,-1.836934208869934,-1.3669451475143433,-1.836934208869934,-0.4000000059604645,-269.9834899902344,-0.4000000059604645,-278.8495178222656,0.0,445.14007568358346,-0.125,-2.25,2.25
6.74,27.951738357543945,27.951738357543945,0.005800141021609306,0.005800141021609306,0.001324579119682312,0.001324579119682312,6.459583759307861,-8.722814559936523,0.0,0.76432896,0.9392446279525757,3.6901755332946777,-0.6470943689346313,-0.44220995903015137,3.746481894902679,-0.17359105338713887,3.5904603004455566,-1.3389948606491089,-1.8033976554870605,-1.3389948606491089,-1.8033976554870605,-0.4000000059604645,-261.0806884765625,-0.4000000059604645,-269.9834899902344,0.0,445.47348022461887,-0.125,-2.25,2.25
6.76,28.02644920349121,28.02644920349121,0.005918528884649277,0.005918528884649277,0.0019861161708831787,0.0019861161708831787,6.513713836669922,-8.671241760253906,0.0,0.7549901,0.9304168224334717,3.6701624393463135,-0.6430157423019409,-0.44019147753715515,3.726065159928983,-0.1734405847166519,3.5788168907165527,-1.3110500574111938,-1.770448923110962,-1.3110500574111938,-1.770448923110962,-0.4000000059604645,-252.1712188720703,-0.4000000059604645,-261.0806884765625,0.0,444.38323974608346,-0.125,-2.25,2.25
6.78,28.100753784179688,28.100753784179688,0.006087417248636484,0.006087417248636484,0.002712935209274292,0.002712935209274292,6.567986488342285,-8.62040901184082,0.0,0.7457021,0.9216282367706299,3.6506435871124268,-0.6387407779693604,-0.4383247494697571,3.7061015071859527,-0.1732132804691724,3.5675601959228516,-1.2831891775131226,-1.7381227016448975,-1.2831891775131226,-1.7381227016448975,-0.4000000059604645,-243.28355407714844,-0.4000000059604645,-252.1712188720703,0.0,442.03262329102506,-0.125,-2.25,2.25
6.8,28.17466163635254,28.17466163635254,0.006311052478849888,0.006311052478849888,0.003503203159198165,0.003503203159198165,6.622406959533691,-8.57031536102295,0.0,0.73646384,0.9128755927085876,3.6316144466400146,-0.6342723369598389,-0.43661022186279297,3.686587159755884,-0.17290895211516447,3.5566675662994385,-1.2554951906204224,-1.7064509391784668,-1.2554951906204224,-1.7064509391784668,-0.4000000059604645,-234.44290161132812,-0.4000000059604645,-243.28355407714844,0.0,438.5223388671774,-0.125,-2.25,2.25
6.82,28.248180389404297,28.248180389404297,0.0065934862941503525,0.0065934862941503525,0.004354953765869141,0.004354953765869141,6.67694616317749,-8.520929336547852,0.0,0.7272737,0.9041563272476196,3.6130692958831787,-0.6296137571334839,-0.43504801392555237,3.66751731011941,-0.17252764645274382,3.546117067337036,-1.2280516624450684,-1.675463080406189,-1.2280516624450684,-1.675463080406189,-0.4000000059604645,-225.67245483398438,-0.4000000059604645,-234.44290161132812,0.0,434.0042114257905,-0.125,-2.25,2.25
6.84,28.321317672729492,28.321317672729492,0.00693855993449688,0.00693855993449688,0.005265817046165466,0.005265817046165466,6.73162841796875,-8.472267150878906,0.0,0.7181316,0.8954670429229736,3.5950002670288086,-0.6247685551643372,-0.43363767862319946,3.648885126646129,-0.17206961465506448,3.5358874797821045,-1.2009366750717163,-1.645185947418213,-1.2009366750717163,-1.645185947418213,-0.4000000059604645,-216.99237060546875,-0.4000000059604645,-225.67245483398438,0.0,436.76834106444306,-0.125,-2.25,2.25
6.86,28.394084930419922,28.394084930419922,0.007349895779043436,0.007349895779043436,0.006233379244804382,0.006233379244804382,6.786405086517334,-8.424266815185547,0.0,0.7090357,0.8868043422698975,3.5773987770080566,-0.6197404861450195,-0.4323783218860626,3.6306831698601854,-0.17153526371400699,3.525958299636841,-1.1742236614227295,-1.615644097328186,-1.1742236614227295,-1.615644097328186,-0.4000000059604645,-208.2570037841797,-0.4000000059604645,-216.99237060546875,0.0,440.15960693360313,-0.125,-2.25,2.25
6.88,28.46648597717285,28.46648597717285,0.007830902002751827,0.007830902002751827,0.007255226373672485,0.007255226373672485,6.841327667236328,-8.376984596252441,0.0,0.6999855,0.8781658411026001,3.5602571964263916,-0.6145334839820862,-0.4312687814235687,3.6129050233352484,-0.1709250631415981,3.51637601852417,-1.1479058265686035,-1.5868587493896484,-1.1479058265686035,-1.5868587493896484,-0.4000000059604645,-199.4538116455078,-0.4000000059604645,-208.2570037841797,0.0,442.24853515623977,-0.125,-2.25,2.25
6.9,28.538530349731445,28.538530349731445,0.008384770713746548,0.008384770713746548,0.008328959345817566,0.008328959345817566,6.896317958831787,-8.330323219299316,0.0,0.69098,0.8695483207702637,3.5435712337493896,-0.6091513633728027,-0.4303075075149536,3.595547590027855,-0.17023935132469778,3.5071678161621094,-1.1218940019607544,-1.5588475465774536,-1.1218940019607544,-1.5588475465774536,-0.4000000059604645,-190.6088409423828,-0.4000000059604645,-199.4538116455078,0.0,444.08187866211887,-0.125,-2.25,2.25
6.92,28.6102237701416,28.6102237701416,0.009014501236379147,0.009014501236379147,0.009452328085899353,0.009452328085899353,6.95145320892334,-8.284370422363281,0.0,0.6820183,0.8609490990638733,3.527339220046997,-0.6035981774330139,-0.4294925630092621,3.5786104472381752,-0.16947846620819207,3.4983365535736084,-1.0961066484451294,-1.5316258668899536,-1.0961066484451294,-1.5316258668899536,-0.4000000059604645,-181.72720336914062,-0.4000000059604645,-190.6088409423828,0.0,445.07827758788034,-0.125,-2.25,2.25
6.94,28.681577682495117,28.681577682495117,0.009722895920276642,0.009722895920276642,0.010622680187225342,0.010622680187225342,7.006653785705566,-8.23902416229248,0.0,0.6730993,0.8523649573326111,3.5115585327148438,-0.5978785157203674,-0.4288216531276703,3.5620923694146978,-0.16864299830642,3.4898805618286133,-1.0704962015151978,-1.5052087306976318,-1.0704962015151978,-1.5052087306976318,-0.4000000059604645,-172.8256378173828,-0.4000000059604645,-181.72720336914062,0.0,445.0508117675876,-0.125,-2.25,2.25
6.96,28.75259780883789,28.75259780883789,0.01051254477351904,0.01051254477351904,0.011837347410619259,0.011837347410619259,7.0619683265686035,-8.194326400756836,0.0,0.6642218,0.8437925577163696,3.496227264404297,-0.5919976234436035,-0.42829203605651855,3.545992987941012,-0.167733749430016,3.481790065765381,-1.045041561126709,-1.4796116352081299,-1.045041561126709,-1.4796116352081299,-0.4000000059604645,-163.92462158203125,-0.4000000059604645,-172.8256378173828,0.0,444.1146850585835,-0.125,-2.25,2.25
6.98,28.82328987121582,28.82328987121582,0.011385826393961906,0.011385826393961906,0.013093233108520508,0.013093233108520508,7.117364406585693,-8.150250434875488,0.0,0.6553852,0.83523029088974,3.481342315673828,-0.5859616994857788,-0.4279005825519562,3.5303109540330118,-0.16675191047523372,3.4740488529205322,-1.0197453498840332,-1.4548512697219849,-1.0197453498840332,-1.4548512697219849,-0.4000000059604645,-155.04232788085938,-0.4000000059604645,-163.92462158203125,0.0,442.3660278320407,-0.125,-2.25,2.25
7.0,28.89366340637207,28.89366340637207,0.01234487909823656,0.01234487909823656,0.014386981725692749,0.014386981725692749,7.172835350036621,-8.10676097869873,0.0,0.6465886,0.8266743421554565,3.466900587081909,-0.579778254032135,-0.42764362692832947,3.5150451639427676,-0.1656991117192099,3.466637372970581,-0.9946260452270508,-1.4309463500976562,-0.9946260452270508,-1.4309463500976562,-0.4000000059604645,-146.19500732421875,-0.4000000059604645,-155.04232788085938,0.0,439.9246215820211,-0.125,-2.25,2.25
7.0200000000000005,28.96372413635254,28.96372413635254,0.013391586020588875,0.013391586020588875,0.01571466028690338,0.01571466028690338,7.2284159660339355,-8.063915252685547,0.0,0.6378309,0.8181230425834656,3.452897548675537,-0.5734562873840332,-0.4275166988372803,3.5001933653999475,-0.16457754813334236,3.459533214569092,-0.9697089791297913,-1.4079179763793945,-0.9697089791297913,-1.4079179763793945,-0.4000000059604645,-137.39651489257812,-0.4000000059604645,-146.19500732421875,0.0,436.8850708007906,-0.125,-2.25,2.25
7.04,29.03348159790039,29.03348159790039,0.014527542516589165,0.014527542516589165,0.01707194745540619,0.01707194745540619,7.284052848815918,-8.021615982055664,0.0,0.6291113,0.8095727562904358,3.439328908920288,-0.5670061111450195,-0.42751452326774597,3.485753759778596,-0.16338985840135556,3.452711582183838,-0.9450218677520752,-1.3857907056808472,-0.9450218677520752,-1.3857907056808472,-0.4000000059604645,-128.6588134765625,-0.4000000059604645,-137.39651489257812,0.0,433.35533142088843,-0.125,-2.25,2.25
7.0600000000000005,29.102941513061523,29.102941513061523,0.015754032880067825,0.015754032880067825,0.018453985452651978,0.018453985452651978,7.339786529541016,-7.979928970336914,0.0,0.62042874,0.8010221719741821,3.4261891841888428,-0.5604401230812073,-0.42763087153434753,3.4717237011910793,-0.16213941838792606,3.4461469650268555,-0.9205896258354187,-1.36459219455719,-0.9205896258354187,-1.36459219455719,-0.4000000059604645,-119.99170684814453,-0.4000000059604645,-128.6588134765625,0.0,429.4387817382904,-0.125,-2.25,2.25
7.08,29.17211151123047,29.17211151123047,0.01707199588418007,0.01707199588418007,0.019855335354804993,0.019855335354804993,7.395596027374268,-7.938804626464844,0.0,0.6117824,0.7924679517745972,3.413472890853882,-0.5537727475166321,-0.4278584420681,3.4581008418619716,-0.16083027832393998,3.439812421798706,-0.8964317440986633,-1.344354271888733,-0.8964317440986633,-1.344354271888733,-0.4000000059604645,-111.4029312133789,-0.4000000059604645,-119.99170684814453,0.0,425.23193359374017,-0.125,-2.25,2.25
7.1000000000000005,29.24100112915039,29.24100112915039,0.018481995910406113,0.018481995910406113,0.021269962191581726,0.021269962191581726,7.451463222503662,-7.89821195602417,0.0,0.6031711,0.7839082479476929,3.4011740684509277,-0.5470203161239624,-0.4281888008117676,3.444882620664367,-0.15946715966285976,3.4336812496185303,-0.8725675940513611,-1.325111985206604,-0.8725675940513611,-1.325111985206604,-0.4000000059604645,-102.8982925415039,-0.4000000059604645,-111.4029312133789,0.0,420.8343505859465,-0.125,-2.25,2.25
7.12,29.309614181518555,29.309614181518555,0.019984187558293343,0.019984187558293343,0.022691385820508003,0.022691385820508003,7.507442951202393,-7.858227729797363,0.0,0.5945946,0.7753415107727051,3.389286756515503,-0.5402013063430786,-0.4286128580570221,3.4320667489526113,-0.1580555087339124,3.4277288913726807,-0.8490175604820251,-1.3069021701812744,-0.8490175604820251,-1.3069021701812744,-0.4000000059604645,-94.48160552978516,-0.4000000059604645,-102.8982925415039,0.0,416.3337707519435,-0.125,-2.25,2.25
7.140000000000001,29.377962112426758,29.377962112426758,0.021578289568424225,0.021578289568424225,0.02411271631717682,0.02411271631717682,7.563479900360107,-7.818750381469727,0.0,0.58605117,0.766764760017395,3.377803325653076,-0.5333355069160461,-0.42912086844444275,3.4196494074291266,-0.1566013396380793,3.421936511993408,-0.8258070945739746,-1.2897621393203735,-0.8258070945739746,-1.2897621393203735,-0.4000000059604645,-86.1549301147461,-0.4000000059604645,-94.48160552978516,0.0,411.8137359619228,-0.125,-2.25,2.25
7.16,29.446048736572266,29.446048736572266,0.02326357737183571,0.02326357737183571,0.025526896119117737,0.025526896119117737,7.619590759277344,-7.779816150665283,0.0,0.5775402,0.7581781148910522,3.3667168617248535,-0.5264434218406677,-0.4297032952308655,3.407627488946196,-0.15511095334879754,3.4162914752960205,-0.8029674291610718,-1.2737252712249756,-0.8029674291610718,-1.2737252712249756,-0.4000000059604645,-77.91865539550781,-0.4000000059604645,-86.1549301147461,0.0,407.3650360107509,-0.125,-2.25,2.25
7.18,29.513879776000977,29.513879776000977,0.025038879364728928,0.025038879364728928,0.026926890015602112,0.026926890015602112,7.675796985626221,-7.741438865661621,0.0,0.5690613,0.7495790123939514,3.3560192584991455,-0.5195456147193909,-0.43035098910331726,3.395996600291482,-0.15359083197328804,3.4107906818389893,-0.7805330157279968,-1.2588188648223877,-0.7805330157279968,-1.2588188648223877,-0.4000000059604645,-69.77135467529297,-0.4000000059604645,-77.91865539550781,0.0,404.25014495848677,-0.125,-2.25,2.25
7.2,29.581466674804688,29.581466674804688,0.026902593672275543,0.026902593672275543,0.028306052088737488,0.028306052088737488,7.732064247131348,-7.703553676605225,0.0,0.5606128,0.7409662008285522,3.345700979232788,-0.5126617550849915,-0.4310557246208191,3.384750672880657,-0.15204736346967396,3.405437707901001,-0.7585283517837524,-1.2450610399246216,-0.7585283517837524,-1.2450610399246216,-0.4000000059604645,-61.68635177612305,-0.4000000059604645,-69.77135467529297,0.0,402.97088623047733,-0.125,-2.25,2.25
7.22,29.648815155029297,29.648815155029297,0.028852717950940132,0.028852717950940132,0.02965816855430603,0.02965816855430603,7.78842306137085,-7.666208744049072,0.0,0.55219454,0.7323391437530518,3.335754871368408,-0.5058099627494812,-0.4318099617958069,3.3738856353283073,-0.15048646693270712,3.4002513885498047,-0.7369539737701416,-1.232459306716919,-0.7369539737701416,-1.232459306716919,-0.4000000059604645,-53.62693405151367,-0.4000000059604645,-61.68635177612305,0.0,401.7744064330962,-0.125,-2.25,2.25
7.24,29.71592903137207,29.71592903137207,0.030886894091963768,0.030886894091963768,0.03097761981189251,0.03097761981189251,7.844871520996094,-7.62938928604126,0.0,0.54380524,0.7236965298652649,3.3261735439300537,-0.49900680780410767,-0.43260708451271057,3.3633968303747714,-0.14891369816261388,3.395261287689209,-0.7157703042030334,-1.2210112810134888,-0.7157703042030334,-1.2210112810134888,-0.4000000059604645,-45.59144592285156,-0.4000000059604645,-53.62693405151367,0.0,400.71773529053587,-0.125,-2.25,2.25
7.26,29.78281593322754,29.78281593322754,0.03300245478749275,0.03300245478749275,0.032259538769721985,0.032259538769721985,7.901386260986328,-7.593050479888916,0.0,0.5354445,0.7150376439094543,3.31695294380188,-0.49226704239845276,-0.43344107270240784,3.353282522011481,-0.14733400039774586,3.390489101409912,-0.6949148178100586,-1.210705280303955,-0.6949148178100586,-1.210705280303955,-0.4000000059604645,-37.577091217041016,-0.4000000059604645,-45.59144592285156,0.0,399.85008239745173,-0.125,-2.25,2.25
7.28,29.849485397338867,29.849485397338867,0.035196464508771896,0.035196464508771896,0.03349950909614563,0.03349950909614563,7.958003044128418,-7.557245254516602,0.0,0.52711076,0.7063618898391724,3.308089256286621,-0.485603928565979,-0.43430671095848083,3.3435408929752426,-0.14575192773413442,3.3859527111053467,-0.6743301153182983,-1.201521635055542,-0.6743301153182983,-1.201521635055542,-0.4000000059604645,-29.580089569091797,-0.4000000059604645,-37.577091217041016,0.0,399.21665191651243,-0.125,-2.25,2.25
7.3,29.91594123840332,29.91594123840332,0.037465766072273254,0.037465766072273254,0.03469373658299446,0.03469373658299446,8.014711380004883,-7.521949768066406,0.0,0.5188035,0.697668731212616,3.299579620361328,-0.4790290594100952,-0.43519914150238037,3.334170738109122,-0.14417155013000746,3.3816683292388916,-0.6539663672447205,-1.1934340000152588,-0.6539663672447205,-1.1934340000152588,-0.4000000059604645,-21.59575653076172,-0.4000000059604645,-29.580089569091797,0.0,398.86178970335993,-0.125,-2.25,2.25
7.32,29.982192993164062,29.982192993164062,0.039807017892599106,0.039807017892599106,0.035838931798934937,0.035838931798934937,8.071495056152344,-7.487124919891357,0.0,0.51052207,0.6889575123786926,3.291422128677368,-0.47255274653434753,-0.4361141324043274,3.3251715335308965,-0.14259655865652798,3.377650737762451,-0.6337775588035583,-1.1864113807678223,-0.6337775588035583,-1.1864113807678223,-0.4000000059604645,-13.618520736694336,-0.4000000059604645,-21.59575653076172,0.0,398.7867116928186,-0.125,-2.25,2.25
7.34,30.04824447631836,30.04824447631836,0.0422167144715786,0.0422167144715786,0.03693218529224396,0.03693218529224396,8.128385543823242,-7.452821731567383,0.0,0.5022659,0.6802282929420471,3.283616065979004,-0.46618402004241943,-0.4370478689670563,3.316543684213784,-0.1410302476348687,3.3739137649536133,-0.613721489906311,-1.180418848991394,-0.613721489906311,-1.180418848991394,-0.4000000059604645,-5.642786502838135,-0.4000000059604645,-13.618520736694336,0.0,399.044883251181,-0.125,-2.25,2.25
7.36,30.114105224609375,30.114105224609375,0.04469122737646103,0.04469122737646103,0.037971049547195435,0.037971049547195435,8.185380935668945,-7.419023036956787,0.0,0.49403325,0.6714799404144287,3.2761611938476562,-0.4599309265613556,-0.43799686431884766,3.3082878691675077,-0.13947562709769096,3.370471715927124,-0.5937607884407043,-1.175418734550476,-0.5937607884407043,-1.175418734550476,-0.4000000059604645,2.338111162185669,-0.4000000059604645,-5.642786502838135,0.0,399.6478915214624,-0.125,-2.25,2.25
7.38,30.17978286743164,30.17978286743164,0.04722682759165764,0.04722682759165764,0.03895339369773865,0.03895339369773865,8.242465019226074,-7.3856892585754395,0.0,0.48582357,0.6627123951911926,3.269057273864746,-0.4538005590438843,-0.438958078622818,3.30040458234995,-0.13793544519754167,3.3673369884490967,-0.5738546252250671,-1.1713721752166748,-0.5738546252250671,-1.1713721752166748,-0.4000000059604645,10.331068992614746,-0.4000000059604645,2.338111162185669,0.0,400.602579116812,-0.125,-2.25,2.25
7.4,30.245285034179688,30.245285034179688,0.0498196966946125,0.0498196966946125,0.039877474308013916,0.039877474308013916,8.299660682678223,-7.352852821350098,0.0,0.47763556,0.6539251804351807,3.2623064517974854,-0.44779908657073975,-0.43992874026298523,3.292896507236917,-0.1364120919322898,3.3645219802856445,-0.5539687275886536,-1.1682389974594116,-0.5539687275886536,-1.1682389974594116,-0.4000000059604645,18.343120574951172,-0.4000000059604645,10.331068992614746,0.0,401.92365646363163,-0.125,-2.25,2.25
7.42,30.310617446899414,30.310617446899414,0.052465975284576416,0.052465975284576416,0.040741801261901855,0.040741801261901855,8.356980323791504,-7.320531368255615,0.0,0.4694693,0.6451185345649719,3.2559101581573486,-0.4419320225715637,-0.4409064054489136,3.2857654923269255,-0.13490780494486357,3.362039566040039,-0.5340712666511536,-1.1659786701202393,-0.5340712666511536,-1.1659786701202393,-0.4000000059604645,26.381593704223633,-0.4000000059604645,18.343120574951172,0.0,403.6044120788481,-0.125,-2.25,2.25
7.44,30.37578582763672,30.37578582763672,0.05516175553202629,0.05516175553202629,0.04154515266418457,0.04154515266418457,8.414395332336426,-7.28867244720459,0.0,0.4613233,0.6362926363945007,3.249870538711548,-0.4362041652202606,-0.4418888986110687,3.2790139664449116,-0.13342458716711814,3.359902858734131,-0.5141276121139526,-1.16455078125,-0.5141276121139526,-1.16455078125,-0.4000000059604645,34.45368194580078,-0.4000000059604645,26.381593704223633,0.0,405.649375915536,-0.125,-2.25,2.25
7.46,30.440799713134766,30.440799713134766,0.057903096079826355,0.057903096079826355,0.042286645621061325,0.042286645621061325,8.471919059753418,-7.257285118103027,0.0,0.45319632,0.6274471282958984,3.2441916465759277,-0.4306197762489319,-0.4428744316101074,3.2726461512680696,-0.13196420940330703,3.358123779296875,-0.4941066801548004,-1.1639153957366943,-0.4941066801548004,-1.1639153957366943,-0.4000000059604645,42.56666946411133,-0.4000000059604645,34.45368194580078,0.0,408.05568695067416,-0.125,-2.25,2.25
7.48,30.50566864013672,30.50566864013672,0.060686059296131134,0.060686059296131134,0.04296553134918213,0.04296553134918213,8.52959156036377,-7.2264299392700195,0.0,0.44508764,0.6185814738273621,3.2388763427734375,-0.42518240213394165,-0.44386133551597595,3.2666649719341936,-0.13052827889685073,3.356715679168701,-0.4739795923233032,-1.1640331745147705,-0.4739795923233032,-1.1640331745147705,-0.4000000059604645,50.727783203125,-0.4000000059604645,42.56666946411133,0.0,410.7852935791103,-0.125,-2.25,2.25
7.5,30.57039451599121,30.57039451599121,0.06350670754909515,0.06350670754909515,0.04358138144016266,0.04358138144016266,8.587373733520508,-7.196036338806152,0.0,0.4369969,0.6096965074539185,3.2339296340942383,-0.4198951721191406,-0.44484829902648926,3.2610754106340223,-0.1291181915807964,3.3556911945343018,-0.45371633768081665,-1.1648660898208618,-0.45371633768081665,-1.1648660898208618,-0.4000000059604645,58.94348907470703,-0.4000000059604645,50.727783203125,0.0,413.855361938467,-0.125,-2.25,2.25
7.5200000000000005,30.634990692138672,30.634990692138672,0.06636110693216324,0.06636110693216324,0.04413382709026337,0.04413382709026337,8.645276069641113,-7.166101932525635,0.0,0.42892256,0.6007916331291199,3.229356288909912,-0.41476085782051086,-0.44583430886268616,3.2558821554076562,-0.12773524407253806,3.35506272315979,-0.4332917332649231,-1.1663775444030762,-0.4332917332649231,-1.1663775444030762,-0.4000000059604645,67.22059631347656,-0.4000000059604645,58.94348907470703,0.0,417.2401428222745,-0.125,-2.25,2.25
7.54,30.699460983276367,30.699460983276367,0.06924537569284439,0.06924537569284439,0.04462282359600067,0.04462282359600067,8.70333194732666,-7.136684894561768,0.0,0.42086387,0.5918667316436768,3.22516131401062,-0.4097816050052643,-0.4468185007572174,3.251090042615153,-0.12638052990778934,3.3548436164855957,-0.4126797616481781,-1.1685315370559692,-0.4126797616481781,-1.1685315370559692,-0.4000000059604645,75.56539916992188,-0.4000000059604645,67.22059631347656,0.0,420.90911865233403,-0.125,-2.25,2.25
7.5600000000000005,30.76381492614746,30.76381492614746,0.07215564697980881,0.07215564697980881,0.045048415660858154,0.045048415660858154,8.761520385742188,-7.10775089263916,0.0,0.41281968,0.5829226970672607,3.221350908279419,-0.4049593210220337,-0.44780027866363525,3.246705056816104,-0.12505501824397394,3.3550467491149902,-0.39185646176338196,-1.1712942123413086,-0.39185646176338196,-1.1712942123413086,-0.4000000059604645,83.98358154296875,-0.4000000059604645,75.56539916992188,0.0,424.8508453369231,-0.125,-2.25,2.25
7.58,30.828062057495117,30.828062057495117,0.07508809119462967,0.07508809119462967,0.04541081190109253,0.04541081190109253,8.819845199584961,-7.079274654388428,0.0,0.4047888,0.5739587545394897,3.217931032180786,-0.40029552578926086,-0.44877925515174866,3.24273289616012,-0.12375956245577693,3.355684757232666,-0.3707998991012573,-1.1746331453323364,-0.3707998991012573,-1.1746331453323364,-0.4000000059604645,92.48059844970703,-0.4000000059604645,83.98358154296875,0.0,429.0332794189354,-0.125,-2.25,2.25
7.6000000000000005,30.8922061920166,30.8922061920166,0.07803893834352493,0.07803893834352493,0.045710496604442596,0.045710496604442596,8.878313064575195,-7.051278114318848,0.0,0.39677048,0.5649757981300354,3.2149085998535156,-0.39579132199287415,-0.4497551918029785,3.23918015491219,-0.12249484306112587,3.3567709922790527,-0.3494888246059418,-1.178517460823059,-0.3494888246059418,-1.178517460823059,-0.4000000059604645,101.06126403808594,-0.4000000059604645,92.48059844970703,0.0,435.6632232666108,-0.125,-2.25,2.25
7.62,30.956262588500977,30.956262588500977,0.08100447058677673,0.08100447058677673,0.04594792425632477,0.04594792425632477,8.936952590942383,-7.023801803588867,0.0,0.38876364,0.5559730529785156,3.2122907638549805,-0.39144766330718994,-0.45072808861732483,3.236053649842146,-0.12126147596600832,3.3583178520202637,-0.3279055655002594,-1.1829183101654053,-0.3279055655002594,-1.1829183101654053,-0.4000000059604645,109.77452850341797,-0.4000000059604645,101.06126403808594,0.0,442.2348022460835,-0.125,-2.25,2.25
7.640000000000001,31.020235061645508,31.020235061645508,0.08398104459047318,0.08398104459047318,0.04612378776073456,0.04612378776073456,8.995745658874512,-6.99678373336792,0.0,0.38076708,0.5469503402709961,3.210085391998291,-0.3872651159763336,-0.4516981244087219,3.2333608666483524,-0.1200599202044956,3.3603553771972656,-0.3060096204280853,-1.1878080368041992,-0.3060096204280853,-1.1878080368041992,-0.4000000059604645,118.61922454833984,-0.4000000059604645,109.77452850341797,0.0,448.7113952636814,-0.125,-2.25,2.25
7.66,31.08413314819336,31.08413314819336,0.08696509152650833,0.08696509152650833,0.046238940209150314,0.046238940209150314,9.0546875,-6.9702277183532715,0.0,0.37277967,0.5379090905189514,3.2083020210266113,-0.38324400782585144,-0.45266565680503845,3.231110927785962,-0.11889048788683187,3.3629024028778076,-0.2837478220462799,-1.1931610107421875,-0.2837478220462799,-1.1931610107421875,-0.4000000059604645,127.59345245361328,-0.4000000059604645,118.61922454833984,0.0,455.2440643310644,-0.125,-2.25,2.25
7.68,31.147966384887695,31.147966384887695,0.08995310962200165,0.08995310962200165,0.046294357627630234,0.046294357627630234,9.113814353942871,-6.944183826446533,0.0,0.36480066,0.5288479924201965,3.2069509029388428,-0.379384309053421,-0.45363113284111023,3.2293136341668953,-0.11775334332691871,3.3659722805023193,-0.2610849142074585,-1.1989529132843018,-0.2610849142074585,-1.1989529132843018,-0.4000000059604645,136.69833374023438,-0.4000000059604645,127.59345245361328,0.0,461.80191040037994,-0.125,-2.25,2.25
7.7,31.211748123168945,31.211748123168945,0.09294168651103973,0.09294168651103973,0.0462910495698452,0.0462910495698452,9.173120498657227,-6.918628215789795,0.0,0.35682777,0.5197674632072449,3.2060418128967285,-0.37568601965904236,-0.4545951783657074,3.2279783288320565,-0.11664866472333238,3.369579315185547,-0.23800116777420044,-1.2051619291305542,-0.23800116777420044,-1.2051619291305542,-0.4000000059604645,145.9343719482422,-0.4000000059604645,136.69833374023438,0.0,468.3464050293069,-0.125,-2.25,2.25
7.72,31.275482177734375,31.275482177734375,0.09592750668525696,0.09592750668525696,0.04623020440340042,0.04623020440340042,9.232599258422852,-6.893534183502197,0.0,0.34886098,0.5106676816940308,3.205585241317749,-0.37214887142181396,-0.4555586278438568,3.2271150462688345,-0.11557650785002063,3.3737363815307617,-0.21448567509651184,-1.2117681503295898,-0.21448567509651184,-1.2117681503295898,-0.4000000059604645,155.30130004882812,-0.4000000059604645,145.9343719482422,0.0,474.84436035155153,-0.125,-2.25,2.25
7.74,31.33917808532715,31.33917808532715,0.09890732169151306,0.09890732169151306,0.04611293971538544,0.04611293971538544,9.292256355285645,-6.868906497955322,0.0,0.3408991,0.5015490055084229,3.2055912017822266,-0.36877259612083435,-0.4565224349498749,3.226733360628566,-0.11453693068179771,3.3784563541412354,-0.1905331015586853,-1.2187540531158447,-0.1905331015586853,-1.2187540531158447,-0.4000000059604645,164.79818725585938,-0.4000000059604645,155.30130004882812,0.0,481.2614440918071,-0.125,-2.25,2.25
7.76,31.402847290039062,31.402847290039062,0.10187797248363495,0.10187797248363495,0.04594042897224426,0.04594042897224426,9.352128982543945,-6.844819068908691,0.0,0.33294034,0.4924107789993286,3.2060697078704834,-0.3655568063259125,-0.45748770236968994,3.226842845627275,-0.1135299381165537,3.383751392364502,-0.1661427766084671,-1.2261033058166504,-0.1661427766084671,-1.2261033058166504,-0.4000000059604645,174.4234161376953,-0.4000000059604645,164.79818725585938,0.0,487.56408691405125,-0.125,-2.25,2.25
7.78,31.46649932861328,31.46649932861328,0.10483638197183609,0.10483638197183609,0.045714057981967926,0.045714057981967926,9.412191390991211,-6.821196556091309,0.0,0.3249838,0.4832533001899719,3.207031011581421,-0.3625008761882782,-0.4584555923938751,3.227453298574934,-0.1125554359527125,3.3896336555480957,-0.14131663739681244,-1.2338019609451294,-0.14131663739681244,-1.2338019609451294,-0.4000000059604645,184.17469787597656,-0.4000000059604645,174.4234161376953,0.0,493.71719360352614,-0.125,-2.25,2.25
7.8,31.530147552490234,31.530147552490234,0.10777958482503891,0.10777958482503891,0.04543507099151611,0.04543507099151611,9.472456932067871,-6.798038482666016,0.0,0.31702802,0.4740760326385498,3.2084851264953613,-0.35960426926612854,-0.4594273865222931,3.2285743041498023,-0.11161334775330663,3.3961141109466553,-0.11606021970510483,-1.241837501525879,-0.11606021970510483,-1.241837501525879,-0.4000000059604645,194.04904174804688,-0.4000000059604645,184.17469787597656,0.0,499.6772766113166,-0.125,-2.25,2.25
7.82,31.59379768371582,31.59379768371582,0.11070466041564941,0.11070466041564941,0.045104872435331345,0.045104872435331345,9.532937049865723,-6.775379180908203,0.0,0.3090715,0.4648799002170563,3.210441827774048,-0.3568662703037262,-0.4604043960571289,3.230215204038527,-0.11070353112029527,3.4032039642333984,-0.09038012474775314,-1.2501989603042603,-0.09038012474775314,-1.2501989603042603,-0.4000000059604645,204.04258728027344,-0.4000000059604645,194.04904174804688,0.0,504.94766235352637,-0.125,-2.25,2.25
7.84,31.65746307373047,31.65746307373047,0.11360879987478256,0.11360879987478256,0.0447247289121151,0.0447247289121151,9.593647003173828,-6.753239154815674,0.0,0.30111346,0.4556640684604645,3.2129099369049072,-0.35428616404533386,-0.4613879323005676,3.2323844060841918,-0.10982585597073956,3.4109127521514893,-0.06428453326225281,-1.2588768005371094,-0.06428453326225281,-1.2588768005371094,-0.4000000059604645,214.14154052734375,-0.4000000059604645,204.04258728027344,0.0,506.8206787109258,-0.125,-2.25,2.25
7.86,31.721153259277344,31.721153259277344,0.11648926138877869,0.11648926138877869,0.04429614543914795,0.04429614543914795,9.654579162597656,-6.731568336486816,0.0,0.293152,0.44642823934555054,3.2158989906311035,-0.3518630862236023,-0.4623792767524719,3.235091026445616,-0.10898010065166687,3.4192466735839844,-0.03778991475701332,-1.267863154411316,-0.03778991475701332,-1.267863154411316,-0.4000000059604645,224.2779541015625,-0.4000000059604645,214.14154052734375,0.0,513.3888244629015,-0.125,-2.25,2.25
7.88,31.784879684448242,31.784879684448242,0.11934339255094528,0.11934339255094528,0.04382042586803436,0.04382042586803436,9.715737342834473,-6.71036958694458,0.0,0.28518632,0.4371728003025055,3.219416618347168,-0.3495962619781494,-0.4633798599243164,3.23834230878686,-0.10816611327784517,3.4281890392303467,-0.010952834039926529,-1.2771519422531128,-0.010952834039926529,-1.2771519422531128,-0.4000000059604645,234.5457305908203,-0.4000000059604645,224.2779541015625,0.0,521.6804504394411,-0.125,-2.25,2.25
7.9,31.848651885986328,31.848651885986328,0.12216860800981522,0.12216860800981522,0.04329891502857208,0.04329891502857208,9.777148246765137,-6.689704895019531,0.0,0.2772149,0.427897572517395,3.2234694957733154,-0.34748488664627075,-0.46439099311828613,3.242144558255946,-0.10738374044068391,3.437774419784546,0.01620122790336609,-1.2867377996444702,0.01620122790336609,-1.2867377996444702,-0.4000000059604645,244.97933959960938,-0.4000000059604645,234.5457305908203,0.0,530.8319091796989,-0.125,-2.25,2.25
7.92,31.912485122680664,31.912485122680664,0.12496236711740494,0.12496236711740494,0.04273318126797676,0.04273318126797676,9.838814735412598,-6.66953706741333,0.0,0.26923555,0.4186013340950012,3.228067636489868,-0.34552788734436035,-0.4654141068458557,3.2465073828171005,-0.10663261195713207,3.448035955429077,0.04372037574648857,-1.2966161966323853,0.04372037574648857,-1.2966161966323853,-0.4000000059604645,255.59597778320312,-0.4000000059604645,244.97933959960938,0.0,541.3314819335812,-0.125,-2.25,2.25
7.94,31.976388931274414,31.976388931274414,0.12772223353385925,0.12772223353385925,0.04212485998868942,0.04212485998868942,9.90073013305664,-6.649847984313965,0.0,0.2612478,0.40928491950035095,3.233222007751465,-0.34372401237487793,-0.46645039319992065,3.2514413339458392,-0.10591225066792935,3.4590017795562744,0.071675606071949,-1.3067822456359863,0.071675606071949,-1.3067822456359863,-0.4000000059604645,266.422607421875,-0.4000000059604645,255.59597778320312,0.0,536.331176757824,-0.125,-2.25,2.25
7.96,32.04037857055664,32.04037857055664,0.13044588267803192,0.13044588267803192,0.041475798934698105,0.041475798934698105,9.962913513183594,-6.630648612976074,0.0,0.2532489,0.39994674921035767,3.238945722579956,-0.3420717716217041,-0.46750107407569885,3.2569590864423525,-0.10522201741462259,3.470702648162842,0.1001395508646965,-1.317232608795166,0.1001395508646965,-1.317232608795166,-0.4000000059604645,277.14923095703125,-0.4000000059604645,266.422607421875,0.0,530.226135253894,-0.125,-2.25,2.25
7.98,32.10445785522461,32.10445785522461,0.13313104212284088,0.13313104212284088,0.04078754410147667,0.04078754410147667,10.02538013458252,-6.612006664276123,0.0,0.24523903,0.39058810472488403,3.2452468872070312,-0.34057003259658813,-0.4685671329498291,3.2630683881938127,-0.10456152499358701,3.4830427169799805,0.1290086954832077,-1.3279658555984497,0.1290086954832077,-1.3279658555984497,-0.4000000059604645,287.7537536621094,-0.4000000059604645,277.14923095703125,0.0,523.9318847656361,-0.125,-2.25,2.25
8.0,32.16864013671875,32.16864013671875,0.13577550649642944,0.13577550649642944,0.040061190724372864,0.040061190724372864,10.088120460510254,-6.593851566314697,0.0,0.23721617,0.38120824098587036,3.2521252632141113,-0.33921846747398376,-0.46964988112449646,3.269768783310351,-0.10393087268177868,3.4959778785705566,0.15802526473999023,-1.3389849662780762,0.15802526473999023,-1.3389849662780762,-0.4000000059604645,298.2323913574219,-0.4000000059604645,287.7537536621094,0.0,517.4545288086048,-0.125,-2.25,2.25
8.02,32.23294448852539,32.23294448852539,0.1383771002292633,0.1383771002292633,0.03929765522480011,0.03929765522480011,10.151150703430176,-6.576184272766113,0.0,0.22917846,0.37180596590042114,3.2595772743225098,-0.3380168676376343,-0.4707506597042084,3.2770565161570406,-0.10333026764502501,3.509489059448242,0.18697498738765717,-1.3502939939498901,0.18697498738765717,-1.3502939939498901,-0.4000000059604645,308.58148193359375,-0.4000000059604645,298.2323913574219,0.0,510.79864501949675,-0.125,-2.25,2.25
8.040000000000001,32.2973747253418,32.2973747253418,0.14093367755413055,0.14093367755413055,0.038497887551784515,0.038497887551784515,10.214481353759766,-6.5590643882751465,0.0,0.2211247,0.36238211393356323,3.2675974369049072,-0.3369649648666382,-0.4718708097934723,3.2849259348142223,-0.1027599218162157,3.523566722869873,0.2157190442085266,-1.3618963956832886,0.2157190442085266,-1.3618963956832886,-0.4000000059604645,318.7974548339844,-0.4000000059604645,308.58148193359375,0.0,503.96423339844824,-0.125,-2.25,2.25
8.06,32.36194610595703,32.36194610595703,0.14344309270381927,0.14344309270381927,0.03766284137964249,0.03766284137964249,10.278119087219238,-6.54247522354126,0.0,0.21305302,0.3529357612133026,3.276179790496826,-0.3360621929168701,-0.4730113446712494,3.293370889706764,-0.10221993390965045,3.538203239440918,0.24417895078659058,-1.373794674873352,0.24417895078659058,-1.373794674873352,-0.4000000059604645,328.8767395019531,-0.4000000059604645,318.7974548339844,0.0,496.9497680664168,-0.125,-2.25,2.25
8.08,32.42667007446289,32.42667007446289,0.14590317010879517,0.14590317010879517,0.036793533712625504,0.036793533712625504,10.342065811157227,-6.526385307312012,0.0,0.20496266,0.34346646070480347,3.285318374633789,-0.33530762791633606,-0.4741728901863098,3.3023852028564566,-0.10171025810750908,3.553391695022583,0.27230948209762573,-1.385989785194397,0.27230948209762573,-1.385989785194397,-0.4000000059604645,338.81573486328125,-0.4000000059604645,328.8767395019531,0.0,487.7868652343854,-0.125,-2.25,2.25
8.1,32.49155807495117,32.49155807495117,0.1483118236064911,0.1483118236064911,0.03589119389653206,0.03589119389653206,10.406335830688477,-6.510819435119629,0.0,0.1968517,0.333973228931427,3.2950074672698975,-0.3347000777721405,-0.4753558337688446,3.3119629151645196,-0.10123072609845271,3.5691261291503906,0.3000831604003906,-1.3984812498092651,0.3000831604003906,-1.3984812498092651,-0.4000000059604645,348.57147216796875,-0.4000000059604645,338.81573486328125,0.0,463.3285522460625,-0.125,-2.25,2.25
8.120000000000001,32.556617736816406,32.556617736816406,0.1506669521331787,0.1506669521331787,0.034956999123096466,0.034956999123096466,10.470935821533203,-6.49583625793457,0.0,0.18871902,0.32445716857910156,3.305239677429199,-0.3342382311820984,-0.47656023502349854,3.3220964044464476,-0.1007811521205027,3.5853848457336426,0.3274628818035126,-1.4112679958343506,0.3274628818035126,-1.4112679958343506,-0.4000000059604645,357.8380432128906,-0.4000000059604645,348.57147216796875,0.0,440.2557373046969,-0.125,-2.25,2.25
8.14,32.62186813354492,32.62186813354492,0.15296649932861328,0.15296649932861328,0.03399191051721573,0.03399191051721573,10.535870552062988,-6.481367588043213,0.0,0.1805627,0.31491613388061523,3.3160011768341064,-0.33392083644866943,-0.4777858853340149,3.33277165881189,-0.10036152974187665,3.602037191390991,0.35424166917800903,-1.4243500232696533,0.35424166917800903,-1.4243500232696533,-0.4000000059604645,366.6431579589844,-0.4000000059604645,357.8380432128906,0.0,418.5455322265714,-0.125,-2.25,2.25
8.16,32.687313079833984,32.687313079833984,0.15520837903022766,0.15520837903022766,0.03299650549888611,0.03299650549888611,10.601142883300781,-6.467419147491455,0.0,0.17238231,0.305350661277771,3.327270269393921,-0.3337472379207611,-0.4790326654911041,3.343966905400296,-0.09997222842735798,3.619030475616455,0.3801236152648926,-1.4377285242080688,0.3801236152648926,-1.4377285242080688,-0.4000000059604645,375.0140686035156,-0.4000000059604645,366.6431579589844,0.0,398.1552124023522,-0.125,-2.25,2.25
8.18,32.752967834472656,32.752967834472656,0.1573905050754547,0.1573905050754547,0.03197131305932999,0.03197131305932999,10.66677188873291,-6.4540863037109375,0.0,0.16417527,0.29576021432876587,3.3390228748321533,-0.3337167799472809,-0.4803004562854767,3.3556580052011795,-0.09961364483033187,3.636338472366333,0.4049226939678192,-1.4514038562774658,0.4049226939678192,-1.4514038562774658,-0.4000000059604645,382.9771728515625,-0.4000000059604645,375.0140686035156,0.0,379.0298461914143,-0.125,-2.25,2.25
8.2,32.81884002685547,32.81884002685547,0.15951070189476013,0.15951070189476013,0.030916906893253326,0.030916906893253326,10.732752799987793,-6.441291332244873,0.0,0.15594153,0.2861439287662506,3.351236343383789,-0.3338281810283661,-0.48158884048461914,3.3678221870617007,-0.09928590536808998,3.653947353363037,0.42856183648109436,-1.4653732776641846,0.42856183648109436,-1.4653732776641846,-0.4000000059604645,390.5577697753906,-0.4000000059604645,382.9771728515625,0.0,361.1083984374756,-0.125,-2.25,2.25
8.22,32.88494110107422,32.88494110107422,0.1615668386220932,0.1615668386220932,0.029834210872650146,0.029834210872650146,10.799087524414062,-6.429035186767578,0.0,0.1476788,0.27650195360183716,3.3638885021209717,-0.33407971262931824,-0.4828970432281494,3.380437118050292,-0.09898895401760509,3.671846628189087,0.4510388970375061,-1.4796314239501953,0.4510388970375061,-1.4796314239501953,-0.4000000059604645,397.7799377441406,-0.4000000059604645,390.5577697753906,0.0,344.3161010742261,-0.125,-2.25,2.25
8.24,32.95127487182617,32.95127487182617,0.16355673968791962,0.16355673968791962,0.028724266216158867,0.028724266216158867,10.86579418182373,-6.4174041748046875,0.0,0.13938712,0.26683345437049866,3.3769590854644775,-0.3344690501689911,-0.4842238426208496,3.393482313262002,-0.09872247264527041,3.690028190612793,0.4723936915397644,-1.4941694736480713,0.4723936915397644,-1.4941694736480713,-0.4000000059604645,404.666259765625,-0.4000000059604645,397.7799377441406,0.0,328.59344482422574,-0.125,-2.25,2.25
8.26,33.01785659790039,33.01785659790039,0.16547827422618866,0.16547827422618866,0.027588238939642906,0.027588238939642906,10.932865142822266,-6.406346797943115,0.0,0.13106413,0.2571384012699127,3.3904287815093994,-0.33499354124069214,-0.48556774854660034,3.4069382141683007,-0.09848599477700104,3.708483934402466,0.492684543132782,-1.508976936340332,0.492684543132782,-1.508976936340332,-0.4000000059604645,411.2381286621094,-0.4000000059604645,404.666259765625,0.0,313.86566162110046,-0.125,-2.25,2.25
8.28,33.084693908691406,33.084693908691406,0.1673293113708496,0.1673293113708496,0.026427552103996277,0.026427552103996277,11.000306129455566,-6.39585018157959,0.0,0.122709505,0.2474159151315689,3.4042809009552,-0.3356502056121826,-0.4869271218776703,3.4207878497702615,-0.09827886321141283,3.7272069454193115,0.5119754672050476,-1.5240423679351807,0.5119754672050476,-1.5240423679351807,-0.4000000059604645,417.51544189453125,-0.4000000059604645,411.2381286621094,0.0,300.0656127929485,-0.125,-2.25,2.25
8.3,33.151790618896484,33.151790618896484,0.16910777986049652,0.16910777986049652,0.025243589654564857,0.025243589654564857,11.068123817443848,-6.386004447937012,0.0,0.11432247,0.23766641318798065,3.4184987545013428,-0.33643588423728943,-0.4883002042770386,3.4350142414158573,-0.09810035482659285,3.746190309524536,0.5303307771682739,-1.5393528938293457,0.5303307771682739,-1.5393528938293457,-0.4000000059604645,423.5167541503906,-0.4000000059604645,417.51544189453125,0.0,287.13073730469364,-0.125,-2.25,2.25
8.32,33.21915817260742,33.21915817260742,0.17081166803836823,0.17081166803836823,0.0240379199385643,0.0240379199385643,11.136320114135742,-6.37675666809082,0.0,0.105901495,0.2278890311717987,3.433068037033081,-0.3373472988605499,-0.4896853268146515,3.449602781038229,-0.09794963373720787,3.7654287815093994,0.547812283039093,-1.5548961162567139,0.547812283039093,-1.5548961162567139,-0.4000000059604645,429.2593688964844,-0.4000000059604645,423.5167541503906,0.0,274.9984741210996,-0.125,-2.25,2.25
8.34,33.28679656982422,33.28679656982422,0.17243897914886475,0.17243897914886475,0.022812068462371826,0.022812068462371826,11.20488452911377,-6.3680925369262695,0.0,0.09744696,0.21808454394340515,3.44797420501709,-0.33838126063346863,-0.4910808801651001,3.4645386411485046,-0.09782589016064888,3.784916400909424,0.564478874206543,-1.5706593990325928,0.564478874206543,-1.5706593990325928,-0.4000000059604645,434.75933837890625,-0.4000000059604645,429.2593688964844,0.0,263.6093139648494,-0.125,-2.25,2.25
8.36,33.35471725463867,33.35471725463867,0.17398782074451447,0.17398782074451447,0.0215675737708807,0.0215675737708807,11.273831367492676,-6.360123157501221,0.0,0.08895658,0.20825240015983582,3.4632046222686768,-0.33953455090522766,-0.49248525500297546,3.479808898051952,-0.0977282475524022,3.804647445678711,0.5803850889205933,-1.5866299867630005,0.5803850889205933,-1.5866299867630005,-0.4000000059604645,440.0315246582031,-0.4000000059604645,434.75933837890625,0.0,252.90679931638917,-0.125,-2.25,2.25
8.38,33.42293167114258,33.42293167114258,0.17545628547668457,0.17545628547668457,0.020306050777435303,0.020306050777435303,11.343160629272461,-6.352761745452881,0.0,0.08042997,0.19839182496070862,3.4787473678588867,-0.34080398082733154,-0.49389714002609253,3.495401350736835,-0.09765581642842325,3.824617385864258,0.5955804586410522,-1.6027963161468506,0.5955804586410522,-1.6027963161468506,-0.4000000059604645,445.08966064453125,-0.4000000059604645,440.0315246582031,0.0,242.83752441406767,-0.125,-2.25,2.25
8.4,33.4914436340332,33.4914436340332,0.176842600107193,0.176842600107193,0.01902906596660614,0.01902906596660614,11.412869453430176,-6.346029758453369,0.0,0.071866,0.18850275874137878,3.494590997695923,-0.3421863913536072,-0.4953150749206543,3.511304282970217,-0.09760770308683553,3.844820976257324,0.6101121306419373,-1.619146704673767,0.6101121306419373,-1.619146704673767,-0.4000000059604645,449.9464111328125,-0.4000000059604645,445.08966064453125,0.0,233.34960937500497,-0.125,-2.25,2.25
8.42,33.56026077270508,33.56026077270508,0.17814503610134125,0.17814503610134125,0.017738252878189087,0.017738252878189087,11.482969284057617,-6.340009689331055,0.0,0.063263886,0.1785847544670105,3.510725498199463,-0.34367868304252625,-0.4967379570007324,3.5275074147173258,-0.09758299344301485,3.865253448486328,0.6240218281745911,-1.6356703042984009,0.6240218281745911,-1.6356703042984009,-0.4000000059604645,454.6134033203125,-0.4000000059604645,449.9464111328125,0.0,224.45220947266102,-0.125,-2.25,2.25
8.44,33.629390716552734,33.629390716552734,0.179361954331398,0.179361954331398,0.01643519103527069,0.01643519103527069,11.553445816040039,-6.334615707397461,0.0,0.0546225,0.16863851249217987,3.5271408557891846,-0.34527790546417236,-0.49816471338272095,3.544000486537634,-0.09758081949818881,3.885910749435425,0.6373480558395386,-1.652356743812561,0.6373480558395386,-1.652356743812561,-0.4000000059604645,459.1024475097656,-0.4000000059604645,454.6134033203125,0.0,216.13616943357917,-0.125,-2.25,2.25
8.46,33.69883346557617,33.69883346557617,0.18049173057079315,0.18049173057079315,0.015121459029614925,0.015121459029614925,11.624303817749023,-6.329922676086426,0.0,0.045942217,0.15866397321224213,3.543828010559082,-0.34698113799095154,-0.4995943605899811,3.560774196511854,-0.09760030025541865,3.9067883491516113,0.6501272320747375,-1.669196367263794,0.6501272320747375,-1.669196367263794,-0.4000000059604645,463.4251708984375,-0.4000000059604645,459.1024475097656,0.0,210.23101806641074,-0.125,-2.25,2.25
8.48,33.76860046386719,33.76860046386719,0.18153288960456848,0.18153288960456848,0.013798609375953674,0.013798609375953674,11.695547103881836,-6.325927257537842,0.0,0.037221126,0.14866028726100922,3.5607786178588867,-0.34878548979759216,-0.5010260343551636,3.5778199623925167,-0.0976405497962725,3.9278829097747803,0.6623942255973816,-1.6861802339553833,0.6623942255973816,-1.6861802339553833,-0.4000000059604645,467.6297912597656,-0.4000000059604645,463.4251708984375,0.0,204.80804443359813,-0.125,-2.25,2.25
8.5,33.83869171142578,33.83869171142578,0.1824839860200882,0.1824839860200882,0.012468256056308746,0.012468256056308746,11.76716136932373,-6.322587966918945,0.0,0.028460005,0.13862858712673187,3.5779848098754883,-0.3506881594657898,-0.502458930015564,3.5951296895785605,-0.09770070153357988,3.9492061138153076,0.6742005944252014,-1.7032994031906128,0.6742005944252014,-1.7032994031906128,-0.4000000059604645,471.7259521484375,-0.4000000059604645,467.6297912597656,0.0,199.6047973632855,-0.125,-2.25,2.25
8.52,33.90911865234375,33.90911865234375,0.18334367871284485,0.18334367871284485,0.011132024228572845,0.011132024228572845,11.839155197143555,-6.320031642913818,0.0,0.019656552,0.1285683661699295,3.5954418182373047,-0.3526862859725952,-0.5038923621177673,3.612698366130602,-0.09777979690883333,3.970761775970459,0.6856104135513306,-1.7205456495285034,0.6856104135513306,-1.7205456495285034,-0.4000000059604645,475.7180480957031,-0.4000000059604645,471.7259521484375,0.0,194.58160400389312,-0.125,-2.25,2.25
8.540000000000001,33.97988510131836,33.97988510131836,0.18411073088645935,0.18411073088645935,0.009791500866413116,0.009791500866413116,11.91152572631836,-6.31814432144165,0.0,0.010810771,0.11847921460866928,3.6131441593170166,-0.35477709770202637,-0.5053257346153259,3.630520280216121,-0.09787693181723928,3.9925496578216553,0.6966755986213684,-1.7379112243652344,0.6966755986213684,-1.7379112243652344,-0.4000000059604645,479.60968017578125,-0.4000000059604645,475.7180480957031,0.0,188.6764526367228,-0.125,-2.25,2.25
8.56,34.05099868774414,34.05099868774414,0.18478398025035858,0.18478398025035858,0.008448310196399689,0.008448310196399689,11.984273910522461,-6.317018032073975,0.0,0.0019215177,0.10836103558540344,3.6310877799987793,-0.35695791244506836,-0.5067585110664368,3.648591155132842,-0.09799119875927556,4.0145673751831055,0.707432210445404,-1.7553890943527222,0.707432210445404,-1.7553890943527222,-0.4000000059604645,483.3832092285156,-0.4000000059604645,479.60968017578125,0.0,182.4188232421914,-0.125,-2.25,2.25
8.58,34.122459411621094,34.122459411621094,0.1853623390197754,0.1853623390197754,0.0071039870381355286,0.0071039870381355286,12.057389259338379,-6.316628456115723,0.0,-0.0070112078,0.0982145369052887,3.6492676734924316,-0.35922616720199585,-0.5081901550292969,3.6669057789912602,-0.09812175934552476,4.036803245544434,0.7178927659988403,-1.7729730606079102,0.7178927659988403,-1.7729730606079102,-0.4000000059604645,487.0315856933594,-0.4000000059604645,483.3832092285156,0.0,176.3839721679725,-0.125,-2.25,2.25
8.6,34.194278717041016,34.194278717041016,0.18584482371807098,0.18584482371807098,0.005759969353675842,0.005759969353675842,12.130874633789062,-6.3169755935668945,0.0,-0.015988547,0.08803927898406982,3.6676790714263916,-0.3615795969963074,-0.5096203684806824,3.685459208286421,-0.09826786009419745,4.0592474937438965,0.7280495762825012,-1.7906584739685059,0.7280495762825012,-1.7906584739685059,-0.4000000059604645,490.55926513671875,-0.4000000059604645,487.0315856933594,0.0,170.54595947264474,-0.125,-2.25,2.25
8.620000000000001,34.266456604003906,34.266456604003906,0.18623052537441254,0.18623052537441254,0.0044176653027534485,0.0044176653027534485,12.204723358154297,-6.318123817443848,0.0,-0.025010886,0.0778355821967125,3.6863162517547607,-0.36401596665382385,-0.5110489130020142,3.7042455550260414,-0.09842879055575945,4.081892013549805,0.7378921508789062,-1.8084412813186646,0.7378921508789062,-1.8084412813186646,-0.4000000059604645,493.9701843261719,-0.4000000059604645,490.55926513671875,0.0,164.88494873047227,-0.125,-2.25,2.25
8.64,34.3390007019043,34.3390007019043,0.18651863932609558,0.18651863932609558,0.0030784455593675375,0.0030784455593675375,12.278934478759766,-6.3199944496154785,0.0,-0.0340786,0.06760335713624954,3.7051734924316406,-0.36653321981430054,-0.5124756693840027,3.7232589502001496,-0.09860389772808456,4.10473108291626,0.7474144101142883,-1.8263181447982788,0.7474144101142883,-1.8263181447982788,-0.4000000059604645,497.26788330078125,-0.4000000059604645,493.9701843261719,0.0,159.36737060547216,-0.125,-2.25,2.25
8.66,34.41191864013672,34.41191864013672,0.18670843541622162,0.18670843541622162,0.0017435923218727112,0.0017435923218727112,12.35350227355957,-6.322722434997559,0.0,-0.04319361,0.0573425218462944,3.724245548248291,-0.36912932991981506,-0.5139005780220032,3.7424940034493397,-0.09879253305127995,4.127760410308838,0.7566171884536743,-1.8442857265472412,0.7566171884536743,-1.8442857265472412,-0.4000000059604645,500.4552307128906,-0.4000000059604645,497.26788330078125,0.0,153.97796630859702,-0.125,-2.25,2.25
8.68,34.4852180480957,34.4852180480957,0.18679927289485931,0.18679927289485931,0.0004144236445426941,0.0004144236445426941,12.428431510925293,-6.326181888580322,0.0,-0.05235589,0.04705259948968887,3.743527412414551,-0.37180230021476746,-0.5153235197067261,3.7619455655211405,-0.09899405903379474,4.150975227355957,0.765504777431488,-1.8623411655426025,0.765504777431488,-1.8623411655426025,-0.4000000059604645,503.5347900390625,-0.4000000059604645,500.4552307128906,0.0,148.69537353514622,-0.125,-2.25,2.25
8.700000000000001,34.55889892578125,34.55889892578125,0.1867905557155609,0.1867905557155609,-0.0009078086004592478,-0.0009078086004592478,12.503708839416504,-6.330514430999756,0.0,-0.061565854,0.03673384338617325,3.7630133628845215,-0.3745501935482025,-0.5167443752288818,3.781607781980367,-0.09920788228070447,4.174370765686035,0.7740834355354309,-1.8804816007614136,0.7740834355354309,-1.8804816007614136,-0.4000000059604645,506.5086975097656,-0.4000000059604645,503.5347900390625,0.0,143.48907470703432,-0.125,-2.25,2.25
8.72,34.63296127319336,34.63296127319336,0.1866818219423294,0.1866818219423294,-0.002221837406978011,-0.002221837406978011,12.579326629638672,-6.335610866546631,0.0,-0.070823856,0.02638769894838333,3.7826988697052,-0.3773711025714874,-0.5181631445884705,3.8014759880768705,-0.09943339547150111,4.197941780090332,0.7823609709739685,-1.8987045288085938,0.7823609709739685,-1.8987045288085938,-0.4000000059604645,509.37847900390625,-0.4000000059604645,506.5086975097656,0.0,138.35144042969046,-0.125,-2.25,2.25
8.74,34.70741271972656,34.70741271972656,0.18647268414497375,0.18647268414497375,-0.0035264119505882263,-0.0035264119505882263,12.655280113220215,-6.341588497161865,0.0,-0.08013028,0.016013294458389282,3.8025786876678467,-0.38026300072669983,-0.5195797681808472,3.821544795711205,-0.09966998872853389,4.221682548522949,0.7903406620025635,-1.9170076847076416,0.7903406620025635,-1.9170076847076416,-0.4000000059604645,512.1455078125,-0.4000000059604645,509.37847900390625,0.0,133.26110839844034,-0.125,-2.25,2.25
8.76,34.78226089477539,34.78226089477539,0.1861628293991089,0.1861628293991089,-0.004820384085178375,-0.004820384085178375,12.731571197509766,-6.348362445831299,0.0,-0.089486286,0.005610444117337465,3.822648048400879,-0.38322409987449646,-0.5209941267967224,3.841809314980074,-0.0999171120494538,4.245588302612305,0.7980276942253113,-1.9353885650634766,0.7980276942253113,-1.9353885650634766,-0.4000000059604645,514.8107299804688,-0.4000000059604645,512.1455078125,0.0,128.21044921875273,-0.125,-2.25,2.25
8.78,34.85750961303711,34.85750961303711,0.18575206398963928,0.18575206398963928,-0.006102539598941803,-0.006102539598941803,12.808187484741211,-6.356036186218262,0.0,-0.09889225,-0.004820987582206726,3.8429019451141357,-0.3862524628639221,-0.5224061012268066,3.862264403796101,-0.10017419273050124,4.2696533203125,0.8054268956184387,-1.9538449048995972,0.8054268956184387,-1.9538449048995972,-0.4000000059604645,517.3749389648438,-0.4000000059604645,514.8107299804688,0.0,123.0346679687417,-0.125,-2.25,2.25
8.8,34.933162689208984,34.933162689208984,0.185240238904953,0.185240238904953,-0.007371760904788971,-0.007371760904788971,12.885126113891602,-6.364526271820068,0.0,-0.10834892,-0.015279979445040226,3.8633358478546143,-0.38934633135795593,-0.5238155722618103,3.8829054120671587,-0.10044070199121022,4.293871879577637,0.8125402331352234,-1.9723747968673706,0.8125402331352234,-1.9723747968673706,-0.4000000059604645,519.8356323242188,-0.4000000059604645,517.3749389648438,0.0,114.56909179687744,-0.125,-2.25,2.25
8.82,35.00922775268555,35.00922775268555,0.18462732434272766,0.18462732434272766,-0.008626893162727356,-0.008626893162727356,12.962380409240723,-6.373944282531738,0.0,-0.11785708,-0.025767847895622253,3.8839447498321533,-0.392503947019577,-0.5252225399017334,3.90372721487743,-0.10071613302220186,4.318236827850342,0.8193677067756653,-1.9909765720367432,0.8193677067756653,-1.9909765720367432,-0.4000000059604645,522.1270141601562,-0.4000000059604645,519.8356323242188,0.0,106.15234375000226,-0.125,-2.25,2.25
8.84,35.0857048034668,35.0857048034668,0.18391340970993042,0.18391340970993042,-0.009866885840892792,-0.009866885840892792,13.039948463439941,-6.384190559387207,0.0,-0.12741672,-0.03628356754779816,3.9047226905822754,-0.3957236111164093,-0.5266268849372864,3.9247237440032765,-0.10100002828495579,4.342716217041016,0.825878381729126,-2.0096487998962402,0.825878381729126,-2.0096487998962402,-0.4000000059604645,524.2500610351562,-0.4000000059604645,522.1270141601562,0.0,98.05297851562709,-0.125,-2.25,2.25
8.86,35.16259765625,35.16259765625,0.18309859931468964,0.18309859931468964,-0.011090830899775028,-0.011090830899775028,13.117807388305664,-6.395402431488037,0.0,-0.13702822,-0.046827368438243866,3.92566180229187,-0.39900389313697815,-0.5280287861824036,3.945887060308736,-0.10129205591830244,4.3672895431518555,0.8320148587226868,-2.028390645980835,0.8320148587226868,-2.028390645980835,-0.4000000059604645,526.2111206054688,-0.4000000059604645,524.2500610351562,0.0,89.74304199218145,-0.125,-2.25,2.25
8.88,35.23991775512695,35.23991775512695,0.1821831464767456,0.1821831464767456,-0.012297861278057098,-0.012297861278057098,13.195972442626953,-6.407459259033203,0.0,-0.14669348,-0.057399436831474304,3.94675350189209,-0.4023433327674866,-0.5294281244277954,3.9672085100382515,-0.10159190218264516,4.391944885253906,0.837733805179596,-2.047201156616211,0.837733805179596,-2.047201156616211,-0.4000000059604645,528.0059814453125,-0.4000000059604645,526.2111206054688,0.0,81.88171386718925,-0.125,-2.25,2.25
8.9,35.317657470703125,35.317657470703125,0.181167334318161,0.181167334318161,-0.013487100601196289,-0.013487100601196289,13.274407386779785,-6.420495510101318,0.0,-0.156411,-0.06799886375665665,3.967989921569824,-0.40574049949645996,-0.5308250188827515,3.988680153962127,-0.10189924992538481,4.416668891906738,0.8430095314979553,-2.06607985496521,0.8430095314979553,-2.06607985496521,-0.4000000059604645,529.6436157226562,-0.4000000059604645,528.0059814453125,0.0,74.42626953125159,-0.125,-2.25,2.25
8.92,35.39582824707031,35.39582824707031,0.1800515502691269,0.1800515502691269,-0.014657780528068542,-0.014657780528068542,13.353128433227539,-6.434418678283691,0.0,-0.16618226,-0.07862621545791626,3.9893620014190674,-0.4091939926147461,-0.5322195291519165,4.010292869848578,-0.10221382720809305,4.441454887390137,0.8478305339813232,-2.0850250720977783,0.8478305339813232,-2.0850250720977783,-0.4000000059604645,531.1321411132812,-0.4000000059604645,529.6436157226562,0.0,67.33398437500144,-0.125,-2.25,2.25
8.94,35.47443389892578,35.47443389892578,0.17883622646331787,0.17883622646331787,-0.01580904982984066,-0.01580904982984066,13.43211555480957,-6.449307918548584,0.0,-0.17600808,-0.08928180485963821,4.010861396789551,-0.4127022624015808,-0.5336114764213562,4.032038231669934,-0.10253531428396422,4.4662957191467285,0.8522014021873474,-2.104034900665283,0.8522014021873474,-2.104034900665283,-0.4000000059604645,532.4788208007812,-0.4000000059604645,531.1321411132812,0.0,60.562133789058414,-0.125,-2.25,2.25
8.96,35.5534782409668,35.5534782409668,0.17752192914485931,0.17752192914485931,-0.016940057277679443,-0.016940057277679443,13.511361122131348,-6.465146541595459,0.0,-0.1858884,-0.09996510297060013,4.032480716705322,-0.4162636399269104,-0.5350008010864258,4.053908749407844,-0.10286334613059928,4.491185665130615,0.8561347723007202,-2.1231064796447754,0.8561347723007202,-2.1231064796447754,-0.4000000059604645,533.6900634765625,-0.4000000059604645,532.4788208007812,0.0,54.07714843750115,-0.125,-2.25,2.25
8.98,35.63296127319336,35.63296127319336,0.17610929906368256,0.17610929906368256,-0.01804996281862259,-0.01804996281862259,13.590863227844238,-6.481923580169678,0.0,-0.19582368,-0.11067645251750946,4.05421257019043,-0.41987642645835876,-0.5363872647285461,4.07589692923969,-0.1031975594497798,4.516119003295898,0.8596439361572266,-2.1422369480133057,0.8596439361572266,-2.1422369480133057,-0.4000000059604645,534.7716064453125,-0.4000000059604645,533.6900634765625,0.0,47.83935546875102,-0.125,-2.25,2.25
9.0,35.712886810302734,35.712886810302734,0.1745990812778473,0.1745990812778473,-0.019137904047966003,-0.019137904047966003,13.670591354370117,-6.499721527099609,0.0,-0.20581459,-0.1214149072766304,4.076049327850342,-0.42353883385658264,-0.5377705693244934,4.097995030115802,-0.10353758439299388,4.541090965270996,0.8627490401268005,-2.1614227294921875,0.8627490401268005,-2.1614227294921875,-0.4000000059604645,535.7283935546875,-0.4000000059604645,534.7716064453125,0.0,41.82434082031339,-0.125,-2.25,2.25
9.02,35.79326248168945,35.79326248168945,0.1729920506477356,0.1729920506477356,-0.02020306885242462,-0.02020306885242462,13.75056266784668,-6.518457412719727,0.0,-0.21586156,-0.1321815848350525,4.097984790802002,-0.42724910378456116,-0.5391504168510437,4.1201967358767275,-0.10388303182468264,4.56609582901001,0.8654671907424927,-2.1806600093841553,0.8654671907424927,-2.1806600093841553,-0.4000000059604645,536.5648803710938,-0.4000000059604645,535.7283935546875,0.0,35.20507812499763,-0.125,-2.25,2.25
9.040000000000001,35.87408447265625,35.87408447265625,0.17128917574882507,0.17128917574882507,-0.021244600415229797,-0.021244600415229797,13.830739974975586,-6.538222312927246,0.0,-0.22596422,-0.14297530055046082,4.1200127601623535,-0.43100544810295105,-0.5405265092849731,4.1424957260322,-0.10423351505712727,4.591128826141357,0.8678147196769714,-2.1999452114105225,0.8678147196769714,-2.1999452114105225,-0.4000000059604645,537.2689819335938,-0.4000000059604645,536.5648803710938,0.0,28.59191894531311,-0.125,-2.25,2.25
9.06,35.955360412597656,35.955360412597656,0.16949141025543213,0.16949141025543213,-0.02226172387599945,-0.02226172387599945,13.911127090454102,-6.558986663818359,0.0,-0.23612371,-0.1537967473268509,4.142126083374023,-0.43480610847473145,-0.5418984293937683,4.1648847334031185,-0.10458868809753001,4.616178035736084,0.8697994947433472,-2.2192749977111816,0.8697994947433472,-2.2192749977111816,-0.4000000059604645,537.8408203125,-0.4000000059604645,537.2689819335938,0.0,22.253417968750476,-0.125,-2.25,2.25
9.08,36.03709411621094,36.03709411621094,0.1675998866558075,0.1675998866558075,-0.023253649473190308,-0.023253649473190308,13.991722106933594,-6.580725193023682,0.0,-0.24634038,-0.16464582085609436,4.164318561553955,-0.43864938616752625,-0.5432659387588501,4.187357444270545,-0.10494820448380165,4.641232490539551,0.8714193105697632,-2.23864483833313,0.8714193105697632,-2.23864483833313,-0.4000000059604645,538.285888671875,-0.4000000059604645,537.8408203125,0.0,16.159057617187845,-0.125,-2.25,2.25
9.1,36.119285583496094,36.119285583496094,0.16561579704284668,0.16561579704284668,-0.024219654500484467,-0.024219654500484467,14.072484970092773,-6.603559970855713,0.0,-0.25661424,-0.17552250623703003,4.186583518981934,-0.44253361225128174,-0.5446287989616394,4.209907072535369,-0.10531174571281883,4.666285514831543,0.8726710081100464,-2.258052110671997,0.8726710081100464,-2.258052110671997,-0.4000000059604645,538.6090698242188,-0.4000000059604645,538.285888671875,0.0,10.272216796874307,-0.125,-2.25,2.25
9.120000000000001,36.201934814453125,36.201934814453125,0.16354045271873474,0.16354045271873474,-0.02515903115272522,-0.02515903115272522,14.153423309326172,-6.6273908615112305,0.0,-0.2669453,-0.18642571568489075,4.208913326263428,-0.4464571475982666,-0.5459868311882019,4.232525885643164,-0.10567903270979874,4.691330909729004,0.8735600709915161,-2.2774932384490967,0.8735600709915161,-2.2774932384490967,-0.4000000059604645,538.8145141601562,-0.4000000059604645,538.6090698242188,0.0,4.577636718750098,-0.125,-2.25,2.25
9.14,36.28504943847656,36.28504943847656,0.1613752245903015,0.1613752245903015,-0.02607104741036892,-0.02607104741036892,14.234528541564941,-6.652243614196777,0.0,-0.27733472,-0.19735601544380188,4.231302738189697,-0.4504183828830719,-0.5473398566246033,4.255208523897581,-0.1060497422747107,4.716362476348877,0.8740949630737305,-2.296964406967163,0.8740949630737305,-2.296964406967163,-0.4000000059604645,538.9060668945312,-0.4000000059604645,538.8145141601562,0.0,-0.9521484375000203,-0.125,-2.25,2.25
9.16,36.368629455566406,36.368629455566406,0.15912161767482758,0.15912161767482758,-0.02695504017174244,-0.02695504017174244,14.315766334533691,-6.678208351135254,0.0,-0.2877825,-0.2083139419555664,4.253744602203369,-0.4544156789779663,-0.5486875772476196,4.2779477264309,-0.10642360003168312,4.74137544631958,0.8742839097976685,-2.3164620399475098,0.8742839097976685,-2.3164620399475098,-0.4000000059604645,538.8870239257812,-0.4000000059604645,538.9060668945312,0.0,-6.341552734375135,-0.125,-2.25,2.25
9.18,36.452674865722656,36.452674865722656,0.15678119659423828,0.15678119659423828,-0.02781028300523758,-0.02781028300523758,14.39714241027832,-6.705202579498291,0.0,-0.29828787,-0.21929821372032166,4.276234149932861,-0.4584473967552185,-0.5500298738479614,4.3007386017571045,-0.10680028057500107,4.76636266708374,0.8741365671157837,-2.335982322692871,0.8741365671157837,-2.335982322692871,-0.4000000059604645,538.7601928710938,-0.4000000059604645,538.8870239257812,0.0,-11.608886718749217,-0.125,-2.25,2.25
9.200000000000001,36.53718948364258,36.53718948364258,0.15435563027858734,0.15435563027858734,-0.028636155650019646,-0.028636155650019646,14.478642463684082,-6.733241081237793,0.0,-0.30885231,-0.23030894994735718,4.298765182495117,-0.46251192688941956,-0.5513665080070496,4.323574837648499,-0.10717950909857218,4.79132080078125,0.8736607432365417,-2.3555219173431396,0.8736607432365417,-2.3555219173431396,-0.4000000059604645,538.5280151367188,-0.4000000059604645,538.7601928710938,0.0,-16.76940917968786,-0.125,-2.25,2.25
9.22,36.6221809387207,36.6221809387207,0.15184670686721802,0.15184670686721802,-0.029432065784931183,-0.029432065784931183,14.560235023498535,-6.762423515319824,0.0,-0.31947625,-0.2413472831249237,4.321331977844238,-0.4666077494621277,-0.5526973605155945,4.3464506041823725,-0.10756102727839789,4.8162431716918945,0.87286776304245,-2.375077724456787,0.87286776304245,-2.375077724456787,-0.4000000059604645,538.192626953125,-0.4000000059604645,538.5280151367188,0.0,-21.841430664062965,-0.125,-2.25,2.25
9.24,36.70764923095703,36.70764923095703,0.14925628900527954,0.14925628900527954,-0.030197300016880035,-0.030197300016880035,14.641931533813477,-6.792673587799072,0.0,-0.33015963,-0.2524127960205078,4.343928813934326,-0.4707331657409668,-0.5540221333503723,4.369360050837811,-0.10794454341776402,4.841124057769775,0.8717645406723022,-2.3946454524993896,0.8717645406723022,-2.3946454524993896,-0.4000000059604645,537.7557983398438,-0.4000000059604645,538.192626953125,0.0,-26.843261718750572,-0.125,-2.25,2.25
9.26,36.79359436035156,36.79359436035156,0.1465863436460495,0.1465863436460495,-0.030931316316127777,-0.030931316316127777,14.723709106445312,-6.823997497558594,0.0,-0.34090295,-0.2635044753551483,4.366550445556641,-0.4748866856098175,-0.5553407073020935,4.392297822069944,-0.10832980932975576,4.865957736968994,0.870359480381012,-2.4142215251922607,0.870359480381012,-2.4142215251922607,-0.4000000059604645,537.2189331054688,-0.4000000059604645,537.7557983398438,0.0,-31.77795410156318,-0.125,-2.25,2.25
9.28,36.8800163269043,36.8800163269043,0.14383892714977264,0.14383892714977264,-0.03163351118564606,-0.03163351118564606,14.805543899536133,-6.856447219848633,0.0,-0.35170573,-0.27462267875671387,4.389191150665283,-0.4790666997432709,-0.5566530227661133,4.41525807398405,-0.10871656865974304,4.890738487243652,0.8686580657958984,-2.433802604675293,0.8686580657958984,-2.433802604675293,-0.4000000059604645,536.5833740234375,-0.4000000059604645,537.2189331054688,0.006110966205596511,-34.39025878906018,-0.125,-2.25,2.25
9.3,36.966915130615234,36.966915130615234,0.14101622998714447,0.14101622998714447,-0.032303329557180405,-0.032303329557180405,14.88741397857666,-6.890029430389404,0.0,-0.362568,-0.2857667803764343,4.411846160888672,-0.48327168822288513,-0.5579588413238525,4.438235918919353,-0.10910456897242873,4.915460109710693,0.8666655421257019,-2.4533851146698,0.8666655421257019,-2.4533851146698,-0.39987778663635254,535.8955688476562,-0.4000000059604645,536.5833740234375,0.01977086067199749,-38.41247558593832,-0.125,-2.25,2.25
9.32,37.054290771484375,37.054290771484375,0.1381208747625351,0.1381208747625351,-0.03292947635054588,-0.03292947635054588,14.969321250915527,-6.924713611602783,0.0,-0.37349015,-0.2969363331794739,4.434533596038818,-0.48745661973953247,-0.5592084527015686,4.461244464331098,-0.1094833092828615,4.9401397705078125,0.8650041818618774,-2.4727706909179688,0.8650041818618774,-2.4727706909179688,-0.3994823694229126,535.1273193359375,-0.39987778663635254,535.8955688476562,0.032390654087067344,-46.44165039062599,-0.125,-2.25,2.25
9.34,37.14214324951172,37.14214324951172,0.13515697419643402,0.13515697419643402,-0.03348946571350098,-0.03348946571350098,15.051244735717773,-6.960506916046143,0.0,-0.38447142,-0.3081287145614624,4.457297325134277,-0.4915342330932617,-0.5603034496307373,4.484317712534624,-0.10983251000632234,4.964788913726807,0.8646135330200195,-2.4915711879730225,0.8646135330200195,-2.4915711879730225,-0.39883455634117126,534.198486328125,-0.3994823694229126,535.1273193359375,0.043118000030518494,-59.02404785156376,-0.125,-2.25,2.25
9.36,37.23048782348633,37.23048782348633,0.13213050365447998,0.13213050365447998,-0.03396681696176529,-0.03396681696176529,15.13316822052002,-6.99745512008667,0.0,-0.3955148,-0.3193419575691223,4.480163097381592,-0.49544861912727356,-0.561179518699646,4.507474981997675,-0.11013965333282458,4.989400386810303,0.8655782341957092,-2.5095348358154297,0.8655782341957092,-2.5095348358154297,-0.3979721963405609,533.0180053710938,-0.39883455634117126,534.198486328125,0.052121281623836814,-75.17089843749493,-0.125,-2.25,2.25
9.38,37.319313049316406,37.319313049316406,0.12904873490333557,0.12904873490333557,-0.03435119241476059,-0.03435119241476059,15.215068817138672,-7.035552978515625,0.0,-0.40661767,-0.330569863319397,4.503139972686768,-0.49917370080947876,-0.5618055462837219,4.530722237920706,-0.11039942622362756,5.013947010040283,0.8675234913825989,-2.526540756225586,0.8675234913825989,-2.526540756225586,-0.3969297707080841,531.5145874023438,-0.3979721963405609,533.0180053710938,0.059576332569123584,-93.9971923828145,-0.125,-2.25,2.25
9.4,37.408634185791016,37.408634185791016,0.1259198933839798,0.1259198933839798,-0.03463682532310486,-0.03463682532310486,15.296957015991211,-7.074776649475098,0.0,-0.41778308,-0.34180840849876404,4.526222229003906,-0.5027040243148804,-0.5621740221977234,4.554053030256836,-0.11061148719145128,5.038390636444092,0.8699369430541992,-2.5425586700439453,0.8699369430541992,-2.5425586700439453,-0.39573824405670166,529.6346435546875,-0.3969297707080841,531.5145874023438,0.0656515359878554,-114.74304199218994,-0.125,-2.25,2.25
9.42,37.49844741821289,37.49844741821289,0.12275265902280807,0.12275265902280807,-0.034821148961782455,-0.034821148961782455,15.378812789916992,-7.1151275634765625,0.0,-0.4290096,-0.3530520498752594,4.5493950843811035,-0.506047785282135,-0.5622924566268921,4.57745343993578,-0.11077869065088208,5.062686920166016,0.8723180890083313,-2.557615280151367,0.8723180890083313,-2.557615280151367,-0.3944252133369446,527.3397827148438,-0.39573824405670166,529.6346435546875,0.07050186395645291,-136.77673339844043,-0.125,-2.25,2.25
9.44,37.5887565612793,37.5887565612793,0.11955609172582626,0.11955609172582626,-0.03490366041660309,-0.03490366041660309,15.460626602172852,-7.156611919403076,0.0,-0.44029814,-0.3642961084842682,4.57263708114624,-0.5092209577560425,-0.5621781945228577,4.600903809002269,-0.11090568023117175,5.086789131164551,0.8742398619651794,-2.571772336959839,0.8742398619651794,-2.571772336959839,-0.39301517605781555,524.604248046875,-0.3944252133369446,527.3397827148438,0.07426589727401232,-159.56115722655173,-0.125,-2.25,2.25
9.46,37.679561614990234,37.679561614990234,0.11633935570716858,0.11633935570716858,-0.034885309636592865,-0.034885309636592865,15.542366027832031,-7.199269771575928,0.0,-0.4516489,-0.375536173582077,4.595921516418457,-0.512243926525116,-0.5618537664413452,4.624379788181329,-0.11099808418322299,5.1106486320495605,0.875365674495697,-2.5851099491119385,0.875365674495697,-2.5851099491119385,-0.3915298581123352,521.4130249023438,-0.39301517605781555,524.604248046875,0.07706731557846233,-182.6660156250039,-0.125,-2.25,2.25
9.48,37.770870208740234,37.770870208740234,0.11311166733503342,0.11311166733503342,-0.03476795554161072,-0.03476795554161072,15.624032974243164,-7.243077278137207,0.0,-0.46306258,-0.386768639087677,4.619218826293945,-0.5151390433311462,-0.5613439083099365,4.647854429643052,-0.11106190941890556,5.134219646453857,0.8754420280456543,-2.5977163314819336,0.8754420280456543,-2.5977163314819336,-0.389988511800766,517.7597045898438,-0.3915298581123352,521.4130249023438,0.07901489734649826,-205.72509765625438,-0.125,-2.25,2.25
9.5,37.86267852783203,37.86267852783203,0.10988221317529678,0.10988221317529678,-0.03455398231744766,-0.03455398231744766,15.70561408996582,-7.288020133972168,0.0,-0.47453845,-0.39798933267593384,4.6424970626831055,-0.5179286599159241,-0.5606740713119507,4.6712984355298435,-0.11110310051117489,5.157454967498779,0.8742888569831848,-2.6096792221069336,0.8742888569831848,-2.6096792221069336,-0.38840821385383606,513.6452026367188,-0.389988511800766,517.7597045898438,0.08019953966140918,-228.4530639648486,-0.125,-2.25,2.25
9.52,37.95498275756836,37.95498275756836,0.10666009038686752,0.10666009038686752,-0.034246109426021576,-0.034246109426021576,15.787094116210938,-7.334101676940918,0.0,-0.48607644,-0.409195214509964,4.665724754333496,-0.5206344723701477,-0.5598689317703247,4.694682921883064,-0.11112733365025519,5.1803131103515625,0.8717811107635498,-2.6210837364196777,0.8717811107635498,-2.6210837364196777,-0.3868042230606079,509.0761413574219,-0.38840821385383606,513.6452026367188,0.08070468902587345,-250.6072998046706,-0.125,-2.25,2.25
9.540000000000001,38.047786712646484,38.047786712646484,0.10345429927110672,0.10345429927110672,-0.033847205340862274,-0.033847205340862274,15.868459701538086,-7.381324291229248,0.0,-0.49767697,-0.4203842878341675,4.688868999481201,-0.523276686668396,-0.5589521527290344,4.717977425243416,-0.11113989167420615,5.202754020690918,0.8678397536277771,-2.6320083141326904,0.8678397536277771,-2.6320083141326904,-0.38519012928009033,504.0639953613281,-0.3868042230606079,509.0761413574219,0.08161962032318289,-270.71990966797455,-0.125,-2.25,2.25
9.56,38.14108657836914,38.14108657836914,0.10027371346950531,0.10027371346950531,-0.033360257744789124,-0.033360257744789124,15.94969367980957,-7.429688453674316,0.0,-0.5093396,-0.43155422806739807,4.711896896362305,-0.5258738994598389,-0.5579456090927124,4.741151307444408,-0.11114561526465581,5.2247395515441895,0.8624224066734314,-2.6425251960754395,0.8624224066734314,-2.6425251960754395,-0.3835577368736267,498.64959716796875,-0.38519012928009033,504.0639953613281,0.08327662944793879,-288.6215209960999,-0.125,-2.25,2.25
9.58,38.23488235473633,38.23488235473633,0.09712711721658707,0.09712711721658707,-0.03278660774230957,-0.03278660774230957,16.03077507019043,-7.4792022705078125,0.0,-0.5210641,-0.4427034854888916,4.734781265258789,-0.5284356474876404,-0.5568611025810242,4.764178613715202,-0.11114722677386761,5.246249675750732,0.855617880821228,-2.652665615081787,0.855617880821228,-2.652665615081787,-0.38189220428466797,492.8771667480469,-0.3835577368736267,498.64959716796875,0.08413195610046566,-306.5994262695378,-0.125,-2.25,2.25
9.6,38.329166412353516,38.329166412353516,0.09402339905500412,0.09402339905500412,-0.03212563693523407,-0.03212563693523407,16.11167335510254,-7.529880046844482,0.0,-0.53284955,-0.45382988452911377,4.757499694824219,-0.5309619307518005,-0.55569988489151,4.787037070898889,-0.11114530496418665,5.267274379730225,0.8476107716560364,-2.6624197959899902,0.8476107716560364,-2.6624197959899902,-0.3802095651626587,486.74517822265625,-0.38189220428466797,492.8771667480469,0.08425414562224773,-324.38507080075937,-0.125,-2.25,2.25
9.620000000000001,38.42394256591797,38.42394256591797,0.09097158163785934,0.09097158163785934,-0.03137785941362381,-0.03137785941362381,16.192392349243164,-7.581697463989258,0.0,-0.54469645,-0.4649328589439392,4.780029296875,-0.5334576964378357,-0.5544683933258057,4.809704480825414,-0.11114145004698776,5.287792205810547,0.8384530544281006,-2.6717982292175293,0.8384530544281006,-2.6717982292175293,-0.3785244822502136,480.2574768066406,-0.3802095651626587,486.74517822265625,0.08370429277420223,-341.7495727539135,-0.125,-2.25,2.25
9.64,38.519195556640625,38.519195556640625,0.0879807248711586,0.0879807248711586,-0.030544720590114594,-0.030544720590114594,16.272903442382812,-7.634649276733398,0.0,-0.55660313,-0.47600996494293213,4.802346229553223,-0.535930871963501,-0.5531771183013916,4.832158028047884,-0.11113786641781578,5.307781219482422,0.8281332850456238,-2.68082594871521,0.8281332850456238,-2.68082594871521,-0.3768503963947296,473.4224853515625,-0.3785244822502136,480.2574768066406,0.0825405120849627,-358.50372314453887,-0.125,-2.25,2.25
9.66,38.614925384521484,38.614925384521484,0.08505985140800476,0.08505985140800476,-0.02962828427553177,-0.02962828427553177,16.353195190429688,-7.6887335777282715,0.0,-0.5685694,-0.487060546875,4.824423789978027,-0.5383912324905396,-0.5518386363983154,4.8543722585447275,-0.11113716116809425,5.327217102050781,0.8166232705116272,-2.6895382404327393,0.8166232705116272,-2.6895382404327393,-0.3751995861530304,466.2524108886719,-0.3768503963947296,473.4224853515625,0.08082836866378956,-374.46594238282046,-0.125,-2.25,2.25
9.68,38.71113204956055,38.71113204956055,0.08221786469221115,0.08221786469221115,-0.028631195425987244,-0.028631195425987244,16.433250427246094,-7.743952751159668,0.0,-0.58059514,-0.4980841875076294,4.846236705780029,-0.5408498644828796,-0.5504670739173889,4.876323285464246,-0.11114212917219297,5.346075534820557,0.803895890712738,-2.697974920272827,0.803895890712738,-2.697974920272827,-0.37358301877975464,458.7630920410156,-0.3751995861530304,466.2524108886719,0.07861107587813801,-389.5202636718487,-0.125,-2.25,2.25
9.700000000000001,38.80781555175781,38.80781555175781,0.07946352660655975,0.07946352660655975,-0.02755638398230076,-0.02755638398230076,16.513059616088867,-7.800307273864746,0.0,-0.5926807,-0.5090815424919128,4.867759704589844,-0.5433178544044495,-0.5490767955780029,4.897987222578603,-0.11115551679961752,5.364335536956787,0.7899330258369446,-2.706178665161133,0.7899330258369446,-2.706178665161133,-0.3720107972621918,450.9726867675781,-0.37358301877975464,458.7630920410156,0.07594525814056559,-403.5491943359461,-0.125,-2.25,2.25
9.72,38.90495681762695,38.90495681762695,0.07680538296699524,0.07680538296699524,-0.02640717476606369,-0.02640717476606369,16.592588424682617,-7.857786178588867,0.0,-0.6048231,-0.520050585269928,4.888967037200928,-0.5458064079284668,-0.5476824045181274,4.9193397245741215,-0.11118005971203336,5.381979465484619,0.7747334837913513,-2.7141926288604736,0.7747334837913513,-2.7141926288604736,-0.3704918920993805,442.9017028808594,-0.3720107972621918,450.9726867675781,0.07287114858627475,-416.47949218750887,-0.125,-2.25,2.25
9.74,39.0025520324707,39.0025520324707,0.07425174862146378,0.07425174862146378,-0.025186985731124878,-0.025186985731124878,16.67181968688965,-7.916386127471924,0.0,-0.61702275,-0.5309914946556091,4.9098358154296875,-0.5483261346817017,-0.5462980270385742,4.940359226255827,-0.11121826637328963,5.398990154266357,0.7583127021789551,-2.7220592498779297,0.7583127021789551,-2.7220592498779297,-0.36903446912765503,434.5721130371094,-0.3704918920993805,442.9017028808594,0.06943792104721218,-428.2363891601654,-0.125,-2.25,2.25
9.76,39.1005973815918,39.1005973815918,0.07181067764759064,0.07181067764759064,-0.023899445310235023,-0.023899445310235023,16.7507381439209,-7.976107120513916,0.0,-0.6292784,-0.541905403137207,4.930342674255371,-0.5508869290351868,-0.5449371933937073,4.961023613546445,-0.11127247585775674,5.415353775024414,0.740695059299469,-2.7298197746276855,0.740695059299469,-2.7298197746276855,-0.3676457107067108,426.00738525390625,-0.36903446912765503,434.5721130371094,0.06567835807800433,-438.7817382812594,-0.125,-2.25,2.25
9.78,39.19907760620117,39.19907760620117,0.06948991864919662,0.06948991864919662,-0.022548332810401917,-0.022548332810401917,16.829320907592773,-8.036940574645996,0.0,-0.6415882,-0.5527920722961426,4.950464725494385,-0.5534980893135071,-0.5436127781867981,4.981311186147468,-0.11134486622708092,5.431059837341309,0.7219196557998657,-2.7375121116638184,0.7219196557998657,-2.7375121116638184,-0.36633214354515076,417.23175048828125,-0.3676457107067108,426.00738525390625,0.06163865327834667,-448.07128906246976,-0.125,-2.25,2.25
9.8,39.29799270629883,39.29799270629883,0.06729689240455627,0.06729689240455627,-0.02113751508295536,-0.02113751508295536,16.907550811767578,-8.098883628845215,0.0,-0.65395296,-0.5636531710624695,4.970181465148926,-0.5561679005622864,-0.542336642742157,5.001202508409931,-0.111437334844615,5.446099758148193,0.702035665512085,-2.745173215866089,0.702035665512085,-2.745173215866089,-0.36509937047958374,408.27032470703125,-0.36633214354515076,417.23175048828125,0.05735158920288208,-456.09588623047847,-0.125,-2.25,2.25
9.82,39.3973274230957,39.3973274230957,0.06523870676755905,0.06523870676755905,-0.019670860841870308,-0.019670860841870308,16.98539924621582,-8.161928176879883,0.0,-0.66636956,-0.5744888782501221,4.989474773406982,-0.5589037537574768,-0.5411196947097778,5.020680424049001,-0.11155152967146681,5.460467338562012,0.6810977458953857,-2.752836227416992,0.6810977458953857,-2.752836227416992,-0.3639523386955261,399.1484069824219,-0.36509937047958374,408.27032470703125,0.05249679088592641,-465.03448486329114,-0.125,-2.25,2.25
9.84,39.497074127197266,39.497074127197266,0.06332211196422577,0.06332211196422577,-0.018152311444282532,-0.018152311444282532,17.062854766845703,-8.226070404052734,0.0,-0.67883795,-0.5853013396263123,5.008327484130859,-0.5617122650146484,-0.539972186088562,5.0397286491405895,-0.11168891115046252,5.474159240722656,0.6591634750366211,-2.7605326175689697,0.6591634750366211,-2.7605326175689697,-0.3629024028778076,389.84771728515625,-0.3639523386955261,399.1484069824219,0.04741996526718241,-473.0148315429788,-0.125,-2.25,2.25
9.86,39.59722137451172,39.59722137451172,0.0615534670650959,0.0615534670650959,-0.01658651977777481,-0.01658651977777481,17.139888763427734,-8.291302680969238,0.0,-0.6913563,-0.5960915088653564,5.0267205238342285,-0.564601719379425,-0.5389060974121094,5.058329203033593,-0.11185130088957025,5.487156391143799,0.6362494826316833,-2.7683029174804688,0.6362494826316833,-2.7683029174804688,-0.361954003572464,380.3874206542969,-0.3629024028778076,389.84771728515625,0.04224926233291341,-479.4723510741864,-0.125,-2.25,2.25
9.88,39.697757720947266,39.697757720947266,0.059938665479421616,0.059938665479421616,-0.014978133141994476,-0.014978133141994476,17.21648406982422,-8.357616424560547,0.0,-0.7039232,-0.6068614721298218,5.044637203216553,-0.5675795078277588,-0.5379325151443481,5.076466390096809,-0.11204028132199245,5.499445915222168,0.6123754382133484,-2.776184320449829,0.6123754382133484,-2.776184320449829,-0.36110901832580566,370.7979736328125,-0.361954003572464,380.3874206542969,0.0355020165443428,-485.1333618164166,-0.125,-2.25,2.25
9.9,39.798675537109375,39.798675537109375,0.05848316475749016,0.05848316475749016,-0.013331659138202667,-0.013331659138202667,17.29261589050293,-8.425006866455078,0.0,-0.7165381,-0.6176127195358276,5.0620622634887695,-0.5706510543823242,-0.5370603203773499,5.094125733166066,-0.112257013598563,5.511023044586182,0.5875837802886963,-2.7842071056365967,0.5875837802886963,-2.7842071056365967,-0.3603989779949188,361.0953063964844,-0.36110901832580566,370.7979736328125,0.027108192443848236,-489.6163940429792,-0.125,-2.25,2.25
9.92,39.89995193481445,39.89995193481445,0.057191845029592514,0.057191845029592514,-0.011653982102870941,-0.011653982102870941,17.368255615234375,-8.493456840515137,0.0,-0.72919756,-0.6283468008041382,5.078975200653076,-0.5738317370414734,-0.5363097786903381,5.111288678140278,-0.11250471082809216,5.521884918212891,0.5617955923080444,-2.792447566986084,0.5617955923080444,-2.792447566986084,-0.35985681414604187,351.302978515625,-0.3603989779949188,361.0953063964844,0.01907497644424479,-494.59991455079177,-0.125,-2.25,2.25
9.94,40.0015869140625,40.0015869140625,0.05606880784034729,0.05606880784034729,-0.009954020380973816,-0.009954020380973816,17.443391799926758,-8.562970161437988,0.0,-0.74190205,-0.6390679478645325,5.09535551071167,-0.5771450400352478,-0.5357104539871216,5.127937614458377,-0.11278813461084757,5.532026767730713,0.5348897576332092,-2.8010196685791016,0.5348897576332092,-2.8010196685791016,-0.359475314617157,341.4109802246094,-0.35985681414604187,351.302978515625,0.011460483074187459,-500.16937255856,-0.125,-2.25,2.25
9.96,40.10355758666992,40.10355758666992,0.05511726811528206,0.05511726811528206,-0.008239403367042542,-0.008239403367042542,17.517993927001953,-8.633529663085938,0.0,-0.7546485,-0.6497778296470642,5.111184597015381,-0.5806046724319458,-0.535281240940094,5.144055770539146,-0.1131100790592199,5.541430950164795,0.5069149136543274,-2.80999755859375,0.5069149136543274,-2.80999755859375,-0.3592461049556732,331.4075927734375,-0.359475314617157,341.4109802246094,0.004169344902038663,-503.48510742188574,-0.125,-2.25,2.25
9.98,40.20586013793945,40.20586013793945,0.05433966964483261,0.05433966964483261,-0.006516486406326294,-0.006516486406326294,17.592041015625,-8.705129623413086,0.0,-0.76743615,-0.6604806780815125,5.126448631286621,-0.5842171311378479,-0.5350325107574463,5.159630338070297,-0.11347183708265018,5.550073146820068,0.47796356678009033,-2.819422960281372,0.47796356678009033,-2.819422960281372,-0.35916271805763245,321.337890625,-0.3592461049556732,331.4075927734375,-0.0027775764465332625,-504.68139648438574,-0.125,-2.25,2.25
10.0,40.30847930908203,40.30847930908203,0.05373780429363251,0.05373780429363251,-0.00479087233543396,-0.00479087233543396,17.665512084960938,-8.777767181396484,0.0,-0.78026336,-0.6711810231208801,5.1411356925964355,-0.5879836678504944,-0.5349690914154053,5.174649843549605,-0.11387366530840876,5.557951927185059,0.44813260436058044,-2.829317569732666,0.44813260436058044,-2.829317569732666,-0.3592182695865631,311.2442626953125,-0.35916271805763245,321.337890625,-0.009615719318390097,-504.1305541992295,-0.125,-2.25,2.25
10.02,40.411399841308594,40.411399841308594,0.053312841802835464,0.053312841802835464,-0.003067605197429657,-0.003067605197429657,17.73837661743164,-8.851423263549805,0.0,-0.7931288,-0.6818811893463135,5.155235767364502,-0.5919023752212524,-0.5350919365882874,5.189104377337849,-0.11431519972523346,5.565077304840088,0.41753873229026794,-2.839686870574951,0.41753873229026794,-2.839686870574951,-0.3594105839729309,301.1616516113281,-0.3592182695865631,311.2442626953125,-0.012831389904021351,-494.7189331054354,-0.125,-2.25,2.25
10.040000000000001,40.51460647583008,40.51460647583008,0.05306538566946983,0.05306538566946983,-0.0013514830498024821,-0.0013514830498024821,17.810611724853516,-8.926091194152832,0.0,-0.8060293,-0.6925854682922363,5.1687421798706055,-0.5959701538085938,-0.5354005694389343,5.202987232946491,-0.11479580847305251,5.571466445922852,0.3862916827201843,-2.8505327701568604,0.3862916827201843,-2.8505327701568604,-0.35966721177101135,291.26727294921875,-0.3594105839729309,301.1616516113281,-0.019933283329010433,-492.684936523448,-0.125,-2.25,2.25
10.06,40.61808776855469,40.61808776855469,0.05299573764204979,0.05299573764204979,0.00035847723484039307,0.00035847723484039307,17.882198333740234,-9.001764297485352,0.0,-0.8189645,-0.7032970786094666,5.181663990020752,-0.600156307220459,-0.5358632802963257,5.216304180027683,-0.11530929219473134,5.577202796936035,0.354867160320282,-2.861732244491577,0.354867160320282,-2.861732244491577,-0.36006587743759155,281.41357421875,-0.35966721177101135,291.26727294921875,-0.028212368488312368,-491.76940917969796,-0.125,-2.25,2.25
10.08,40.72182846069336,40.72182846069336,0.053103912621736526,0.053103912621736526,0.002056121826171875,0.002056121826171875,17.953107833862305,-9.078426361083984,0.0,-0.8319321,-0.7140194773674011,5.193995952606201,-0.6044673919677734,-0.5364901423454285,5.229051040451022,-0.11585692793795535,5.582275390625,0.3231377601623535,-2.8733274936676025,0.3231377601623535,-2.8733274936676025,-0.3606301248073578,271.57818603515625,-0.36006587743759155,281.41357421875,-0.03590732812881546,-489.18304443360415,-0.125,-2.25,2.25
10.1,40.82581329345703,40.82581329345703,0.05338914692401886,0.05338914692401886,0.003733433783054352,0.003733433783054352,18.023313522338867,-9.156067848205566,0.0,-0.8449302,-0.7247556447982788,5.205729007720947,-0.6089174747467041,-0.5372996926307678,5.24122075406858,-0.11644151184455886,5.586665630340576,0.29092279076576233,-2.8853952884674072,0.29092279076576233,-2.8853952884674072,-0.3613482713699341,261.7945251464844,-0.3606301248073578,271.57818603515625,-0.04278570413589189,-485.20202636715476,-0.125,-2.25,2.25
10.120000000000001,40.930030822753906,40.930030822753906,0.05384982004761696,0.05384982004761696,0.00538386357948184,0.00538386357948184,18.09279441833496,-9.234678268432617,0.0,-0.85795766,-0.7355096340179443,5.216856002807617,-0.6135120391845703,-0.5383011102676392,5.252807209126781,-0.11706417577483598,5.590372562408447,0.25820863246917725,-2.8979763984680176,0.25820863246917725,-2.8979763984680176,-0.362203985452652,252.09048461914062,-0.3613482713699341,261.7945251464844,-0.049221515655518626,-479.5219421386821,-0.125,-2.25,2.25
10.14,41.03446960449219,41.03446960449219,0.05448361113667488,0.05448361113667488,0.007002189289778471,0.007002189289778471,18.161529541015625,-9.314249038696289,0.0,-0.8710122,-0.7462859153747559,5.22737455368042,-0.6182485222816467,-0.5394943356513977,5.263808123380734,-0.1177244450826233,5.5934062004089355,0.22509299218654633,-2.9110753536224365,0.22509299218654633,-2.9110753536224365,-0.36318841576576233,242.5000457763672,-0.362203985452652,252.09048461914062,-0.05336850881576652,-471.34628295899444,-0.125,-2.25,2.25
10.16,41.13910675048828,41.13910675048828,0.05528760701417923,0.05528760701417923,0.008584008552134037,0.008584008552134037,18.229467391967773,-9.394775390625,0.0,-0.884092,-0.7570867538452148,5.237285137176514,-0.6231210827827454,-0.5408754944801331,5.274223686183433,-0.118421194139967,5.5957865715026855,0.1916876584291458,-2.9246814250946045,0.1916876584291458,-2.9246814250946045,-0.36425578594207764,233.0731201171875,-0.36318841576576233,242.5000457763672,-0.05588382482528806,-461.40441894532233,-0.125,-2.25,2.25
10.18,41.243934631347656,41.243934631347656,0.05625850334763527,0.05625850334763527,0.010128453373908997,0.010128453373908997,18.296598434448242,-9.476243019104004,0.0,-0.89719534,-0.767917275428772,5.246598720550537,-0.6281071305274963,-0.542421817779541,5.284062518735184,-0.11914994747086068,5.5975494384765625,0.15828894078731537,-2.9387083053588867,0.15828894078731537,-2.9387083053588867,-0.3653734624385834,223.84503173828125,-0.36425578594207764,233.0731201171875,-0.05801022052764501,-450.5867004394227,-0.125,-2.25,2.25
10.200000000000001,41.348941802978516,41.348941802978516,0.0573929138481617,0.0573929138481617,0.011636681854724884,0.011636681854724884,18.362905502319336,-9.55863094329834,0.0,-0.9103212,-0.7787799835205078,5.255329608917236,-0.6331768035888672,-0.5441017746925354,5.293335636719554,-0.11990484093126703,5.598738670349121,0.125199556350708,-2.9530351161956787,0.125199556350708,-2.9530351161956787,-0.36653366684913635,214.8332977294922,-0.3653734624385834,223.84503173828125,-0.059765577316285456,-438.9648437500094,-0.125,-2.25,2.25
10.22,41.45410919189453,41.45410919189453,0.058687496930360794,0.058687496930360794,0.013109483756124973,0.013109483756124973,18.428363800048828,-9.641922950744629,0.0,-0.9234673,-0.7896769046783447,5.263493537902832,-0.6383048295974731,-0.5458886027336121,5.302055948312157,-0.12068089020041149,5.599395275115967,0.09258835017681122,-2.967557907104492,0.09258835017681122,-2.967557907104492,-0.36772897839546204,206.0540008544922,-0.36653366684913635,214.8332977294922,-0.06115883588791024,-426.6090393066497,-0.125,-2.25,2.25
10.24,41.55942916870117,41.55942916870117,0.06013891100883484,0.06013891100883484,0.014547571539878845,0.014547571539878845,18.49295425415039,-9.726113319396973,0.0,-0.9366324,-0.8006109595298767,5.271106243133545,-0.6434695720672607,-0.5477593541145325,5.310236728864153,-0.12147383027737514,5.5995612144470215,0.06055795028805733,-2.982186794281006,0.06055795028805733,-2.982186794281006,-0.3689521551132202,197.52182006835938,-0.36772897839546204,206.0540008544922,-0.062207877635957136,-413.6009216308682,-0.125,-2.25,2.25
10.26,41.664878845214844,41.664878845214844,0.0617438405752182,0.0617438405752182,0.01595151424407959,0.01595151424407959,18.556642532348633,-9.811175346374512,0.0,-0.94981354,-0.8115820288658142,5.278183460235596,-0.6486524343490601,-0.5496942400932312,5.317891557797279,-0.12227999318183845,5.599276542663574,0.029182344675064087,-2.9968435764312744,0.029182344675064087,-2.9968435764312744,-0.37019631266593933,189.2498016357422,-0.3689521551132202,197.52182006835938,-0.06292760372162,-400.0175476074304,-0.125,-2.25,2.25
10.28,41.77045822143555,41.77045822143555,0.06349895149469376,0.06349895149469376,0.017321839928627014,0.017321839928627014,18.61941909790039,-9.897107124328613,0.0,-0.9630107,-0.8225931525230408,5.284742832183838,-0.6538371443748474,-0.5516759753227234,5.325036132617572,-0.1230961217750132,5.5985798835754395,-0.0014755548909306526,-3.0114598274230957,-0.0014755548909306526,-3.0114598274230957,-0.3714548647403717,181.24945068359375,-0.37019631266593933,189.2498016357422,-0.06333291530608703,-385.94360351559897,-0.125,-2.25,2.25
10.3,41.87614440917969,41.87614440917969,0.06540091335773468,0.06540091335773468,0.018659144639968872,0.018659144639968872,18.68125343322754,-9.983882904052734,0.0,-0.9762216,-0.8336431384086609,5.290801525115967,-0.6590092778205872,-0.5536890029907227,5.3316858503125495,-0.12391932820402982,5.59751033782959,-0.031361889094114304,-3.025972604751587,-0.031361889094114304,-3.025972604751587,-0.37272152304649353,173.53057861328125,-0.3714548647403717,181.24945068359375,-0.06830096244812157,-380.95169067383625,-0.125,-2.25,2.25
10.32,41.98192596435547,41.98192596435547,0.06744644045829773,0.06744644045829773,0.019964009523391724,0.019964009523391724,18.74212646484375,-10.071487426757812,0.0,-0.9894443,-0.8447332382202148,5.296377182006836,-0.6641559600830078,-0.5557193756103516,5.337856722823914,-0.12474701104056969,5.596104621887207,-0.06042347475886345,-3.04032564163208,-0.06042347475886345,-3.04032564163208,-0.37408754229545593,165.9115447998047,-0.37272152304649353,173.53057861328125,-0.076845288276674,-382.53479003907063,-0.125,-2.25,2.25
10.34,42.08780288696289,42.08780288696289,0.06963188201189041,0.06963188201189041,0.02122919261455536,0.02122919261455536,18.80200958251953,-10.159928321838379,0.0,-1.002679,-0.8558658957481384,5.301468372344971,-0.6693037152290344,-0.5577977895736694,5.343550726454594,-0.12558433603111094,5.59431266784668,-0.08915101736783981,-3.0546393394470215,-0.08915101736783981,-3.0546393394470215,-0.3756244480609894,158.26084899902344,-0.37408754229545593,165.9115447998047,-0.0845491886138934,-381.188201904305,-0.125,-2.25,2.25
10.36,42.193756103515625,42.193756103515625,0.07195255160331726,0.07195255160331726,0.022442268207669258,0.022442268207669258,18.860877990722656,-10.249177932739258,0.0,-1.015923,-0.86704021692276,5.306057453155518,-0.6745009422302246,-0.559980034828186,5.348756604787385,-0.12644088923131563,5.592045783996582,-0.11820297688245773,-3.069136381149292,-0.11820297688245773,-3.069136381149292,-0.3773154318332672,150.6370849609375,-0.3756244480609894,158.26084899902344,-0.09132325649260858,-377.02331542966203,-0.125,-2.25,2.25
10.38,42.299774169921875,42.299774169921875,0.07440249621868134,0.07440249621868134,0.023593619465827942,0.023593619465827942,18.918720245361328,-10.339211463928223,0.0,-1.0291755,-0.8782593011856079,5.310131072998047,-0.6797765493392944,-0.5623010993003845,5.353465061943622,-0.127322522284001,5.589267730712891,-0.14780884981155396,-3.0839571952819824,-0.14780884981155396,-3.0839571952819824,-0.3791418969631195,143.09661865234375,-0.3773154318332672,150.6370849609375,-0.09709149599075524,-370.1538085937579,-0.125,-2.25,2.25
10.4,42.405845642089844,42.405845642089844,0.0769747868180275,0.0769747868180275,0.024675965309143066,0.024675965309143066,18.97551727294922,-10.43001651763916,0.0,-1.0424345,-0.8895263671875,5.313683032989502,-0.6851441860198975,-0.5647788047790527,5.357672062632929,-0.12823208990767104,5.58597469329834,-0.17794612050056458,-3.0991764068603516,-0.17794612050056458,-3.0991764068603516,-0.38108372688293457,135.69354248046875,-0.3791418969631195,143.09661865234375,-0.10176450014114596,-360.6765747070389,-0.125,-2.25,2.25
10.42,42.511959075927734,42.511959075927734,0.07966174930334091,0.07966174930334091,0.025684311985969543,0.025684311985969543,19.031248092651367,-10.521574020385742,0.0,-1.0556988,-0.9008443355560303,5.316712379455566,-0.690605103969574,-0.5674170851707458,5.361377242414947,-0.12917003663895754,5.582187652587891,-0.20845264196395874,-3.1148128509521484,-0.20845264196395874,-3.1148128509521484,-0.38311901688575745,128.48001098632812,-0.38108372688293457,135.69354248046875,-0.10523796081543194,-348.66218566895276,-0.125,-2.25,2.25
10.44,42.618106842041016,42.618106842041016,0.08245524019002914,0.08245524019002914,0.02661554515361786,0.02661554515361786,19.085891723632812,-10.613869667053223,0.0,-1.0689672,-0.9122169017791748,5.319224834442139,-0.696150541305542,-0.5702085494995117,5.36458557723763,-0.13013480971176267,5.577939033508301,-0.23909269273281097,-3.1308419704437256,-0.23909269273281097,-3.1308419704437256,-0.38522377610206604,121.50676727294922,-0.38311901688575745,128.48001098632812,-0.10759383440016974,-334.43069458005556,-0.125,-2.25,2.25
10.46,42.72426986694336,42.72426986694336,0.08534678816795349,0.08534678816795349,0.02746857888996601,0.02746857888996601,19.139421463012695,-10.706880569458008,0.0,-1.0822376,-0.9236457347869873,5.321230888366699,-0.7017639875411987,-0.5731368064880371,5.367305735796832,-0.13112332445683697,5.573276042938232,-0.2695920169353485,-3.1472008228302,-0.2695920169353485,-3.1472008228302,-0.3873756527900696,114.81815338134766,-0.38522377610206604,121.50676727294922,-0.10882616043091052,-318.1678771972724,-0.125,-2.25,2.25
10.48,42.83045196533203,42.83045196533203,0.08832787722349167,0.08832787722349167,0.028243720531463623,0.028243720531463623,19.191822052001953,-10.800600051879883,0.0,-1.0955102,-0.9351351261138916,5.322748184204102,-0.7074235677719116,-0.5761790871620178,5.3695527129070255,-0.13213134399735393,5.568253040313721,-0.299674391746521,-3.1638023853302,-0.299674391746521,-3.1638023853302,-0.38955217599868774,108.45479583740234,-0.3873756527900696,114.81815338134766,-0.10894685983658069,-300.0885009765689,-0.125,-2.25,2.25
10.5,42.93662643432617,42.93662643432617,0.09139002114534378,0.09139002114534378,0.028942525386810303,0.028942525386810303,19.24305534362793,-10.895005226135254,0.0,-1.1087822,-0.946685791015625,5.323798656463623,-0.7131040096282959,-0.5793083906173706,5.371345219133828,-0.13315390563931,5.562930107116699,-0.32907646894454956,-3.1805412769317627,-0.32907646894454956,-3.1805412769317627,-0.3917311131954193,102.4530258178711,-0.38955217599868774,108.45479583740234,-0.10801404714584581,-278.96041870117784,-0.125,-2.25,2.25
10.52,43.042789459228516,43.042789459228516,0.09452494978904724,0.09452494978904724,0.029567835852503777,0.029567835852503777,19.2930908203125,-10.990084648132324,0.0,-1.1220522,-0.9582991600036621,5.324406147003174,-0.7187777161598206,-0.5824944376945496,5.372703437143456,-0.13418557128518574,5.557371139526367,-0.3575463593006134,-3.197298288345337,-0.3575463593006134,-3.197298288345337,-0.3938913941383362,96.87381744384766,-0.3917311131954193,102.4530258178711,-0.1060232520103383,-256.6543579101389,-0.125,-2.25,2.25
10.540000000000001,43.148929595947266,43.148929595947266,0.09772472828626633,0.09772472828626633,0.030123397707939148,0.030123397707939148,19.341928482055664,-11.085805892944336,0.0,-1.1353198,-0.9699759483337402,5.324601173400879,-0.7244161367416382,-0.5857053399085999,5.373653914698424,-0.1352205550178057,5.551655292510986,-0.38484156131744385,-3.2139475345611572,-0.38484156131744385,-3.2139475345611572,-0.3960118591785431,91.74073028564453,-0.3938913941383362,96.87381744384766,-0.10303258895874243,-233.46481323242685,-0.125,-2.25,2.25
10.56,43.255043029785156,43.255043029785156,0.10098186880350113,0.10098186880350113,0.03061397187411785,0.03061397187411785,19.389556884765625,-11.182156562805176,0.0,-1.1485841,-0.9817172288894653,5.324416637420654,-0.7299899458885193,-0.5889080166816711,5.374225325564624,-0.13625285400914022,5.545855522155762,-0.4107273817062378,-3.2303576469421387,-0.4107273817062378,-3.2303576469421387,-0.3980725109577179,87.0714340209961,-0.3960118591785431,91.74073028564453,-0.09637475013733116,-209.66110229492634,-0.125,-2.25,2.25
10.58,43.361122131347656,43.361122131347656,0.10428941994905472,0.10428941994905472,0.031045079231262207,0.031045079231262207,19.435958862304688,-11.27911376953125,0.0,-1.1618439,-0.9935224056243896,5.323888301849365,-0.7354702353477478,-0.5920690298080444,5.374449098991541,-0.13727644978953024,5.540041923522949,-0.4349954426288605,-3.2463958263397217,-0.4349954426288605,-3.2463958263397217,-0.4000000059604645,82.87821197509766,-0.3980725109577179,87.0714340209961,0.0,-185.959243774418,-0.125,-2.25,2.25
10.6,43.46715545654297,43.46715545654297,0.10764126479625702,0.10764126479625702,0.031427234411239624,0.031427234411239624,19.48111343383789,-11.376659393310547,0.0,-1.1750982,-1.00538969039917,5.323065280914307,-0.7408075928688049,-0.5951311588287354,5.3743669277904145,-0.13828117714113342,5.5342841148376465,-0.45718127489089966,-3.261833906173706,-0.45718127489089966,-3.261833906173706,-0.4000000059604645,79.15902709960938,-0.4000000059604645,82.87821197509766,0.0,-176.97944641112088,-0.125,-2.25,2.25
10.620000000000001,43.573143005371094,43.573143005371094,0.111038938164711,0.111038938164711,0.03191647306084633,0.03191647306084633,19.52501678466797,-11.474771499633789,0.0,-1.1883465,-1.0173102617263794,5.322359085083008,-0.7452592849731445,-0.5972457528114319,5.374282987748628,-0.13911971526194042,5.528741359710693,-0.46775171160697937,-3.2733118534088135,-0.46775171160697937,-3.2733118534088135,-0.4000000059604645,75.61943817138672,-0.4000000059604645,79.15902709960938,0.0,-167.99545288086296,-0.125,-2.25,2.25
10.64,43.679080963134766,43.679080963134766,0.11449284106492996,0.11449284106492996,0.03248801454901695,0.03248801454901695,19.56767463684082,-11.573433876037598,0.0,-1.2015886,-1.029267430305481,5.321684837341309,-0.7490392923355103,-0.5986374616622925,5.37414080290523,-0.1398336872195767,5.523491382598877,-0.4741906225681305,-3.281703233718872,-0.4741906225681305,-3.281703233718872,-0.4000000059604645,72.25952911376953,-0.4000000059604645,75.61943817138672,0.0,-159.51919555664404,-0.125,-2.25,2.25
10.66,43.78497314453125,43.78497314453125,0.11801084131002426,0.11801084131002426,0.03312132880091667,0.03312132880091667,19.609079360961914,-11.672625541687012,0.0,-1.2148252,-1.041247844696045,5.320982933044434,-0.7523191571235657,-0.5994901657104492,5.37390393363384,-0.14045626648903148,5.5185418128967285,-0.47961896657943726,-3.287717580795288,-0.47961896657943726,-3.287717580795288,-0.4000000059604645,69.06914520263672,-0.4000000059604645,72.25952911376953,0.0,-151.7002105712923,-0.125,-2.25,2.25
10.68,43.89080810546875,43.89080810546875,0.12159877270460129,0.12159877270460129,0.03380049765110016,0.03380049765110016,19.649206161499023,-11.772332191467285,0.0,-1.2280548,-1.0532417297363281,5.320217132568359,-0.7552297711372375,-0.5999454855918884,5.373553977107321,-0.14101253879402145,5.513862609863281,-0.4851514995098114,-3.291900157928467,-0.4851514995098114,-3.291900157928467,-0.4000000059604645,66.03514099121094,-0.4000000059604645,69.06914520263672,0.0,-144.5379257202051,-0.125,-2.25,2.25
10.700000000000001,43.996585845947266,43.996585845947266,0.12526093423366547,0.12526093423366547,0.034513745456933975,0.034513745456933975,19.688077926635742,-11.872527122497559,0.0,-1.2412771,-1.0652425289154053,5.319365501403809,-0.7578677535057068,-0.6001092791557312,5.373082250378155,-0.1415209046330928,5.509408950805664,-0.4910498261451721,-3.2946598529815674,-0.4910498261451721,-3.2946598529815674,-0.4000000059604645,63.14438247680664,-0.4000000059604645,66.03514099121094,0.0,-137.98484802246386,-0.125,-2.25,2.25
10.72,44.10230255126953,44.10230255126953,0.1290004849433899,0.1290004849433899,0.035252466797828674,0.035252466797828674,19.725698471069336,-11.973188400268555,0.0,-1.2544913,-1.0772446393966675,5.31841516494751,-0.7603036165237427,-0.6000590324401855,5.37248559384227,-0.14199471788090073,5.505133152008057,-0.4972553551197052,-3.2962987422943115,-0.4972553551197052,-3.2962987422943115,-0.4000000059604645,60.38468551635742,-0.4000000059604645,63.14438247680664,0.0,-131.97803497314734,-0.125,-2.25,2.25
10.74,44.20795822143555,44.20795822143555,0.1328197866678238,0.1328197866678238,0.036010608077049255,0.036010608077049255,19.762060165405273,-12.074296951293945,0.0,-1.2676984,-1.0892443656921387,5.317360877990723,-0.76258784532547,-0.5998507738113403,5.371765717957589,-0.14244344189720556,5.500990867614746,-0.5036274790763855,-3.2970385551452637,-0.5036274790763855,-3.2970385551452637,-0.4000000059604645,57.74512481689453,-0.4000000059604645,60.38468551635742,0.0,-126.46446228027614,-0.125,-2.25,2.25
10.76,44.313541412353516,44.313541412353516,0.13672061264514923,0.13672061264514923,0.03678373619914055,0.03678373619914055,19.797161102294922,-12.175833702087402,0.0,-1.2808964,-1.1012388467788696,5.3162007331848145,-0.7647567391395569,-0.599524974822998,5.370925721472428,-0.14287383776496285,5.496946334838867,-0.5100307464599609,-3.2970433235168457,-0.5100307464599609,-3.2970433235168457,-0.4000000059604645,55.21583557128906,-0.4000000059604645,57.74512481689453,0.0,-121.40655517578384,-0.125,-2.25,2.25
10.78,44.41905212402344,44.41905212402344,0.14070431888103485,0.14070431888103485,0.03756871819496155,0.03756871819496155,19.83099365234375,-12.277778625488281,0.0,-1.2940851,-1.1132256984710693,5.314935684204102,-0.7668362855911255,-0.5991109609603882,5.369970131772179,-0.14329069034265243,5.492969989776611,-0.5163620710372925,-3.296434164047241,-0.5163620710372925,-3.296434164047241,-0.4000000059604645,52.78770446777344,-0.4000000059604645,55.21583557128906,0.0,-116.76483154296086,-0.125,-2.25,2.25
10.8,44.52449035644531,44.52449035644531,0.14477193355560303,0.14477193355560303,0.03836327791213989,0.03836327791213989,19.863561630249023,-12.380119323730469,0.0,-1.3072648,-1.12520432472229,5.3135666847229,-0.7688451409339905,-0.5986298322677612,5.3689024729207855,-0.14369743302995439,5.489038467407227,-0.5225502848625183,-3.2953031063079834,-0.5225502848625183,-3.2953031063079834,-0.4000000059604645,50.45240783691406,-0.4000000059604645,52.78770446777344,0.0,-112.51163482666256,-0.125,-2.25,2.25
10.82,44.629852294921875,44.629852294921875,0.1489243358373642,0.1489243358373642,0.03916586935520172,0.03916586935520172,19.894853591918945,-12.482831954956055,0.0,-1.3204353,-1.1371729373931885,5.312097072601318,-0.7707964777946472,-0.5980969667434692,5.36772787303158,-0.14409642466056338,5.485133171081543,-0.5285534858703613,-3.2937188148498535,-0.5285534858703613,-3.2937188148498535,-0.4000000059604645,48.20217514038086,-0.4000000059604645,50.45240783691406,0.0,-108.62884521484607,-0.125,-2.25,2.25
10.84,44.73513412475586,44.73513412475586,0.1531621664762497,0.1531621664762497,0.0399753712117672,0.0399753712117672,19.924867630004883,-12.585904121398926,0.0,-1.3335955,-1.1491307020187378,5.310529708862305,-0.7726999521255493,-0.59752357006073,5.36645050333309,-0.14448938787280885,5.481240749359131,-0.5343483686447144,-3.2917356491088867,-0.5343483686447144,-3.2917356491088867,-0.4000000059604645,46.029598236083984,-0.4000000059604645,48.20217514038086,0.0,-105.10120391845928,-0.125,-2.25,2.25
10.86,44.84032440185547,44.84032440185547,0.15748603641986847,0.15748603641986847,0.04079084098339081,0.04079084098339081,19.95357322692871,-12.689311981201172,0.0,-1.3467442,-1.1610758304595947,5.308868408203125,-0.7745625972747803,-0.5969178676605225,5.365075115290954,-0.14487753557387525,5.477350234985352,-0.5399278998374939,-3.289395809173584,-0.5399278998374939,-3.289395809173584,-0.4000000059604645,43.927574157714844,-0.4000000059604645,46.029598236083984,0.0,-101.91440582274703,-0.125,-2.25,2.25
10.88,44.9454345703125,44.9454345703125,0.16189642250537872,0.16189642250537872,0.04161173105239868,0.04161173105239868,19.981000900268555,-12.793044090270996,0.0,-1.3598831,-1.1730096340179443,5.3071160316467285,-0.7763893604278564,-0.5962860584259033,5.363605225251696,-0.14526172083675165,5.473452568054199,-0.5452933311462402,-3.2867329120635986,-0.5452933311462402,-3.2867329120635986,-0.4000000059604645,41.889286041259766,-0.4000000059604645,43.927574157714844,0.0,-99.05796051025602,-0.125,-2.25,2.25
10.9,45.050453186035156,45.050453186035156,0.16639375686645508,0.16639375686645508,0.04243750497698784,0.04243750497698784,20.00714683532715,-12.897075653076172,0.0,-1.3730104,-1.1849303245544434,5.305275917053223,-0.7781837582588196,-0.5956329107284546,5.362044621008178,-0.14564251933578978,5.469540596008301,-0.5504510402679443,-3.283776044845581,-0.5504510402679443,-3.283776044845581,-0.4000000059604645,39.90812683105469,-0.4000000059604645,41.889286041259766,0.0,-96.47159576416222,-0.125,-2.25,2.25
10.92,45.15537643432617,45.15537643432617,0.17097841203212738,0.17097841203212738,0.043266311287879944,0.043266311287879944,20.032007217407227,-13.001383781433105,0.0,-1.3861022,-1.196815848350525,5.303351402282715,-0.7799487113952637,-0.5949618220329285,5.360397008478119,-0.14602039595559,5.4656081199646,-0.5554134249687195,-3.280548095703125,-0.5554134249687195,-3.280548095703125,-0.4000000059604645,37.978694915771484,-0.4000000059604645,39.90812683105469,0.0,-86.46354675293153,-0.1240569,-2.25,2.25
10.94,45.26025390625,45.26025390625,0.17564256489276886,0.17564256489276886,0.04382452368736267,0.04382452368736267,20.055587768554688,-13.105949401855469,0.0,-1.3988837,-1.2086634635925293,5.301344871520996,-0.7816860675811768,-0.5942755341529846,5.358664997464619,-0.14639564268743394,5.461650848388672,-0.5601938366889954,-3.2770700454711914,-0.5601938366889954,-3.2770700454711914,-0.4000000059604645,36.24942398071289,-0.4000000059604645,37.978694915771484,0.0,-64.54544067382376,-0.119687,-2.25,2.25
10.96,45.365116119384766,45.365116119384766,0.18034593760967255,0.18034593760967255,0.04393894970417023,0.04393894970417023,20.07788848876953,-13.210762023925781,0.0,-1.4112059,-1.22049880027771,5.299261093139648,-0.7833974361419678,-0.593576192855835,5.356853523871773,-0.14676844178865717,5.457729339599609,-0.5647535920143127,-3.2733588218688965,-0.5647535920143127,-3.2733588218688965,-0.4000000059604645,34.95851516723633,-0.4000000059604645,36.24942398071289,0.0,-31.374931335449887,-0.11531774,-2.25,2.25
10.98,45.46996307373047,45.46996307373047,0.18504099547863007,0.18504099547863007,0.0436105914413929,0.0436105914413929,20.098907470703125,-13.315793991088867,0.0,-1.4230695,-1.2323201894760132,5.297109603881836,-0.7850837707519531,-0.5928652882575989,5.35497214583188,-0.14713872249471832,5.453985214233398,-0.5689130425453186,-3.2694296836853027,-0.5689130425453186,-3.2694296836853027,-0.4000000059604645,34.331016540527344,-0.4000000059604645,34.95851516723633,0.0,12.39395141601589,-0.11094912,-2.25,2.25
11.0,45.57481002807617,45.57481002807617,0.18968035280704498,0.18968035280704498,0.04284089803695679,0.04284089803695679,20.1186466217041,-13.421045303344727,0.0,-1.4344758,-1.2441291809082031,5.294911861419678,-0.7867451906204224,-0.5921432375907898,5.353042089799702,-0.147505929598647,5.450605869293213,-0.5723347067832947,-3.2652945518493652,-0.5723347067832947,-3.2652945518493652,-0.4000000059604645,34.578895568847656,-0.4000000059604645,34.331016540527344,0.0,65.94486236572406,-0.106580496,-2.25,2.25
11.02,45.679656982421875,45.679656982421875,0.19421689212322235,0.19421689212322235,0.04163181781768799,0.04163181781768799,20.137102127075195,-13.526483535766602,0.0,-1.4454254,-1.2559244632720947,5.292697906494141,-0.7883813381195068,-0.5914098024368286,5.351092997108401,-0.14786917663158644,5.4478020668029785,-0.5745656490325928,-3.260962724685669,-0.5745656490325928,-3.260962724685669,-0.4000000059604645,35.89779281616211,-0.4000000059604645,34.578895568847656,0.0,128.7475585937413,-0.10221187,-2.25,2.25
11.040000000000001,45.784507751464844,45.784507751464844,0.1986038088798523,0.1986038088798523,0.039985522627830505,0.039985522627830505,20.154272079467773,-13.632099151611328,0.0,-1.4559163,-1.267703652381897,5.290511131286621,-0.7899914979934692,-0.5906639099121094,5.3491676546140905,-0.14822713292252823,5.445799350738525,-0.5750843286514282,-3.2564423084259033,-0.5750843286514282,-3.2564423084259033,-0.4000000059604645,38.47274398803711,-0.4000000059604645,35.89779281616211,0.0,200.151062011723,-0.09784309,-2.25,2.25
11.06,45.88937759399414,45.88937759399414,0.20279461145401,0.20279461145401,0.03790467977523804,0.03790467977523804,20.170143127441406,-13.73787784576416,0.0,-1.4659435,-1.2794607877731323,5.288406848907471,-0.7915745377540588,-0.5899041295051575,5.347320567199239,-0.14857804731055002,5.444830894470215,-0.5733436942100525,-3.251742362976074,-0.5733436942100525,-3.251742362976074,-0.4000000059604645,42.475765228271484,-0.4000000059604645,38.47274398803711,0.037442147731781804,279.9009323120177,-0.09347352,-2.25,2.25
11.08,45.99427032470703,45.99427032470703,0.20674318075180054,0.20674318075180054,0.03539229929447174,0.03539229929447174,20.184736251831055,-13.843803405761719,0.0,-1.4755156,-1.2912033796310425,5.2864508628845215,-0.793129563331604,-0.589128851890564,5.345616637014207,-0.14891990529825563,5.445134162902832,-0.5687938928604126,-3.246873140335083,-0.5687938928604126,-3.246873140335083,-0.39925116300582886,48.07378387451172,-0.4000000059604645,42.475765228271484,0.08490830659866513,366.26739501953904,-0.08910298,-2.25,2.25
11.1,46.09919738769531,46.09919738769531,0.2104066014289856,0.2104066014289856,0.03251401707530022,0.03251401707530022,20.19805145263672,-13.949862480163574,0.0,-1.4846328,-1.3029284477233887,5.2848687171936035,-0.7943562269210815,-0.587995171546936,5.344234198949356,-0.14919081967246775,5.446990489959717,-0.5570337176322937,-3.2404966354370117,-0.5570337176322937,-3.2404966354370117,-0.3975529968738556,55.399131774902344,-0.39925116300582886,48.07378387451172,0.13588070869444885,454.0596008300475,-0.08473102,-2.25,2.25
11.120000000000001,46.20417785644531,46.20417785644531,0.21374939382076263,0.21374939382076263,0.02934277057647705,0.02934277057647705,20.21010971069336,-14.056047439575195,0.0,-1.4932972,-1.3146257400512695,5.283895015716553,-0.7949551343917847,-0.5861546993255615,5.343360384889839,-0.14932874479674194,5.450741291046143,-0.5354889035224915,-3.231247663497925,-0.5354889035224915,-3.231247663497925,-0.39483538269996643,64.4803237915039,-0.3975529968738556,55.399131774902344,0.18846392631531164,541.597747802746,-0.08035684,-2.25,2.25
11.14,46.309226989746094,46.309226989746094,0.21674372255802155,0.21674372255802155,0.02594652771949768,0.02594652771949768,20.220922470092773,-14.162357330322266,0.0,-1.5015084,-1.3262789249420166,5.283743381500244,-0.7946847081184387,-0.5833190679550171,5.343170211294501,-0.14928291854602685,5.4567155838012695,-0.5032083988189697,-3.2179923057556152,-0.5032083988189697,-3.2179923057556152,-0.3910661041736603,75.3122787475586,-0.39483538269996643,64.4803237915039,0.24068802595139063,627.374649047865,-0.07597979,-2.25,2.25
11.16,46.41436004638672,46.41436004638672,0.21936862170696259,0.21936862170696259,0.022386401891708374,0.022386401891708374,20.23052215576172,-14.268781661987305,0.0,-1.5092667,-1.3378657102584839,5.284600734710693,-0.7933636903762817,-0.5792654156684875,5.343821747636449,-0.14901460145267328,5.46520471572876,-0.4601631462574005,-3.1998441219329834,-0.4601631462574005,-3.1998441219329834,-0.38625234365463257,87.85977172851562,-0.3910661041736603,75.3122787475586,0.2908274531364503,710.2672576904448,-0.071599245,-2.25,2.25
11.18,46.51960754394531,46.51960754394531,0.2216092348098755,0.2216092348098755,0.01871490478515625,0.01871490478515625,20.238937377929688,-14.375330924987793,0.0,-1.5165735,-1.3493614196777344,5.286628246307373,-0.7908717393875122,-0.5738386511802673,5.345457541017121,-0.14849727494632425,5.476447105407715,-0.4069070518016815,-3.1761763095855713,-0.4069070518016815,-3.1761763095855713,-0.3804357945919037,102.06511688232422,-0.38625234365463257,87.85977172851562,0.33749341964719404,789.437103271431,-0.06721393,-2.25,2.25
11.200000000000001,46.6249885559082,46.6249885559082,0.22345568239688873,0.22345568239688873,0.01497495174407959,0.01497495174407959,20.246212005615234,-14.482007026672363,0.0,-1.5234282,-1.3607370853424072,5.289958477020264,-0.7871471047401428,-0.5669506192207336,5.348201684033554,-0.14771638472942472,5.4906206130981445,-0.3443620502948761,-3.1466150283813477,-0.3443620502948761,-3.1466150283813477,-0.37368592619895935,117.8538589477539,-0.3804357945919037,102.06511688232422,0.378890335559853,866.4913177490419,-0.06282306,-2.25,2.25
11.22,46.73052978515625,46.73052978515625,0.22490204870700836,0.22490204870700836,0.011199340224266052,0.011199340224266052,20.252384185791016,-14.588814735412598,0.0,-1.5298313,-1.3719635009765625,5.2946953773498535,-0.7821812629699707,-0.558575451374054,5.352159065935093,-0.14666840774981516,5.507844924926758,-0.27366921305656433,-3.111022472381592,-0.27366921305656433,-3.111022472381592,-0.36610811948776245,135.18368530273438,-0.37368592619895935,117.8538589477539,0.4141107201576321,937.3336791992388,-0.058425505,-2.25,2.25
11.24,46.83625793457031,46.83625793457031,0.22594517469406128,0.22594517469406128,0.007409706711769104,0.007409706711769104,20.257488250732422,-14.69576358795166,0.0,-1.5357752,-1.383004903793335,5.300915718078613,-0.776017427444458,-0.5487493276596069,5.357416401388865,-0.14536055359849312,5.528200626373291,-0.19611351191997528,-3.0694961547851562,-0.19611351191997528,-3.0694961547851562,-0.35782590508461,153.93035888671875,-0.36610811948776245,135.18368530273438,0.44494420289994235,1004.0122985840057,-0.054020166,-2.25,2.25
11.26,46.94220733642578,46.94220733642578,0.22658348083496094,0.22658348083496094,0.003617003560066223,0.003617003560066223,20.261573791503906,-14.802879333496094,0.0,-1.5412601,-1.3938339948654175,5.308671951293945,-0.768742024898529,-0.5375615358352661,5.364043455016016,-0.14380908187773056,5.551697731018066,-0.11300116032361984,-3.02233624458313,-0.11300116032361984,-3.02233624458313,-0.34892702102661133,174.01060485839844,-0.35782590508461,153.93035888671875,0.4722267389297586,1045.4490661621317,-0.049605608,-2.25,2.25
11.28,47.04840087890625,47.04840087890625,0.22681596875190735,0.22681596875190735,-0.00017379224300384521,-0.00017379224300384521,20.264698028564453,-14.91016674041748,0.0,-1.5462896,-1.4044296741485596,5.3180036544799805,-0.7604566216468811,-0.5251225829124451,5.372099882026489,-0.1420337531536135,5.578312873840332,-0.02538117580115795,-2.9699220657348633,-0.02538117580115795,-2.9699220657348633,-0.33948248624801636,194.91958618164062,-0.34892702102661133,174.01060485839844,0.4924848675727512,1055.238342285085,-0.045180876,-2.25,2.25
11.3,47.154869079589844,47.154869079589844,0.22664174437522888,0.22664174437522888,-0.003961414098739624,-0.003961414098739624,20.26690673828125,-15.01764965057373,0.0,-1.550862,-1.414768099784851,5.328939437866211,-0.7512649297714233,-0.5115499496459961,5.381634930683268,-0.14005532592731687,5.607821941375732,0.0657900869846344,-2.9126555919647217,0.0657900869846344,-2.9126555919647217,-0.32963278889656067,216.02435302734375,-0.33948248624801636,194.91958618164062,0.5048766732215989,1034.6817016601783,-0.040744703,-2.25,2.25
11.32,47.26164627075195,47.26164627075195,0.22605927288532257,0.22605927288532257,-0.0077539230696856976,-0.0077539230696856976,20.268245697021484,-15.125349998474121,0.0,-1.554975,-1.424828290939331,5.34147310256958,-0.741298258304596,-0.4969969689846039,5.392667059372359,-0.13790077741256832,5.6398210525512695,0.15907125174999237,-2.851076126098633,0.15907125174999237,-2.851076126098633,-0.3195352554321289,236.71798706054688,-0.32963278889656067,216.02435302734375,0.510883331298839,978.5934448242396,-0.036295652,-2.25,2.25
11.34,47.36875915527344,47.36875915527344,0.2250654250383377,0.2250654250383377,-0.01156912837177515,-0.01156912837177515,20.26875877380371,-15.233291625976562,0.0,-1.558626,-1.4345924854278564,5.35556173324585,-0.7307131290435791,-0.48164984583854675,5.405181139940081,-0.1356027352486853,5.673802852630615,0.25265616178512573,-2.785853147506714,0.25265616178512573,-2.785853147506714,-0.30931758880615234,256.28985595703125,-0.3195352554321289,236.71798706054688,0.5165830254554858,924.8794555664259,-0.031832617,-2.25,2.25
11.36,47.47623825073242,47.47623825073242,0.22365452349185944,0.22365452349185944,-0.015430665574967861,-0.015430665574967861,20.26849365234375,-15.341492652893066,0.0,-1.5618111,-1.4440463781356812,5.371129035949707,-0.7196706533432007,-0.46570441126823425,5.419128432700729,-0.13319540643634575,5.709144592285156,0.34465542435646057,-2.717693328857422,0.34465542435646057,-2.717693328857422,-0.29898592829704285,274.7874450683594,-0.30931758880615234,256.28985595703125,0.5223363637923841,876.2191772460346,-0.02735432,-2.25,2.25
11.38,47.584110260009766,47.584110260009766,0.22181819379329681,0.22181819379329681,-0.01935786008834839,-0.01935786008834839,20.26748275756836,-15.449978828430176,0.0,-1.5645244,-1.453177809715271,5.388086795806885,-0.7082852125167847,-0.44930729269981384,5.43444084165229,-0.13070450942547152,5.7454729080200195,0.4337643086910248,-2.6471118927001953,0.4337643086910248,-2.6471118927001953,-0.28853920102119446,292.31182861328125,-0.29898592829704285,274.7874450683594,0.5280405282974355,832.4386596679865,-0.022859653,-2.25,2.25
11.4,47.692405700683594,47.692405700683594,0.21954582631587982,0.21954582631587982,-0.023365886881947517,-0.023365886881947517,20.265764236450195,-15.558775901794434,0.0,-1.5667489,-1.4619661569595337,5.406347274780273,-0.6966332197189331,-0.43256422877311707,5.451044734575204,-0.12814856686039983,5.782582759857178,0.5192472338676453,-2.5744640827178955,0.5192472338676453,-2.5744640827178955,-0.27797839045524597,308.9606018066406,-0.28853920102119446,292.31182861328125,0.5307674407959098,771.1288452148602,-0.018347343,-2.25,2.25
11.42,47.80113983154297,47.80113983154297,0.21682493388652802,0.21682493388652802,-0.027467012405395508,-0.027467012405395508,20.263381958007812,-15.667899131774902,0.0,-1.5684935,-1.4704196453094482,5.425826072692871,-0.6847637295722961,-0.4155510663986206,5.468865507255733,-0.1255407988581042,5.820366382598877,0.6007823944091797,-2.499988079071045,0.6007823944091797,-2.499988079071045,-0.267363041639328,324.3831787109375,-0.27797839045524597,308.9606018066406,0.5316480994224662,658.8592529297016,-0.013816754,-2.25,2.25
11.44,47.910335540771484,47.910335540771484,0.2136412411928177,0.2136412411928177,-0.03167588263750076,-0.03167588263750076,20.260377883911133,-15.777371406555176,0.0,-1.5697529,-1.4785341024398804,5.446432590484619,-0.6727280616760254,-0.39834722876548767,5.487822064139778,-0.12289473382264794,5.858585357666016,0.6779848337173462,-2.4239397048950195,0.6779848337173462,-2.4239397048950195,-0.2567300796508789,337.56036376953125,-0.267363041639328,324.3831787109375,0.5334801971912024,562.591552734337,-0.0092669325,-2.25,2.25
11.46,48.020015716552734,48.020015716552734,0.20997852087020874,0.20997852087020874,-0.0360078401863575,-0.0360078401863575,20.256784439086914,-15.88721752166748,0.0,-1.5705217,-1.48630690574646,5.468057632446289,-0.6605703830718994,-0.381025493144989,5.507813314078998,-0.12022272580425288,5.896632671356201,0.7501147985458374,-2.3465464115142822,0.7501147985458374,-2.3465464115142822,-0.24606047570705414,348.81219482421875,-0.2567300796508789,337.56036376953125,0.5368977785110588,484.23156738282285,-0.0046969256,-2.25,2.25
11.48,48.13019561767578,48.13019561767578,0.20581869781017303,0.20581869781017303,-0.04047505185008049,-0.04047505185008049,20.252634048461914,-15.997454643249512,0.0,-1.5707937,-1.4937365055084229,5.49057674407959,-0.6483080387115479,-0.363629549741745,5.528719227423802,-0.11753229363214399,5.934250354766846,0.8164219856262207,-2.267920732498169,0.8164219856262207,-2.267920732498169,-0.2353225201368332,358.496826171875,-0.24606047570705414,348.81219482421875,0.540976226329815,419.7814941406339,-0.00010609627,-2.25,2.25
11.5,48.2408447265625,48.2408447265625,0.20114637911319733,0.20114637911319733,-0.04489108920097351,-0.04489108920097351,20.247962951660156,-16.108102798461914,0.0,-1.5707964,-1.5008611679077148,5.513868808746338,-0.6359343528747559,-0.34617578983306885,5.550419960798641,-0.11482626238367515,5.971391677856445,0.8766236305236816,-2.1880688667297363,0.8766236305236816,-2.1880688667297363,-0.22450299561023712,366.8924560546875,-0.2353225201368332,358.496826171875,0.544498115777981,355.78613281250756,-0.0,-2.25,2.25
11.52,48.35191345214844,48.35191345214844,0.195980966091156,0.195980966091156,-0.048944875597953796,-0.048944875597953796,20.242795944213867,-16.21917152404785,0.0,-1.5707964,-1.5076360702514648,5.537822246551514,-0.6234323382377625,-0.32866808772087097,5.57280388267535,-0.1121051640435076,6.0081000328063965,0.9308279156684875,-2.1069483757019043,0.9308279156684875,-2.1069483757019043,-0.21361303329467773,374.0081787109375,-0.22450299561023712,366.8924560546875,0.5471743643283474,291.9631958007615,-0.0,-2.25,2.25
11.540000000000001,48.46341323852539,48.46341323852539,0.1903587281703949,0.1903587281703949,-0.05263352394104004,-0.05263352394104004,20.23717498779297,-16.330673217773438,0.0,-1.5707964,-1.514060378074646,5.562333106994629,-0.6107867956161499,-0.3111115097999573,5.595767159457902,-0.10936948460231391,6.044358730316162,0.9792731404304504,-2.0245251655578613,0.9792731404304504,-2.0245251655578613,-0.20266954600811005,379.8474426269531,-0.21361303329467773,374.0081787109375,0.549279153347027,230.17425537109867,-0.0,-2.25,2.25
11.56,48.57535171508789,48.57535171508789,0.18431654572486877,0.18431654572486877,-0.05595700815320015,-0.05595700815320015,20.23113250732422,-16.442611694335938,0.0,-1.5707964,-1.5201332569122314,5.587301731109619,-0.5979862213134766,-0.2935146987438202,5.619210634541235,-0.10662008126521554,6.080113410949707,1.0221670866012573,-1.9407804012298584,1.0221670866012573,-1.9407804012298584,-0.19168396294116974,384.450927734375,-0.20266954600811005,379.8474426269531,0.5508840084076045,172.9064941406287,-0.0,-2.25,2.25
11.58,48.687744140625,48.687744140625,0.17789171636104584,0.17789171636104584,-0.05891534686088562,-0.05891534686088562,20.224706649780273,-16.555004119873047,0.0,-1.5707964,-1.5258539915084839,5.612631320953369,-0.5850200057029724,-0.27588701248168945,5.643038078200383,-0.1038577154697147,6.1153035163879395,1.0596853494644165,-1.8557000160217285,1.0596853494644165,-1.8557000160217285,-0.18066628277301788,387.9090576171875,-0.19168396294116974,384.450927734375,0.5521073937416194,116.47491455078374,-0.0,-2.25,2.25
11.6,48.80059814453125,48.80059814453125,0.17112207412719727,0.17112207412719727,-0.06150851771235466,-0.06150851771235466,20.217937469482422,-16.667858123779297,0.0,-1.5707964,-1.5312219858169556,5.638228893280029,-0.5718775987625122,-0.2582375705242157,5.667157051025154,-0.10108289565456847,6.149888038635254,1.0920003652572632,-1.7692724466323853,1.0920003652572632,-1.7692724466323853,-0.16962413489818573,390.2385559082031,-0.18066628277301788,387.9090576171875,0.5529709160327538,60.954284667964636,-0.0,-2.25,2.25
11.620000000000001,48.91391372680664,48.91391372680664,0.16404609382152557,0.16404609382152557,-0.06373631209135056,-0.06373631209135056,20.210861206054688,-16.781173706054688,0.0,-1.5707964,-1.5362368822097778,5.664006233215332,-0.5585479736328125,-0.24057435989379883,5.691479811854862,-0.09829577914454912,6.183804512023926,1.1192872524261475,-1.6814846992492676,1.1192872524261475,-1.6814846992492676,-0.1585647165775299,391.4576416015625,-0.16962413489818573,390.2385559082031,0.5534850060939907,6.396484375000137,-0.0,-2.25,2.25
11.64,49.027706146240234,49.027706146240234,0.15670280158519745,0.15670280158519745,-0.06559830904006958,-0.06559830904006958,20.20351791381836,-16.89496612548828,0.0,-1.5707964,-1.5408985614776611,5.689875602722168,-0.5450189709663391,-0.22290374338626862,5.715919003376986,-0.09549614638231052,6.216981887817383,1.141695261001587,-1.5923205614089966,1.141695261001587,-1.5923205614089966,-0.14749501645565033,391.5855712890625,-0.1585647165775299,391.4576416015625,0.5536541342735408,-47.16949462890726,-0.0,-2.25,2.25
11.66,49.14197540283203,49.14197540283203,0.14913193881511688,0.14913193881511688,-0.06709370017051697,-0.06709370017051697,20.195947647094727,-17.009235382080078,0.0,-1.5707964,-1.5452067852020264,5.715752124786377,-0.5312771797180176,-0.20523039996623993,5.740390038463337,-0.09268334885916953,6.2493414878845215,1.1593481302261353,-1.5017610788345337,1.1593481302261353,-1.5017610788345337,-0.13642193377017975,390.6421813964844,-0.14749501645565033,391.5855712890625,0.5532935261726497,-102.90985107422094,-0.0,-2.25,2.25
11.68,49.25672149658203,49.25672149658203,0.14137394726276398,0.14137394726276398,-0.06822159886360168,-0.06822159886360168,20.188190460205078,-17.123979568481445,0.0,-1.5707964,-1.549161434173584,5.7415547370910645,-0.5173089504241943,-0.1875583380460739,5.764812169464138,-0.0898564832812086,6.280805587768555,1.1723438501358032,-1.4097877740859985,1.1723438501358032,-1.4097877740859985,-0.125356063246727,388.583984375,-0.13642193377017975,390.6421813964844,0.5514707416295633,-173.03924560545707,-0.0,-2.25,2.25
11.700000000000001,49.371944427490234,49.371944427490234,0.13346999883651733,0.13346999883651733,-0.06898161768913269,-0.06898161768913269,20.180286407470703,-17.23920440673828,0.0,-1.5707964,-1.5527629852294922,5.767200469970703,-0.5031039118766785,-0.16989487409591675,5.789103109029577,-0.08701509534608598,6.31126594543457,1.1807342767715454,-1.3163998126983643,1.1807342767715454,-1.3163998126983643,-0.11432664841413498,385.1231994628906,-0.125356063246727,388.583984375,0.5492787808179972,-238.6230468750051,-0.0,-2.25,2.25
11.72,49.48764419555664,49.48764419555664,0.1254618614912033,0.1254618614912033,-0.06937547773122787,-0.06937547773122787,20.172277450561523,-17.354904174804688,0.0,-1.5707964,-1.556011438369751,5.792603015899658,-0.48866263031959534,-0.15225966274738312,5.813178206977718,-0.08416049797923562,6.3404927253723145,1.184414029121399,-1.2216488122940063,1.184414029121399,-1.2216488122940063,-0.10334107279777527,380.3507385253906,-0.11432664841413498,385.1231994628906,0.546661019325268,-300.0610351562564,-0.0,-2.25,2.25
11.74,49.60382080078125,49.60382080078125,0.11739170551300049,0.11739170551300049,-0.06940508633852005,-0.06940508633852005,20.164207458496094,-17.471078872680664,0.0,-1.5707964,-1.5589075088500977,5.817672252655029,-0.4739859700202942,-0.1346726417541504,5.836948958067761,-0.08129391710593122,6.368343353271484,1.183219313621521,-1.1255929470062256,1.183219313621521,-1.1255929470062256,-0.09240785241127014,374.3495178222656,-0.10334107279777527,380.3507385253906,0.5435522645712014,-357.71636962891387,-0.0,-2.25,2.25
11.76,49.7204704284668,49.7204704284668,0.10930215567350388,0.10930215567350388,-0.06907271593809128,-0.06907271593809128,20.156118392944336,-17.587730407714844,0.0,-1.5707964,-1.5614526271820068,5.8423171043396,-0.45907536149024963,-0.11715330928564072,5.860325872781005,-0.07841649015961484,6.394718647003174,1.1770782470703125,-1.0282987356185913,1.1770782470703125,-1.0282987356185913,-0.08153680711984634,367.1951904296875,-0.09240785241127014,374.3495178222656,0.5398750305175897,-411.9308471679775,-0.0,-2.25,2.25
11.78,49.837581634521484,49.837581634521484,0.10123618692159653,0.10123618692159653,-0.06838090717792511,-0.06838090717792511,20.148052215576172,-17.70484161376953,0.0,-1.5707964,-1.5636481046676636,5.866451263427734,-0.4439329504966736,-0.09972065687179565,5.88322419177695,-0.07552921635692178,6.419545650482178,1.1660242080688477,-0.9298403859138489,1.1660242080688477,-0.9298403859138489,-0.07073930650949478,358.9565734863281,-0.08153680711984634,367.1951904296875,0.5355374887585278,-462.9867553710625,-0.0,-2.25,2.25
11.8,49.95515441894531,49.95515441894531,0.09323703497648239,0.09323703497648239,-0.06733249127864838,-0.06733249127864838,20.140052795410156,-17.82241439819336,0.0,-1.5707964,-1.5654958486557007,5.889991283416748,-0.42856186628341675,-0.08239345997571945,5.9055620047509105,-0.07263303901995499,6.4427618980407715,1.1501716375350952,-0.830301821231842,1.1501716375350952,-0.830301821231842,-0.0600285567343235,349.69683837890625,-0.07073930650949478,358.9565734863281,0.5303300917148703,-510.36376953126086,-0.0,-2.25,2.25
11.82,50.07317352294922,50.07317352294922,0.08534818887710571,0.08534818887710571,-0.06593073159456253,-0.06593073159456253,20.132164001464844,-17.940431594848633,0.0,-1.5707964,-1.5669981241226196,5.912858009338379,-0.41296693682670593,-0.06519092619419098,5.9272617227105,-0.06972895676494868,6.464311599731445,1.1296875476837158,-0.7297789454460144,1.1296875476837158,-0.7297789454460144,-0.04942195490002632,339.48956298828125,-0.0600285567343235,349.69683837890625,0.5241720005869978,-554.8065185546993,-0.0,-2.25,2.25
11.84,50.19163513183594,50.19163513183594,0.07761326432228088,0.07761326432228088,-0.06417952477931976,-0.06417952477931976,20.12442970275879,-18.058895111083984,0.0,-1.5707964,-1.56815767288208,5.93497896194458,-0.39715588092803955,-0.04813413694500923,5.948252522588503,-0.06681820617522534,6.484148979187012,1.104772686958313,-0.6283853054046631,1.104772686958313,-0.6283853054046631,-0.03893851488828659,328.3934326171875,-0.04942195490002632,339.48956298828125,0.5160832777619472,-599.2889404297002,-0.0,-2.25,2.25
11.86,50.310523986816406,50.310523986816406,0.0700758546590805,0.0700758546590805,-0.06208354979753494,-0.06208354979753494,20.116891860961914,-18.177783966064453,0.0,-1.5707964,-1.5689777135849,5.956286430358887,-0.3811394274234772,-0.03124612756073475,5.968468421933227,-0.06390231490008477,6.502232074737549,1.0756489038467407,-0.5262525081634521,1.0756489038467407,-0.5262525081634521,-0.028616849333047867,316.40765380859375,-0.03893851488828659,328.3934326171875,0.5054765380918639,-643.6614990233941,-0.0,-2.25,2.25
11.88,50.42982482910156,50.42982482910156,0.06277932971715927,0.06277932971715927,-0.05964929610490799,-0.05964929610490799,20.109594345092773,-18.29708480834961,0.0,-1.5707964,-1.5694615840911865,5.976716041564941,-0.36493751406669617,-0.014558857306838036,5.987847195000294,-0.060984157561334906,6.518495559692383,1.0425392389297485,-0.42355814576148987,1.0425392389297485,-0.42355814576148987,-0.018507318571209908,303.534423828125,-0.028616849333047867,316.40765380859375,0.4926897119730816,-686.3159179687647,-0.0,-2.25,2.25
11.9,50.549530029296875,50.549530029296875,0.05576658621430397,0.05576658621430397,-0.056885626167058945,-0.056885626167058945,20.102582931518555,-18.416790008544922,0.0,-1.5707964,-1.5696138143539429,5.996209144592285,-0.3485810458660126,0.0018846818711608648,6.00633272898107,-0.05806821507499101,6.532863616943359,1.005651593208313,-0.3205353617668152,1.005651593208313,-0.3205353617668152,-0.008653524331748486,289.80810546875,-0.018507318571209908,303.534423828125,0.47503875684925434,-730.2932739257968,-0.0,-2.25,2.25
11.92,50.66961669921875,50.66961669921875,0.04907967522740364,0.04907967522740364,-0.05380311980843544,-0.05380311980843544,20.095895767211914,-18.536876678466797,0.0,-1.5707964,-1.5694396495819092,6.014710903167725,-0.3321070671081543,0.01803606003522873,6.02387270389306,-0.05515978754117574,6.545271396636963,0.9651936888694763,-0.21745216846466064,0.9651936888694763,-0.21745216846466064,0.0008472508052363992,275.2022399902344,-0.008653524331748486,289.80810546875,0.4525935917627163,-750.183105468766,-0.0,-2.25,2.25
11.94,50.790061950683594,50.790061950683594,0.042759425938129425,0.042759425938129425,-0.05041705444455147,-0.05041705444455147,20.089574813842773,-18.657320022583008,0.0,-1.5707964,-1.5689457654953003,6.032172679901123,-0.31557539105415344,0.03382281959056854,6.040421762392464,-0.05226772845179281,6.555634021759033,0.9213995933532715,-0.11468727141618729,0.9213995933532715,-0.11468727141618729,0.009899122640490532,260.1985778808594,0.0008472508052363992,275.2022399902344,0.4236212931573105,-796.0838317870556,-0.0,-2.25,2.25
11.96,50.910850524902344,50.910850524902344,0.036844801157712936,0.036844801157712936,-0.046746980398893356,-0.046746980398893356,20.083660125732422,-18.77811050415039,0.0,-1.5707964,-1.5681397914886475,6.048556327819824,-0.29906323552131653,0.04915575310587883,6.05594521686332,-0.04940350576421672,6.564075469970703,0.8746866583824158,-0.012709036469459534,0.8746866583824158,-0.012709036469459534,0.018371548503637314,244.2769012451172,0.009899122640490532,260.1985778808594,0.3910987637937152,-830.0956726074396,-0.0,-2.25,2.25
11.98,51.03196334838867,51.03196334838867,0.031372226774692535,0.031372226774692535,-0.04281817376613617,-0.04281817376613617,20.078187942504883,-18.89922332763672,0.0,-1.5707964,-1.5670320987701416,6.063835620880127,-0.2826724946498871,0.06391983479261398,6.070420593030294,-0.04658239831069383,6.570423126220703,0.8255218267440796,0.08789002895355225,0.8255218267440796,0.08789002895355225,0.02619352377951145,227.67498779296875,0.018371548503637314,244.2769012451172,0.3554622642695979,-852.8533935547057,-0.0,-2.25,2.25
12.0,51.15338134765625,51.15338134765625,0.02637501433491707,0.02637501433491707,-0.03865803778171539,-0.03865803778171539,20.073190689086914,-19.020641326904297,0.0,-1.5707964,-1.5656349658966064,6.0779876708984375,-0.26650482416152954,0.07800177484750748,6.083827656080897,-0.04381947457851594,6.574650764465332,0.7742380499839783,0.18650344014167786,0.7742380499839783,0.18650344014167786,0.03330276906490326,210.617919921875,0.02619352377951145,227.67498779296875,0.31707622110844336,-863.8069152832215,-0.0,-2.25,2.25
12.02,51.27507400512695,51.27507400512695,0.021883022040128708,0.021883022040128708,-0.034295812249183655,-0.034295812249183655,20.06869888305664,-19.142335891723633,0.0,-1.5707964,-1.563962697982788,6.090999603271484,-0.2506606876850128,0.09129282832145691,6.096155095419087,-0.041129428067482876,6.5768208503723145,0.7212566137313843,0.2825165390968323,0.7212566137313843,0.2825165390968323,0.03964429348707199,193.34178161621094,0.03330276906490326,210.617919921875,0.27735717594621695,-851.3381958007238,-0.0,-2.25,2.25
12.040000000000001,51.39702606201172,51.39702606201172,0.017922362312674522,0.017922362312674522,-0.029762497171759605,-0.029762497171759605,20.06473731994629,-19.2642822265625,0.0,-1.5707964,-1.5620323419570923,6.102870464324951,-0.2352392077445984,0.10368972271680832,6.107402507546899,-0.038526593216808666,6.57706356048584,0.6671230792999268,0.3753112852573395,0.6671230792999268,0.3753112852573395,0.045191437005996704,176.3150177001953,0.03964429348707199,193.34178161621094,0.23605339229107405,-832.6499938965021,-0.0,-2.25,2.25
12.06,51.51921081542969,51.51921081542969,0.014515191316604614,0.014515191316604614,-0.025089601054787636,-0.025089601054787636,20.061330795288086,-19.3864688873291,0.0,-1.5707964,-1.5598621368408203,6.1136155128479,-0.22033120691776276,0.11510291695594788,6.117584529834985,-0.03602383712807177,6.575657367706299,0.61253821849823,0.46430039405822754,0.61253821849823,0.46430039405822754,0.049912504851818085,159.66201782226562,0.045191437005996704,176.3150177001953,0.19506160169840275,-807.500457763689,-0.0,-2.25,2.25
12.08,51.641605377197266,51.641605377197266,0.011679541319608688,0.011679541319608688,-0.02030976489186287,-0.02030976489186287,20.058494567871094,-19.508867263793945,0.0,-1.5707964,-1.5574727058410645,6.123267650604248,-0.20602434873580933,0.12545041739940643,6.126732632750387,-0.03363345668806473,6.572836875915527,0.5583073496818542,0.5489095449447632,0.5583073496818542,0.5489095449447632,0.053813736885786057,143.5120086669922,0.049912504851818085,159.66201782226562,0.15633441507816648,-775.9101867675946,-0.0,-2.25,2.25
12.1,51.76418685913086,51.76418685913086,0.009429238736629486,0.009429238736629486,-0.01545492373406887,-0.01545492373406887,20.056245803833008,-19.63144874572754,0.0,-1.5707964,-1.554885745048523,6.131870269775391,-0.19239254295825958,0.13466842472553253,6.134887765553765,-0.0313655440510068,6.568816661834717,0.5051473379135132,0.6286283731460571,0.5051473379135132,0.6286283731460571,0.05694042518734932,127.99380493164062,0.053813736885786057,143.5120086669922,0.11920910328625828,-741.0709381103015,-0.0,-2.25,2.25
12.120000000000001,51.886932373046875,51.886932373046875,0.007774048484861851,0.007774048484861851,-0.010554509237408638,-0.010554509237408638,20.054590225219727,-19.754188537597656,0.0,-1.5707964,-1.552124261856079,6.1394758224487305,-0.17948734760284424,0.14272068440914154,6.142098915060064,-0.02922663824521206,6.563811302185059,0.45362237095832825,0.7030543088912964,0.45362237095832825,0.7030543088912964,0.059324607253074646,113.1723861694336,0.05694042518734932,127.99380493164062,0.08306447416544138,-700.8708953857571,-0.0,-2.25,2.25
12.14,52.009822845458984,52.009822845458984,0.00671991053968668,0.00671991053968668,-0.005636634770780802,-0.005636634770780802,20.05353546142578,-19.87708282470703,0.0,-1.5707964,-1.5492117404937744,6.146139144897461,-0.16734768450260162,0.14958705008029938,6.148417002444554,-0.027221373200623032,6.55800724029541,0.40418195724487305,0.7718542218208313,0.40418195724487305,0.7718542218208313,0.06098589673638344,99.15496826171875,0.059324607253074646,113.1723861694336,0.02841297537088455,-693.5787200927882,-0.0,-2.25,2.25
12.16,52.132835388183594,52.132835388183594,0.0062690493650734425,0.0062690493650734425,-0.0007289983332157135,-0.0007289983332157135,20.053085327148438,-20.000097274780273,0.0,-1.5707964,-1.5461716651916504,6.151922225952148,-0.15600699186325073,0.15525521337985992,6.1539000037110005,-0.025353630501440995,6.55159854888916,0.35719141364097595,0.8347350358963013,0.35719141364097595,0.8347350358963013,0.06155415624380112,85.28339385986328,0.06098589673638344,99.15496826171875,-0.023840740323067218,-675.8430480957176,-0.0,-2.25,2.25
12.18,52.25595474243164,52.25595474243164,0.006418925244361162,0.006418925244361162,0.004119053483009338,0.004119053483009338,20.053234100341797,-20.12321662902832,0.0,-1.5707964,-1.54302978515625,6.156899929046631,-0.1456226110458374,0.15957249701023102,6.158621816700731,-0.023647528364158406,6.544450759887695,0.31315457820892334,0.8908551335334778,0.31315457820892334,0.8908551335334778,0.06107734143733978,71.76653289794922,0.06155415624380112,85.28339385986328,-0.07010269910096649,-649.3286132812061,-0.0,-2.25,2.25
12.200000000000001,52.37915802001953,52.37915802001953,0.007160835433751345,0.007160835433751345,0.00886143185198307,0.00886143185198307,20.05397605895996,-20.24641990661621,0.0,-1.5707964,-1.539813756942749,6.161130428314209,-0.13631390035152435,0.16242937743663788,6.16263820405906,-0.022121210747818747,6.536596775054932,0.27200761437416077,0.9395354986190796,0.27200761437416077,0.9395354986190796,0.05967528745532036,58.77996063232422,0.06107734143733978,71.76653289794922,-0.11005587875843283,-615.5115127563607,-0.0,-2.25,2.25
12.22,52.5024299621582,52.5024299621582,0.008480492979288101,0.008480492979288101,0.013458645902574062,0.013458645902574062,20.055295944213867,-20.369691848754883,0.0,-1.5707964,-1.536553144454956,6.164664268493652,-0.12814836204051971,0.16377831995487213,6.165996070866089,-0.020784571978513366,6.528158187866211,0.23351643979549408,0.9803327322006226,0.23351643979549408,0.9803327322006226,0.05747416988015175,46.469730377197266,0.05967528745532036,58.77996063232422,-0.14374945312738724,-577.3548126220826,-0.0,-2.25,2.25
12.24,52.625755310058594,52.625755310058594,0.010358838364481926,0.010358838364481926,0.017877519130706787,0.017877519130706787,20.057174682617188,-20.493017196655273,0.0,-1.5707964,-1.533278226852417,6.16754674911499,-0.12115023285150528,0.16362453997135162,6.168736522290351,-0.019640654422797072,6.519298076629639,0.1974596083164215,1.013013482093811,0.1974596083164215,1.013013482093811,0.054599180817604065,34.92263412475586,0.05747416988015175,46.469730377197266,-0.17159432172775635,-536.1237525940056,-0.0,-2.25,2.25
12.26,52.749122619628906,52.749122619628906,0.012772825546562672,0.012772825546562672,0.022090932354331017,0.022090932354331017,20.059589385986328,-20.61638069152832,0.0,-1.5707964,-1.5300185680389404,6.169819355010986,-0.11530840396881104,0.16201592981815338,6.170896766394169,-0.018686929887604994,6.510178089141846,0.16367456316947937,1.0375280380249023,0.16367456316947937,1.0375280380249023,0.05116729438304901,24.200159072875977,0.054599180817604065,34.92263412475586,-0.19411630928515078,-492.91853904720796,-0.0,-2.25,2.25
12.280000000000001,52.872520446777344,52.872520446777344,0.01569616049528122,0.01569616049528122,0.0260772667825222,0.0260772667825222,20.062511444091797,-20.739778518676758,0.0,-1.5707964,-1.5268025398254395,6.17152214050293,-0.11058436334133148,0.15903271734714508,6.172512813444252,-0.017916573563358924,6.50094747543335,0.13204872608184814,1.0539815425872803,0.13204872608184814,1.0539815425872803,0.047284968197345734,14.341788291931152,0.05116729438304901,24.200159072875977,-0.21188277751207804,-448.7034082412815,-0.0,-2.25,2.25
12.3,52.995933532714844,52.995933532714844,0.01909998618066311,0.01909998618066311,0.029819924384355545,0.029819924384355545,20.065916061401367,-20.863191604614258,0.0,-1.5707964,-1.5236568450927734,6.172693729400635,-0.1069190576672554,0.1547784060239792,6.173619648299883,-0.017319564423467403,6.491737365722656,0.10251141339540482,1.0626062154769897,0.10251141339540482,1.0626062154769897,0.04304731264710426,5.367720127105713,0.047284968197345734,14.341788291931152,-0.22720117121935374,-415.56575298310213,-0.0,-2.25,2.25
12.32,53.11935806274414,53.11935806274414,0.022953489795327187,0.022953489795327187,0.033306777477264404,0.033306777477264404,20.06976890563965,-20.986614227294922,0.0,-1.5707964,-1.5206060409545898,6.173372745513916,-0.1042385846376419,0.1493721604347229,6.174252727057849,-0.01688358765151322,6.482657432556152,0.07501722127199173,1.0637376308441162,0.07501722127199173,1.0637376308441162,0.038503289222717285,-2.9435949325561523,0.04304731264710426,5.367720127105713,-0.24298485368490738,-409.2855930328456,-0.0,-2.25,2.25
12.34,53.24277114868164,53.24277114868164,0.02722437120974064,0.02722437120974064,0.0365276001393795,0.0365276001393795,20.074039459228516,-21.11003303527832,0.0,-1.5707964,-1.5176719427108765,6.17359733581543,-0.10247132927179337,0.14292825758457184,6.174447703083256,-0.016596793543247106,6.473699569702148,0.04949009791016579,1.0577356815338135,0.04949009791016579,1.0577356815338135,0.03364359214901924,-11.12930679321289,0.038503289222717285,-2.9435949325561523,-0.25695497170091225,-418.6584472656339,-0.0,-2.25,2.25
12.36,53.366172790527344,53.366172790527344,0.03187891095876694,0.03187891095876694,0.03947070240974426,0.03947070240974426,20.07869529724121,-21.233430862426758,0.0,-1.5707964,-1.514874815940857,6.173393726348877,-0.10156659781932831,0.13553357124328613,6.174229172481069,-0.016450827509519213,6.464639186859131,0.02564750239253044,1.0448949337005615,0.02564750239253044,1.0448949337005615,0.028504492715001106,-19.50247573852539,0.03364359214901924,-11.12930679321289,-0.2663793042301952,-419.02952194211036,-0.0,-2.25,2.25
12.38,53.48955154418945,53.48955154418945,0.036881979554891586,0.036881979554891586,0.042126186192035675,0.042126186192035675,20.083698272705078,-21.356813430786133,0.0,-1.5707964,-1.5122328996658325,6.1727728843688965,-0.10147279500961304,0.127272367477417,6.173606872009827,-0.016437289683874298,6.455206394195557,0.0029024984687566757,1.025534749031067,0.0029024984687566757,1.025534749031067,0.023176906630396843,-27.883066177368164,0.028504492715001106,-19.50247573852539,-0.27225306257606136,-412.68014907837795,-0.0,-2.25,2.25
12.4,53.61289978027344,53.61289978027344,0.04219744727015495,0.04219744727015495,0.0444892942905426,0.0444892942905426,20.089014053344727,-21.48015785217285,0.0,-1.5707964,-1.5097626447677612,6.171731948852539,-0.10211734473705292,0.11825107038021088,6.1725767067395205,-0.01654446891818434,6.445312976837158,-0.019373364746570587,1.0000884532928467,-0.019373364746570587,1.0000884532928467,0.017731845378875732,-36.13666915893555,0.023176906630396843,-27.883066177368164,-0.2741648349911033,-392.36450195313336,-0.0,-2.25,2.25
12.42,53.73621368408203,53.73621368408203,0.04778872802853584,0.04778872802853584,0.04655905067920685,0.04655905067920685,20.0946044921875,-21.603471755981445,0.0,-1.5707964,-1.50747811794281,6.17026424407959,-0.10341788828372955,0.1085866391658783,6.171130860821551,-0.016759121124887158,6.43496036529541,-0.041582249104976654,0.9690539836883545,-0.041582249104976654,0.9690539836883545,0.012248548679053783,-43.98395919799805,0.017731845378875732,-36.13666915893555,-0.27319223154336797,-354.06608581543725,-0.0,-2.25,2.25
12.44,53.85948181152344,53.85948181152344,0.05361930653452873,0.05361930653452873,0.04833882302045822,0.04833882302045822,20.100435256958008,-21.726741790771484,0.0,-1.5707964,-1.5053914785385132,6.168366432189941,-0.105280302464962,0.09840861707925797,6.169264817128114,-0.01706611991604417,6.4242730140686035,-0.06384094804525375,0.9330032467842102,-0.06384094804525375,0.9330032467842102,0.006784704048186541,-51.06528091430664,0.012248548679053783,-43.98395919799805,-0.2697633171919551,-314.4399642944124,-0.0,-2.25,2.25
12.46,53.98270034790039,53.98270034790039,0.05965321511030197,0.05965321511030197,0.049834854900836945,0.049834854900836945,20.106468200683594,-21.849958419799805,0.0,-1.5707964,-1.5035114288330078,6.166045665740967,-0.10760865360498428,0.08784753084182739,6.166984577111705,-0.01745003796607101,6.413489818572998,-0.08593597263097763,0.8925370573997498,-0.08593597263097763,0.8925370573997498,0.001389437704347074,-57.35408020019531,0.006784704048186541,-51.06528091430664,-0.2638962527271416,-273.88839721680273,-0.0,-2.25,2.25
12.48,54.105865478515625,54.105865478515625,0.06585538387298584,0.06585538387298584,0.05105576664209366,0.05105576664209366,20.1126708984375,-21.973125457763672,0.0,-1.5707964,-1.5018450021743774,6.163321495056152,-0.11030831933021545,0.0770302414894104,6.164308540033883,-0.01789563364786345,6.402782440185547,-0.10746479034423828,0.8482689261436462,-0.10746479034423828,0.8482689261436462,-0.0038884873501956463,-62.83184814453125,0.001389437704347074,-57.35408020019531,-0.2554693026468212,-230.98144531250492,-0.0,-2.25,2.25
12.5,54.228965759277344,54.228965759277344,0.07219194620847702,0.07219194620847702,0.05201256647706032,0.05201256647706032,20.119007110595703,-22.09622573852539,0.0,-1.5707964,-1.5003960132598877,6.160222053527832,-0.11328574270009995,0.06607919931411743,6.161263621065874,-0.01838780707781202,6.392281532287598,-0.12802112102508545,0.8008227944374084,-0.12802112102508545,0.8008227944374084,-0.008997873403131962,-67.45147705078125,-0.0038884873501956463,-62.83184814453125,-0.244928337633615,-188.07868957519932,-0.0,-2.25,2.25
12.52,54.35199737548828,54.35199737548828,0.07863058149814606,0.07863058149814606,0.052718691527843475,0.052718691527843475,20.125446319580078,-22.219253540039062,0.0,-1.5707964,-1.4991662502288818,6.156781196594238,-0.11644772440195084,0.055113304406404495,6.157882328792486,-0.018911479566043343,6.382107257843018,-0.1472436785697937,0.7508332133293152,-0.1472436785697937,0.7508332133293152,-0.013896440155804157,-71.21305084228516,-0.008997873403131962,-67.45147705078125,-0.23262533359227994,-146.65565490721667,-0.0,-2.25,2.25
12.540000000000001,54.474952697753906,54.474952697753906,0.08514077216386795,0.08514077216386795,0.053189218044281006,0.053189218044281006,20.131956100463867,-22.342212677001953,0.0,-1.5707964,-1.4981549978256226,6.153039455413818,-0.11970505863428116,0.04424412176012993,6.154203753609545,-0.01945216845220078,6.37235689163208,-0.16482628881931305,0.6989251375198364,-0.16482628881931305,0.6989251375198364,-0.01854894682765007,-74.14616394042969,-0.013896440155804157,-71.21305084228516,-0.2188041806221055,-107.22160339355698,-0.0,-2.25,2.25
12.56,54.59783172607422,54.59783172607422,0.09169398993253708,0.09169398993253708,0.05344051867723465,0.05344051867723465,20.13850975036621,-22.465087890625,0.0,-1.5707964,-1.4973595142364502,6.149040222167969,-0.12297459691762924,0.03357392176985741,6.150269783133627,-0.019996324865450193,6.363101959228516,-0.18053241074085236,0.6457018256187439,-0.18053241074085236,0.6457018256187439,-0.022925030440092087,-76.29059600830078,-0.01854894682765007,-74.14616394042969,-0.2036218531429811,-69.46144104004054,-0.0,-2.25,2.25
12.58,54.72062683105469,54.72062683105469,0.09826388210058212,0.09826388210058212,0.05348984897136688,0.05348984897136688,20.14508056640625,-22.58788299560547,0.0,-1.5707964,-1.4967751502990723,6.144827842712402,-0.1261799931526184,0.023195233196020126,6.146123217707692,-0.020531456028283088,6.3543925285339355,-0.19420143961906433,0.5917381048202515,-0.19420143961906433,0.5917381048202515,-0.026997467502951622,-77.67982482910156,-0.022925030440092087,-76.29059600830078,-0.18815295770764753,-32.99026489257883,-0.0,-2.25,2.25
12.6,54.84334182739258,54.84334182739258,0.10482630878686905,0.10482630878686905,0.05335519462823868,0.05335519462823868,20.151641845703125,-22.710601806640625,0.0,-1.5707964,-1.4963949918746948,6.140447616577148,-0.12925168871879578,0.013191251084208488,6.141807790135136,-0.0210461211751272,6.346271991729736,-0.2057345062494278,0.5375774502754211,-0.2057345062494278,0.5375774502754211,-0.030760526657104492,-78.33963012695312,-0.026997467502951622,-77.67982482910156,-0.1725465059280279,1.231384277343667,-0.0,-2.25,2.25
12.620000000000001,54.965965270996094,54.965965270996094,0.11135942488908768,0.11135942488908768,0.053053759038448334,0.053053759038448334,20.158174514770508,-22.83322525024414,0.0,-1.5707964,-1.4962115287780762,6.13594388961792,-0.1321343034505844,0.003627975471317768,6.137366445853454,-0.021531142800093744,6.338777542114258,-0.21508361399173737,0.483695924282074,-0.21508361399173737,0.483695924282074,-0.03421145677566528,-78.31500244140625,-0.030760526657104492,-78.33963012695312,-0.15625841915607785,31.965637207031932,-0.0,-2.25,2.25
12.64,55.08850860595703,55.08850860595703,0.11784353107213974,0.11784353107213974,0.05260204151272774,0.05260204151272774,20.16465950012207,-22.95577049255371,0.0,-1.5707964,-1.4962149858474731,6.131361961364746,-0.13478469848632812,-0.005443458445370197,6.132843257104864,-0.021979291760856483,6.331936836242676,-0.22223907709121704,0.43050694465637207,-0.22223907709121704,0.43050694465637207,-0.037336625158786774,-77.67568969726562,-0.03421145677566528,-78.31500244140625,-0.13954341411590873,59.07135009765751,-0.0,-2.25,2.25
12.66,55.210960388183594,55.210960388183594,0.1242610439658165,0.1242610439658165,0.052016668021678925,0.052016668021678925,20.171077728271484,-23.078218460083008,0.0,-1.5707964,-1.4963955879211426,6.126743316650391,-0.13716500997543335,-0.013978641480207443,6.128278543610905,-0.022384175934675208,6.325759410858154,-0.22722887992858887,0.378391295671463,-0.22722887992858887,0.378391295671463,-0.04012749344110489,-76.4942626953125,-0.037336625158786774,-77.67568969726562,-0.12265760451555513,82.46459960937676,-0.0,-2.25,2.25
12.68,55.33332443237305,55.33332443237305,0.13059650361537933,0.13059650361537933,0.0513140931725502,0.0513140931725502,20.177412033081055,-23.200586318969727,0.0,-1.5707964,-1.4967418909072876,6.122129440307617,-0.13924342393875122,-0.02194085530936718,6.123712731259643,-0.022740358960608695,6.3202385902404785,-0.23012617230415344,0.3276917338371277,-0.23012617230415344,0.3276917338371277,-0.04258064553141594,-74.844970703125,-0.04012749344110489,-76.4942626953125,-0.10584834963082553,102.14385986327436,-0.0,-2.25,2.25
12.700000000000001,55.455604553222656,55.455604553222656,0.1368364542722702,0.1368364542722702,0.05051034316420555,0.05051034316420555,20.183652877807617,-23.32286262512207,0.0,-1.5707964,-1.4972425699234009,6.117555618286133,-0.14099492132663727,-0.029301777482032776,6.119180199231277,-0.023043511653496246,6.3153581619262695,-0.23104554414749146,0.27870893478393555,-0.23104554414749146,0.27870893478393555,-0.04469761252403259,-72.80209350585938,-0.04258064553141594,-74.844970703125,-0.08933991193771552,118.16711425781502,-0.0,-2.25,2.25
12.72,55.577796936035156,55.577796936035156,0.1429695039987564,0.1429695039987564,0.049620769917964935,0.049620769917964935,20.18978500366211,-23.44505500793457,0.0,-1.5707964,-1.4978851079940796,6.113055229187012,-0.14240172505378723,-0.03604183346033096,6.114713606244283,-0.023290477568571624,6.311092376708984,-0.2301340252161026,0.23169900476932526,-0.2301340252161026,0.23169900476932526,-0.046484410762786865,-70.43875122070312,-0.04469761252403259,-72.80209350585938,-0.07333885878324665,130.64918518066685,-0.0,-2.25,2.25
12.74,55.69990539550781,55.69990539550781,0.1489861011505127,0.1489861011505127,0.04865986108779907,0.04865986108779907,20.195802688598633,-23.567167282104492,0.0,-1.5707964,-1.4986572265625,6.10865592956543,-0.1434532105922699,-0.042150191962718964,6.1103400960539105,-0.02347928095413067,6.307408332824707,-0.22756607830524445,0.1868724375963211,-0.22756607830524445,0.1868724375963211,-0.04795118793845177,-67.82576751708984,-0.046484410762786865,-70.43875122070312,-0.05800779908895616,139.76898193359673,-0.0,-2.25,2.25
12.76,55.821937561035156,55.821937561035156,0.15487846732139587,0.15487846732139587,0.04764112830162048,0.04764112830162048,20.20169448852539,-23.689199447631836,0.0,-1.5707964,-1.4995461702346802,6.104382514953613,-0.14414572715759277,-0.04762456566095352,6.106084169050504,-0.023609094620950673,6.304267406463623,-0.22353368997573853,0.14439421892166138,-0.22353368997573853,0.14439421892166138,-0.049111343920230865,-65.03038787841797,-0.04795118793845177,-67.82576751708984,-0.04349276423453991,145.72734832762688,-0.0,-2.25,2.25
12.780000000000001,55.94388961791992,55.94388961791992,0.16064044833183289,0.16064044833183289,0.046576935797929764,0.046576935797929764,20.207456588745117,-23.811153411865234,0.0,-1.5707964,-1.5005391836166382,6.100254058837891,-0.1444821059703827,-0.05247056856751442,6.101964819737475,-0.023680177483595563,6.301626682281494,-0.21824105083942413,0.1043858528137207,-0.21824105083942413,0.1043858528137207,-0.04998119920492172,-62.115840911865234,-0.049111343920230865,-65.03038787841797,-0.02989731729030673,148.7680435180696,-0.0,-2.25,2.25
12.8,56.065765380859375,56.065765380859375,0.16626733541488647,0.16626733541488647,0.045478496700525284,0.045478496700525284,20.213083267211914,-23.933027267456055,0.0,-1.5707964,-1.5016241073608398,6.096286296844482,-0.14447103440761566,-0.056701041758060455,6.097997908566107,-0.02369376884093674,6.299438953399658,-0.21189680695533752,0.0669277161359787,-0.21189680695533752,0.0669277161359787,-0.050579145550727844,-59.140480041503906,-0.04998119920492172,-62.115840911865234,-0.017299503087997804,149.14798736572584,-0.0,-2.25,2.25
12.82,56.18757247924805,56.18757247924805,0.17175574600696564,0.17175574600696564,0.044355880469083786,0.044355880469083786,20.218570709228516,-24.054834365844727,0.0,-1.5707964,-1.5027885437011719,6.092489242553711,-0.14412620663642883,-0.06033514067530632,6.094193755868949,-0.023651963003336756,6.297657489776611,-0.20471009612083435,0.03206257149577141,-0.20471009612083435,0.03206257149577141,-0.05092513561248779,-56.15752029418945,-0.050579145550727844,-59.140480041503906,-0.006301701068878308,146.0826873779328,-0.0,-2.25,2.25
12.84,56.30931091308594,56.30931091308594,0.1771034598350525,0.1771034598350525,0.043217990547418594,0.043217990547418594,20.223918914794922,-24.176572799682617,0.0,-1.5707964,-1.5040208101272583,6.088870048522949,-0.14346545934677124,-0.0633973553776741,6.090559974733476,-0.02355755962778969,6.296230792999268,-0.19688372313976288,-0.00020050854072906077,-0.19688372313976288,-0.00020050854072906077,-0.051051169633865356,-53.23586654663086,-0.05092513561248779,-56.15752029418945,-0.003070384263992375,128.2352447509793,-0.0,-2.25,2.25
12.86,56.43098068237305,56.43098068237305,0.1823093146085739,0.1823093146085739,0.042071882635354996,0.042071882635354996,20.2291259765625,-24.298240661621094,0.0,-1.5707964,-1.5053097009658813,6.085432052612305,-0.14251446723937988,-0.0659215971827507,6.087100593906243,-0.02341467634112117,6.295101165771484,-0.18862348794937134,-0.029902439564466476,-0.18862348794937134,-0.029902439564466476,-0.0511125773191452,-50.67116165161133,-0.051051169633865356,-53.23586654663086,-9.033828973769532e-05,112.04795837401588,-0.0,-2.25,2.25
12.88,56.552589416503906,56.552589416503906,0.18737240135669708,0.18737240135669708,0.04091423749923706,0.04091423749923706,20.234188079833984,-24.419851303100586,0.0,-1.5707964,-1.506645679473877,6.082169055938721,-0.14135415852069855,-0.06800512224435806,6.083811422385609,-0.02323656502803556,6.2940993309021,-0.18027544021606445,-0.0573512502014637,-0.18027544021606445,-0.0573512502014637,-0.05111438408493996,-48.43020248413086,-0.0511125773191452,-50.67116165161133,0.0025350600481033867,97.3478317260763,-0.0,-2.25,2.25
12.9,56.67414093017578,56.67414093017578,0.1922914981842041,0.1922914981842041,0.03974314033985138,0.03974314033985138,20.239107131958008,-24.54140281677246,0.0,-1.5707964,-1.5080199241638184,6.079068660736084,-0.1400456726551056,-0.0697234570980072,6.0806815878134115,-0.023033282456875033,6.293125152587891,-0.17216424643993378,-0.08278962224721909,-0.17216424643993378,-0.08278962224721909,-0.05106368288397789,-46.483245849609375,-0.05111438408493996,-48.43020248413086,0.0045705586671830195,83.94813537597835,-0.0,-2.25,2.25
12.92,56.79563522338867,56.79563522338867,0.19706514477729797,0.19706514477729797,0.03855763375759125,0.03855763375759125,20.243881225585938,-24.66289710998535,0.0,-1.5707964,-1.5094261169433594,6.076115131378174,-0.1386362910270691,-0.07113665342330933,6.077696530014685,-0.02281264223126926,6.292120933532715,-0.16452133655548096,-0.10641628503799438,-0.16452133655548096,-0.10641628503799438,-0.05097227171063423,-44.804283142089844,-0.05106368288397789,-46.483245849609375,0.006580725312233112,72.01862335205232,-0.0,-2.25,2.25
12.94,56.91707992553711,56.91707992553711,0.20169185101985931,0.20169185101985931,0.0373569056391716,0.0373569056391716,20.24850845336914,-24.784337997436523,0.0,-1.5707964,-1.510858416557312,6.073292255401611,-0.13716484606266022,-0.07229519635438919,6.074840986768015,-0.022581085481038682,6.291051387786865,-0.1574881225824356,-0.12840589880943298,-0.1574881225824356,-0.12840589880943298,-0.05084065720438957,-43.36391067504883,-0.05097227171063423,-44.804283142089844,0.00858660787343921,61.38629913329664,-0.0,-2.25,2.25
12.96,57.03846740722656,57.03846740722656,0.2061699479818344,0.2061699479818344,0.036141104996204376,0.036141104996204376,20.25298500061035,-24.905731201171875,0.0,-1.5707964,-1.5123119354248047,6.070585250854492,-0.13565921783447266,-0.07323725521564484,6.072100848246475,-0.022343256346800438,6.2898993492126465,-0.1511300951242447,-0.14889493584632874,-0.1511300951242447,-0.14889493584632874,-0.050668925046920776,-42.13618469238281,-0.05084065720438957,-43.36391067504883,0.010593235492706524,51.885604858399546,-0.0,-2.25,2.25
12.98,57.15980911254883,57.15980911254883,0.21049785614013672,0.21049785614013672,0.03491102531552315,0.03491102531552315,20.257312774658203,-25.027067184448242,0.0,-1.5707964,-1.5137828588485718,6.06797981262207,-0.13413894176483154,-0.07399154454469681,6.069462271246668,-0.022102429824375866,6.288657188415527,-0.1454620212316513,-0.16799016296863556,-0.1454620212316513,-0.16799016296863556,-0.05045706033706665,-41.098472595214844,-0.050668925046920776,-42.13618469238281,0.01259874552488354,43.354988098145455,-0.0,-2.25,2.25
13.0,57.28110122680664,57.28110122680664,0.21467410027980804,0.21467410027980804,0.03366800770163536,0.03366800770163536,20.261489868164062,-25.148361206054688,0.0,-1.5707964,-1.5152674913406372,6.0654616355896,-0.13261732459068298,-0.07457975298166275,6.066911257599773,-0.021860858426105984,6.287323474884033,-0.14046378433704376,-0.1857757568359375,-0.14046378433704376,-0.1857757568359375,-0.050205085426568985,-40.23137283325195,-0.05045706033706665,-41.098472595214844,0.014602206647396398,35.65921783447342,-0.0,-2.25,2.25
13.02,57.4023551940918,57.4023551940918,0.21869733929634094,0.21869733929634094,0.032413724809885025,0.032413724809885025,20.265512466430664,-25.26961326599121,0.0,-1.5707964,-1.516762614250183,6.063018321990967,-0.1311030387878418,-0.0750182569026947,6.064435602723271,-0.02162002557501004,6.2858991622924805,-0.13609787821769714,-0.20231877267360687,-0.13609787821769714,-0.20231877267360687,-0.04991304129362106,-39.5181884765625,-0.050205085426568985,-40.23137283325195,0.016583502292631936,28.65333557128713,-0.0,-2.25,2.25
13.040000000000001,57.523563385009766,57.523563385009766,0.22256648540496826,0.22256648540496826,0.031150180846452713,0.031150180846452713,20.26938247680664,-25.390823364257812,0.0,-1.5707964,-1.5182653665542603,6.060637950897217,-0.12960125505924225,-0.07531958818435669,6.062023495266951,-0.02138083595516765,6.284387111663818,-0.13231821358203888,-0.21767349541187286,-0.13231821358203888,-0.21767349541187286,-0.0495813712477684,-38.94512176513672,-0.04991304129362106,-39.5181884765625,0.018537975847721495,22.23472595214891,-0.0,-2.25,2.25
13.06,57.64472961425781,57.64472961425781,0.22628067433834076,0.22628067433834076,0.02987954020500183,0.02987954020500183,20.273096084594727,-25.51198959350586,0.0,-1.5707964,-1.519773006439209,6.058311939239502,-0.12811478972434998,-0.07549354434013367,6.059666406039033,-0.021143793646422222,6.282790184020996,-0.12907886505126953,-0.23188525438308716,-0.12907886505126953,-0.23188525438308716,-0.04921061173081398,-38.50042724609375,-0.0495813712477684,-38.94512176513672,0.020232610404491855,18.139457702637106,-0.0,-2.25,2.25
13.08,57.76585006713867,57.76585006713867,0.22983932495117188,0.22983932495117188,0.028604041785001755,0.028604041785001755,20.276655197143555,-25.63311195373535,0.0,-1.5707964,-1.5212831497192383,6.056029319763184,-0.1266447901725769,-0.07554798573255539,6.057353384499635,-0.020909134834452874,6.281111240386963,-0.1263342946767807,-0.24499285221099854,-0.1263342946767807,-0.24499285221099854,-0.04880595952272415,-38.137638092041016,-0.04921061173081398,-38.50042724609375,0.021704845130444034,16.318893432617536,-0.0,-2.25,2.25
13.1,57.886932373046875,57.886932373046875,0.23324204981327057,0.23324204981327057,0.02732565999031067,0.02732565999031067,20.280057907104492,-25.754194259643555,0.0,-1.5707964,-1.5227935314178467,6.0537824630737305,-0.1251930445432663,-0.07549137622117996,6.055076829291355,-0.020677188660856192,6.2793684005737305,-0.12403278797864914,-0.25703880190849304,-0.12403278797864914,-0.25703880190849304,-0.04837186262011528,-37.81126022338867,-0.04880595952272415,-38.137638092041016,0.023114681243894923,14.576148986815422,-0.0,-2.25,2.25
13.120000000000001,58.007972717285156,58.007972717285156,0.2364887148141861,0.2364887148141861,0.026046201586723328,0.026046201586723328,20.28330421447754,-25.87523078918457,0.0,-1.5707964,-1.5243018865585327,6.051564693450928,-0.12376157194375992,-0.07533227652311325,6.052830095559582,-0.02044831842708772,6.277588844299316,-0.12210128456354141,-0.26806747913360596,-0.12210128456354141,-0.26806747913360596,-0.04790956899523735,-37.519737243652344,-0.04837186262011528,-37.81126022338867,0.024449080228806062,12.855911254883086,-0.0,-2.25,2.25
13.14,58.128971099853516,58.128971099853516,0.23957940936088562,0.23957940936088562,0.024767473340034485,0.024767473340034485,20.286396026611328,-25.996232986450195,0.0,-1.5707964,-1.525806188583374,6.049371242523193,-0.1223512589931488,-0.07507780939340591,6.050608420683313,-0.02022269337081703,6.275787353515625,-0.12046018987894058,-0.27811869978904724,-0.12046018987894058,-0.27811869978904724,-0.04742058739066124,-37.26261901855469,-0.04790956899523735,-37.519737243652344,0.025712884962559295,11.141586303711176,-0.0,-2.25,2.25
13.16,58.24993133544922,58.24993133544922,0.24251441657543182,0.24251441657543182,0.023491287603974342,0.023491287603974342,20.289329528808594,-26.117191314697266,0.0,-1.5707964,-1.527304768562317,6.047199726104736,-0.12096225470304489,-0.07473426312208176,6.048409410288299,-0.02000035237497667,6.273972034454346,-0.11904611438512802,-0.28722918033599854,-0.11904611438512802,-0.28722918033599854,-0.046906329691410065,-37.03978729248047,-0.04742058739066124,-37.26261901855469,0.026884302496910668,9.381866455078326,-0.0,-2.25,2.25
13.18,58.370849609375,58.370849609375,0.2452942579984665,0.2452942579984665,0.02221943996846676,0.02221943996846676,20.292110443115234,-26.238107681274414,0.0,-1.5707964,-1.5287957191467285,6.045046329498291,-0.11959412693977356,-0.07430724054574966,6.046229228285944,-0.019781242533431383,6.272146701812744,-0.11781331896781921,-0.2954332232475281,-0.11781331896781921,-0.2954332232475281,-0.04636864364147186,-36.852149963378906,-0.046906329691410065,-37.03978729248047,0.027967244386671086,7.572937011718238,-0.0,-2.25,2.25
13.200000000000001,58.491729736328125,58.491729736328125,0.24791967868804932,0.24791967868804932,0.02095363289117813,0.02095363289117813,20.294734954833984,-26.35898780822754,0.0,-1.5707964,-1.5302774906158447,6.042908668518066,-0.11824627220630646,-0.07380206882953644,6.044065465970854,-0.019565277266215094,6.270309925079346,-0.11673083901405334,-0.3027642071247101,-0.11673083901405334,-0.3027642071247101,-0.0458092987537384,-36.70069122314453,-0.04636864364147186,-36.852149963378906,0.02635251730680522,1.634407043457066,-0.0,-2.25,2.25
13.22,58.61256790161133,58.61256790161133,0.25039157271385193,0.25039157271385193,0.01969551108777523,0.01969551108777523,20.29720687866211,-26.479829788208008,0.0,-1.5707964,-1.5317485332489014,6.0407843589782715,-0.1169179379940033,-0.07322381436824799,6.041915712412852,-0.01935234481322184,6.26846170425415,-0.11578137427568436,-0.30925488471984863,-0.11578137427568436,-0.30925488471984863,-0.04528224840760231,-36.66800308227539,-0.0458092987537384,-36.70069122314453,0.024555809795857,-3.8883209228516455,-0.0,-2.25,2.25
13.24,58.733367919921875,58.733367919921875,0.25271087884902954,0.25271087884902954,0.018442951142787933,0.018442951142787933,20.29952621459961,-26.600629806518555,0.0,-1.5707964,-1.5332075357437134,6.038669586181641,-0.11562924832105637,-0.07260110229253769,6.0397765268379295,-0.019145793277703927,6.266562461853027,-0.11500142514705658,-0.3150327503681183,-0.11500142514705658,-0.3150327503681183,-0.04479113221168518,-36.74576950073242,-0.04528224840760231,-36.66800308227539,0.0229801982641225,-8.41999053955096,-0.0,-2.25,2.25
13.26,58.8541259765625,58.8541259765625,0.25487828254699707,0.25487828254699707,0.017194051295518875,0.017194051295518875,20.301694869995117,-26.72138786315918,0.0,-1.5707964,-1.534654140472412,6.036558151245117,-0.1143956333398819,-0.07195715606212616,6.037641979638334,-0.01894820516716288,6.26458740234375,-0.11443859338760376,-0.32020795345306396,-0.11443859338760376,-0.32020795345306396,-0.04433152824640274,-36.91416931152344,-0.04479113221168518,-36.74576950073242,0.021634623408316105,-12.089347839354653,-0.0,-2.25,2.25
13.280000000000001,58.97484588623047,58.97484588623047,0.2568942606449127,0.2568942606449127,0.015947626903653145,0.015947626903653145,20.3037109375,-26.84210968017578,0.0,-1.5707964,-1.5360877513885498,6.0344462394714355,-0.11322592943906784,-0.07130753248929977,6.035508390199477,-0.018761066103540846,6.262526988983154,-0.11412277072668076,-0.324863076210022,-0.11412277072668076,-0.324863076210022,-0.04389883577823639,-37.15595626831055,-0.04433152824640274,-36.91416931152344,0.020516291260719736,-15.025520324707351,-0.0,-2.25,2.25
13.3,59.095523834228516,59.095523834228516,0.25875917077064514,0.25875917077064514,0.014702997170388699,0.014702997170388699,20.305574417114258,-26.962779998779297,0.0,-1.5707964,-1.537508249282837,6.032327651977539,-0.11212412267923355,-0.07066194713115692,6.033369599129448,-0.01858506690118469,6.260379314422607,-0.11406009644269943,-0.3290593922138214,-0.11406009644269943,-0.3290593922138214,-0.043488509953022,-37.45646667480469,-0.04389883577823639,-37.15595626831055,0.01960974186658901,-17.357254028320682,-0.0,-2.25,2.25
13.32,59.21615982055664,59.21615982055664,0.2604733109474182,0.2604733109474182,0.013459967449307442,0.013459967449307442,20.307289123535156,-27.08342170715332,0.0,-1.5707964,-1.5389161109924316,6.030197620391846,-0.11109059303998947,-0.07002579420804977,6.031220810154562,-0.01842029650286822,6.258147239685059,-0.11423793435096741,-0.3328416347503662,-0.11423793435096741,-0.3328416347503662,-0.04309631511569023,-37.803611755371094,-0.043488509953022,-37.45646667480469,0.01890491694212,-19.189262390137127,-0.0,-2.25,2.25
13.34,59.33675765991211,59.33675765991211,0.2620370090007782,0.2620370090007782,0.012218644842505455,0.012218644842505455,20.308853149414062,-27.204015731811523,0.0,-1.5707964,-1.540311336517334,6.02805233001709,-0.11012328416109085,-0.06940136104822159,6.02905813797967,-0.018266436628178277,6.255835056304932,-0.11463417857885361,-0.33624210953712463,-0.11463417857885361,-0.33624210953712463,-0.04271821677684784,-38.18739700317383,-0.04309631511569023,-37.803611755371094,0.018384866416454707,-20.621871948242628,-0.0,-2.25,2.25
13.36,59.457313537597656,59.457313537597656,0.26345059275627136,0.26345059275627136,0.010979409329593182,0.010979409329593182,20.310266494750977,-27.32457160949707,0.0,-1.5707964,-1.5416940450668335,6.0258893966674805,-0.10921837389469147,-0.06878874450922012,6.0268790990085215,-0.01812287104405583,6.253449440002441,-0.11522325128316879,-0.3392835855484009,-0.11522325128316879,-0.3392835855484009,-0.04235051944851875,-38.59983444213867,-0.04271821677684784,-38.18739700317383,0.01802947372197983,-21.746063232420408,-0.0,-2.25,2.25
13.38,59.577823638916016,59.577823638916016,0.26471441984176636,0.26471441984176636,0.009742842055857182,0.009742842055857182,20.31153106689453,-27.445085525512695,0.0,-1.5707964,-1.5430647134780884,6.023705959320068,-0.10837093740701675,-0.06818653643131256,6.024680717218347,-0.017988800978106255,6.250996112823486,-0.11597733944654465,-0.3419817388057709,-0.11597733944654465,-0.3419817388057709,-0.04198992997407913,-39.03475570678711,-0.04235051944851875,-38.59983444213867,0.017824396491051102,-22.631835937500483,-0.0,-2.25,2.25
13.4,59.69829559326172,59.69829559326172,0.2658289670944214,0.2658289670944214,0.008509650826454163,0.008509650826454163,20.312644958496094,-27.565555572509766,0.0,-1.5707964,-1.5444234609603882,6.0214996337890625,-0.10757545381784439,-0.06759238243103027,6.022460487042313,-0.01786332603678297,6.248481273651123,-0.11686849594116211,-0.3443472683429718,-0.11686849594116211,-0.3443472683429718,-0.04163344204425812,-39.48739242553711,-0.04198992997407913,-39.03475570678711,0.01774635165929832,-23.354721069336435,-0.0,-2.25,2.25
13.42,59.818721771240234,59.818721771240234,0.26679477095603943,0.26679477095603943,0.00728066498413682,0.00728066498413682,20.313610076904297,-27.685983657836914,0.0,-1.5707964,-1.5457701683044434,6.01926851272583,-0.10682603716850281,-0.06700339168310165,6.020216377382939,-0.01774548243823635,6.245909690856934,-0.11787310242652893,-0.34638720750808716,-0.11787310242652893,-0.34638720750808716,-0.04127851501107216,-39.95448684692383,-0.04163344204425812,-39.48739242553711,0.017775595188141247,-23.970222473145043,-0.0,-2.25,2.25
13.44,59.93910598754883,59.93910598754883,0.2676125466823578,0.2676125466823578,0.006056772544980049,0.006056772544980049,20.314428329467773,-27.806367874145508,0.0,-1.5707964,-1.547105312347412,6.017011642456055,-0.10611679404973984,-0.0664164274930954,6.017947314444611,-0.01763430095604935,6.243285655975342,-0.11897079646587372,-0.3481062948703766,-0.11897079646587372,-0.3481062948703766,-0.04092300310730934,-40.43389129638672,-0.04127851501107216,-39.95448684692383,0.017895363271235212,-24.525451660154594,-0.0,-2.25,2.25
13.46,60.059444427490234,60.059444427490234,0.2682829797267914,0.2682829797267914,0.004838905762881041,0.004838905762881041,20.315099716186523,-27.92670440673828,0.0,-1.5707964,-1.5484285354614258,6.01472806930542,-0.10544199496507645,-0.06582839041948318,6.015652230805295,-0.017528838237392323,6.240612506866455,-0.12014491856098175,-0.3495079576969147,-0.12014491856098175,-0.3495079576969147,-0.04056509584188461,-40.924400329589844,-0.04092300310730934,-40.43389129638672,0.01809298992157021,-25.057029724121627,-0.0,-2.25,2.25
13.48,60.17973709106445,60.17973709106445,0.26880696415901184,0.26880696415901184,0.003628009930253029,0.003628009930253029,20.315622329711914,-28.046998977661133,0.0,-1.5707964,-1.549740195274353,6.012416362762451,-0.10479620099067688,-0.06523633003234863,6.013329590414593,-0.017428199265170384,6.237893104553223,-0.1213817223906517,-0.35059502720832825,-0.1213817223906517,-0.35059502720832825,-0.04020323604345322,-41.425540924072266,-0.04056509584188461,-40.924400329589844,0.018345005810261165,-25.604057312012266,-0.0,-2.25,2.25
13.5,60.29998016357422,60.29998016357422,0.26918554306030273,0.26918554306030273,0.0024250205606222153,0.0024250205606222153,20.316001892089844,-28.167238235473633,0.0,-1.5707964,-1.551039695739746,6.010075569152832,-0.10417432337999344,-0.06463754177093506,6.010978342714222,-0.017331544547190207,6.235128402709961,-0.12267205119132996,-0.35137003660202026,-0.12267205119132996,-0.35137003660202026,-0.039836335927248,-41.9376220703125,-0.04020323604345322,-41.425540924072266,0.018641911447048586,-26.18904113769587,-0.0,-2.25,2.25
13.52,60.4201774597168,60.4201774597168,0.2694198191165924,0.2694198191165924,0.0012308694422245026,0.0012308694422245026,20.31623649597168,-28.287439346313477,0.0,-1.5707964,-1.5523273944854736,6.007705211639404,-0.10357169806957245,-0.06402966380119324,6.008597923525943,-0.017238102630878153,6.232320308685303,-0.12400859594345093,-0.3518359363079071,-0.12400859594345093,-0.3518359363079071,-0.03946349769830704,-42.461402893066406,-0.039836335927248,-41.9376220703125,0.01897234469652048,-26.829147338865376,-0.0,-2.25,2.25
13.540000000000001,60.54032516479492,60.54032516479492,0.26951098442077637,0.26951098442077637,4.644319415092468e-05,4.644319415092468e-05,20.316326141357422,-28.4075870513916,0.0,-1.5707964,-1.553602695465088,6.00530481338501,-0.10298413783311844,-0.06341075152158737,6.006187778808651,-0.017147180285480814,6.229468822479248,-0.1253863275051117,-0.35199618339538574,-0.1253863275051117,-0.35199618339538574,-0.0390840508043766,-42.99798583984375,-0.03946349769830704,-42.461402893066406,0.01931767910718959,-27.546119689941992,-0.0,-2.25,2.25
13.56,60.66042709350586,60.66042709350586,0.2694603502750397,0.2694603502750397,-0.0011273883283138275,-0.0011273883283138275,20.31627655029297,-28.527685165405273,0.0,-1.5707964,-1.5548655986785889,6.002872943878174,-0.10240785032510757,-0.06277915835380554,6.003746409380798,-0.017058151687132206,6.2265729904174805,-0.12680454552173615,-0.3518548607826233,-0.12680454552173615,-0.3518548607826233,-0.03869769722223282,-43.54890823364258,-0.0390840508043766,-42.99798583984375,0.01967214047908825,-28.34854125976623,-0.0,-2.25,2.25
13.58,60.780479431152344,60.780479431152344,0.2692693769931793,0.2692693769931793,-0.002289828844368458,-0.002289828844368458,20.316085815429688,-28.647741317749023,0.0,-1.5707964,-1.5561156272888184,6.000409126281738,-0.1018395647406578,-0.06213374063372612,6.001273279872509,-0.01697047416496675,6.223631381988525,-0.12826327979564667,-0.35141709446907043,-0.12826327979564667,-0.35141709446907043,-0.03830425441265106,-44.11587905883789,-0.03869769722223282,-43.54890823364258,0.020027160644531677,-29.237747192383434,-0.0,-2.25,2.25
13.6,60.90048599243164,60.90048599243164,0.2689395546913147,0.2689395546913147,-0.003440110944211483,-0.003440110944211483,20.31575584411621,-28.76774787902832,0.0,-1.5707964,-1.5573527812957764,5.9979119300842285,-0.10127639025449753,-0.061473675072193146,5.998766908979686,-0.01688367018825791,6.220643043518066,-0.12976370751857758,-0.3506888449192047,-0.12976370751857758,-0.3506888449192047,-0.03790371119976044,-44.70063400268555,-0.03830425441265106,-44.11587905883789,0.020376220345495757,-30.21678924560343,-0.0,-2.25,2.25
13.620000000000001,61.020442962646484,61.020442962646484,0.26847246289253235,0.26847246289253235,-0.004577534273266792,-0.004577534273266792,20.315288543701172,-28.8877010345459,0.0,-1.5707964,-1.5585765838623047,5.9953813552856445,-0.10071589052677155,-0.06079850718379021,5.996227254358471,-0.01679733315326781,6.2176055908203125,-0.13130898773670197,-0.34967705607414246,-0.13130898773670197,-0.34967705607414246,-0.037496186792850494,-45.304969787597656,-0.03790371119976044,-44.70063400268555,0.020709261298180067,-31.293678283692074,-0.0,-2.25,2.25
13.64,61.140342712402344,61.140342712402344,0.26786988973617554,0.26786988973617554,-0.00570144597440958,-0.00570144597440958,20.314685821533203,-29.007604598999023,0.0,-1.5707964,-1.5597866773605347,5.99281644821167,-0.10015598684549332,-0.060108087956905365,5.993653326949877,-0.016711118103044636,6.214517593383789,-0.132904052734375,-0.3483894467353821,-0.132904052734375,-0.3483894467353821,-0.0370820015668869,-45.930843353271484,-0.037496186792850494,-45.304969787597656,0.02102255821228072,-32.460975646973345,-0.0,-2.25,2.25
13.66,61.26019287109375,61.26019287109375,0.267133504152298,0.267133504152298,-0.0068112583830952644,-0.0068112583830952644,20.313949584960938,-29.127452850341797,0.0,-1.5707964,-1.5609829425811768,5.99021577835083,-0.09959493577480316,-0.05940258502960205,5.9910436672115175,-0.016624736717179414,6.2113752365112305,-0.13455282151699066,-0.34683459997177124,-0.13455282151699066,-0.34683459997177124,-0.036661550402641296,-46.58006286621094,-0.0370820015668869,-45.930843353271484,0.021309964358807065,-33.718299865723374,-0.0,-2.25,2.25
13.68,61.37998962402344,61.37998962402344,0.26626524329185486,0.26626524329185486,-0.00790643971413374,-0.00790643971413374,20.313081741333008,-29.247251510620117,0.0,-1.5707964,-1.5621649026870728,5.987577438354492,-0.09903135150671005,-0.058682434260845184,5.988396345339292,-0.01653796111467626,6.208176612854004,-0.13626030087471008,-0.34502196311950684,-0.13626030087471008,-0.34502196311950684,-0.036235351115465164,-47.25442886352539,-0.036661550402641296,-46.58006286621094,0.021572969853876564,-35.054397583005446,-0.0,-2.25,2.25
13.700000000000001,61.499732971191406,61.499732971191406,0.26526689529418945,0.26526689529418945,-0.008986519649624825,-0.008986519649624825,20.312082290649414,-29.36699104309082,0.0,-1.5707964,-1.563332200050354,5.98490047454834,-0.09846411645412445,-0.057948287576436996,5.9857103899602455,-0.01645060507084926,6.204918384552002,-0.13803081214427948,-0.3429616689682007,-0.13803081214427948,-0.3429616689682007,-0.035803891718387604,-47.95551681518555,-0.036235351115465164,-47.25442886352539,0.021802634000778663,-36.4692687988289,-0.0,-2.25,2.25
13.72,61.61941909790039,61.61941909790039,0.26414045691490173,0.26414045691490173,-0.01005108468234539,-0.01005108468234539,20.310956954956055,-29.48668098449707,0.0,-1.5707964,-1.56448495388031,5.98218297958374,-0.09789234399795532,-0.057200975716114044,5.982983880325503,-0.01636252315691094,6.201596736907959,-0.13986903429031372,-0.3406643271446228,-0.13986903429031372,-0.3406643271446228,-0.03536783903837204,-48.68490219116211,-0.035803891718387604,-47.95551681518555,0.02200324088335084,-37.949562072754716,-0.0,-2.25,2.25
13.74,61.739051818847656,61.739051818847656,0.26288798451423645,0.26288798451423645,-0.011099767871201038,-0.011099767871201038,20.309703826904297,-29.606307983398438,0.0,-1.5707964,-1.5656225681304932,5.979423999786377,-0.09731540083885193,-0.056441530585289,5.980215853667971,-0.016273609297448657,6.198209285736084,-0.14178062975406647,-0.3381412625312805,-0.14178062975406647,-0.3381412625312805,-0.03492777422070503,-49.44389343261719,-0.03536783903837204,-48.68490219116211,0.022167712450027938,-39.49775695800865,-0.0,-2.25,2.25
13.76,61.85862731933594,61.85862731933594,0.2615114748477936,0.2615114748477936,-0.012132258154451847,-0.012132258154451847,20.308326721191406,-29.725889205932617,0.0,-1.5707964,-1.5667449235916138,5.976621627807617,-0.09673281013965607,-0.055671073496341705,5.977404396436239,-0.016183785884414794,6.194751739501953,-0.14377199113368988,-0.33540400862693787,-0.14377199113368988,-0.33540400862693787,-0.03448441997170448,-50.233848571777344,-0.03492777422070503,-49.44389343261719,0.022296234965322896,-41.10012054443082,-0.0,-2.25,2.25
13.780000000000001,61.97814178466797,61.97814178466797,0.26001298427581787,0.26001298427581787,-0.013148303143680096,-0.013148303143680096,20.30682945251465,-29.845401763916016,0.0,-1.5707964,-1.5678516626358032,5.973774433135986,-0.09614431113004684,-0.054890867322683334,5.974548075507624,-0.01609300988607688,6.191221714019775,-0.14584769308567047,-0.3324646055698395,-0.14584769308567047,-0.3324646055698395,-0.034038495272397995,-51.055850982666016,-0.03448441997170448,-50.233848571777344,0.02239607274532366,-42.73872375488372,-0.0,-2.25,2.25
13.8,62.097599029541016,62.097599029541016,0.25839465856552124,0.25839465856552124,-0.014147702604532242,-0.014147702604532242,20.30521011352539,-29.964859008789062,0.0,-1.5707964,-1.568942904472351,5.970879554748535,-0.09554976969957352,-0.054102249443531036,5.971644029562019,-0.01600126309977941,6.187614917755127,-0.1480114609003067,-0.32933539152145386,-0.1480114609003067,-0.32933539152145386,-0.03359057381749153,-51.91062545776367,-0.034038495272397995,-51.055850982666016,0.022457726299763205,-44.42176818847751,-0.0,-2.25,2.25
13.82,62.21699523925781,62.21699523925781,0.2566586136817932,0.2566586136817932,-0.015130287036299706,-0.015130287036299706,20.30347442626953,-30.084257125854492,0.0,-1.5707964,-1.5700181722640991,5.967936038970947,-0.0949491411447525,-0.05330657586455345,5.968691305860303,-0.01590853696002878,6.183928489685059,-0.15026839077472687,-0.3260285556316376,-0.15026839077472687,-0.3260285556316376,-0.03314141929149628,-52.7990608215332,-0.03359057381749153,-51.91062545776367,0.02248883247375536,-46.12865447998145,-0.0,-2.25,2.25
13.84,62.33633041381836,62.33633041381836,0.2548069655895233,0.2548069655895233,-0.016095949336886406,-0.016095949336886406,20.30162239074707,-30.20359230041504,0.0,-1.5707964,-1.5710774660110474,5.964941501617432,-0.09434251487255096,-0.0525052510201931,5.965687523482142,-0.015814849047160226,6.180160045623779,-0.15262140333652496,-0.322556734085083,-0.15262140333652496,-0.322556734085083,-0.03269164264202118,-53.72163391113281,-0.03314141929149628,-52.7990608215332,0.022486224770546438,-47.8599548339854,-0.0,-2.25,2.25
13.86,62.455604553222656,62.455604553222656,0.25284191966056824,0.25284191966056824,-0.017044615000486374,-0.017044615000486374,20.299657821655273,-30.322866439819336,0.0,-1.5707964,-1.5721207857131958,5.9618940353393555,-0.09373003244400024,-0.0516996793448925,5.962630779077045,-0.015720224266942202,6.176305294036865,-0.15507321059703827,-0.31893235445022583,-0.15507321059703827,-0.31893235445022583,-0.03224191814661026,-54.6788330078125,-0.03269164264202118,-53.72163391113281,0.02245530486106721,-49.59945678710603,-0.0,-2.25,2.25
13.88,62.57481384277344,62.57481384277344,0.2507655620574951,0.2507655620574951,-0.017976252362132072,-0.017976252362132072,20.29758071899414,-30.442075729370117,0.0,-1.5707964,-1.5731478929519653,5.958791255950928,-0.09311193972826004,-0.050891272723674774,5.959518694099146,-0.015624706156286545,6.172362327575684,-0.15762723982334137,-0.31516778469085693,-0.15762723982334137,-0.31516778469085693,-0.031792812049388885,-55.67082214355469,-0.03224191814661026,-54.6788330078125,0.02239122986793566,-51.3498306274425,-0.0,-2.25,2.25
13.9,62.6939582824707,62.6939582824707,0.24858011305332184,0.24858011305332184,-0.018890850245952606,-0.018890850245952606,20.29539680480957,-30.561216354370117,0.0,-1.5707964,-1.5741589069366455,5.955631732940674,-0.09248846024274826,-0.050081390887498856,5.9563498431243955,-0.015528331902322636,6.168327808380127,-0.16028504073619843,-0.3112752437591553,-0.16028504073619843,-0.3112752437591553,-0.03134498745203018,-56.697818756103516,-0.031792812049388885,-55.67082214355469,0.022302847355604647,-53.095436096192536,-0.0,-2.25,2.25
13.92,62.81303787231445,62.81303787231445,0.2462877333164215,0.2462877333164215,-0.019788458943367004,-0.019788458943367004,20.29310417175293,-30.680295944213867,0.0,-1.5707964,-1.5751537084579468,5.9524126052856445,-0.09185993671417236,-0.04927140474319458,5.9531213721489475,-0.015431162359922913,6.164198875427246,-0.1630484014749527,-0.30726686120033264,-0.1630484014749527,-0.30726686120033264,-0.0308989305049181,-57.759727478027344,-0.03134498745203018,-56.697818756103516,0.022189039736986632,-54.806327819825384,-0.0,-2.25,2.25
13.94,62.93204879760742,62.93204879760742,0.24389058351516724,0.24389058351516724,-0.020669130608439445,-0.020669130608439445,20.290706634521484,-30.799306869506836,0.0,-1.5707964,-1.5761321783065796,5.949132442474365,-0.09122667461633682,-0.048462606966495514,5.949831856805918,-0.015333248334495415,6.159973621368408,-0.16591916978359222,-0.30315443873405457,-0.16591916978359222,-0.30315443873405457,-0.030455149710178375,-58.85585403442383,-0.0308989305049181,-57.759727478027344,0.02203434705734104,-52.93369293212533,-0.0,-2.25,2.25
13.96,63.050994873046875,63.050994873046875,0.24139083921909332,0.24139083921909332,-0.02153296396136284,-0.02153296396136284,20.288206100463867,-30.91825294494629,0.0,-1.5707964,-1.5770946741104126,5.945788383483887,-0.09058903902769089,-0.047656212002038956,5.9464784431765905,-0.015234654290620289,6.155649662017822,-0.1688966006040573,-0.2989494800567627,-0.1688966006040573,-0.2989494800567627,-0.030014462769031525,-59.914527893066406,-0.030455149710178375,-58.85585403442383,0.021596159785986408,-51.26628875732531,-0.0,-2.25,2.25
13.98,63.16986846923828,63.16986846923828,0.2387906163930893,0.2387906163930893,-0.022380106151103973,-0.022380106151103973,20.285606384277344,-31.037124633789062,0.0,-1.5707964,-1.5780410766601562,5.942378997802734,-0.08994753658771515,-0.046853501349687576,5.94305970968366,-0.015135464778230735,6.151255130767822,-0.1719575822353363,-0.2946639358997345,-0.1719575822353363,-0.2946639358997345,-0.029582539573311806,-60.93985366821289,-0.030014462769031525,-59.914527893066406,0.021134689450264428,-49.91664886474716,-0.0,-2.25,2.25
14.0,63.28866958618164,63.28866958618164,0.2360920011997223,0.2360920011997223,-0.02321109175682068,-0.02321109175682068,20.282907485961914,-31.155929565429688,0.0,-1.5707964,-1.5789713859558105,5.938904762268066,-0.08930478990077972,-0.046057894825935364,5.93957617349837,-0.015036115786109685,6.146805763244629,-0.1750546097755432,-0.2903187870979309,-0.1750546097755432,-0.2903187870979309,-0.029159845784306526,-61.93818664550781,-0.029582539573311806,-60.93985366821289,0.020655058324337446,-48.84529113769636,-0.0,-2.25,2.25
14.02,63.40739822387695,63.40739822387695,0.23329706490039825,0.23329706490039825,-0.024026425555348396,-0.024026425555348396,20.280113220214844,-31.274656295776367,0.0,-1.5707964,-1.5798858404159546,5.935367107391357,-0.08866281062364578,-0.04527213051915169,5.936029295201544,-0.014936939030858498,6.142308235168457,-0.1781465858221054,-0.28593236207962036,-0.1781465858221054,-0.28593236207962036,-0.028746744617819786,-62.91509246826172,-0.029159845784306526,-61.93818664550781,0.020173005759714674,-47.994041442867854,-0.0,-2.25,2.25
14.040000000000001,63.52605438232422,63.52605438232422,0.23040778934955597,0.23040778934955597,-0.024826563894748688,-0.024826563894748688,20.277223587036133,-31.393314361572266,0.0,-1.5707964,-1.5807846784591675,5.931766510009766,-0.0880231186747551,-0.044498421251773834,5.9324195737232435,-0.014838186628288083,6.137763977050781,-0.18120883405208588,-0.2815204858779907,-0.18120883405208588,-0.2815204858779907,-0.028343284502625465,-63.87497329711914,-0.028746744617819786,-62.91509246826172,0.018824543803930685,-46.24805450439552,-0.0,-2.25,2.25
14.06,63.64463806152344,63.64463806152344,0.22742606699466705,0.22742606699466705,-0.025611942633986473,-0.025611942633986473,20.274242401123047,-31.511899948120117,0.0,-1.5707964,-1.5816683769226074,5.928103923797607,-0.08738676458597183,-0.0437384694814682,5.928747977268842,-0.014740031014979043,6.133172512054443,-0.18422847986221313,-0.277096688747406,-0.18422847986221313,-0.277096688747406,-0.02796679362654686,-64.79993438720703,-0.028343284502625465,-63.87497329711914,0.017119385302067167,-44.94476318359471,-0.0,-2.25,2.25
14.08,63.76314163208008,63.76314163208008,0.22435376048088074,0.22435376048088074,-0.026384197175502777,-0.026384197175502777,20.271169662475586,-31.630399703979492,0.0,-1.5707964,-1.5825368165969849,5.924381732940674,-0.08676142990589142,-0.04300135374069214,5.925017001099698,-0.01464376065366738,6.128542423248291,-0.18719694018363953,-0.27270418405532837,-0.18719694018363953,-0.27270418405532837,-0.027624405920505524,-65.6988296508789,-0.02796679362654686,-64.79993438720703,0.013020820915699283,-51.957321166993296,-0.0,-2.25,2.25
14.1,63.881568908691406,63.881568908691406,0.22119246423244476,0.22119246423244476,-0.027145294472575188,-0.027145294472575188,20.268009185791016,-31.74882698059082,0.0,-1.5707964,-1.5833908319473267,5.920600414276123,-0.08615558594465256,-0.042296990752220154,5.921227241925112,-0.01455080555572634,6.123874187469482,-0.19010236859321594,-0.2683909237384796,-0.19010236859321594,-0.2683909237384796,-0.027363989502191544,-66.73797607421875,-0.027624405920505524,-65.6988296508789,0.009318534284829464,-57.66181945800392,-0.0,-2.25,2.25
14.120000000000001,63.99991989135742,63.99991989135742,0.21794340014457703,0.21794340014457703,-0.027900421991944313,-0.027900421991944313,20.264759063720703,-31.86717987060547,0.0,-1.5707964,-1.5842313766479492,5.916759967803955,-0.08559447526931763,-0.04165441170334816,5.917379059246086,-0.014465434709420688,6.119095325469971,-0.19300000369548798,-0.2642819881439209,-0.19300000369548798,-0.2642819881439209,-0.02717761881649494,-67.8912124633789,-0.027363989502191544,-66.73797607421875,0.006037298589944968,-62.15286254882945,-0.0,-2.25,2.25
14.14,64.11819458007812,64.11819458007812,0.21460722386837006,0.21460722386837006,-0.028653603047132492,-0.028653603047132492,20.261423110961914,-31.985454559326172,0.0,-1.5707964,-1.585059642791748,5.912856578826904,-0.08509361743927002,-0.04109172895550728,5.913468850472243,-0.014390293841779447,6.114169597625732,-0.1959855556488037,-0.2604621350765228,-0.1959855556488037,-0.2604621350765228,-0.027056872844696045,-69.13426971435547,-0.02717761881649494,-67.8912124633789,0.003197416663169929,-65.52886962890764,-0.0,-2.25,2.25
14.16,64.23638153076172,64.23638153076172,0.21118417382240295,0.21118417382240295,-0.029407940804958344,-0.029407940804958344,20.257999420166016,-32.10364532470703,0.0,-1.5707964,-1.585877537727356,5.908886432647705,-0.08466128259897232,-0.04061861336231232,5.909492906053735,-0.014326809464204438,6.109083652496338,-0.1991325467824936,-0.25698503851890564,-0.1991325467824936,-0.25698503851890564,-0.026992924511432648,-70.4448471069336,-0.027056872844696045,-69.13426971435547,0.000796932727098482,-67.90428161621239,-0.0,-2.25,2.25
14.18,64.3544921875,64.3544921875,0.20767416059970856,0.20767416059970856,-0.030165769159793854,-0.030165769159793854,20.25448989868164,-32.22175216674805,0.0,-1.5707964,-1.586686611175537,5.904844760894775,-0.08430030196905136,-0.04023822024464607,5.9054464853369515,-0.014275493902511734,6.1038360595703125,-0.20247463881969452,-0.2538797855377197,-0.20247463881969452,-0.2538797855377197,-0.02697698585689068,-71.80293273925781,-0.026992924511432648,-70.4448471069336,-0.001167133450508039,-69.38438415526875,-0.0,-2.25,2.25
14.200000000000001,64.4725112915039,64.4725112915039,0.2040768712759018,0.2040768712759018,-0.03092876449227333,-0.03092876449227333,20.250892639160156,-32.33977127075195,0.0,-1.5707964,-1.5874888896942139,5.90072774887085,-0.08400948345661163,-0.03994886577129364,5.901325745932442,-0.014236177568146206,6.098432540893555,-0.2060168832540512,-0.2511560022830963,-0.2060168832540512,-0.2511560022830963,-0.02700032852590084,-73.19062042236328,-0.02697698585689068,-71.80293273925781,-0.0027141533792019467,-70.08972167968899,-0.0,-2.25,2.25
14.22,64.5904541015625,64.5904541015625,0.20039182901382446,0.20039182901382446,-0.031698018312454224,-0.031698018312454224,20.247207641601562,-32.45771408081055,0.0,-1.5707964,-1.5882861614227295,5.89653205871582,-0.08378468453884125,-0.0397452712059021,5.897127283078321,-0.014208189777160039,6.092884063720703,-0.20974178612232208,-0.2488081008195877,-0.20974178612232208,-0.2488081008195877,-0.02705461159348488,-74.59241485595703,-0.02700032852590084,-73.19062042236328,-0.004991423338651764,-71.17385864257965,-0.0,-2.25,2.25
14.24,64.70829772949219,64.70829772949219,0.19661842286586761,0.19661842286586761,-0.03247417137026787,-0.03247417137026787,20.24343490600586,-32.575557708740234,0.0,-1.5707964,-1.5890799760818481,5.8922553062438965,-0.08361969888210297,-0.03961968049407005,5.892848619131539,-0.014190506285795644,6.087202072143555,-0.21361958980560303,-0.2468189150094986,-0.21361958980560303,-0.2468189150094986,-0.02715444006025791,-76.0158920288086,-0.02705461159348488,-74.59241485595703,-0.007024221122265012,-71.61674499511871,-0.0,-2.25,2.25
14.26,64.82605743408203,64.82605743408203,0.19275595247745514,0.19275595247745514,-0.03325904905796051,-0.03325904905796051,20.239572525024414,-32.693321228027344,0.0,-1.5707964,-1.5898720026016235,5.8878960609436035,-0.08351593464612961,-0.0395728200674057,5.8884883404669335,-0.014183391392384925,6.081390857696533,-0.21762703359127045,-0.2452031522989273,-0.21762703359127045,-0.2452031522989273,-0.02729492448270321,-77.44822692871094,-0.02715444006025791,-76.0158920288086,-0.008581951260566132,-71.26045227050301,-0.0,-2.25,2.25
14.280000000000001,64.94373321533203,64.94373321533203,0.1888035088777542,0.1888035088777542,-0.034054115414619446,-0.034054115414619446,20.235618591308594,-32.810997009277344,0.0,-1.5707964,-1.5906637907028198,5.88345193862915,-0.08347269892692566,-0.039602939039468765,5.884044051978644,-0.014186756296219426,6.07545804977417,-0.221737802028656,-0.24396495521068573,-0.221737802028656,-0.24396495521068573,-0.027466563507914543,-78.8734359741211,-0.02729492448270321,-77.44822692871094,-0.009688083082437722,-70.22476196289212,-0.0,-2.25,2.25
14.3,65.06130981445312,65.06130981445312,0.18476004898548126,0.18476004898548126,-0.03486019745469093,-0.03486019745469093,20.23157501220703,-32.928565979003906,0.0,-1.5707964,-1.591456651687622,5.878923416137695,-0.08348586410284042,-0.039704326540231705,5.87951617246837,-0.014199921791267622,6.069413185119629,-0.22592279314994812,-0.24309153854846954,-0.22592279314994812,-0.24309153854846954,-0.027660325169563293,-80.2779312133789,-0.027466563507914543,-78.8734359741211,-0.010367389768362266,-68.62030029297021,-0.0,-2.25,2.25
14.32,65.17879486083984,65.17879486083984,0.18062448501586914,0.18062448501586914,-0.03567755967378616,-0.03567755967378616,20.227439880371094,-33.04605484008789,0.0,-1.5707964,-1.5922521352767944,5.874309539794922,-0.08354894816875458,-0.039868589490652084,5.874903658449705,-0.014221810182109903,6.063271522521973,-0.23015086352825165,-0.2425576150417328,-0.23015086352825165,-0.2425576150417328,-0.027867672964930534,-81.65033721923828,-0.027660325169563293,-80.2779312133789,-0.010646786540746916,-66.5458679199233,-0.0,-2.25,2.25
14.34,65.29618072509766,65.29618072509766,0.1763957142829895,0.1763957142829895,-0.036506034433841705,-0.036506034433841705,20.22321128845215,-33.16343688964844,0.0,-1.5707964,-1.5930513143539429,5.869611740112305,-0.08365395665168762,-0.04008553922176361,5.870207829721847,-0.014251077770549037,6.057045936584473,-0.23438508808612823,-0.2423286736011505,-0.23438508808612823,-0.2423286736011505,-0.028080608695745468,-82.98125457763672,-0.027867672964930534,-81.65033721923828,-0.010565482079982983,-64.11018371582168,-0.0,-2.25,2.25
14.36,65.4134750366211,65.4134750366211,0.17207269370555878,0.17207269370555878,-0.03734505921602249,-0.03734505921602249,20.218889236450195,-33.28073501586914,0.0,-1.5707964,-1.5938552618026733,5.864830017089844,-0.08379193395376205,-0.04034392908215523,5.865428562138812,-0.014286216838243035,6.050749778747559,-0.2385907620191574,-0.24236370623111725,-0.2385907620191574,-0.24236370623111725,-0.028291918337345123,-84.26345825195312,-0.028080608695745468,-82.98125457763672,-0.010152906179427415,-61.39831542968336,-0.0,-2.25,2.25
14.38,65.5306625366211,65.5306625366211,0.16765441000461578,0.16765441000461578,-0.038193799555301666,-0.038193799555301666,20.21446990966797,-33.397926330566406,0.0,-1.5707964,-1.5946645736694336,5.859967231750488,-0.08395352214574814,-0.040632057934999466,5.860568585988066,-0.014325639659064344,6.044396877288818,-0.24273496866226196,-0.2426176518201828,-0.24273496866226196,-0.2426176518201828,-0.028494976460933685,-85.49142456054688,-0.028291918337345123,-84.26345825195312,-0.009452644735574924,-58.50410461425906,-0.0,-2.25,2.25
14.4,65.64774322509766,65.64774322509766,0.16314004361629486,0.16314004361629486,-0.03905113413929939,-0.03905113413929939,20.2099552154541,-33.5150032043457,0.0,-1.5707964,-1.5954798460006714,5.855025768280029,-0.08412928134202957,-0.040938228368759155,5.855630152528613,-0.014367740741107776,6.037998676300049,-0.2467891424894333,-0.24304303526878357,-0.2467891424894333,-0.24304303526878357,-0.02868402935564518,-86.66150665283203,-0.028494976460933685,-85.49142456054688,-0.00850828364491481,-55.514144897462124,-0.0,-2.25,2.25
14.42,65.76473236083984,65.76473236083984,0.1585288643836975,0.1585288643836975,-0.03991575911641121,-0.03991575911641121,20.205345153808594,-33.631988525390625,0.0,-1.5707964,-1.5963011980056763,5.850008010864258,-0.08431005477905273,-0.04125109314918518,5.85061551569686,-0.014410957755676709,6.031566143035889,-0.25072863698005676,-0.243591770529747,-0.25072863698005676,-0.243591770529747,-0.028854195028543472,-87.77178955078125,-0.02868402935564518,-86.66150665283203,-0.007349718362093129,-52.487182617188616,-0.0,-2.25,2.25
14.44,65.88160705566406,65.88160705566406,0.15382032096385956,0.15382032096385956,-0.0407862551510334,-0.0407862551510334,20.20063591003418,-33.74886703491211,0.0,-1.5707964,-1.5971288681030273,5.844917297363281,-0.08448722958564758,-0.04156001657247543,5.845527889333823,-0.014453813752990163,6.02510929107666,-0.25453314185142517,-0.2442167103290558,-0.25453314185142517,-0.2442167103290558,-0.02900118939578533,-88.821533203125,-0.028854195028543472,-87.77178955078125,-0.008946843445300452,-50.45204162597316,-0.0,-2.25,2.25
14.46,65.99838256835938,65.99838256835938,0.14901405572891235,0.14901405572891235,-0.04166107252240181,-0.04166107252240181,20.195829391479492,-33.865638732910156,0.0,-1.5707964,-1.597962498664856,5.839756965637207,-0.08465278148651123,-0.04185514897108078,5.8403704943369545,-0.014494927323645315,6.0186357498168945,-0.2581859230995178,-0.24487218260765076,-0.2581859230995178,-0.24487218260765076,-0.029180126264691353,-89.83057403564453,-0.02900118939578533,-88.821533203125,-0.010832212865352861,-48.15521240234477,-0.0,-2.25,2.25
14.48,66.11504364013672,66.11504364013672,0.14410968124866486,0.14410968124866486,-0.04254285246133804,-0.04254285246133804,20.19092559814453,-33.982303619384766,0.0,-1.5707964,-1.598802089691162,5.834529876708984,-0.08482294529676437,-0.04215408116579056,5.835146426119792,-0.014537070148822603,6.012143135070801,-0.26169553399086,-0.24562165141105652,-0.26169553399086,-0.24562165141105652,-0.029396770521998405,-90.7936782836914,-0.029180126264691353,-89.83057403564453,-0.012245960533619187,-45.289611816407216,-0.0,-2.25,2.25
14.5,66.23159790039062,66.23159790039062,0.13910648226737976,0.13910648226737976,-0.0434342660009861,-0.0434342660009861,20.185922622680664,-34.09885787963867,0.0,-1.5707964,-1.599647879600525,5.8292388916015625,-0.08501207083463669,-0.04247234761714935,5.82985875536859,-0.014582700459695834,6.005632400512695,-0.26506513357162476,-0.24652361869812012,-0.26506513357162476,-0.24652361869812012,-0.029641689732670784,-91.69947052001953,-0.029396770521998405,-90.7936782836914,-0.013198330998420996,-41.94259643554777,-0.0,-2.25,2.25
14.52,66.34803771972656,66.34803771972656,0.13400349020957947,0.13400349020957947,-0.044336941093206406,-0.044336941093206406,20.180818557739258,-34.215293884277344,0.0,-1.5707964,-1.600500226020813,5.823886394500732,-0.08522709459066391,-0.04281708970665932,5.824509970263859,-0.01463301404669861,5.999108791351318,-0.2682875394821167,-0.24760550260543823,-0.2682875394821167,-0.24760550260543823,-0.0299056563526392,-92.53832244873047,-0.029641689732670784,-91.69947052001953,-0.014544557780026408,-36.85684204101314,-0.0,-2.25,2.25
14.540000000000001,66.46437072753906,66.46437072753906,0.1287996470928192,0.1287996470928192,-0.04525172337889671,-0.04525172337889671,20.175615310668945,-34.331626892089844,0.0,-1.5707964,-1.6013598442077637,5.81847620010376,-0.08546953648328781,-0.04318933188915253,5.819103911500512,-0.014688276947489011,5.992579936981201,-0.27134978771209717,-0.24887129664421082,-0.27134978771209717,-0.24887129664421082,-0.030196547508239746,-93.27545928955078,-0.0299056563526392,-92.53832244873047,-0.015731062740087846,-30.919647216797536,-0.0,-2.25,2.25
14.56,66.5805892944336,66.5805892944336,0.12349369376897812,0.12349369376897812,-0.046179912984371185,-0.046179912984371185,20.17030906677246,-34.447845458984375,0.0,-1.5707964,-1.602226972579956,5.813012599945068,-0.08574378490447998,-0.04359328746795654,5.813644939602853,-0.01474924847711677,5.986067295074463,-0.2742287516593933,-0.2503381073474884,-0.2742287516593933,-0.2503381073474884,-0.030511168763041496,-93.89385223388672,-0.030196547508239746,-93.27545928955078,-0.0164217315614227,-24.76501464843803,-0.0,-2.25,2.25
14.58,66.69669342041016,66.69669342041016,0.11808429658412933,0.11808429658412933,-0.0471225306391716,-0.0471225306391716,20.164899826049805,-34.5639533996582,0.0,-1.5707964,-1.6031025648117065,5.807500839233398,-0.08605190366506577,-0.04403051733970642,5.808138335802704,-0.014816288310828254,5.979592800140381,-0.27688542008399963,-0.252013236284256,-0.27688542008399963,-0.252013236284256,-0.030839603394269943,-94.38915252685547,-0.030511168763041496,-93.89385223388672,-0.016644410789013263,-18.467712402344144,-0.0,-2.25,2.25
14.6,66.81268310546875,66.81268310546875,0.11257001757621765,0.11257001757621765,-0.048079829663038254,-0.048079829663038254,20.159385681152344,-34.6799430847168,0.0,-1.5707964,-1.603987216949463,5.801947116851807,-0.08639149367809296,-0.04449755698442459,5.802590269605887,-0.014888986065128266,5.97317361831665,-0.27927419543266296,-0.25388383865356445,-0.27927419543266296,-0.25388383865356445,-0.0311724916100502,-94.75850677490234,-0.030839603394269943,-94.38915252685547,-0.017200410366057187,-15.754318237303623,-0.0,-2.25,2.25
14.620000000000001,66.92855072021484,66.92855072021484,0.10694941133260727,0.10694941133260727,-0.04905137047171593,-0.04905137047171593,20.153764724731445,-34.795814514160156,0.0,-1.5707964,-1.6048814058303833,5.796358108520508,-0.0867571085691452,-0.044987551867961884,5.797007341559843,-0.014966402899948267,5.966825008392334,-0.2813586890697479,-0.2559223473072052,-0.2813586890697479,-0.2559223473072052,-0.03151649981737137,-95.07359313964844,-0.0311724916100502,-94.75850677490234,-0.018683448433876437,-19.214630126953534,-0.0,-2.25,2.25
14.64,67.04430389404297,67.04430389404297,0.10122109949588776,0.10122109949588776,-0.050037357956171036,-0.050037357956171036,20.14803695678711,-34.91156768798828,0.0,-1.5707964,-1.6057854890823364,5.790740966796875,-0.08714736253023148,-0.04549847170710564,5.791396688825208,-0.015048296016333453,5.96052885055542,-0.28313684463500977,-0.25811880826950073,-0.28313684463500977,-0.25811880826950073,-0.03189016878604889,-95.4578857421875,-0.03151649981737137,-95.07359313964844,-0.019653700292110863,-21.672058105469212,-0.0,-2.25,2.25
14.66,67.15994262695312,67.15994262695312,0.09538357704877853,0.09538357704877853,-0.051039401441812515,-0.051039401441812515,20.14219856262207,-35.02720260620117,0.0,-1.5707964,-1.60670006275177,5.785098075866699,-0.08756861090660095,-0.04603736102581024,5.785760797770047,-0.015135771698056093,5.954221248626709,-0.2846878170967102,-0.2604983448982239,-0.2846878170967102,-0.2604983448982239,-0.0322832427918911,-95.89132690429688,-0.03189016878604889,-95.4578857421875,-0.020145066082478,-23.23532104492237,-0.0,-2.25,2.25
14.68,67.27545928955078,67.27545928955078,0.08943521231412888,0.08943521231412888,-0.05205816030502319,-0.05205816030502319,20.13625144958496,-35.14271926879883,0.0,-1.5707964,-1.6076254844665527,5.779429912567139,-0.08802147954702377,-0.046604935079813004,5.78010016307135,-0.015228954428939928,5.947874069213867,-0.2861208915710449,-0.2630613446235657,-0.2861208915710449,-0.2630613446235657,-0.03268614411354065,-96.35603332519531,-0.0322832427918911,-95.89132690429688,-0.020651519298552072,-24.355697631834293,-0.0,-2.25,2.25
14.700000000000001,67.39085388183594,67.39085388183594,0.08337433636188507,0.08337433636188507,-0.05309366062283516,-0.05309366062283516,20.130189895629883,-35.258113861083984,0.0,-1.5707964,-1.608562707901001,5.773736476898193,-0.08850276470184326,-0.04719741269946098,5.774414744718691,-0.015327307438339412,5.9414777755737305,-0.2875186502933502,-0.26579102873802185,-0.2875186502933502,-0.26579102873802185,-0.03309917449951172,-96.84314727783203,-0.03268614411354065,-96.35603332519531,-0.023318827152252693,-28.68003845214905,-0.0,-2.25,2.25
14.72,67.50613403320312,67.50613403320312,0.07719928026199341,0.07719928026199341,-0.05414602905511856,-0.05414602905511856,20.12401580810547,-35.37339401245117,0.0,-1.5707964,-1.6095119714736938,5.7680158615112305,-0.08901042491197586,-0.047812141478061676,5.7687026127534216,-0.015430498540156885,5.93502950668335,-0.2889297902584076,-0.26867538690567017,-0.2889297902584076,-0.26867538690567017,-0.03356555104255676,-97.416748046875,-0.03309917449951172,-96.84314727783203,-0.029073096811772014,-37.96119689941487,-0.0,-2.25,2.25
14.74,67.62128448486328,67.62128448486328,0.07090821862220764,0.07090821862220764,-0.055218666791915894,-0.055218666791915894,20.11772346496582,-35.48854446411133,0.0,-1.5707964,-1.6104737520217896,5.762265682220459,-0.08956040441989899,-0.048466745764017105,5.762961639516219,-0.015541316325785192,5.928499221801758,-0.2904147803783417,-0.27178382873535156,-0.2904147803783417,-0.27178382873535156,-0.03414701297879219,-98.17597198486328,-0.03356555104255676,-97.416748046875,-0.03426074981689526,-45.94573974609473,-0.0,-2.25,2.25
14.76,67.73632049560547,67.73632049560547,0.06449873000383377,0.06449873000383377,-0.05631911754608154,-0.05631911754608154,20.11131477355957,-35.603580474853516,0.0,-1.5707964,-1.6114493608474731,5.756481170654297,-0.0901893675327301,-0.049202244728803635,5.757187645900854,-0.01566616590653199,5.9218220710754395,-0.2920818626880646,-0.27528247237205505,-0.2920818626880646,-0.27528247237205505,-0.03483222797513008,-99.09488677978516,-0.03414701297879219,-98.17597198486328,-0.038809888064858675,-52.60658264159801,-0.0,-2.25,2.25
14.780000000000001,67.85123443603516,67.85123443603516,0.0579676479101181,0.0579676479101181,-0.0574532076716423,-0.0574532076716423,20.10478401184082,-35.71849822998047,0.0,-1.5707964,-1.6124404668807983,5.750654697418213,-0.09091992676258087,-0.05004369467496872,5.751373390940695,-0.015809043840407412,5.9149651527404785,-0.29403647780418396,-0.2792796194553375,-0.29403647780418396,-0.2792796194553375,-0.03560842573642731,-100.14701843261719,-0.03483222797513008,-99.09488677978516,-0.04267152398824783,-57.93991088867311,-0.0,-2.25,2.25
14.8,67.96601867675781,67.96601867675781,0.051311228424310684,0.051311228424310684,-0.058625295758247375,-0.058625295758247375,20.098127365112305,-35.833282470703125,0.0,-1.5707964,-1.6134495735168457,5.744777679443359,-0.091763935983181,-0.051003675907850266,5.745510526156727,-0.0159720946115399,5.907914638519287,-0.29634085297584534,-0.2838374972343445,-0.29634085297584534,-0.2838374972343445,-0.036461856216192245,-101.30581665039062,-0.03560842573642731,-100.14701843261719,-0.04581492394209006,-61.96365356445445,-0.0,-2.25,2.25
14.82,68.08067321777344,68.08067321777344,0.04452531412243843,0.04452531412243843,-0.059838514775037766,-0.059838514775037766,20.091341018676758,-35.94792938232422,0.0,-1.5707964,-1.6144789457321167,5.7388434410095215,-0.09272491186857224,-0.05208504572510719,5.739592489863635,-0.016156015596767447,5.900669574737549,-0.29901835322380066,-0.2889811396598816,-0.29901835322380066,-0.2889811396598816,-0.03737815469503403,-102.54508972167969,-0.036461856216192245,-101.30581665039062,-0.048837438225747196,-65.9820556640639,-0.0,-2.25,2.25
14.84,68.19520568847656,68.19520568847656,0.03760582208633423,0.03760582208633423,-0.06104116141796112,-0.06104116141796112,20.08441925048828,-36.062469482421875,0.0,-1.5708901,-1.6155707836151123,5.73284387588501,-0.09379999339580536,-0.0532832071185112,5.733611195750311,-0.016360400938280464,5.893238067626953,-0.30205899477005005,-0.2947053909301758,-0.30205899477005005,-0.2947053909301758,-0.03835490345954895,-103.86473083496094,-0.03737815469503403,-102.54508972167969,-0.05711428821087005,-81.61239624023611,-0.0026026566,-2.25,2.25
14.86,68.3095932006836,68.3095932006836,0.03057214617729187,0.03057214617729187,-0.061826642602682114,-0.061826642602682114,20.077348709106445,-36.17687225341797,0.0,-1.5714592,-1.6167008876800537,5.7267746925354,-0.09498636424541473,-0.054593492299318314,5.727562377526454,-0.016584842306012777,5.885623931884766,-0.30543962121009827,-0.3010033965110779,-0.30543962121009827,-0.3010033965110779,-0.03949718922376633,-105.49697875976562,-0.03835490345954895,-103.86473083496094,-0.0728696584701489,-113.83514404296106,-0.007368803,-2.25,2.25
14.88,68.42384338378906,68.42384338378906,0.02347848191857338,0.02347848191857338,-0.06212322413921356,-0.06212322413921356,20.07012176513672,-36.29114532470703,0.0,-1.5725634,-1.6178500652313232,5.720625400543213,-0.09632449597120285,-0.05606023967266083,5.721436304099199,-0.016836514788269617,5.8777241706848145,-0.3092575669288635,-0.3080628216266632,-0.3092575669288635,-0.3080628216266632,-0.0409545823931694,-107.773681640625,-0.03949718922376633,-105.49697875976562,-0.09402483701706132,-156.4434051513705,-0.012129228,-2.25,2.25
14.9,68.5379638671875,68.5379638671875,0.01637987233698368,0.01637987233698368,-0.06195264682173729,-0.06195264682173729,20.06273078918457,-36.4052848815918,0.0,-1.5742271,-1.6190483570098877,5.7143754959106445,-0.09790468215942383,-0.05778443440794945,5.715214137287663,-0.017131374062410623,5.86932373046875,-0.31383538246154785,-0.3163031041622162,-0.31383538246154785,-0.3163031041622162,-0.04283507913351059,-110.90254974365234,-0.0409545823931694,-107.773681640625,-0.1201212406158473,-208.4201812744185,-0.016884247,-2.25,2.25
14.92,68.65196990966797,68.65196990966797,0.009328468702733517,0.009328468702733517,-0.06134241074323654,-0.06134241074323654,20.055166244506836,-36.51927947998047,0.0,-1.576426,-1.620279312133789,5.707991600036621,-0.09983766078948975,-0.05989004671573639,5.7088646563568615,-0.01748907295932606,5.860184192657471,-0.31966984272003174,-0.32624951004981995,-0.31966984272003174,-0.32624951004981995,-0.045237503945827484,-115.07095336914062,-0.04283507913351059,-110.90254974365234,-0.15052594244480455,-268.67866516113855,-0.021634499,-2.25,2.25
14.94,68.765869140625,68.765869140625,0.0023729433305561543,0.0023729433305561543,-0.06032470613718033,-0.06032470613718033,20.047422409057617,-36.63314437866211,0.0,-1.5791554,-1.6215486526489258,5.701427459716797,-0.10224621742963791,-0.06251394003629684,5.702344199308859,-0.017931519639255402,5.850053787231445,-0.32735297083854675,-0.33849674463272095,-0.32735297083854675,-0.33849674463272095,-0.04824802279472351,-120.44452667236328,-0.045237503945827484,-115.07095336914062,-0.18442645668982213,-336.0691070556414,-0.0263803,-2.25,2.25
14.96,68.87965393066406,68.87965393066406,-0.004441968630999327,-0.004441968630999327,-0.058935366570949554,-0.058935366570949554,20.039478302001953,-36.746849060058594,0.0,-1.582423,-1.622876763343811,5.694622993469238,-0.10525763779878616,-0.06579688936471939,5.695595685094188,-0.0184815840135021,5.838677883148193,-0.33752501010894775,-0.3536747694015503,-0.33752501010894775,-0.3536747694015503,-0.0519365519285202,-127.16590881347656,-0.04824802279472351,-120.44452667236328,-0.22086799144745345,-409.4223022461025,-0.031121334,-2.25,2.25
14.98,68.99333953857422,68.99333953857422,-0.011075803078711033,-0.011075803078711033,-0.05721275135874748,-0.05721275135874748,20.03130531311035,-36.86040496826172,0.0,-1.5862381,-1.6242889165878296,5.687507152557373,-0.10899681597948074,-0.0698753297328949,5.688551477861912,-0.01916190561099814,5.825802326202393,-0.3508414030075073,-0.3724154233932495,-0.3508414030075073,-0.3724154233932495,-0.05635391175746918,-135.35435485839844,-0.0519365519285202,-127.16590881347656,-0.25878697633743836,-487.540435791026,-0.035858233,-2.25,2.25
15.0,69.10693359375,69.10693359375,-0.017492588609457016,-0.017492588609457016,-0.05519651621580124,-0.05519651621580124,20.02289581298828,-36.97380828857422,0.0,-1.5905803,-1.625783085823059,5.679993629455566,-0.11357981711626053,-0.07487397640943527,5.681129113610425,-0.01999380448762781,5.811179161071777,-0.367952436208725,-0.3953206539154053,-0.367952436208725,-0.3953206539154053,-0.061529651284217834,-145.10516357421875,-0.05635391175746918,-135.35435485839844,-0.2970889210701052,-569.2428588867309,-0.04059132,-2.25,2.25
15.02,69.22042846679688,69.22042846679688,-0.023660913109779358,-0.023660913109779358,-0.052926428616046906,-0.052926428616046906,20.014223098754883,-37.087039947509766,0.0,-1.5954479,-1.627378225326538,5.671987056732178,-0.11910814046859741,-0.08089909702539444,5.673237516697432,-0.0209962815617109,5.7945685386657715,-0.3894833028316498,-0.4229322373867035,-0.3894833028316498,-0.4229322373867035,-0.06747142970561981,-156.49002075195312,-0.061529651284217834,-145.10516357421875,-0.3347247838973773,-653.3851623534715,-0.045320272,-2.25,2.25
15.040000000000001,69.33380889892578,69.33380889892578,-0.029553892090916634,-0.029553892090916634,-0.05044121295213699,-0.05044121295213699,20.00523567199707,-37.2000732421875,0.0,-1.6008571,-1.6291134357452393,5.663381576538086,-0.1256638765335083,-0.0880330502986908,5.6647755729010525,-0.022185201122598978,5.775742530822754,-0.4160192608833313,-0.4557056725025177,-0.4160192608833313,-0.4557056725025177,-0.07416592538356781,-169.55772399902344,-0.06747142970561981,-156.49002075195312,-0.3707766532898028,-738.9068603515783,-0.05004446,-2.25,2.25
15.06,69.44708251953125,69.44708251953125,-0.035148996859788895,-0.035148996859788895,-0.047777529805898666,-0.047777529805898666,19.995908737182617,-37.312904357910156,0.0,-1.6067986,-1.631003499031067,5.654062747955322,-0.13330630958080292,-0.09633033722639084,5.655634016623613,-0.02357271629926503,5.754486083984375,-0.44808340072631836,-0.4939891993999481,-0.44808340072631836,-0.4939891993999481,-0.08158145844936371,-184.3358612060547,-0.07416592538356781,-169.55772399902344,-0.4044916480779734,-824.8184204101739,-0.054764193,-2.25,2.25
15.08,69.56023406982422,69.56023406982422,-0.04042778164148331,-0.04042778164148331,-0.044969234615564346,-0.044969234615564346,19.9862117767334,-37.425514221191406,0.0,-1.6132599,-1.6330621242523193,5.643908977508545,-0.14207014441490173,-0.10581552982330322,5.645696810167512,-0.02516698073342626,5.730597019195557,-0.48611974716186523,-0.5380108952522278,-0.48611974716186523,-0.5380108952522278,-0.089671291410923,-200.8322296142578,-0.08158145844936371,-184.3358612060547,-0.43480098247529003,-912.9119873047069,-0.059478838,-2.25,2.25
15.1,69.67324829101562,69.67324829101562,-0.045375578105449677,-0.045375578105449677,-0.042046837508678436,-0.042046837508678436,19.97610855102539,-37.53788757324219,0.0,-1.620239,-1.635313630104065,5.632796287536621,-0.15196563303470612,-0.11648282408714294,5.634845833783741,-0.026972177211760057,5.703884124755859,-0.5304715633392334,-0.5878736972808838,-0.5304715633392334,-0.5878736972808838,-0.09836731106042862,-219.09046936035156,-0.089671291410923,-200.8322296142578,-0.4616487771272348,-1002.1240234374324,-0.064187765,-2.25,2.25
15.120000000000001,69.7861099243164,69.7861099243164,-0.04998105764389038,-0.04998105764389038,-0.03903656080365181,-0.03903656080365181,19.96552085876465,-37.649986267089844,0.0,-1.6277559,-1.6378042697906494,5.62060022354126,-0.16297639906406403,-0.12829214334487915,5.622962580306217,-0.028988139997688355,5.674139976501465,-0.5813646912574768,-0.6435406804084778,-0.5813646912574768,-0.6435406804084778,-0.10760028660297394,-239.13294982910156,-0.09836731106042862,-219.09046936035156,-0.48538930714131434,-1088.8511657715076,-0.06889033,-2.25,2.25
15.14,69.89879608154297,69.89879608154297,-0.054235830903053284,-0.054235830903053284,-0.03596125915646553,-0.03596125915646553,19.95443344116211,-37.76178741455078,0.0,-1.6357874,-1.6405367851257324,5.607195854187012,-0.17506784200668335,-0.1411745846271515,5.6099281721352625,-0.0312118559207644,5.641138076782227,-0.6388935446739197,-0.7048664689064026,-0.6388935446739197,-0.7048664689064026,-0.11730807274580002,-260.90997314453125,-0.10760028660297394,-239.13294982910156,-0.5061324685812104,-1165.3182983398685,-0.07358559,-2.25,2.25
15.16,70.01129150390625,70.01129150390625,-0.05813416838645935,-0.05813416838645935,-0.03284239396452904,-0.03284239396452904,19.942800521850586,-37.873260498046875,0.0,-1.6443264,-1.6435290575027466,5.592465877532959,-0.18820035457611084,-0.1550377905368805,5.595631685952272,-0.033639786447616435,5.604632377624512,-0.7029410004615784,-0.771650493144989,-0.7029410004615784,-0.771650493144989,-0.127430722117424,-284.2163391113281,-0.11730807274580002,-260.90997314453125,-0.522957742214214,-1221.9818115234636,-0.0782729,-2.25,2.25
15.18,70.12356567382812,70.12356567382812,-0.06167292222380638,-0.06167292222380638,-0.029701601713895798,-0.029701601713895798,19.93058204650879,-37.9843864440918,0.0,-1.6533684,-1.646799921989441,5.576312065124512,-0.2023417204618454,-0.16976436972618103,5.57998193720129,-0.03627002622422956,5.564370632171631,-0.7730430960655212,-0.8436827659606934,-0.7730430960655212,-0.8436827659606934,-0.13788987696170807,-308.6559753417969,-0.127430722117424,-284.2163391113281,-0.5369253456592198,-1272.540283203039,-0.08295099,-2.25,2.25
15.200000000000001,70.23558044433594,70.23558044433594,-0.06485157459974289,-0.06485157459974289,-0.02655969187617302,-0.02655969187617302,19.917686462402344,-38.095088958740234,0.0,-1.6629289,-1.650386929512024,5.55865478515625,-0.21746373176574707,-0.18520575761795044,5.562906928501857,-0.03910170696853307,5.520183086395264,-0.8484843969345093,-0.9207156896591187,-0.8484843969345093,-0.9207156896591187,-0.1486283838748932,-334.1067810058594,-0.13788987696170807,-308.6559753417969,-0.5486875772476313,-1320.6726074219032,-0.08761827,-2.25,2.25
15.22,70.3473129272461,70.3473129272461,-0.06767210364341736,-0.06767210364341736,-0.023435793817043304,-0.023435793817043304,19.90410041809082,-38.20535659790039,0.0,-1.6729825,-1.6542843580245972,5.539414882659912,-0.23353905975818634,-0.2012137472629547,5.544335644120661,-0.04213456583902567,5.471982955932617,-0.9289558529853821,-1.0024434328079224,-0.9289558529853821,-1.0024434328079224,-0.15960213541984558,-360.5202331542969,-0.1486283838748932,-334.1067810058594,-0.5578748881816983,-1362.5564575195604,-0.092273794,-2.25,2.25
15.24,70.45873260498047,70.45873260498047,-0.07013872265815735,-0.07013872265815735,-0.02034587971866131,-0.02034587971866131,19.889785766601562,-38.315147399902344,0.0,-1.6835209,-1.6584995985031128,5.518500804901123,-0.2505309581756592,-0.2176613211631775,5.524184726699385,-0.04536722268605787,5.419826030731201,-1.014647364616394,-1.0884681940078735,-1.014647364616394,-1.0884681940078735,-0.1707596331834793,-387.7713623046875,-0.15960213541984558,-360.5202331542969,-0.5652017891407134,-611.4318847656381,-0.09691628,-2.25,2.25
15.26,70.56980895996094,70.56980895996094,-0.07225745171308517,-0.07225745171308517,-0.01730192080140114,-0.01730192080140114,19.874692916870117,-38.424415588378906,0.0,-1.6945361,-1.6630420684814453,5.49582052230835,-0.26838651299476624,-0.23443518579006195,5.5023699015772385,-0.04879589228910081,5.363881587982178,-1.105697751045227,-1.1782883405685425,-1.105697751045227,-1.1782883405685425,-0.18206366896629333,-400.0,-0.1707596331834793,-387.7713623046875,-0.5697280168532941,0.0,-0.10154446,-2.25,2.25
15.280000000000001,70.68048858642578,70.68048858642578,-0.0740356370806694,-0.0740356370806694,-0.014308611862361431,-0.014308611862361431,19.858749389648438,-38.533111572265625,0.0,-1.7060308,-1.6679291725158691,5.471445083618164,-0.28702595829963684,-0.2514481246471405,5.478968443401294,-0.05241085224974601,5.311341762542725,-1.197448968887329,-1.2712689638137817,-1.197448968887329,-1.2712689638137817,-0.19345822930335999,-400.0,-0.18206366896629333,-400.0,-0.5725115537643555,0.0,-0.10615611,-2.25,2.25
15.3,70.7907485961914,70.7907485961914,-0.07548071444034576,-0.07548071444034576,-0.011353977024555206,-0.011353977024555206,19.841915130615234,-38.64118194580078,0.0,-1.7179952,-1.6731622219085693,5.445727825164795,-0.3063012361526489,-0.26862093806266785,5.454335155914305,-0.05618695054742613,5.26589298248291,-1.280791163444519,-1.3664913177490234,-1.280791163444519,-1.3664913177490234,-0.20490846037864685,-400.0,-0.19345822930335999,-400.0,-0.5748331546783569,0.0,-0.11075028,-2.25,2.25
15.32,70.90056610107422,70.90056610107422,-0.07659859210252762,-0.07659859210252762,-0.00841774046421051,-0.00841774046421051,19.824174880981445,-38.74860382080078,0.0,-1.7304105,-1.6787354946136475,5.419037342071533,-0.3260371685028076,-0.2858700156211853,5.428836518998434,-0.0600927062999738,5.2247843742370605,-1.3513115644454956,-1.4629652500152588,-1.3513115644454956,-1.4629652500152588,-0.21640512347221375,-400.0,-0.20490846037864685,-400.0,-0.5766555666923646,0.0,-0.11532601,-2.25,2.25
15.34,71.00992584228516,71.00992584228516,-0.0773933157324791,-0.0773933157324791,-0.005483470857143402,-0.005483470857143402,19.805490493774414,-38.855350494384766,0.0,-1.7432694,-1.6846506595611572,5.391601085662842,-0.34608837962150574,-0.3031207025051117,5.402697421976338,-0.06410233359431274,5.186337471008301,-1.4103506803512573,-1.5598783493041992,-1.4103506803512573,-1.5598783493041992,-0.2279382348060608,-400.0,-0.21640512347221375,-400.0,-0.5783714354038362,0.0,-0.119882666,-2.25,2.25
15.36,71.11878967285156,71.11878967285156,-0.07786750793457031,-0.07786750793457031,-0.0025398507714271545,-0.0025398507714271545,19.785829544067383,-38.96138000488281,0.0,-1.7565613,-1.6909053325653076,5.3635573387146,-0.366344153881073,-0.3203151822090149,5.376053884101431,-0.06819653960850278,5.149503231048584,-1.460667610168457,-1.6566072702407837,-1.460667610168457,-1.6566072702407837,-0.23950566351413727,-400.0,-0.2279382348060608,-400.0,-0.5790941417216864,0.0,-0.12441865,-2.25,2.25
15.38,71.2271499633789,71.2271499633789,-0.07802554965019226,-0.07802554965019226,0.0002726987295318395,0.0002726987295318395,19.765153884887695,-39.06666946411133,0.0,-1.7700976,-1.6974629163742065,5.334993839263916,-0.38672593235969543,-0.3374151885509491,5.348992074376575,-0.07236197634523558,5.1136155128479,-1.5049285888671875,-1.7526979446411133,-1.5049285888671875,-1.7526979446411133,-0.2510875463485718,-400.0,-0.23950566351413727,-400.0,-0.5795493721962098,0.0,-0.125,-2.25,2.25
15.4,71.33495330810547,71.33495330810547,-0.07790164649486542,-0.07790164649486542,0.002627640962600708,0.002627640962600708,19.74341583251953,-39.17118835449219,0.0,-1.7835724,-1.704357385635376,5.305964469909668,-0.4071703255176544,-0.35438838601112366,5.321564302902478,-0.07658812977067615,5.078243255615234,-1.5452053546905518,-1.8477842807769775,-1.5452053546905518,-1.8477842807769775,-0.2626785337924957,-400.0,-0.2510875463485718,-400.0,-0.5794927477836732,0.0,-0.125,-2.25,2.25
15.42,71.44219207763672,71.44219207763672,-0.07754798233509064,-0.07754798233509064,0.004521071910858154,0.004521071910858154,19.720630645751953,-39.274906158447266,0.0,-1.7969779,-1.7115893363952637,5.276501655578613,-0.4276299774646759,-0.3712133467197418,5.293801764228642,-0.08086748181175571,5.043107032775879,-1.5830334424972534,-1.9415885210037231,-1.5830334424972534,-1.9415885210037231,-0.27426838874816895,-400.0,-0.2626785337924957,-400.0,-0.5788311362266664,0.0,-0.125,-2.25,2.25
15.44,71.54888153076172,71.54888153076172,-0.07701539993286133,-0.07701539993286133,0.005960866343230009,0.005960866343230009,19.696765899658203,-39.37783432006836,0.0,-1.8103138,-1.7191590070724487,5.246625900268555,-0.44806575775146484,-0.38787326216697693,5.265723716702028,-0.0851940308909171,5.008024215698242,-1.619476318359375,-2.0338828563690186,-1.619476318359375,-2.0338828563690186,-0.285845011472702,-400.0,-0.27426838874816895,-400.0,-0.5778133869170753,0.0,-0.125,-2.25,2.25
15.46,71.65497589111328,71.65497589111328,-0.07635318487882614,-0.07635318487882614,0.006954804062843323,0.006954804062843323,19.67180633544922,-39.47990798950195,0.0,-1.8235756,-1.7270584106445312,5.216350078582764,-0.4684423506259918,-0.40435314178466797,5.237341537286872,-0.08956246162977322,4.972876071929932,-1.655238151550293,-2.124469041824341,-1.655238151550293,-2.124469041824341,-0.2974012792110443,-400.0,-0.285845011472702,-400.0,-0.5763933062553529,0.0,-0.125,-2.25,2.25
15.48,71.76049041748047,71.76049041748047,-0.07560907304286957,-0.07560907304286957,0.007510200142860413,0.007510200142860413,19.64572525024414,-39.58111572265625,0.0,-1.8367646,-1.735286831855774,5.185680389404297,-0.4887285828590393,-0.42064112424850464,5.208659782396591,-0.09396823614993233,4.9375834465026855,-1.690787434577942,-2.2131764888763428,-1.690787434577942,-2.2131764888763428,-0.3089291453361511,-400.0,-0.2974012792110443,-400.0,-0.5745083093643311,0.0,-0.125,-2.25,2.25
15.5,71.86540985107422,71.86540985107422,-0.07482931762933731,-0.07482931762933731,0.007634393870830536,0.007634393870830536,19.61850929260254,-39.68142318725586,0.0,-1.8498801,-1.7438385486602783,5.15462064743042,-0.5088951587677002,-0.436726838350296,5.17968032812192,-0.09840712340262352,4.902097225189209,-1.7264217138290405,-2.2998528480529785,-1.7264217138290405,-2.2998528480529785,-0.3204193115234375,-400.0,-0.3089291453361511,-400.0,-0.5718961358070496,0.0,-0.125,-2.25,2.25
15.52,71.96974182128906,71.96974182128906,-0.0740586593747139,-0.0740586593747139,0.007334999740123749,0.007334999740123749,19.590139389038086,-39.780818939208984,0.0,-1.862921,-1.7527118921279907,5.123172283172607,-0.5289130806922913,-0.45260000228881836,5.150402245455731,-0.10287491053136791,4.866384506225586,-1.762312650680542,-2.3843562602996826,-1.762312650680542,-2.3843562602996826,-0.33185723423957825,-400.0,-0.3204193115234375,-400.0,-0.5681484937667464,0.0,-0.125,-2.25,2.25
15.540000000000001,72.0734634399414,72.0734634399414,-0.07334025204181671,-0.07334025204181671,0.006620518863201141,0.006620518863201141,19.56060218811035,-39.879249572753906,0.0,-1.8758863,-1.761899709701538,5.091336250305176,-0.5487509369850159,-0.46824756264686584,5.120823410791814,-0.1073668457250684,4.830428123474121,-1.7985230684280396,-2.466541290283203,-1.7985230684280396,-2.466541290283203,-0.34322020411491394,-400.0,-0.33185723423957825,-400.0,-0.5627885460853697,0.0,-0.125,-2.25,2.25
15.56,72.17658233642578,72.17658233642578,-0.07271558791399002,-0.07271558791399002,0.005500912666320801,0.005500912666320801,19.529870986938477,-39.9766960144043,0.0,-1.8887761,-1.7713990211486816,5.059116840362549,-0.5683722496032715,-0.4836505949497223,5.090943941800874,-0.11187702293547937,4.794217586517334,-1.8350104093551636,-2.54624605178833,-1.8350104093551636,-2.54624605178833,-0.3544759750366211,-400.0,-0.34322020411491394,-400.0,-0.556012988090527,0.0,-0.125,-2.25,2.25
15.58,72.27909088134766,72.27909088134766,-0.07222430408000946,-0.07222430408000946,0.003988400101661682,0.003988400101661682,19.497957229614258,-40.07313537597656,0.0,-1.9015896,-1.781204342842102,5.0265212059021,-0.5877326726913452,-0.49878132343292236,5.0607652709775435,-0.11639779480564912,4.757753372192383,-1.871631383895874,-2.6232798099517822,-1.871631383895874,-2.6232798099517822,-0.3655962347984314,-400.0,-0.3544759750366211,-400.0,-0.5473747849464533,0.0,-0.125,-2.25,2.25
15.6,72.38097381591797,72.38097381591797,-0.07190399616956711,-0.07190399616956711,0.002096809446811676,0.002096809446811676,19.464853286743164,-40.168514251708984,0.0,-1.9143254,-1.791308045387268,4.99355936050415,-0.6067841649055481,-0.5136076807975769,5.030290459770563,-0.12092053260828832,4.721045017242432,-1.9082142114639282,-2.6974411010742188,-1.9082142114639282,-2.6974411010742188,-0.37654373049736023,-400.0,-0.3655962347984314,-400.0,-0.5364179611205693,0.0,-0.125,-2.25,2.25
15.620000000000001,72.48223876953125,72.48223876953125,-0.07179002463817596,-0.07179002463817596,-0.00015769898891448975,-0.00015769898891448975,19.43056297302246,-40.2628288269043,0.0,-1.9269834,-1.8017059564590454,4.960246562957764,-0.6254728436470032,-0.5280906558036804,4.999526201898954,-0.12543509696737012,4.684108734130859,-1.9445242881774902,-2.7685070037841797,-1.9445242881774902,-2.7685070037841797,-0.38727208971977234,-400.0,-0.37654373049736023,-400.0,-0.5221500992775074,0.0,-0.125,-2.25,2.25
15.64,72.5828857421875,72.5828857421875,-0.07191532850265503,-0.07191532850265503,-0.002756252884864807,-0.002756252884864807,19.39507484436035,-40.356040954589844,0.0,-1.9395643,-1.8123911619186401,4.926602840423584,-0.6437371969223022,-0.542181670665741,4.968481974000823,-0.12992942286733386,4.646970272064209,-1.9802486896514893,-2.8362250328063965,-1.9802486896514893,-2.8362250328063965,-0.39771509170532227,-400.0,-0.38727208971977234,-400.0,-0.11424571275711302,0.0,-0.125,-2.25,2.25
15.66,72.68290710449219,72.68290710449219,-0.07231009006500244,-0.07231009006500244,-0.005675584077835083,-0.005675584077835083,19.358400344848633,-40.44813537597656,0.0,-1.9520667,-1.8233548402786255,4.892658233642578,-0.6615028977394104,-0.5558165907859802,4.9371743614083705,-0.13438825503815297,4.609665393829346,-2.01493501663208,-2.9002883434295654,-2.01493501663208,-2.9002883434295654,-0.4000000059604645,-400.0,-0.39771509170532227,-400.0,0.0,0.0,-0.125,-2.25,2.25
15.68,72.78230285644531,72.78230285644531,-0.07297130674123764,-0.07297130674123764,-0.008149638772010803,-0.008149638772010803,19.320575714111328,-40.53907012939453,0.0,-1.9644912,-1.8345530033111572,4.860156536102295,-0.6754273176193237,-0.5651965141296387,4.906864947887224,-0.13808789271000196,4.572898864746094,-2.004741907119751,-2.94570255279541,-2.004741907119751,-2.94570255279541,-0.4000000059604645,-400.0,-0.4000000059604645,-400.0,0.0,0.0,-0.125,-2.25,2.25
15.700000000000001,72.881103515625,72.881103515625,-0.07384876906871796,-0.07384876906871796,-0.010095879435539246,-0.010095879435539246,19.281658172607422,-40.62890625,0.0,-1.9768419,-1.8459042310714722,4.829049587249756,-0.6856096386909485,-0.5703632235527039,4.877476857226795,-0.14103352865796415,4.537780284881592,-1.9712015390396118,-2.9727325439453125,-1.9712015390396118,-2.9727325439453125,-0.4000000059604645,-400.0,-0.4000000059604645,-400.0,0.0,0.0,-0.125,-2.25,2.25
15.72,72.97933197021484,72.97933197021484,-0.07489465922117233,-0.07489465922117233,-0.011663153767585754,-0.011663153767585754,19.24172019958496,-40.71764373779297,0.0,-1.98912,-1.8573329448699951,4.798839569091797,-0.6931559443473816,-0.5725269317626953,4.848641703927529,-0.14345026876115935,4.504713535308838,-1.9363365173339844,-2.9862022399902344,-1.9363365173339844,-2.9862022399902344,-0.4000000059604645,-400.0,-0.4000000059604645,-400.0,0.0,0.0,-0.125,-2.25,2.25
15.74,73.07698822021484,73.07698822021484,-0.07607493549585342,-0.07607493549585342,-0.01296272873878479,-0.01296272873878479,19.200815200805664,-40.80531692504883,0.0,-2.0013273,-1.8687869310379028,4.769217014312744,-0.6988751888275146,-0.572597086429596,4.8201511863393725,-0.14550317357407747,4.473574161529541,-1.906914234161377,-2.9896979331970215,-1.906914234161377,-2.9896979331970215,-0.4000000059604645,-400.0,-0.4000000059604645,-400.0,0.0,0.0,-0.125,-2.25,2.25
15.76,73.17407989501953,73.17407989501953,-0.07736548781394958,-0.07736548781394958,-0.01407319214195013,-0.01407319214195013,19.15898895263672,-40.89191436767578,0.0,-2.0134635,-1.8802286386489868,4.739994049072266,-0.7033335566520691,-0.5712254047393799,4.791891242208377,-0.1473079532487013,4.444052696228027,-1.883759617805481,-2.9857895374298096,-1.883759617805481,-2.9857895374298096,-0.4000000059604645,-400.0,-0.4000000059604645,-400.0,0.0,0.0,-0.125,-2.25,2.25
15.780000000000001,73.2706298828125,73.2706298828125,-0.0787491425871849,-0.0787491425871849,-0.015048161149024963,-0.015048161149024963,19.116260528564453,-40.97745895385742,0.0,-2.0255318,-1.8916370868682861,4.711054801940918,-0.7069180011749268,-0.5688678026199341,4.763797897400322,-0.14894387658915106,4.415814399719238,-1.8657805919647217,-2.9762916564941406,-1.8657805919647217,-2.9762916564941406,-0.4000000059604645,-400.0,-0.4000000059604645,-400.0,0.0,0.0,-0.125,-2.25,2.25
15.8,73.36662292480469,73.36662292480469,-0.08021334558725357,-0.08021334558725357,-0.015923649072647095,-0.015923649072647095,19.072683334350586,-41.061927795410156,0.0,-2.0375319,-1.9029911756515503,4.682329177856445,-0.7098891735076904,-0.5658391714096069,4.735836691490665,-0.15046440693823412,4.388558387756348,-1.8515595197677612,-2.9624836444854736,-1.8515595197677612,-2.9624836444854736,-0.4000000059604645,-400.0,-0.4000000059604645,-400.0,0.0,0.0,-0.125,-2.25,2.25
15.82,73.46206665039062,73.46206665039062,-0.08174865692853928,-0.08174865692853928,-0.01672321744263172,-0.01672321744263172,19.028295516967773,-41.14533996582031,0.0,-2.049462,-1.9142800569534302,4.653774261474609,-0.712420642375946,-0.5623558163642883,4.707988747697566,-0.15190518665705827,4.3620381355285645,-1.8398916721343994,-2.9452738761901855,-1.8398916721343994,-2.9452738761901855,-0.4000000059604645,-400.0,-0.4000000059604645,-400.0,0.0,0.0,-0.125,-2.25,2.25
15.84,73.55696868896484,73.55696868896484,-0.08334767073392868,-0.08334767073392868,-0.017462344840168953,-0.017462344840168953,18.983121871948242,-41.227699279785156,0.0,-2.0613246,-1.925497055053711,4.625363349914551,-0.7146270871162415,-0.5585659742355347,4.6802433689257015,-0.1532897780705166,4.336060523986816,-1.8298921585083008,-2.9253156185150146,-1.8298921585083008,-2.9253156185150146,-0.4000000059604645,-400.0,-0.4000000059604645,-400.0,0.0,0.0,-0.125,-2.25,2.25
15.860000000000001,73.65132904052734,73.65132904052734,-0.08500431478023529,-0.08500431478023529,-0.01815083809196949,-0.01815083809196949,18.937191009521484,-41.30900955200195,0.0,-2.07312,-1.936637282371521,4.597078800201416,-0.7165833711624146,-0.5545715093612671,4.652593386820707,-0.15463357034428504,4.310479164123535,-1.8209633827209473,-2.9030873775482178,-1.8209633827209473,-2.9030873775482178,-0.4000000059604645,-400.0,-0.4000000059604645,-400.0,0.0,0.0,-0.125,-2.25,2.25
15.88,73.74514770507812,73.74514770507812,-0.08671336621046066,-0.08671336621046066,-0.018794789910316467,-0.018794789910316467,18.89053726196289,-41.389259338378906,0.0,-2.0848467,-1.9476958513259888,4.56890869140625,-0.7183378338813782,-0.5504428744316101,4.625033607877132,-0.15594647660091449,4.285186290740967,-1.8127158880233765,-2.878948926925659,-1.8127158880233765,-2.878948926925659,-0.4000000059604645,-400.0,-0.4000000059604645,-400.0,0.0,0.0,-0.125,-2.25,2.25
15.9,73.83843231201172,73.83843231201172,-0.08847019076347351,-0.08847019076347351,-0.019397839903831482,-0.019397839903831482,18.843183517456055,-41.46846008300781,0.0,-2.096508,-1.958670973777771,4.540844917297363,-0.7199208736419678,-0.5462290048599243,4.597560073261763,-0.1572346730858508,4.260101318359375,-1.80491042137146,-2.8531758785247803,-1.80491042137146,-2.8531758785247803,-0.4000000059604645,-400.0,-0.4000000059604645,-400.0,0.0,0.0,-0.125,-2.25,2.25
15.92,73.93118286132812,73.93118286132812,-0.09027042984962463,-0.09027042984962463,-0.019962042570114136,-0.019962042570114136,18.795162200927734,-41.54661178588867,0.0,-2.1081014,-1.9695615768432617,4.512881278991699,-0.7213512659072876,-0.5419641733169556,4.570169043602195,-0.1585019144967483,4.235165596008301,-1.7974014282226562,-2.825986862182617,-1.7974014282226562,-2.825986862182617,-0.4000000059604645,-400.0,-0.4000000059604645,-400.0,0.0,0.0,-0.125,-2.25,2.25
15.94,74.02339935302734,74.02339935302734,-0.09210999310016632,-0.09210999310016632,-0.020488455891609192,-0.020488455891609192,18.746490478515625,-41.62372589111328,0.0,-2.1196282,-1.9803670644760132,4.485013008117676,-0.7226397395133972,-0.5376726984977722,4.5428570169122375,-0.15975025359517997,4.210337162017822,-1.7901065349578857,-2.797560214996338,-1.7901065349578857,-2.797560214996338,-0.4000000059604645,-400.0,-0.4000000059604645,-400.0,0.0,0.0,-0.125,-2.25,2.25
15.96,74.11508178710938,74.11508178710938,-0.09398488700389862,-0.09398488700389862,-0.020977452397346497,-0.020977452397346497,18.69716453552246,-41.69975662231445,0.0,-2.1310887,-1.9910855293273926,4.457235336303711,-0.7237919569015503,-0.5333720445632935,4.515619740419894,-0.16098069103864035,4.1855854988098145,-1.782978892326355,-2.7680439949035645,-1.782978892326355,-2.7680439949035645,-0.4000000059604645,-400.0,-0.4000000059604645,-400.0,0.0,0.0,-0.125,-2.25,2.25
15.98,74.20623779296875,74.20623779296875,-0.09589123725891113,-0.09589123725891113,-0.021429063752293587,-0.021429063752293587,18.647241592407227,-41.774757385253906,0.0,-2.142483,-2.0017192363739014,4.429544448852539,-0.7248103618621826,-0.5290750861167908,4.4884534179406534,-0.16219351606733062,4.160889625549316,-1.7759926319122314,-2.7375659942626953,-1.7759926319122314,-2.7375659942626953,-0.4000000059604645,-400.0,-0.4000000059604645,-400.0,0.0,0.0,-0.125,-2.25,2.25
16.0,74.29685974121094,74.29685974121094,-0.09782518446445465,-0.09782518446445465,-0.021842988207936287,-0.021842988207936287,18.596757888793945,-41.84871292114258,0.0,-2.153811,-2.01226544380188,4.401936054229736,-0.7256951928138733,-0.5247913002967834,4.461353442443316,-0.1633885602420377,4.136233329772949,-1.76913583278656,-2.7062370777130127,-1.76913583278656,-2.7062370777130127,-0.4000000059604645,-400.0,-0.4000000059604645,-400.0,0.0,0.0,-0.125,-2.25,2.25
16.02,74.38695526123047,74.38695526123047,-0.09978292882442474,-0.09978292882442474,-0.022218944504857063,-0.022218944504857063,18.545726776123047,-41.921634674072266,0.0,-2.1650732,-2.0227267742156982,4.374406337738037,-0.7264451384544373,-0.5205280780792236,4.434315431588826,-0.16456529501793943,4.111604690551758,-1.7624030113220215,-2.6741554737091064,-1.7624030113220215,-2.6741554737091064,-0.4000000059604645,-400.0,-0.4000000059604645,-400.0,0.0,0.0,-0.125,-2.25,2.25
16.04,74.47653198242188,74.47653198242188,-0.10176068544387817,-0.10176068544387817,-0.022556498646736145,-0.022556498646736145,18.49418067932129,-41.993534088134766,0.0,-2.1762698,-2.0331032276153564,4.346952438354492,-0.7270582914352417,-0.5162910223007202,4.4073358461162,-0.16572301584514726,4.086997032165527,-1.7557933330535889,-2.6414103507995605,-1.7557933330535889,-2.6414103507995605,-0.4000000059604645,-400.0,-0.4000000059604645,-400.0,0.0,8.90960693359394,-0.125,-2.25,2.25
16.06,74.56558227539062,74.56558227539062,-0.10375470668077469,-0.10375470668077469,-0.02285522222518921,-0.02285522222518921,18.44210433959961,-42.064388275146484,0.0,-2.187401,-2.043396234512329,4.319570064544678,-0.7275319695472717,-0.5120846629142761,4.380409605188063,-0.16686088569879096,4.062404155731201,-1.7493054866790771,-2.608081340789795,-1.7493054866790771,-2.608081340789795,-0.4000000059604645,-399.8218078613281,-0.4000000059604645,-400.0,0.0,29.132080078120445,-0.125,-2.25,2.25
16.080000000000002,74.65410614013672,74.65410614013672,-0.10576125234365463,-0.10576125234365463,-0.02311459183692932,-0.02311459183692932,18.389545440673828,-42.13420104980469,0.0,-2.1984665,-2.0536041259765625,4.2922587394714355,-0.7278634309768677,-0.507912814617157,4.353535374924882,-0.16797789345279535,4.037898540496826,-1.7428834438323975,-2.574241876602173,-1.7428834438323975,-2.574241876602173,-0.4000000059604645,-399.2391662597656,-0.4000000059604645,-399.8218078613281,0.0,48.48327636718853,-0.125,-2.25,2.25
16.1,74.74211120605469,74.74211120605469,-0.10777661204338074,-0.10777661204338074,-0.023333817720413208,-0.023333817720413208,18.336544036865234,-42.20301055908203,0.0,-2.2094672,-2.0637290477752686,4.265021800994873,-0.7280488014221191,-0.5037790536880493,4.326715384701625,-0.1690725991695147,4.013622760772705,-1.7363266944885254,-2.5399553775787354,-1.7363266944885254,-2.5399553775787354,-0.4000000059604645,-398.2695007324219,-0.4000000059604645,-399.2391662597656,0.0,66.95251464843892,-0.125,-2.25,2.25
16.12,74.82959747314453,74.82959747314453,-0.10979702323675156,-0.10979702323675156,-0.023511499166488647,-0.023511499166488647,18.283126831054688,-42.27080535888672,0.0,-2.220403,-2.0737714767456055,4.23787260055542,-0.728083610534668,-0.499686598777771,4.299961618720283,-0.17014299522355628,3.989659547805786,-1.7293728590011597,-2.5052783489227295,-1.7293728590011597,-2.5052783489227295,-0.4000000059604645,-396.9304504394531,-0.4000000059604645,-398.2695007324219,0.0,84.4970703125018,-0.125,-2.25,2.25
16.14,74.91655731201172,74.91655731201172,-0.11181870102882385,-0.11181870102882385,-0.023646054789423943,-0.023646054789423943,18.229280471801758,-42.337581634521484,0.0,-2.2312734,-2.0837326049804688,4.2108259201049805,-0.7279629111289978,-0.49563872814178467,4.273287367988182,-0.171186846603623,3.9660563468933105,-1.721810221672058,-2.4702630043029785,-1.721810221672058,-2.4702630043029785,-0.4000000059604645,-395.2405090332031,-0.4000000059604645,-396.9304504394531,0.0,101.11236572265841,-0.125,-2.25,2.25
16.16,75.00300598144531,75.00300598144531,-0.11383778601884842,-0.11383778601884842,-0.023735998198390007,-0.023735998198390007,18.175025939941406,-42.40334701538086,0.0,-2.2420795,-2.093613624572754,4.183898448944092,-0.7276821136474609,-0.4916386306285858,4.246707841328293,-0.17220185763144896,3.942838191986084,-1.7135001420974731,-2.434957504272461,-1.7135001420974731,-2.434957504272461,-0.4000000059604645,-393.21826171875,-0.4000000059604645,-395.2405090332031,0.0,116.78924560547124,-0.125,-2.25,2.25
16.18,75.08893585205078,75.08893585205078,-0.11585035175085068,-0.11585035175085068,-0.023779749870300293,-0.023779749870300293,18.12042236328125,-42.46812438964844,0.0,-2.2528203,-2.103415012359619,4.157106876373291,-0.7272368669509888,-0.4876897931098938,4.2202382684207285,-0.17318571919885517,3.9200172424316406,-1.7043689489364624,-2.3994107246398926,-1.7043689489364624,-2.3994107246398926,-0.4000000059604645,-390.8824768066406,-0.4000000059604645,-393.21826171875,0.0,131.5002441406278,-0.125,-2.25,2.25
16.2,75.17434692382812,75.17434692382812,-0.11785246431827545,-0.11785246431827545,-0.023775801062583923,-0.023775801062583923,18.065500259399414,-42.531917572021484,0.0,-2.2634966,-2.1131362915039062,4.130468368530273,-0.7266234159469604,-0.4837959408760071,4.193894435012828,-0.17413617424853586,3.897596836090088,-1.694392442703247,-2.3636698722839355,-1.694392442703247,-2.3636698722839355,-0.4000000059604645,-388.2524719238281,-0.4000000059604645,-390.8824768066406,0.0,145.24688720703435,-0.125,-2.25,2.25
16.22,75.25924682617188,75.25924682617188,-0.119840107858181,-0.119840107858181,-0.023722857236862183,-0.023722857236862183,18.010204315185547,-42.59469985961914,0.0,-2.2741091,-2.1227810382843018,4.103998184204102,-0.7258383631706238,-0.47996100783348083,4.167690298642736,-0.1750510639262991,3.8755743503570557,-1.683579683303833,-2.3277833461761475,-1.683579683303833,-2.3277833461761475,-0.4000000059604645,-385.3475341796875,-0.4000000059604645,-388.2524719238281,0.0,158.0139160156003,-0.125,-2.25,2.25
16.240000000000002,75.34364318847656,75.34364318847656,-0.12180928140878677,-0.12180928140878677,-0.02361975610256195,-0.02361975610256195,17.95461082458496,-42.656532287597656,0.0,-2.2846591,-2.132350444793701,4.077712059020996,-0.7248790860176086,-0.4761890769004822,4.141640414815242,-0.17592833308224703,3.8539443016052246,-1.6719619035720825,-2.291797399520874,-1.6719619035720825,-2.291797399520874,-0.4000000059604645,-382.187255859375,-0.4000000059604645,-385.3475341796875,0.0,169.8242187500036,-0.125,-2.25,2.25
16.26,75.42752838134766,75.42752838134766,-0.12375594675540924,-0.12375594675540924,-0.023465514183044434,-0.023465514183044434,17.89875602722168,-42.7174072265625,0.0,-2.2951443,-2.1418447494506836,4.051623344421387,-0.7237432599067688,-0.4724843502044678,4.11575704230957,-0.1767660431263198,3.832698106765747,-1.6595855951309204,-2.2557590007781982,-1.6595855951309204,-2.2557590007781982,-0.4000000059604645,-378.790771484375,-0.4000000059604645,-382.187255859375,0.0,180.64575195312884,-0.125,-2.25,2.25
16.28,75.51091766357422,75.51091766357422,-0.12567608058452606,-0.12567608058452606,-0.023259207606315613,-0.023259207606315613,17.84259796142578,-42.777313232421875,0.0,-2.3055685,-2.1512653827667236,4.025744915008545,-0.7224289774894714,-0.4688510298728943,4.090052047130163,-0.17756232643884873,3.811826229095459,-1.6465044021606445,-2.2197132110595703,-1.6465044021606445,-2.2197132110595703,-0.4000000059604645,-375.1778564453125,-0.4000000059604645,-378.790771484375,0.0,190.51055908203531,-0.125,-2.25,2.25
16.3,75.59380340576172,75.59380340576172,-0.1275656819343567,-0.1275656819343567,-0.023000163957476616,-0.023000163957476616,17.78619384765625,-42.83627700805664,0.0,-2.3159292,-2.160614013671875,4.000087738037109,-0.7209345698356628,-0.4652932286262512,4.064535467427855,-0.17831541014852081,3.7913172245025635,-1.6327793598175049,-2.183704376220703,-1.6327793598175049,-2.183704376220703,-0.4000000059604645,-371.3676452636719,-0.4000000059604645,-375.1778564453125,0.0,199.41711425781676,-0.125,-2.25,2.25
16.32,75.67619323730469,75.67619323730469,-0.12942078709602356,-0.12942078709602356,-0.022687852382659912,-0.022687852382659912,17.729583740234375,-42.89432907104492,0.0,-2.3262274,-2.169891595840454,3.9746615886688232,-0.7192588448524475,-0.46181488037109375,4.039216264368355,-0.1790236493642127,3.7711594104766846,-1.6184715032577515,-2.1477749347686768,-1.6184715032577515,-2.1477749347686768,-0.4000000059604645,-367.3793029785156,-0.4000000059604645,-371.3676452636719,0.0,207.37762451172318,-0.125,-2.25,2.25
16.34,75.75808715820312,75.75808715820312,-0.1312374621629715,-0.1312374621629715,-0.02232174575328827,-0.02232174575328827,17.672718048095703,-42.95142364501953,0.0,-2.336465,-2.1791012287139893,3.9494755268096924,-0.7174006104469299,-0.4584198594093323,4.014102710785852,-0.17968539592986746,3.751340389251709,-1.6036455631256104,-2.111966133117676,-1.6036455631256104,-2.111966133117676,-0.4000000059604645,-363.23175048828125,-0.4000000059604645,-367.3793029785156,0.0,215.80963134766085,-0.125,-2.25,2.25
16.36,75.83949279785156,75.83949279785156,-0.1330118030309677,-0.1330118030309677,-0.021901549771428108,-0.021901549771428108,17.61566925048828,-43.00761795043945,0.0,-2.3466403,-2.1882429122924805,3.924537420272827,-0.7153589725494385,-0.4551117718219757,3.989201978181687,-0.1802990956590673,3.731847047805786,-1.5883677005767822,-2.076317310333252,-1.5883677005767822,-2.076317310333252,-0.4000000059604645,-358.9155578613281,-0.4000000059604645,-363.23175048828125,0.0,231.77795410156745,-0.125,-2.25,2.25
16.38,75.92041015625,75.92041015625,-0.1347399652004242,-0.1347399652004242,-0.021427050232887268,-0.021427050232887268,17.558456420898438,-43.062931060791016,0.0,-2.3567548,-2.1973187923431396,3.8998541831970215,-0.7131332159042358,-0.45189404487609863,3.9645203535642524,-0.1808632535248307,3.712678909301758,-1.5726934671401978,-2.040865421295166,-1.5726934671401978,-2.040865421295166,-0.4000000059604645,-354.2799987792969,-0.4000000059604645,-358.9155578613281,0.0,246.5103149414115,-0.125,-2.25,2.25
16.4,76.0008544921875,76.0008544921875,-0.1364182084798813,-0.1364182084798813,-0.02089802734553814,-0.02089802734553814,17.50102424621582,-43.11732482910156,0.0,-2.3668106,-2.2063324451446533,3.875433921813965,-0.7107225656509399,-0.44877004623413086,3.9400653100769563,-0.18137628007676784,3.6939008235931396,-1.5565996170043945,-2.0056447982788086,-1.5565996170043945,-2.0056447982788086,-0.4000000059604645,-349.34979248046875,-0.4000000059604645,-354.2799987792969,0.0,260.01281738277186,-0.125,-2.25,2.25
16.42,76.08081817626953,76.08081817626953,-0.1380428522825241,-0.1380428522825241,-0.020314054563641548,-0.020314054563641548,17.443470001220703,-43.170867919921875,0.0,-2.376806,-2.2152836322784424,3.8512885570526123,-0.7081260681152344,-0.44574305415153503,3.9158480662595596,-0.18183633844441124,3.6755423545837402,-1.5400059223175049,-1.970686435699463,-1.5400059223175049,-1.970686435699463,-0.4000000059604645,-344.1495361328125,-0.4000000059604645,-349.34979248046875,0.0,272.2991943359433,-0.125,-2.25,2.25
16.44,76.16030883789062,76.16030883789062,-0.1396101713180542,-0.1396101713180542,-0.01967458613216877,-0.01967458613216877,17.385761260986328,-43.22352600097656,0.0,-2.386742,-2.224175214767456,3.827430009841919,-0.7053423523902893,-0.4428161382675171,3.8918797918633072,-0.18224145411664144,3.6576144695281982,-1.52285635471344,-1.936018943786621,-1.52285635471344,-1.936018943786621,-0.4000000059604645,-338.70355224609375,-0.4000000059604645,-344.1495361328125,0.0,283.386230468756,-0.125,-2.25,2.25
16.46,76.23932647705078,76.23932647705078,-0.14111654460430145,-0.14111654460430145,-0.018979161977767944,-0.018979161977767944,17.327922821044922,-43.27532958984375,0.0,-2.3966193,-2.233008623123169,3.803870677947998,-0.7023705840110779,-0.43999242782592773,3.86817225208969,-0.18258973354437083,3.6401174068450928,-1.505133867263794,-1.9016698598861694,-1.505133867263794,-1.9016698598861694,-0.4000000059604645,-333.03582763671875,-0.4000000059604645,-338.70355224609375,0.0,293.2998657226625,-0.125,-2.25,2.25
16.48,76.31787872314453,76.31787872314453,-0.14255838096141815,-0.14255838096141815,-0.018227532505989075,-0.018227532505989075,17.269989013671875,-43.32631301879883,0.0,-2.4064386,-2.2417869567871094,3.780620813369751,-0.6992098093032837,-0.43727487325668335,3.8447351133609313,-0.18287932569765494,3.623044967651367,-1.4868566989898682,-1.8676656484603882,-1.4868566989898682,-1.8676656484603882,-0.4000000059604645,-327.1698303222656,-0.4000000059604645,-333.03582763671875,0.0,302.0401000976627,-0.125,-2.25,2.25
16.5,76.3959732055664,76.3959732055664,-0.14393210411071777,-0.14393210411071777,-0.017419472336769104,-0.017419472336769104,17.2119140625,-43.376434326171875,0.0,-2.4162,-2.250511646270752,3.757690191268921,-0.6958596706390381,-0.4346664845943451,3.821577718008693,-0.18310853161259388,3.6063880920410156,-1.468065857887268,-1.834032416343689,-1.468065857887268,-1.834032416343689,-0.4000000059604645,-321.1290283203125,-0.4000000059604645,-327.1698303222656,0.0,309.6435546875066,-0.125,-2.25,2.25
16.52,76.47361755371094,76.47361755371094,-0.14523425698280334,-0.14523425698280334,-0.016554951667785645,-0.016554951667785645,17.153793334960938,-43.425785064697266,0.0,-2.4259057,-2.2591848373413086,3.7350876331329346,-0.6923198699951172,-0.43217021226882935,3.798708521270439,-0.18327569593781512,3.5901362895965576,-1.4488170146942139,-1.8007956743240356,-1.4488170146942139,-1.8007956743240356,-0.4000000059604645,-314.9361572265625,-0.4000000059604645,-321.1290283203125,0.0,316.1483764648505,-0.125,-2.25,2.25
16.54,76.5508041381836,76.5508041381836,-0.14646142721176147,-0.14646142721176147,-0.015634089708328247,-0.015634089708328247,17.095542907714844,-43.474273681640625,0.0,-2.435554,-2.267808675765991,3.712820053100586,-0.688590407371521,-0.429788738489151,3.7761341999232383,-0.1833793192999428,3.5742762088775635,-1.4291752576828003,-1.7679797410964966,-1.4291752576828003,-1.7679797410964966,-0.4000000059604645,-308.6131896972656,-0.4000000059604645,-314.9361572265625,0.0,321.5866088867256,-0.125,-2.25,2.25
16.56,76.6275405883789,76.6275405883789,-0.14761026203632355,-0.14761026203632355,-0.014657199382781982,-0.014657199382781982,17.03726577758789,-43.522010803222656,0.0,-2.445146,-2.2763853073120117,3.6908929347991943,-0.6846715211868286,-0.42752474546432495,3.7538601130136557,-0.1834180269565258,3.5587949752807617,-1.4092109203338623,-1.7356088161468506,-1.4092109203338623,-1.7356088161468506,-0.4000000059604645,-302.18145751953125,-0.4000000059604645,-308.6131896972656,0.0,325.97961425776157,-0.125,-2.25,2.25
16.580000000000002,76.70384979248047,76.70384979248047,-0.1486775130033493,-0.1486775130033493,-0.013624772429466248,-0.013624772429466248,16.978885650634766,-43.568939208984375,0.0,-2.454685,-2.284919023513794,3.6693103313446045,-0.6805638074874878,-0.42538055777549744,3.7318903257965816,-0.1833906061776953,3.5436792373657227,-1.3889939785003662,-1.7037053108215332,-1.3889939785003662,-1.7037053108215332,-0.4000000059604645,-295.661865234375,-0.4000000059604645,-302.18145751953125,0.0,329.3869018554758,-0.125,-2.25,2.25
16.6,76.77971649169922,76.77971649169922,-0.14966002106666565,-0.14966002106666565,-0.012537360191345215,-0.012537360191345215,16.920486450195312,-43.615135192871094,0.0,-2.4641678,-2.293410062789917,3.6480751037597656,-0.676267683506012,-0.423358291387558,3.7102277480535357,-0.18329585900693116,3.5289149284362793,-1.3685933351516724,-1.6722904443740845,-1.3685933351516724,-1.6722904443740845,-0.4000000059604645,-289.0741271972656,-0.4000000059604645,-295.661865234375,0.0,331.8252563476633,-0.125,-2.25,2.25
16.62,76.85515594482422,76.85515594482422,-0.15055473148822784,-0.15055473148822784,-0.01139566209167242,-0.01139566209167242,16.862024307250977,-43.660545349121094,0.0,-2.4735982,-2.30186128616333,3.6271886825561523,-0.6717838644981384,-0.4214599132537842,3.6888739880163284,-0.18313274304577723,3.5144877433776855,-1.3480784893035889,-1.6413841247558594,-1.3480784893035889,-1.6413841247558594,-0.4000000059604645,-282.4376220703125,-0.4000000059604645,-289.0741271972656,0.0,333.3282470703196,-0.125,-2.25,2.25
16.64,76.93017578125,76.93017578125,-0.1513586938381195,-0.1513586938381195,-0.010200679302215576,-0.010200679302215576,16.80354118347168,-43.70524597167969,0.0,-2.4829752,-2.3102762699127197,3.6066510677337646,-0.6671132445335388,-0.4196870028972626,3.667829331555269,-0.18290034508434816,3.5003838539123535,-1.3275156021118164,-1.6110050678253174,-1.3275156021118164,-1.6110050678253174,-0.4000000059604645,-275.77105712890625,-0.4000000059604645,-282.4376220703125,0.0,333.85772705078836,-0.125,-2.25,2.25
16.66,77.00477600097656,77.00477600097656,-0.1520691215991974,-0.1520691215991974,-0.008953467011451721,-0.008953467011451721,16.745014190673828,-43.74919128417969,0.0,-2.4923003,-2.3186566829681396,3.586461067199707,-0.6622568368911743,-0.418040931224823,3.647092966260713,-0.18259785745987597,3.486588954925537,-1.3069682121276855,-1.5811699628829956,-1.3069682121276855,-1.5811699628829956,-0.4000000059604645,-269.0939025878906,-0.4000000059604645,-275.77105712890625,0.0,331.94274902344455,-0.125,-2.25,2.25
16.68,77.07896423339844,77.07896423339844,-0.152683287858963,-0.152683287858963,-0.007655113935470581,-0.007655113935470581,16.686485290527344,-43.792442321777344,0.0,-2.5015745,-2.32700514793396,3.566617012023926,-0.6572155356407166,-0.416522741317749,3.6266636417988902,-0.18222448088842544,3.473088026046753,-1.2864981889724731,-1.5518940687179565,-1.2864981889724731,-1.5518940687179565,-0.4000000059604645,-262.4550476074219,-0.4000000059604645,-269.0939025878906,0.0,327.74581909180387,-0.125,-2.25,2.25
16.7,77.15274047851562,77.15274047851562,-0.15319859981536865,-0.15319859981536865,-0.006306946277618408,-0.006306946277618408,16.627925872802734,-43.8349609375,0.0,-2.5107958,-2.3353240489959717,3.547114610671997,-0.6519905924797058,-0.41513314843177795,3.606537646264737,-0.1817796625308898,3.459853172302246,-1.266179084777832,-1.5231916904449463,-1.266179084777832,-1.5231916904449463,-0.4000000059604645,-255.90013122558594,-0.4000000059604645,-262.4550476074219,0.0,323.1506347656319,-0.125,-2.25,2.25
16.72,77.22611999511719,77.22611999511719,-0.1536126583814621,-0.1536126583814621,-0.004910513758659363,-0.004910513758659363,16.56938362121582,-43.8768310546875,0.0,-2.5199685,-2.3436167240142822,3.5279476642608643,-0.6465833783149719,-0.4138725996017456,3.5867094650775506,-0.18126300010191213,3.4468510150909424,-1.246105670928955,-1.4950753450393677,-1.246105670928955,-1.4950753450393677,-0.4000000059604645,-249.43711853027344,-0.4000000059604645,-255.90013122558594,0.0,318.1068420409659,-0.125,-2.25,2.25
16.740000000000002,77.2990951538086,77.2990951538086,-0.1539231538772583,-0.1539231538772583,-0.0034675151109695435,-0.0034675151109695435,16.51081657409668,-43.91796875,0.0,-2.529091,-2.351884126663208,3.509108304977417,-0.6409953832626343,-0.41274121403694153,3.567172013994488,-0.18067423218081718,3.4340593814849854,-1.2263728380203247,-1.4675567150115967,-1.2263728380203247,-1.4675567150115967,-0.4000000059604645,-243.07498168945312,-0.4000000059604645,-249.43711853027344,0.0,312.6785278320379,-0.125,-2.25,2.25
16.76,77.37168884277344,77.37168884277344,-0.15412795543670654,-0.15412795543670654,-0.0019798874855041504,-0.0019798874855041504,16.452280044555664,-43.95849609375,0.0,-2.538165,-2.3601317405700684,3.4905877113342285,-0.6352282762527466,-0.4117388129234314,3.547917351555496,-0.18001322018009386,3.4214603900909424,-1.2070568799972534,-1.440645694732666,-1.2070568799972534,-1.440645694732666,-0.4000000059604645,-236.8214111328125,-0.4000000059604645,-243.07498168945312,0.0,306.9450378418034,-0.125,-2.25,2.25
16.78,77.44390106201172,77.44390106201172,-0.15422511100769043,-0.15422511100769043,-0.00044949352741241455,-0.00044949352741241455,16.39371109008789,-43.998313903808594,0.0,-2.5471911,-2.368361473083496,3.47237491607666,-0.629283607006073,-0.41086485981941223,3.5289354507903608,-0.17927992661614744,3.4090399742126465,-1.1882137060165405,-1.4143503904342651,-1.1882137060165405,-1.4143503904342651,-0.4000000059604645,-230.68251037597656,-0.4000000059604645,-236.8214111328125,0.0,301.1337280273502,-0.125,-2.25,2.25
16.8,77.51573181152344,77.51573181152344,-0.15421278774738312,-0.15421278774738312,0.0011215358972549438,0.0011215358972549438,16.335189819335938,-44.03752899169922,0.0,-2.55617,-2.376574754714966,3.4544596672058105,-0.6231631636619568,-0.4101184606552124,3.510217076036304,-0.17847436940470895,3.3967843055725098,-1.1698815822601318,-1.3886768817901611,-1.1698815822601318,-1.3886768817901611,-0.4000000059604645,-224.6598358154297,-0.4000000059604645,-230.68251037597656,0.0,300.5142211914127,-0.125,-2.25,2.25
16.82,77.5871810913086,77.5871810913086,-0.15408937633037567,-0.15408937633037567,0.0027312040328979492,0.0027312040328979492,16.276676177978516,-44.07607650756836,0.0,-2.5651016,-2.3847737312316895,3.436830759048462,-0.6168685555458069,-0.4094984531402588,3.4917520646750964,-0.17759658904754966,3.3846821784973145,-1.1520898342132568,-1.3636295795440674,-1.1520898342132568,-1.3636295795440674,-0.4000000059604645,-218.64955139160156,-0.4000000059604645,-224.6598358154297,0.0,299.5407104492251,-0.125,-2.25,2.25
16.84,77.65824890136719,77.65824890136719,-0.1538534015417099,-0.1538534015417099,0.004377454519271851,0.004377454519271851,16.21820068359375,-44.11400604248047,0.0,-2.573985,-2.392961263656616,3.4194791316986084,-0.6104015111923218,-0.4090035855770111,3.473532429240893,-0.1766465736248264,3.3727662563323975,-1.1348049640655518,-1.3392112255096436,-1.1348049640655518,-1.3392112255096436,-0.4000000059604645,-212.6587371826172,-0.4000000059604645,-218.64955139160156,0.0,298.32458496094387,-0.125,-2.25,2.25
16.86,77.72893524169922,77.72893524169922,-0.15350355207920074,-0.15350355207920074,0.006058409810066223,0.006058409810066223,16.159774780273438,-44.15132522583008,0.0,-2.5828207,-2.4011380672454834,3.402397632598877,-0.6037635207176208,-0.40863221883773804,3.455552059984595,-0.1756241685876165,3.361046075820923,-1.1179509162902832,-1.3154220581054688,-1.1179509162902832,-1.3154220581054688,-0.4000000059604645,-206.69224548339844,-0.4000000059604645,-212.6587371826172,0.0,296.96426391602193,-0.125,-2.25,2.25
16.88,77.79924011230469,77.79924011230469,-0.1530386507511139,-0.1530386507511139,0.007772177457809448,0.007772177457809448,16.10137939453125,-44.18800354003906,0.0,-2.5916088,-2.4093072414398193,3.38558030128479,-0.5969563126564026,-0.40838268399238586,3.4378061050134776,-0.17452924705436904,3.3495218753814697,-1.1014668941497803,-1.2922614812850952,-1.1014668941497803,-1.2922614812850952,-0.4000000059604645,-200.75296020507812,-0.4000000059604645,-206.69224548339844,0.0,295.52764892578756,-0.125,-2.25,2.25
16.9,77.86919403076172,77.86919403076172,-0.15245769917964935,-0.15245769917964935,0.009516969323158264,0.009516969323158264,16.04303741455078,-44.2241325378418,0.0,-2.6003528,-2.4174747467041016,3.369021415710449,-0.5899816751480103,-0.40825313329696655,3.4202899988927973,-0.17336170800579243,3.3381898403167725,-1.0853132009506226,-1.2697287797927856,-1.0853132009506226,-1.2697287797927856,-0.4000000059604645,-194.8424072265625,-0.4000000059604645,-200.75296020507812,0.0,294.06280517573526,-0.125,-2.25,2.25
16.92,77.93877410888672,77.93877410888672,-0.1517597734928131,-0.1517597734928131,0.011290713213384151,0.011290713213384151,15.984728813171387,-44.25962448120117,0.0,-2.6090503,-2.4256386756896973,3.352715253829956,-0.5828418731689453,-0.4082416296005249,3.4029992980286012,-0.17212160923370665,3.3270442485809326,-1.0694677829742432,-1.247823715209961,-1.0694677829742432,-1.247823715209961,-0.4000000059604645,-188.96115112304688,-0.4000000059604645,-194.8424072265625,0.0,292.643737792975,-0.125,-2.25,2.25
16.94,78.00801086425781,78.00801086425781,-0.15094417333602905,-0.15094417333602905,0.013091236352920532,0.013091236352920532,15.926477432250977,-44.29456329345703,0.0,-2.6177049,-2.4338042736053467,3.336656332015991,-0.5755396485328674,-0.40834593772888184,3.385929911415141,-0.17080915861739432,3.3160781860351562,-1.0539159774780273,-1.2265470027923584,-1.0539159774780273,-1.2265470027923584,-0.4000000059604645,-183.1082763671875,-0.4000000059604645,-188.96115112304688,0.0,291.03546142578745,-0.125,-2.25,2.25
16.96,78.0768814086914,78.0768814086914,-0.15001030266284943,-0.15001030266284943,0.014916375279426575,0.014916375279426575,15.868291854858398,-44.32894515991211,0.0,-2.626314,-2.4419727325439453,3.3208391666412354,-0.5680782198905945,-0.4085637629032135,3.369077861168026,-0.16942472945549333,3.3052847385406494,-1.0386474132537842,-1.2059003114700317,-1.0386474132537842,-1.2059003114700317,-0.4000000059604645,-177.28756713867188,-0.4000000059604645,-183.1082763671875,0.0,289.31655883789676,-0.125,-2.25,2.25
16.98,78.14540100097656,78.14540100097656,-0.1489577293395996,-0.1489577293395996,0.01676352135837078,0.01676352135837078,15.810140609741211,-44.36272430419922,0.0,-2.6348786,-2.4501469135284424,3.3052585124969482,-0.5604618191719055,-0.40889230370521545,3.3524396020186584,-0.16796900958796998,3.2946531772613525,-1.0236529111862183,-1.1858872175216675,-1.0236529111862183,-1.1858872175216675,-0.4000000059604645,-171.50123596191406,-0.4000000059604645,-177.28756713867188,0.0,291.2200927734437,-0.125,-2.25,2.25
17.0,78.21356964111328,78.21356964111328,-0.1477862149477005,-0.1477862149477005,0.018629908561706543,0.018629908561706543,15.752082824707031,-44.3959846496582,0.0,-2.6434,-2.458327293395996,3.2899086475372314,-0.5526953935623169,-0.4093283712863922,3.336011257056136,-0.1664429563694635,3.2841718196868896,-1.0089225769042969,-1.1665133237838745,-1.0089225769042969,-1.1665133237838745,-0.4000000059604645,-165.6768341064453,-0.4000000059604645,-171.50123596191406,0.0,297.45788574219387,-0.125,-2.25,2.25
17.02,78.2813949584961,78.2813949584961,-0.1464957296848297,-0.1464957296848297,0.020512551069259644,0.020512551069259644,15.694071769714355,-44.42868423461914,0.0,-2.6518784,-2.466517925262451,3.2747862339019775,-0.5447853207588196,-0.4098680913448334,3.3197915481951856,-0.16484787228691708,3.2738542556762695,-0.9944093227386475,-1.1477874517440796,-0.9944093227386475,-1.1477874517440796,-0.4000000059604645,-159.72767639160156,-0.4000000059604645,-165.6768341064453,0.0,303.8024902343815,-0.125,-2.25,2.25
17.04,78.348876953125,78.348876953125,-0.1450863927602768,-0.1450863927602768,0.02240826189517975,0.02240826189517975,15.636127471923828,-44.46083068847656,0.0,-2.6603136,-2.474720001220703,3.2598915100097656,-0.5367391705513,-0.4105066955089569,3.3037829217788883,-0.16318528854267525,3.263731002807617,-0.9799880385398865,-1.1297229528427124,-0.9799880385398865,-1.1297229528427124,-0.4000000059604645,-153.65162658691406,-0.4000000059604645,-159.72767639160156,0.0,310.30120849610034,-0.125,-2.25,2.25
17.06,78.41602325439453,78.41602325439453,-0.1435585618019104,-0.1435585618019104,0.024313271045684814,0.024313271045684814,15.578268051147461,-44.49248504638672,0.0,-2.6687067,-2.482935905456543,3.2452280521392822,-0.5285672545433044,-0.4112379550933838,3.287991553055933,-0.16145745604337686,3.2538039684295654,-0.9654995203018188,-1.1123400926589966,-0.9654995203018188,-1.1123400926589966,-0.4000000059604645,-147.4456024169922,-0.4000000059604645,-153.65162658691406,0.0,317.01354980463793,-0.125,-2.25,2.25
17.080000000000002,78.48283386230469,78.48283386230469,-0.14191284775733948,-0.14191284775733948,0.026222944259643555,0.026222944259643555,15.520466804504395,-44.52358627319336,0.0,-2.677058,-2.4911675453186035,3.2308027744293213,-0.5202834010124207,-0.4120536148548126,3.2724274452811404,-0.15966760595377472,3.2440567016601562,-0.9508012533187866,-1.09567129611969,-0.9508012533187866,-1.09567129611969,-0.4000000059604645,-141.10533142089844,-0.4000000059604645,-147.4456024169922,0.0,325.2853393554757,-0.125,-2.25,2.25
17.1,78.54930877685547,78.54930877685547,-0.14015018939971924,-0.14015018939971924,0.028131335973739624,0.028131335973739624,15.462737083435059,-44.554168701171875,0.0,-2.685367,-2.4994161128997803,3.2166242599487305,-0.5119063854217529,-0.4129427373409271,3.2571029730615337,-0.15782049756999636,3.2344589233398438,-0.9357659816741943,-1.0797663927078247,-0.9357659816741943,-1.0797663927078247,-0.4000000059604645,-134.59962463378906,-0.4000000059604645,-141.10533142089844,0.0,335.96115112305404,-0.125,-2.25,2.25
17.12,78.6154556274414,78.6154556274414,-0.13827188313007355,-0.13827188313007355,0.030030861496925354,0.030030861496925354,15.405102729797363,-44.584266662597656,0.0,-2.693636,-2.5076820850372314,3.2027037143707275,-0.5034618377685547,-0.4138912260532379,3.242034068934709,-0.15592299585899094,3.2249789237976074,-0.9202777147293091,-1.064694881439209,-0.9202777147293091,-1.064694881439209,-0.4000000059604645,-127.88040161132812,-0.4000000059604645,-134.59962463378906,0.0,346.9036102294996,-0.125,-2.25,2.25
17.14,78.6812744140625,78.6812744140625,-0.13627977669239044,-0.13627977669239044,0.03191210329532623,0.03191210329532623,15.34753131866455,-44.61384201049805,0.0,-2.7018628,-2.515967607498169,3.189053773880005,-0.49498116970062256,-0.41488268971443176,3.2272388091147666,-0.15398385715022475,3.2156002521514893,-0.904239296913147,-1.0505423545837402,-0.904239296913147,-1.0505423545837402,-0.4000000059604645,-120.94232940673828,-0.4000000059604645,-127.88040161132812,0.0,358.144378662117,-0.125,-2.25,2.25
17.16,78.74677276611328,78.74677276611328,-0.13417625427246094,-0.13417625427246094,0.03376483917236328,0.03376483917236328,15.290037155151367,-44.642906188964844,0.0,-2.71005,-2.5242726802825928,3.175685405731201,-0.48649922013282776,-0.4159010350704193,3.21273392725946,-0.15201319700451024,3.206317186355591,-0.8876352906227112,-1.0373972654342651,-0.8876352906227112,-1.0373972654342651,-0.4000000059604645,-113.7794418334961,-0.4000000059604645,-120.94232940673828,0.0,369.69451904297665,-0.125,-2.25,2.25
17.18,78.81196594238281,78.81196594238281,-0.1319642812013626,-0.1319642812013626,0.03557918965816498,0.03557918965816498,15.232620239257812,-44.6715087890625,0.0,-2.718199,-2.532599687576294,3.1626076698303223,-0.4780498743057251,-0.4169333279132843,3.198533875948995,-0.15002116769775392,3.197155714035034,-0.8705418705940247,-1.0253324508666992,-0.8705418705940247,-1.0253324508666992,-0.4000000059604645,-106.38555145263672,-0.4000000059604645,-113.7794418334961,0.0,381.22024536133625,-0.125,-2.25,2.25
17.2,78.87684631347656,78.87684631347656,-0.1296473890542984,-0.1296473890542984,0.037346307188272476,0.037346307188272476,15.175276756286621,-44.699623107910156,0.0,-2.7263093,-2.5409464836120605,3.1498265266418457,-0.4696630537509918,-0.41797080636024475,3.1846492007747638,-0.1480170644949035,3.1881680488586426,-0.8530541658401489,-1.0143945217132568,-0.8530541658401489,-1.0143945217132568,-0.4000000059604645,-98.76114654541016,-0.4000000059604645,-106.38555145263672,0.0,391.79573059082867,-0.125,-2.25,2.25
17.22,78.94142150878906,78.94142150878906,-0.12722955644130707,-0.12722955644130707,0.03905890882015228,0.03905890882015228,15.117998123168945,-44.72721481323242,0.0,-2.7343814,-2.54931378364563,3.1373486518859863,-0.4613637924194336,-0.4190080761909485,3.171090208815646,-0.14600882287372302,3.179412841796875,-0.8352197408676147,-1.004603385925293,-0.8352197408676147,-1.004603385925293,-0.4000000059604645,-90.92523193359375,-0.4000000059604645,-98.76114654541016,0.0,403.8475036620462,-0.125,-2.25,2.25
17.240000000000002,79.00570678710938,79.00570678710938,-0.12471506744623184,-0.12471506744623184,0.04071120545268059,0.04071120545268059,15.060783386230469,-44.754356384277344,0.0,-2.7424169,-2.5577032566070557,3.125180721282959,-0.45317238569259644,-0.42004185914993286,3.157866329000168,-0.1440030597007395,3.1709375381469727,-0.817035436630249,-0.995955765247345,-0.817035436630249,-0.995955765247345,-0.4000000059604645,-82.84828186035156,-0.4000000059604645,-90.92523193359375,0.0,417.23861694336824,-0.125,-2.25,2.25
17.26,79.06968688964844,79.06968688964844,-0.12210848927497864,-0.12210848927497864,0.042298685759305954,0.042298685759305954,15.003661155700684,-44.78104019165039,0.0,-2.7504148,-2.566110849380493,3.113332509994507,-0.4451052248477936,-0.4210699200630188,3.1449893448111235,-0.14200515862178356,3.1627962589263916,-0.7984510660171509,-0.9884317517280579,-0.7984510660171509,-0.9884317517280579,-0.4000000059604645,-74.50350952148438,-0.4000000059604645,-82.84828186035156,0.0,431.03294372559515,-0.125,-2.25,2.25
17.28,79.13339233398438,79.13339233398438,-0.11941453814506531,-0.11941453814506531,0.04381786286830902,0.04381786286830902,14.946573257446289,-44.80720520019531,0.0,-2.7583778,-2.574540376663208,3.101816415786743,-0.4371756613254547,-0.42209064960479736,3.1324730862530115,-0.14001954024316185,3.155041456222534,-0.7793727517127991,-0.9819998741149902,-0.7793727517127991,-0.9819998741149902,-0.4000000059604645,-65.88285064697266,-0.4000000059604645,-74.50350952148438,0.0,445.20111083985324,-0.125,-2.25,2.25
17.3,79.19682312011719,79.19682312011719,-0.11663800477981567,-0.11663800477981567,0.04526617005467415,0.04526617005467415,14.889544486999512,-44.832908630371094,0.0,-2.7663066,-2.5829906463623047,3.0906474590301514,-0.42939460277557373,-0.4231027662754059,3.1203335464181268,-0.13804983277869698,3.147714853286743,-0.7596946954727173,-0.9766209125518799,-0.7596946954727173,-0.9766209125518799,-0.4000000059604645,-56.97882843017578,-0.4000000059604645,-65.88285064697266,0.0,459.73453521729493,-0.125,-2.25,2.25
17.32,79.25997924804688,79.25997924804688,-0.11378376185894012,-0.11378376185894012,0.046641603112220764,0.046641603112220764,14.832575798034668,-44.85816955566406,0.0,-2.774201,-2.591460943222046,3.0798416137695312,-0.4217710494995117,-0.4241052567958832,3.1085873293350517,-0.1360991019675237,3.140852212905884,-0.7393235564231873,-0.9722514748573303,-0.7393235564231873,-0.9722514748573303,-0.4000000059604645,-47.78413772583008,-0.4000000059604645,-56.97882843017578,0.0,474.60689544678746,-0.125,-2.25,2.25
17.34,79.3228759765625,79.3228759765625,-0.11085668206214905,-0.11085668206214905,0.04794275760650635,0.04794275760650635,14.775666236877441,-44.882972717285156,0.0,-2.7820632,-2.5999503135681152,3.0694165229797363,-0.4143127202987671,-0.42509740591049194,3.097252463352379,-0.13417000674453178,3.134486198425293,-0.7181851863861084,-0.9688464999198914,-0.7181851863861084,-0.9688464999198914,-0.4000000059604645,-38.29199981689453,-0.4000000059604645,-47.78413772583008,0.0,489.8004531860456,-0.125,-2.25,2.25
17.36,79.3855209350586,79.3855209350586,-0.10786157846450806,-0.10786157846450806,0.049168530851602554,0.049168530851602554,14.718774795532227,-44.907264709472656,0.0,-2.7898936,-2.6084609031677246,3.0593912601470947,-0.4070260524749756,-0.4260789453983307,3.0863481803027004,-0.13226480163716803,3.1286466121673584,-0.696219265460968,-0.9663605690002441,-0.696219265460968,-0.9663605690002441,-0.4000000059604645,-28.495990753173828,-0.4000000059604645,-38.29199981689453,0.0,505.26590347291113,-0.125,-2.25,2.25
17.38,79.44791412353516,79.44791412353516,-0.10480327159166336,-0.10480327159166336,0.05031822994351387,0.05031822994351387,14.661937713623047,-44.93111801147461,0.0,-2.7976933,-2.6169893741607666,3.0497853755950928,-0.39991670846939087,-0.4270499348640442,3.0758940506634316,-0.13038553228706334,3.1233630180358887,-0.6733809113502502,-0.964749276638031,-0.6733809113502502,-0.964749276638031,-0.4000000059604645,-18.39067268371582,-0.4000000059604645,-28.495990753173828,0.0,520.9734916686198,-0.125,-2.25,2.25
17.400000000000002,79.51007843017578,79.51007843017578,-0.10168648511171341,-0.10168648511171341,0.0513913594186306,0.0513913594186306,14.605135917663574,-44.95452880859375,0.0,-2.8054633,-2.625537872314453,3.040618419647217,-0.3929896354675293,-0.42801064252853394,3.0659095269565344,-0.12853406753188476,3.1186630725860596,-0.6496312022209167,-0.9639695286750793,-0.6496312022209167,-0.9639695286750793,-0.4000000059604645,-7.971202850341797,-0.4000000059604645,-18.39067268371582,0.0,536.8756651878472,-0.125,-2.25,2.25
17.42,79.57201385498047,79.57201385498047,-0.09851586818695068,-0.09851586818695068,0.05238766968250275,0.05238766968250275,14.548357963562012,-44.97750473022461,0.0,-2.8132052,-2.634106159210205,3.0319113731384277,-0.38624903559684753,-0.42896172404289246,3.0564153664162927,-0.12671202272072135,3.114574670791626,-0.6249392032623291,-0.963980495929718,-0.6249392032623291,-0.963980495929718,-0.4000000059604645,2.766310453414917,-0.4000000059604645,-7.971202850341797,0.0,537.4463200569268,-0.125,-2.25,2.25
17.44,79.63373565673828,79.63373565673828,-0.09529600292444229,-0.09529600292444229,0.053307078778743744,0.053307078778743744,14.491585731506348,-44.999969482421875,0.0,-2.8209202,-2.642693042755127,3.0236854553222656,-0.3796987533569336,-0.42990416288375854,3.0474325055738687,-0.12492092994602154,3.11112380027771,-0.5992822647094727,-0.9647436141967773,-0.5992822647094727,-0.9647436141967773,-0.4000000059604645,13.515236854553223,-0.4000000059604645,2.766310453414917,0.0,538.0452632904168,-0.125,-2.25,2.25
17.46,79.69526672363281,79.69526672363281,-0.09203137457370758,-0.09203137457370758,0.054149329662323,0.054149329662323,14.434815406799316,-45.022010803222656,0.0,-2.8286119,-2.6513006687164307,3.015955686569214,-0.3733421862125397,-0.43083909153938293,3.038975664817857,-0.12316246372305395,3.1082210540771484,-0.5728093385696411,-0.9662236571311951,-0.5728093385696411,-0.9662236571311951,-0.4000000059604645,24.276142120361328,-0.4000000059604645,13.515236854553223,0.0,540.4775619506951,-0.125,-2.25,2.25
17.48,79.75657653808594,79.75657653808594,-0.08872640132904053,-0.08872640132904053,0.054913971573114395,0.054913971573114395,14.378083229064941,-45.04360580444336,0.0,-2.8362758,-2.6599230766296387,3.0087294578552246,-0.36718282103538513,-0.43176791071891785,3.031051991409797,-0.12143865319455012,3.1058387756347656,-0.5457901954650879,-0.9683889746665955,-0.5457901954650879,-0.9683889746665955,-0.4000000059604645,35.085693359375,-0.4000000059604645,24.276142120361328,0.0,546.8965530395625,-0.125,-2.25,2.25
17.5,79.8177261352539,79.8177261352539,-0.08538546413183212,-0.08538546413183212,0.05560046434402466,0.05560046434402466,14.321322441101074,-45.06477737426758,0.0,-2.8439193,-2.6685681343078613,3.002012014389038,-0.3612236976623535,-0.43269211053848267,3.0236664323779157,-0.11975146794110436,3.1039845943450928,-0.5184059143066406,-0.9712100028991699,-0.5184059143066406,-0.9712100028991699,-0.4000000059604645,46.023624420166016,-0.4000000059604645,35.085693359375,0.0,554.3884277343868,-0.125,-2.25,2.25
17.52,79.8786849975586,79.8786849975586,-0.08201290667057037,-0.08201290667057037,0.05620868504047394,0.05620868504047394,14.264562606811523,-45.08546829223633,0.0,-2.8515391,-2.6772286891937256,2.9958105087280273,-0.3554670512676239,-0.43361321091651917,3.016825720644496,-0.118102530830679,3.1026980876922607,-0.4906970262527466,-0.9746567606925964,-0.4906970262527466,-0.9746567606925964,-0.4000000059604645,57.111392974853516,-0.4000000059604645,46.023624420166016,0.0,561.4797592163205,-0.125,-2.25,2.25
17.54,79.93949127197266,79.93949127197266,-0.07861302047967911,-0.07861302047967911,0.056738853454589844,0.056738853454589844,14.207771301269531,-45.105709075927734,0.0,-2.8591397,-2.685908794403076,2.9901347160339355,-0.3499142825603485,-0.4345322549343109,3.0105390921180657,-0.1164930775748894,3.1020092964172363,-0.462618350982666,-0.9786990880966187,-0.462618350982666,-0.9786990880966187,-0.4000000059604645,68.34098815917969,-0.4000000059604645,57.111392974853516,0.0,568.657684326184,-0.125,-2.25,2.25
17.56,80.00013732910156,80.00013732910156,-0.0751899853348732,-0.0751899853348732,0.05719134956598282,0.05719134956598282,14.150965690612793,-45.125518798828125,0.0,-2.8667207,-2.694606065750122,2.9849956035614014,-0.34456613659858704,-0.43545040488243103,3.004816895548108,-0.11492406943979254,3.101935863494873,-0.4341168999671936,-0.9833071827888489,-0.4341168999671936,-0.9833071827888489,-0.4000000059604645,79.71414184570312,-0.4000000059604645,68.34098815917969,0.0,581.1439514159248,-0.125,-2.25,2.25
17.580000000000002,80.06065368652344,80.06065368652344,-0.07174792140722275,-0.07174792140722275,0.057567037642002106,0.057567037642002106,14.094123840332031,-45.14490509033203,0.0,-2.8742855,-2.703322172164917,2.9804046154022217,-0.3394227623939514,-0.4363686442375183,2.9996698956955257,-0.1133962368925721,3.102494716644287,-0.40515780448913574,-0.9884524345397949,-0.40515780448913574,-0.9884524345397949,-0.4000000059604645,91.33702087402344,-0.4000000059604645,79.71414184570312,0.0,596.1143493652471,-0.125,-2.25,2.25
17.6,80.12104034423828,80.12104034423828,-0.0682908222079277,-0.0682908222079277,0.05786680057644844,0.05786680057644844,14.03724193572998,-45.16386032104492,0.0,-2.8818336,-2.7120566368103027,2.976374626159668,-0.33448392152786255,-0.4372881352901459,2.9951102498919404,-0.11191010926407742,3.1037399768829346,-0.3756623864173889,-0.9941076636314392,-0.3756623864173889,-0.9941076636314392,-0.4000000059604645,103.25930786132812,-0.4000000059604645,91.33702087402344,0.0,609.423828125013,-0.125,-2.25,2.25
17.62,80.18131256103516,80.18131256103516,-0.06482257694005966,-0.06482257694005966,0.058092016726732254,0.058092016726732254,13.980287551879883,-45.18232345581055,0.0,-2.889368,-2.7208101749420166,2.972923755645752,-0.3297489881515503,-0.4382101893424988,2.9911553039034624,-0.11046587323754456,3.1057238578796387,-0.3454957902431488,-1.0002470016479492,-0.3454957902431488,-1.0002470016479492,-0.4000000059604645,115.44778442382812,-0.4000000059604645,103.25930786132812,0.0,621.4653015136852,-0.125,-2.25,2.25
17.64,80.2414779663086,80.2414779663086,-0.06134693697094917,-0.06134693697094917,0.058244191110134125,0.058244191110134125,13.923282623291016,-45.20035934448242,0.0,-2.8968887,-2.729581117630005,2.970071315765381,-0.3252168595790863,-0.439136266708374,2.9878235601331586,-0.10906349822013015,3.1084671020507812,-0.31455451250076294,-1.0068469047546387,-0.31455451250076294,-1.0068469047546387,-0.4000000059604645,127.87709045410156,-0.4000000059604645,115.44778442382812,0.0,632.821655273451,-0.125,-2.25,2.25
17.66,80.30155944824219,80.30155944824219,-0.05786751210689545,-0.05786751210689545,0.05832478404045105,0.05832478404045105,13.866203308105469,-45.21796798706055,0.0,-2.9043987,-2.738370895385742,2.9678354263305664,-0.3208865821361542,-0.44006800651550293,2.9851323783674584,-0.10770302942697625,3.1119823455810547,-0.2828066051006317,-1.0138869285583496,-0.2828066051006317,-1.0138869285583496,-0.4000000059604645,140.5335235595703,-0.4000000059604645,127.87709045410156,0.0,643.7980651855606,-0.125,-2.25,2.25
17.68,80.36156463623047,80.36156463623047,-0.05438779294490814,-0.05438779294490814,0.0583353266119957,0.0583353266119957,13.809042930603027,-45.23514938354492,0.0,-2.9118996,-2.7471797466278076,2.966233491897583,-0.3167571723461151,-0.4410073161125183,2.983098428595281,-0.10638450645950692,3.116281509399414,-0.2502639889717102,-1.0213499069213867,-0.2502639889717102,-1.0213499069213867,-0.4000000059604645,153.40948486328125,-0.4000000059604645,140.5335235595703,0.0,654.3426513672015,-0.125,-2.25,2.25
17.7,80.4215087890625,80.4215087890625,-0.05091114342212677,-0.05091114342212677,0.05827729031443596,0.05827729031443596,13.751789093017578,-45.25190353393555,0.0,-2.9193919,-2.756007194519043,2.9652819633483887,-0.31282785534858704,-0.4419562816619873,2.9817374782568082,-0.10510804714023753,3.121380090713501,-0.2169559746980667,-1.0292221307754517,-0.2169559746980667,-1.0292221307754517,-0.4000000059604645,166.496337890625,-0.4000000059604645,153.40948486328125,0.0,664.4317626953267,-0.125,-2.25,2.25
17.72,80.48140716552734,80.48140716552734,-0.047440823167562485,-0.047440823167562485,0.058152053505182266,0.058152053505182266,13.694422721862793,-45.268165588378906,0.0,-2.9268796,-2.7648539543151855,2.964996814727783,-0.3090977072715759,-0.44291722774505615,2.981064827202932,-0.10387370735003726,3.1272919178009033,-0.1829129308462143,-1.0374921560287476,-0.1829129308462143,-1.0374921560287476,-0.4000000059604645,179.78497314453125,-0.4000000059604645,166.496337890625,0.0,684.2170715330961,-0.125,-2.25,2.25
17.740000000000002,80.54126739501953,80.54126739501953,-0.04397999122738838,-0.04397999122738838,0.0579611212015152,0.0579611212015152,13.636946678161621,-45.28400421142578,0.0,-2.9343622,-2.773719310760498,2.965392827987671,-0.30556583404541016,-0.4438924193382263,2.981094614938711,-0.1026815618210373,3.1340320110321045,-0.14816483855247498,-1.0461502075195312,-0.14816483855247498,-1.0461502075195312,-0.4000000059604645,193.4693145751953,-0.4000000059604645,179.78497314453125,0.0,703.3332824707181,-0.125,-2.25,2.25
17.76,80.60111999511719,80.60111999511719,-0.040531691163778305,-0.040531691163778305,0.057706207036972046,0.057706207036972046,13.57933521270752,-45.29941177368164,0.0,-2.941844,-2.782606601715088,2.96648907661438,-0.30223098397254944,-0.4448843002319336,2.9818452356461176,-0.10153138388775265,3.1416893005371094,-0.1126294881105423,-1.0551880598068237,-0.1126294881105423,-1.0551880598068237,-0.4000000059604645,207.53598022460938,-0.4000000059604645,193.4693145751953,0.0,721.6560363769685,-0.125,-2.25,2.25
17.78,80.66097259521484,80.66097259521484,-0.03709884360432625,-0.03709884360432625,0.05738944560289383,0.05738944560289383,13.52158260345459,-45.31439208984375,0.0,-2.949325,-2.791513681411743,2.968308925628662,-0.2990914285182953,-0.4458951950073242,2.9833393304449793,-0.10042261216836353,3.1503093242645264,-0.07615221291780472,-1.064597249031067,-0.07615221291780472,-1.064597249031067,-0.4000000059604645,221.96910095214844,-0.4000000059604645,207.53598022460938,0.0,734.4192504882969,-0.125,-2.25,2.25
17.8,80.7208251953125,80.7208251953125,-0.03368423134088516,-0.03368423134088516,0.057012997567653656,0.057012997567653656,13.463700294494629,-45.32893753051758,0.0,-2.9568067,-2.8004391193389893,2.970876932144165,-0.2961454391479492,-0.44692742824554443,2.985600754802031,-0.09935461925926935,3.159921884536743,-0.03863436356186867,-1.0743719339370728,-0.03863436356186867,-1.0743719339370728,-0.4000000059604645,236.65748596191406,-0.4000000059604645,221.96910095214844,0.0,745.2468872070472,-0.125,-2.25,2.25
17.82,80.78070831298828,80.78070831298828,-0.030290512368083,-0.030290512368083,0.05657883733510971,0.05657883733510971,13.40563678741455,-45.34299087524414,0.0,-2.9642923,-2.8093864917755127,2.974215030670166,-0.29339146614074707,-0.4479833245277405,2.9886507994525813,-0.09832689726719651,3.1705141067504883,-9.159639739664271e-05,-1.0845093727111816,-9.159639739664271e-05,-1.0845093727111816,-0.4000000059604645,251.5624237060547,-0.4000000059604645,236.65748596191406,0.0,755.168914794938,-0.125,-2.25,2.25
17.84,80.84062957763672,80.84062957763672,-0.026920227333903313,-0.026920227333903313,0.05608881264925003,0.05608881264925003,13.347407341003418,-45.35660934448242,0.0,-2.9717824,-2.818354368209839,2.978341817855835,-0.29082852602005005,-0.4490654170513153,2.992507513029131,-0.09733920325751358,3.182082414627075,0.03936702013015747,-1.0950108766555786,0.03936702013015747,-1.0950108766555786,-0.4000000059604645,266.6658020019531,-0.4000000059604645,251.5624237060547,0.0,764.1677856445475,-0.125,-2.25,2.25
17.86,80.9006118774414,80.9006118774414,-0.023575834929943085,-0.023575834929943085,0.05554446578025818,0.05554446578025818,13.288990020751953,-45.369789123535156,0.0,-2.9792802,-2.8273444175720215,2.9832723140716553,-0.28845593333244324,-0.4501762390136719,2.997185433933166,-0.09639146911417334,3.1946330070495605,0.07962489873170853,-1.1058804988861084,0.07962489873170853,-1.1058804988861084,-0.4000000059604645,281.94915771484375,-0.4000000059604645,266.6658020019531,0.0,773.3230590820477,-0.125,-2.25,2.25
17.88,80.9606704711914,80.9606704711914,-0.020259719341993332,-0.020259719341993332,0.054947417229413986,0.054947417229413986,13.23037052154541,-45.38253402709961,0.0,-2.986787,-2.8363571166992188,2.989020824432373,-0.2862730324268341,-0.45131829380989075,3.0026984094286324,-0.0954836130991379,3.2081737518310547,0.12058425694704056,-1.1171237230300903,0.12058425694704056,-1.1171237230300903,-0.4000000059604645,297.4156188964844,-0.4000000059604645,281.94915771484375,0.0,781.7016601561278,-0.125,-2.25,2.25
17.900000000000002,81.02082061767578,81.02082061767578,-0.016974205151200294,-0.016974205151200294,0.0542992502450943,0.0542992502450943,13.171545028686523,-45.39483642578125,0.0,-2.9943063,-2.8453915119171143,2.9956002235412598,-0.2842791676521301,-0.45249393582344055,3.0090588801885274,-0.0946155498303648,3.2227213382720947,0.16217570006847382,-1.1287468671798706,0.16217570006847382,-1.1287468671798706,-0.4000000059604645,313.0496520996094,-0.4000000059604645,297.4156188964844,0.0,789.0213012695481,-0.125,-2.25,2.25
17.92,81.08109283447266,81.08109283447266,-0.013721545226871967,-0.013721545226871967,0.053601667284965515,0.053601667284965515,13.112465858459473,-45.40663528442383,0.0,-3.0018399,-2.8544516563415527,3.003023147583008,-0.28247353434562683,-0.45370540022850037,3.0162790524958174,-0.09378710057271385,3.238288640975952,0.20435209572315216,-1.140756368637085,0.20435209572315216,-1.140756368637085,-0.4000000059604645,328.830078125,-0.4000000059604645,313.0496520996094,0.0,795.2636718750169,-0.125,-2.25,2.25
17.94,81.14149475097656,81.14149475097656,-0.010503941215574741,-0.010503941215574741,0.05285630375146866,0.05285630375146866,13.053145408630371,-45.41798400878906,0.0,-3.0093904,-2.863536834716797,3.0113015174865723,-0.280855268239975,-0.4549545645713806,3.0243704321585807,-0.09299803684148786,3.2548837661743164,0.24706582725048065,-1.1531593799591064,0.24706582725048065,-1.1531593799591064,-0.4000000059604645,344.7353515625,-0.4000000059604645,328.830078125,0.0,800.3768920898608,-0.125,-2.25,2.25
17.96,81.20204162597656,81.20204162597656,-0.007323536090552807,-0.007323536090552807,0.0520649179816246,0.0520649179816246,12.993575096130371,-45.42888641357422,0.0,-3.016959,-2.872645854949951,3.0204460620880127,-0.27942341566085815,-0.4562431573867798,3.033343346738474,-0.09224808386920842,3.2725131511688232,0.29026156663894653,-1.1659635305404663,0.29026156663894653,-1.1659635305404663,-0.4000000059604645,360.7428894042969,-0.4000000059604645,344.7353515625,0.0,804.3518066406422,-0.125,-2.25,2.25
17.98,81.26274871826172,81.26274871826172,-0.004182425793260336,-0.004182425793260336,0.05122920125722885,0.05122920125722885,12.933733940124512,-45.4393310546875,0.0,-3.0245476,-2.8817813396453857,3.030465602874756,-0.27817705273628235,-0.4575726091861725,3.0432062438941108,-0.09153697962601173,3.2911815643310547,0.33388039469718933,-1.1791768074035645,0.33388039469718933,-1.1791768074035645,-0.4000000059604645,376.8299255371094,-0.4000000059604645,360.7428894042969,0.0,805.6488037109547,-0.125,-2.25,2.25
18.0,81.3236312866211,81.3236312866211,-0.0010826581856235862,-0.0010826581856235862,0.05035094544291496,0.05035094544291496,12.873611450195312,-45.449302673339844,0.0,-3.0321574,-2.8909428119659424,3.041368246078491,-0.2771152853965759,-0.4589442312717438,3.0539668776289934,-0.09086443656734065,3.31089186668396,0.37785813212394714,-1.1928073167800903,0.37785813212394714,-1.1928073167800903,-0.4000000059604645,392.9429016113281,-0.4000000059604645,376.8299255371094,0.0,805.7357788086109,-0.125,-2.25,2.25
18.02,81.38472747802734,81.38472747802734,0.0019737558905035257,0.0019737558905035257,0.04943176358938217,0.04943176358938217,12.813175201416016,-45.458763122558594,0.0,-3.0397947,-2.900132656097412,3.053159713745117,-0.2762371897697449,-0.4603591561317444,3.0656306402839943,-0.09023017077349851,3.3316335678100586,0.4221113324165344,-1.2068639993667603,0.4221113324165344,-1.2068639993667603,-0.4000000059604645,409.0576171875,-0.4000000059604645,392.9429016113281,0.0,804.6447753906422,-0.125,-2.25,2.25
18.04,81.44603729248047,81.44603729248047,0.004984837491065264,0.004984837491065264,0.048473455011844635,0.048473455011844635,12.752424240112305,-45.467750549316406,0.0,-3.047458,-2.909351348876953,3.0658438205718994,-0.27554187178611755,-0.46181821823120117,3.078201042044898,-0.08963390486656152,3.3534014225006104,0.4665427803993225,-1.22135591506958,0.4665427803993225,-1.22135591506958,-0.4000000059604645,425.1505126953125,-0.4000000059604645,409.0576171875,0.0,802.3513793945483,-0.125,-2.25,2.25
18.06,81.5075912475586,81.5075912475586,0.007948637008666992,0.007948637008666992,0.04747757315635681,0.04747757315635681,12.69134521484375,-45.47626495361328,0.0,-3.0551524,-2.9185996055603027,3.0794219970703125,-0.2750284969806671,-0.46332216262817383,3.091679237921029,-0.08907538964156189,3.376190185546875,0.511061429977417,-1.2362923622131348,0.511061429977417,-1.2362923622131348,-0.4000000059604645,441.1975402832031,-0.4000000059604645,425.1505126953125,0.0,800.7293701170623,-0.125,-2.25,2.25
18.080000000000002,81.56939697265625,81.56939697265625,0.010863224044442177,0.010863224044442177,0.04644594341516495,0.04644594341516495,12.62992000579834,-45.48429870605469,0.0,-3.0628784,-2.9278781414031982,3.093895435333252,-0.27469608187675476,-0.46487152576446533,3.1060661458144083,-0.08855427381171413,3.399994134902954,0.5555849075317383,-1.251681923866272,0.5555849075317383,-1.251681923866272,-0.4000000059604645,457.2121276855469,-0.4000000059604645,441.1975402832031,0.0,803.6148071289234,-0.125,-2.25,2.25
18.1,81.63147735595703,81.63147735595703,0.013726690784096718,0.013726690784096718,0.04538024216890335,0.04538024216890335,12.568129539489746,-45.49177932739258,0.0,-3.0706384,-2.937187910079956,3.1092634201049805,-0.2745436131954193,-0.46646663546562195,3.121360794773542,-0.08807019197222395,3.4248199462890625,0.6000560522079468,-1.2675328254699707,0.6000560522079468,-1.2675328254699707,-0.4000000059604645,473.284423828125,-0.4000000059604645,457.2121276855469,0.0,805.1712036132984,-0.125,-2.25,2.25
18.12,81.69385528564453,81.69385528564453,0.016537155956029892,0.016537155956029892,0.044282540678977966,0.044282540678977966,12.505959510803223,-45.49876022338867,0.0,-3.0784352,-2.946530818939209,3.125527858734131,-0.2745697796344757,-0.4681076407432556,3.137564813611296,-0.08762255301110095,3.4507079124450684,0.6444987654685974,-1.2838516235351562,0.6444987654685974,-1.2838516235351562,-0.4000000059604645,489.3878479003906,-0.4000000059604645,473.284423828125,0.0,805.3604125976734,-0.125,-2.25,2.25
18.14,81.75654602050781,81.75654602050781,0.019292782992124557,0.019292782992124557,0.04315505176782608,0.04315505176782608,12.443402290344238,-45.5052375793457,0.0,-3.0862715,-2.955906867980957,3.1426923274993896,-0.2747727334499359,-0.4697944223880768,3.154681460999047,-0.08721050012304551,3.4776692390441895,0.6889706254005432,-1.300643801689148,0.6889706254005432,-1.300643801689148,-0.4000000059604645,505.49505615234375,-0.4000000059604645,489.3878479003906,0.0,804.1687011718922,-0.125,-2.25,2.25
18.16,81.81956481933594,81.81956481933594,0.02199179120361805,0.02199179120361805,0.041999995708465576,0.041999995708465576,12.380449295043945,-45.51120376586914,0.0,-3.094149,-2.965315818786621,3.160759925842285,-0.2751506268978119,-0.4715266823768616,3.172713535176598,-0.08683314792463583,3.505704641342163,0.733488917350769,-1.3179138898849487,0.733488917350769,-1.3179138898849487,-0.4000000059604645,521.5784301757812,-0.4000000059604645,505.49505615234375,0.0,794.9249267578294,-0.125,-2.25,2.25
18.18,81.88292694091797,81.88292694091797,0.024632450193166733,0.024632450193166733,0.04081965982913971,0.04081965982913971,12.317076683044434,-45.516578674316406,0.0,-3.1020694,-2.974760055541992,3.179732322692871,-0.27570176124572754,-0.4733039438724518,3.1916624359621424,-0.08648965746616176,3.534808397293091,0.7780281901359558,-1.335667610168457,0.7780281901359558,-1.335667610168457,-0.4000000059604645,537.4769287109375,-0.4000000059604645,521.5784301757812,0.0,763.2537841797038,-0.125,-2.25,2.25
18.2,81.94667053222656,81.94667053222656,0.027213074266910553,0.027213074266910553,0.039616189897060394,0.039616189897060394,12.253254890441895,-45.521419525146484,0.0,-3.1100378,-2.9842424392700195,3.1996076107025146,-0.27642467617988586,-0.47512564063072205,3.2115260335339975,-0.08617932158607336,3.564922571182251,0.8224624991416931,-1.3539119958877563,0.8224624991416931,-1.3539119958877563,-0.4000000059604645,552.7420043945312,-0.4000000059604645,537.4769287109375,0.0,731.5399169922031,-0.125,-2.25,2.25
18.22,82.01079559326172,82.01079559326172,0.029732011258602142,0.029732011258602142,0.03839104622602463,0.03839104622602463,12.188996315002441,-45.52573013305664,0.0,-3.1180534,-2.993760347366333,3.2203707695007324,-0.2773190140724182,-0.4769911468029022,3.2322892396289102,-0.0859020809243716,3.595855474472046,0.8663735389709473,-1.372658133506775,0.8663735389709473,-1.372658133506775,-0.4000000059604645,567.372802734375,-0.4000000059604645,552.7420043945312,0.0,699.8718261717656,-0.125,-2.25,2.25
18.240000000000002,82.0753173828125,82.0753173828125,0.0321875661611557,0.0321875661611557,0.03714493662118912,0.03714493662118912,12.124285697937012,-45.529457092285156,0.0,-3.1261187,-3.0033152103424072,3.2419917583465576,-0.2783855199813843,-0.47890007495880127,3.253922104003461,-0.0856585498296048,3.6275174617767334,0.9092222452163696,-1.391921043395996,0.9092222452163696,-1.391921043395996,-0.4000000059604645,581.3702392578125,-0.4000000059604645,567.372802734375,0.0,668.2830810547017,-0.125,-2.25,2.25
18.26,82.1402587890625,82.1402587890625,0.034577976912260056,0.034577976912260056,0.03587852418422699,0.03587852418422699,12.059104919433594,-45.53256607055664,0.0,-3.1342356,-3.012908458709717,3.264437198638916,-0.2796250581741333,-0.480852335691452,3.276391368108575,-0.08544938676808976,3.6598567962646484,0.9506312012672424,-1.4117133617401123,0.9506312012672424,-1.4117133617401123,-0.4000000059604645,594.7359008789062,-0.4000000059604645,581.3702392578125,0.0,636.807250976576,-0.125,-2.25,2.25
18.28,82.20564270019531,82.20564270019531,0.03690140321850777,0.03690140321850777,0.03459259122610092,0.03459259122610092,11.993438720703125,-45.53510665893555,0.0,3.1407762,-3.0225415229797363,3.2876713275909424,-0.2810378670692444,-0.4828473925590515,3.29966135247095,-0.08527504379329459,3.6928319931030273,0.9903889298439026,-1.4320436716079712,0.9903889298439026,-1.4320436716079712,-0.4000000059604645,607.4720458984375,-0.4000000059604645,594.7359008789062,0.0,605.505371093763,-0.125,-2.25,2.25
18.3,82.27147674560547,82.27147674560547,0.03915594890713692,0.03915594890713692,0.033288195729255676,0.033288195729255676,11.927282333374023,-45.53706741333008,0.0,3.132547,-3.032214403152466,3.311659336090088,-0.2826232314109802,-0.48488423228263855,3.3236972559554556,-0.08513559167818598,3.726405382156372,1.0283937454223633,-1.4529147148132324,1.0283937454223633,-1.4529147148132324,-0.4000000059604645,619.5821533203125,-0.4000000059604645,607.4720458984375,0.0,574.4110107421998,-0.125,-2.25,2.25
18.32,82.33778381347656,82.33778381347656,0.0413396880030632,0.0413396880030632,0.031966641545295715,0.031966641545295715,11.860617637634277,-45.53833770751953,0.0,3.1242583,-3.0419294834136963,3.3363664150238037,-0.28437966108322144,-0.48696109652519226,3.3484642221377543,-0.08503081422396336,3.7605392932891846,1.0646052360534668,-1.4743242263793945,1.0646052360534668,-1.4743242263793945,-0.4000000059604645,631.0703735351562,-0.4000000059604645,619.5821533203125,0.0,543.5241699218866,-0.125,-2.25,2.25
18.34,82.40457153320312,82.40457153320312,0.04345068335533142,0.04345068335533142,0.030629485845565796,0.030629485845565796,11.793448448181152,-45.53900909423828,0.0,3.11591,-3.0516855716705322,3.3617587089538574,-0.28630489110946655,-0.48907575011253357,3.3739282902723806,-0.08496019854053456,3.795196771621704,1.0990142822265625,-1.4962658882141113,1.0990142822265625,-1.4962658882141113,-0.4000000059604645,641.9408569335938,-0.4000000059604645,631.0703735351562,0.0,512.9241943359484,-0.125,-2.25,2.25
18.36,82.47185516357422,82.47185516357422,0.045486997812986374,0.045486997812986374,0.029278365895152092,0.029278365895152092,11.725757598876953,-45.5390510559082,0.0,3.1074994,-3.0614845752716064,3.3878021240234375,-0.28839632868766785,-0.4912256598472595,3.4000552457185513,-0.08492311123340748,3.8303403854370117,1.1316287517547607,-1.5187301635742188,1.1316287517547607,-1.5187301635742188,-0.4000000059604645,652.1993408203125,-0.4000000059604645,641.9408569335938,0.0,482.5775146484478,-0.125,-2.25,2.25
18.38,82.5396499633789,82.5396499633789,0.04744671657681465,0.04744671657681465,0.027915075421333313,0.027915075421333313,11.657548904418945,-45.538368225097656,0.0,3.0990255,-3.0713260173797607,3.4144632816314697,-0.29065075516700745,-0.4934079945087433,3.4268115447291083,-0.0849186972243977,3.865933418273926,1.1624630689620972,-1.5417048931121826,1.1624630689620972,-1.5417048931121826,-0.4000000059604645,661.8508911132812,-0.4000000059604645,652.1993408203125,0.0,442.2668457030559,-0.125,-2.25,2.25
18.400000000000002,82.60796356201172,82.60796356201172,0.04932796210050583,0.04932796210050583,0.026541493833065033,0.026541493833065033,11.588807106018066,-45.53703308105469,0.0,3.0904858,-3.081211805343628,3.441709280014038,-0.2930648624897003,-0.49561989307403564,3.4541641220070676,-0.08494605357414965,3.90193772315979,1.1915359497070312,-1.5651764869689941,1.1915359497070312,-1.5651764869689941,-0.4000000059604645,670.6962280273438,-0.4000000059604645,661.8508911132812,0.0,398.43750000000847,-0.125,-2.25,2.25
18.42,82.67681884765625,82.67681884765625,0.05112889036536217,0.05112889036536217,0.025159388780593872,0.025159388780593872,11.519527435302734,-45.535003662109375,0.0,3.0818791,-3.091142416000366,3.4695043563842773,-0.29563525319099426,-0.49785831570625305,3.482077064325082,-0.08500431735661974,3.9382379055023193,1.2187596559524536,-1.5891306400299072,1.2187596559524536,-1.5891306400299072,-0.4000000059604645,678.6649780273438,-0.4000000059604645,670.6962280273438,0.0,356.5307617187576,-0.125,-2.25,2.25
18.44,82.74620819091797,82.74620819091797,0.052847690880298615,0.052847690880298615,0.023770183324813843,0.023770183324813843,11.44972038269043,-45.5322265625,0.0,3.0732055,-3.10111665725708,3.49780535697937,-0.2983591556549072,-0.5001204609870911,3.5105071572461846,-0.08509298151867935,3.974729537963867,1.2439309358596802,-1.613554835319519,1.2439309358596802,-1.613554835319519,-0.4000000059604645,685.7955932617188,-0.4000000059604645,678.6649780273438,0.0,316.53442382813176,-0.125,-2.25,2.25
18.46,82.81616973876953,82.81616973876953,0.05448257923126221,0.05448257923126221,0.022375063970685005,0.022375063970685005,11.379353523254395,-45.528770446777344,0.0,3.0644608,-3.111138343811035,3.52656626701355,-0.30123400688171387,-0.5024039149284363,3.5394083633483007,-0.08521165959843069,4.011351108551025,1.2668782472610474,-1.638436198234558,1.2668782472610474,-1.638436198234558,-0.4000000059604645,692.1262817382812,-0.4000000059604645,685.7955932617188,0.0,278.4393310546934,-0.125,-2.25,2.25
18.48,82.88670349121094,82.88670349121094,0.056031759828329086,0.056031759828329086,0.02097529172897339,0.02097529172897339,11.308446884155273,-45.52450180053711,0.0,3.0556436,-3.121206521987915,3.555741786956787,-0.30425700545310974,-0.5047061443328857,3.5687353475535195,-0.08535987546700949,4.048057556152344,1.2875326871871948,-1.663759708404541,1.2875326871871948,-1.663759708404541,-0.4000000059604645,697.695068359375,-0.4000000059604645,692.1262817382812,0.0,242.15698242188017,-0.125,-2.25,2.25
18.5,82.95780944824219,82.95780944824219,0.057493485510349274,0.057493485510349274,0.01957222819328308,0.01957222819328308,11.236997604370117,-45.519500732421875,0.0,3.0467553,-3.1313207149505615,3.5852880477905273,-0.3074248731136322,-0.5070248246192932,3.5984441691151114,-0.08553698815961559,4.084811210632324,1.3059042692184448,-1.689507246017456,1.3059042692184448,-1.689507246017456,-0.4000000059604645,702.5382080078125,-0.4000000059604645,697.695068359375,0.0,207.65991210937943,-0.125,-2.25,2.25
18.52,83.02948760986328,83.02948760986328,0.058866046369075775,0.058866046369075775,0.01816738396883011,0.01816738396883011,11.165019035339355,-45.51371383666992,0.0,3.0377955,-3.141479969024658,3.615163803100586,-0.31073373556137085,-0.509357213973999,3.6284934584017945,-0.08574214162889639,4.121578693389893,1.3220566511154175,-1.7156575918197632,1.3220566511154175,-1.7156575918197632,-0.4000000059604645,706.69140625,-0.4000000059604645,702.5382080078125,0.0,174.89013671875372,-0.125,-2.25,2.25
18.54,83.10174560546875,83.10174560546875,0.060147784650325775,0.060147784650325775,0.016762353479862213,0.016762353479862213,11.092513084411621,-45.507102966308594,0.0,3.0287633,3.131500005722046,3.645329713821411,-0.31417936086654663,-0.5117003321647644,3.658843723536686,-0.08597435861938613,4.158326148986816,1.3360772132873535,-1.742187261581421,1.3360772132873535,-1.742187261581421,-0.4000000059604645,710.189208984375,-0.4000000059604645,706.69140625,0.0,143.75305175781557,-0.125,-2.25,2.25
18.56,83.17460632324219,83.17460632324219,0.06133713945746422,0.06133713945746422,0.015358813107013702,0.015358813107013702,11.019460678100586,-45.49971389770508,0.0,3.0196557,3.1212470531463623,3.675748825073242,-0.31775709986686707,-0.5140511989593506,3.6894578191847,-0.08623252165193201,4.195024490356445,1.34806489944458,-1.7690706253051758,1.34806489944458,-1.7690706253051758,-0.4000000059604645,713.0642700195312,-0.4000000059604645,710.189208984375,0.0,114.23034667966964,-0.125,-2.25,2.25
18.580000000000002,83.2480697631836,83.2480697631836,0.06243263557553291,0.06243263557553291,0.013958536088466644,0.013958536088466644,10.945884704589844,-45.491432189941406,0.0,3.010473,3.1109461784362793,3.706385374069214,-0.3214620351791382,-0.516406774520874,3.7202997703378284,-0.08651544909598172,4.231644630432129,1.3581223487854004,-1.796281337738037,1.3581223487854004,-1.796281337738037,-0.4000000059604645,715.348876953125,-0.4000000059604645,713.0642700195312,0.0,86.23352050781433,-0.125,-2.25,2.25
18.6,83.32213592529297,83.32213592529297,0.06343289464712143,0.06343289464712143,0.012563280761241913,0.012563280761241913,10.871784210205078,-45.48235321044922,0.0,3.0012143,3.1005992889404297,3.7372074127197266,-0.325289249420166,-0.5187639594078064,3.7513374070424015,-0.08682191120030701,4.268158435821533,1.3663488626480103,-1.8237923383712769,1.3663488626480103,-1.8237923383712769,-0.4000000059604645,717.0735473632812,-0.4000000059604645,715.348876953125,0.0,60.03112792968878,-0.125,-2.25,2.25
18.62,83.39681243896484,83.39681243896484,0.06433666497468948,0.06433666497468948,0.011174769140779972,0.011174769140779972,10.797179222106934,-45.47233581542969,0.0,2.9918802,3.090205669403076,3.7681827545166016,-0.32923370599746704,-0.5211198329925537,3.7825383150209,-0.08715069525103507,4.304541110992432,1.3728374242782593,-1.8515764474868774,1.3728374242782593,-1.8515764474868774,-0.4000000059604645,718.274169921875,-0.4000000059604645,717.0735473632812,0.0,35.39123535156325,-0.125,-2.25,2.25
18.64,83.47209930419922,83.47209930419922,0.06514281034469604,0.06514281034469604,0.009794705547392368,0.009794705547392368,10.722054481506348,-45.461490631103516,0.0,2.9824696,3.0797641277313232,3.7992820739746094,-0.3332904279232025,-0.5234715938568115,3.813872937968705,-0.0875005831851117,4.340771198272705,1.3776861429214478,-1.8796061277389526,1.3776861429214478,-1.8796061277389526,-0.4000000059604645,718.9819946289062,-0.4000000059604645,718.274169921875,0.0,12.011718750000256,-0.125,-2.25,2.25
18.66,83.54800415039062,83.54800415039062,0.06585031002759933,0.06585031002759933,0.00842486321926117,0.00842486321926117,10.646448135375977,-45.449668884277344,0.0,2.9729812,3.0692763328552246,3.830477714538574,-0.33745425939559937,-0.5258167386054993,3.845313368083399,-0.08787031817356938,4.376828193664551,1.3809891939163208,-1.9078549146652222,1.3809891939163208,-1.9078549146652222,-0.4000000059604645,719.2222290039062,-0.4000000059604645,718.9819946289062,0.0,-10.186767578125217,-0.125,-2.25,2.25
18.68,83.6245346069336,83.6245346069336,0.06645828485488892,0.06645828485488892,0.007066868245601654,0.007066868245601654,10.570328712463379,-45.43698501586914,0.0,2.9634151,3.0587401390075684,3.861743688583374,-0.3417202830314636,-0.5281526446342468,3.8768333815304246,-0.08825871451241203,4.412692070007324,1.3828364610671997,-1.9362961053848267,1.3828364610671997,-1.9362961053848267,-0.4000000059604645,719.0184936523438,-0.4000000059604645,719.2222290039062,0.0,-31.228637695313164,-0.125,-2.25,2.25
18.7,83.7016830444336,83.7016830444336,0.06696602702140808,0.06696602702140808,0.005722403526306152,0.005722403526306152,10.49375057220459,-45.423301696777344,0.0,2.953771,3.0481581687927246,3.8930552005767822,-0.34608352184295654,-0.5304771065711975,3.908407936593768,-0.08866459039545914,4.4483418464660645,1.3833099603652954,-1.964903712272644,1.3833099603652954,-1.964903712272644,-0.4000000059604645,718.3939208984375,-0.4000000059604645,719.0184936523438,0.0,-51.181030273438594,-0.125,-2.25,2.25
18.72,83.77944946289062,83.77944946289062,0.06737291067838669,0.06737291067838669,0.004393041133880615,0.004393041133880615,10.416702270507812,-45.40869903564453,0.0,2.9440503,3.0375301837921143,3.924388885498047,-0.35053911805152893,-0.532788097858429,3.9400134261071935,-0.08908680834878369,4.483759880065918,1.382485032081604,-1.9936529397964478,1.382485032081604,-1.9936529397964478,-0.4000000059604645,717.3703002929688,-0.4000000059604645,718.3939208984375,0.0,-70.09887695311404,-0.125,-2.25,2.25
18.740000000000002,83.85784149169922,83.85784149169922,0.06767850369215012,0.06767850369215012,0.003080323338508606,0.003080323338508606,10.339204788208008,-45.39310073852539,0.0,2.9342515,3.0268561840057373,3.955723285675049,-0.35508236289024353,-0.535083532333374,3.9716281544559937,-0.08952427060687526,4.518927097320557,1.3804322481155396,-2.022519111633301,1.3804322481155396,-2.022519111633301,-0.4000000059604645,715.9683227539062,-0.4000000059604645,717.3703002929688,0.0,-88.03100585937688,-0.125,-2.25,2.25
18.76,83.93685913085938,83.93685913085938,0.06788250058889389,0.06788250058889389,0.0017856733174994588,0.0017856733174994588,10.261265754699707,-45.376502990722656,0.0,2.9243743,3.0161361694335938,3.987037181854248,-0.3597087264060974,-0.5373618006706238,4.003230677507975,-0.08997596232669781,4.553828239440918,1.377214789390564,-2.0514791011810303,1.377214789390564,-2.0514791011810303,-0.4000000059604645,714.2077026367188,-0.4000000059604645,715.9683227539062,0.0,-105.02929687500225,-0.125,-2.25,2.25
18.78,84.01649475097656,84.01649475097656,0.06798476725816727,0.06798476725816727,0.0005105435848236084,0.0005105435848236084,10.182900428771973,-45.35892868041992,0.0,2.91442,3.00537109375,4.018311023712158,-0.3644135892391205,-0.5396211743354797,4.034801202947772,-0.0904408507581751,4.588446140289307,1.3728960752487183,-2.080510377883911,1.3728960752487183,-2.080510377883911,-0.4000000059604645,712.1071166992188,-0.4000000059604645,714.2077026367188,0.0,-121.14868164062759,-0.125,-2.25,2.25
18.8,84.09676361083984,84.09676361083984,0.06798528879880905,0.06798528879880905,-0.0007437393651343882,-0.0007437393651343882,10.10412883758545,-45.340274810791016,0.0,2.9043863,2.994560718536377,4.049525737762451,-0.3691926598548889,-0.5418603420257568,4.066320440015918,-0.09091801443583675,4.622766494750977,1.3675321340560913,-2.109590768814087,1.3675321340560913,-2.109590768814087,-0.4000000059604645,709.6841430664062,-0.4000000059604645,712.1071166992188,0.0,-135.9161376953154,-0.125,-2.25,2.25
18.82,84.17765808105469,84.17765808105469,0.06788419187068939,0.06788419187068939,-0.0019758716225624084,-0.0019758716225624084,10.024947166442871,-45.320621490478516,0.0,2.894274,2.9837048053741455,4.080663204193115,-0.3740416169166565,-0.5440778732299805,4.0977700420156875,-0.09140654158508839,4.656774997711182,1.3611812591552734,-2.138699769973755,1.3611812591552734,-2.138699769973755,-0.4000000059604645,706.9658203125,-0.4000000059604645,709.6841430664062,0.0,-142.22717285156554,-0.125,-2.25,2.25
18.84,84.25917053222656,84.25917053222656,0.06768180429935455,0.06768180429935455,-0.0031846165657043457,-0.0031846165657043457,9.94540023803711,-45.299888610839844,0.0,2.8840857,2.972805976867676,4.11170768737793,-0.37895622849464417,-0.5462726354598999,4.129134041122623,-0.09190552655267624,4.690462112426758,1.3538986444473267,-2.1678168773651123,1.3538986444473267,-2.1678168773651123,-0.4000000059604645,704.1212768554688,-0.4000000059604645,706.9658203125,0.0,-148.37646484375315,-0.125,-2.25,2.25
18.86,84.34130859375,84.34130859375,0.06737855821847916,0.06737855821847916,-0.004368647467344999,-0.004368647467344999,9.865493774414062,-45.278076171875,0.0,2.873818,2.9618635177612305,4.142646312713623,-0.38393229246139526,-0.5484436750411987,4.160399317064942,-0.09241404358829554,4.723879814147949,1.345807671546936,-2.1969220638275146,1.345807671546936,-2.1969220638275146,-0.4000000059604645,701.1537475585938,-0.4000000059604645,704.1212768554688,0.0,-154.3823242187533,-0.125,-2.25,2.25
18.88,84.424072265625,84.424072265625,0.06697506457567215,0.06697506457567215,-0.005526579916477203,-0.005526579916477203,9.785226821899414,-45.255218505859375,0.0,2.8634722,2.9508767127990723,4.1734700202941895,-0.3889651894569397,-0.550589919090271,4.191556504319565,-0.0929310187083559,4.757046222686768,1.337087869644165,-2.225994110107422,1.337087869644165,-2.225994110107422,-0.4000000059604645,698.0661010742188,-0.4000000059604645,701.1537475585938,0.007480382919310354,-160.80322265622488,-0.125,-2.25,2.25
18.900000000000002,84.50745391845703,84.50745391845703,0.0664721429347992,0.0664721429347992,-0.006656952202320099,-0.006656952202320099,9.7046480178833,-45.23121643066406,0.0,2.8530498,2.9398481845855713,4.204172611236572,-0.3940502107143402,-0.5527101159095764,4.222599070908314,-0.0934553312349331,4.789963722229004,1.3278776407241821,-2.2550125122070312,1.3278776407241821,-2.2550125122070312,-0.39985039830207825,694.8500366210938,-0.4000000059604645,698.0661010742188,0.02303719520568897,-171.44775390625367,-0.125,-2.25,2.25
18.92,84.59146118164062,84.59146118164062,0.06587120145559311,0.06587120145559311,-0.007745273411273956,-0.007745273411273956,9.623750686645508,-45.20610046386719,0.0,2.8425493,2.928776741027832,4.234776020050049,-0.39913201332092285,-0.554745078086853,4.253543734822594,-0.09397342549304664,4.822628974914551,1.31898033618927,-2.28373122215271,1.31898033618927,-2.28373122215271,-0.3993896543979645,691.4210815429688,-0.39985039830207825,694.8500366210938,0.03577321767807083,-188.140869140629,-0.125,-2.25,2.25
18.94,84.67608642578125,84.67608642578125,0.0651753768324852,0.0651753768324852,-0.008765794336795807,-0.008765794336795807,9.542555809020996,-45.179893493652344,0.0,2.8319712,2.9176669120788574,4.265326499938965,-0.40411409735679626,-0.5565875768661499,4.284427424378207,-0.0944620304147244,4.8550214767456055,1.3113919496536255,-2.311720132827759,1.3113919496536255,-2.311720132827759,-0.3986741900444031,687.6582641601562,-0.3993896543979645,691.4210815429688,0.045897066593171144,-209.56115722656696,-0.125,-2.25,2.25
18.96,84.7613296508789,84.7613296508789,0.06438977271318436,0.06438977271318436,-0.00970261637121439,-0.00970261637121439,9.461095809936523,-45.152523040771484,0.0,2.8213153,2.906522274017334,4.295842170715332,-0.40894538164138794,-0.558180034160614,4.31526317631521,-0.09490961799054601,4.88709831237793,1.3049668073654175,-2.3387506008148193,1.3049668073654175,-2.3387506008148193,-0.3977562487125397,683.467041015625,-0.3986741900444031,687.6582641601562,0.05364418029785271,-234.582519531255,-0.125,-2.25,2.25
18.98,84.8471908569336,84.8471908569336,0.06352072954177856,0.06352072954177856,-0.010547354817390442,-0.010547354817390442,9.379378318786621,-45.12399673461914,0.0,2.8105829,2.895347833633423,4.326319694519043,-0.41360771656036377,-0.5595016479492188,4.346045724837881,-0.09531299215136449,4.91880989074707,1.299116849899292,-2.3647384643554688,1.299116849899292,-2.3647384643554688,-0.39668336510658264,678.775390625,-0.3977562487125397,683.467041015625,0.05931556224823124,-262.09106445313057,-0.125,-2.25,2.25
19.0,84.93367004394531,84.93367004394531,0.06257528066635132,0.06257528066635132,-0.011296950280666351,-0.011296950280666351,9.297419548034668,-45.09434127807617,0.0,2.799773,2.884150505065918,4.356740474700928,-0.4181050956249237,-0.5605567097663879,4.376756725577147,-0.09567441473499673,4.950100421905518,1.2931673526763916,-2.389695644378662,1.2931673526763916,-2.389695644378662,-0.39549705386161804,673.5335693359375,-0.39668336510658264,678.775390625,0.06319880485534803,-291.1529541015687,-0.125,-2.25,2.25
19.02,85.02076721191406,85.02076721191406,0.06156078353524208,0.06156078353524208,-0.011951825581490993,-0.011951825581490993,9.215222358703613,-45.063541412353516,0.0,2.7888858,2.8729333877563477,4.387075424194336,-0.4224552512168884,-0.5613654851913452,4.407368740739835,-0.09599941775923591,4.9809112548828125,1.2865111827850342,-2.413693428039551,1.2865111827850342,-2.413693428039551,-0.3942330777645111,667.7105102539062,-0.39549705386161804,673.5335693359375,0.06555020809173724,-320.9747314453193,-0.125,-2.25,2.25
19.04,85.10848236083984,85.10848236083984,0.06048465892672539,0.06048465892672539,-0.012514709495007992,-0.012514709495007992,9.132830619812012,-45.031524658203125,0.0,2.777921,2.861701488494873,4.417287349700928,-0.42668336629867554,-0.5619572401046753,4.4378470258565486,-0.09629523072252974,5.0111823081970215,1.2786659002304077,-2.436833381652832,1.2786659002304077,-2.436833381652832,-0.3929220736026764,661.291015625,-0.3942330777645111,667.7105102539062,0.06783157587051536,-349.59716796875745,-0.125,-2.25,2.25
19.06,85.19681549072266,85.19681549072266,0.05935422331094742,0.05935422331094742,-0.012989587150514126,-0.012989587150514126,9.050243377685547,-44.99834442138672,0.0,2.76688,2.850459098815918,4.447335243225098,-0.4308176636695862,-0.5623648166656494,4.4681533797489275,-0.09656964941980017,5.040854454040527,1.2692800760269165,-2.45923113822937,1.2692800760269165,-2.45923113822937,-0.3915654420852661,654.299072265625,-0.3929220736026764,661.291015625,0.06942152976988661,-377.73742675775344,-0.125,-2.25,2.25
19.080000000000002,85.28575897216797,85.28575897216797,0.058176666498184204,0.058176666498184204,-0.013379044830799103,-0.013379044830799103,8.967487335205078,-44.9640007019043,0.0,2.7557619,2.8392112255096436,4.477182865142822,-0.43487823009490967,-0.5626126527786255,4.498253603670982,-0.09682836113240374,5.069881439208984,1.2582409381866455,-2.480963945388794,1.2582409381866455,-2.480963945388794,-0.39017701148986816,646.7443237304688,-0.3915654420852661,654.299072265625,0.06984025239944607,-405.75256347657114,-0.125,-2.25,2.25
19.1,85.37531280517578,85.37531280517578,0.0569591261446476,0.0569591261446476,-0.013685672543942928,-0.013685672543942928,8.884568214416504,-44.9284782409668,0.0,2.7445674,2.827958106994629,4.506791114807129,-0.43888312578201294,-0.5627227425575256,4.528110483479911,-0.09707652103754792,5.098219871520996,1.245493769645691,-2.5020999908447266,1.245493769645691,-2.5020999908447266,-0.3887802064418793,638.6292724609375,-0.39017701148986816,646.7443237304688,0.06925612688064722,-433.1695556640717,-0.125,-2.25,2.25
19.12,85.46546936035156,85.46546936035156,0.0557086244225502,0.0557086244225502,-0.01391291618347168,-0.01391291618347168,8.801525115966797,-44.891754150390625,0.0,2.7332983,2.816704034805298,4.536121368408203,-0.4428522288799286,-0.5627195239067078,4.557687480022454,-0.09731954047366134,5.125821590423584,1.2309621572494507,-2.5227155685424805,1.2309621572494507,-2.5227155685424805,-0.38739508390426636,629.9658813476562,-0.3887802064418793,638.6292724609375,0.0678271055221572,-459.6008300781348,-0.125,-2.25,2.25
19.14,85.55622100830078,85.55622100830078,0.05443201959133148,0.05443201959133148,-0.014064743183553219,-0.014064743183553219,8.718387603759766,-44.85381317138672,0.0,2.7219543,2.8054516315460205,4.565134048461914,-0.446805864572525,-0.5626281499862671,4.586947172253313,-0.09756281382021359,5.152642250061035,1.2145799398422241,-2.5428879261016846,1.2145799398422241,-2.5428879261016846,-0.38603854179382324,620.7738647460938,-0.38739508390426636,629.9658813476562,0.06570219993591449,-484.72290039063535,-0.125,-2.25,2.25
19.16,85.64757537841797,85.64757537841797,0.053135938942432404,0.053135938942432404,-0.014145462773740292,-0.014145462773740292,8.635153770446777,-44.814674377441406,0.0,2.710535,2.7942001819610596,4.593789577484131,-0.45076343417167664,-0.5624728798866272,4.615852072563426,-0.09781140681568413,5.178639888763428,1.1963077783584595,-2.562692403793335,1.1963077783584595,-2.562692403793335,-0.384724497795105,611.0794067382812,-0.38603854179382324,620.7738647460938,0.06301105022430555,-508.28552246094836,-0.125,-2.25,2.25
19.18,85.73950958251953,85.73950958251953,0.051826756447553635,0.051826756447553635,-0.014159388840198517,-0.014159388840198517,8.551863670349121,-44.77434539794922,0.0,2.699043,2.7829535007476807,4.6220502853393555,-0.4547427296638489,-0.5622764825820923,4.6443664573747565,-0.09806988371794266,5.203779220581055,1.1761404275894165,-2.5821964740753174,1.1761404275894165,-2.5821964740753174,-0.3834642767906189,600.9136962890625,-0.384724497795105,611.0794067382812,0.05985796451568731,-530.1269531250113,-0.125,-2.25,2.25
19.2,85.83201599121094,85.83201599121094,0.050510577857494354,0.050510577857494354,-0.014110884629189968,-0.014110884629189968,8.468531608581543,-44.732810974121094,0.0,2.6874795,2.7717108726501465,4.649878025054932,-0.45875951647758484,-0.5620595216751099,4.672453952886801,-0.09834228777817841,5.228029727935791,1.154107689857483,-2.6014606952667236,1.154107689857483,-2.6014606952667236,-0.3822671175003052,590.3111572265625,-0.3834642767906189,600.9136962890625,0.056359171867371806,-550.0823974609492,-0.125,-2.25,2.25
19.22,85.92509460449219,85.92509460449219,0.04919322207570076,0.04919322207570076,-0.014004118740558624,-0.014004118740558624,8.385183334350586,-44.690067291259766,0.0,2.6758451,2.760472297668457,4.677238464355469,-0.4628271758556366,-0.561840295791626,4.700081770262812,-0.09863199601451676,5.2513651847839355,1.130264163017273,-2.620535373687744,1.130264163017273,-2.620535373687744,-0.38113993406295776,579.3095092773438,-0.3822671175003052,590.3111572265625,0.05258768796919954,-568.1060791014737,-0.125,-2.25,2.25
19.240000000000002,86.01874542236328,86.01874542236328,0.04788023233413696,0.04788023233413696,-0.013843118213117123,-0.013843118213117123,8.301839828491211,-44.64611053466797,0.0,2.664138,2.749236822128296,4.704098701477051,-0.46695676445961,-0.5616344809532166,4.727218337787315,-0.09894180455683747,5.27376651763916,1.1046912670135498,-2.6394619941711426,1.1046912670135498,-2.6394619941711426,-0.3800881803035736,567.9473876953125,-0.38113993406295776,579.3095092773438,0.04862695932388409,-584.1278076172,-0.125,-2.25,2.25
19.26,86.11293029785156,86.11293029785156,0.04657687619328499,0.04657687619328499,-0.01363169401884079,-0.01363169401884079,8.2185640335083,-44.600914001464844,0.0,2.6523657,2.7380073070526123,4.730429649353027,-0.47115710377693176,-0.561455249786377,4.753835681207089,-0.09927391818339008,5.295218467712402,1.0774835348129272,-2.6582729816436768,1.0774835348129272,-2.6582729816436768,-0.37911564111709595,556.2648315429688,-0.3800881803035736,567.9473876953125,0.044545531272889134,-598.1262207031377,-0.125,-2.25,2.25
19.28,86.2076644897461,86.2076644897461,0.04528815299272537,0.04528815299272537,-0.013373494148254395,-0.013373494148254395,8.13535213470459,-44.554500579833984,0.0,2.640524,2.726780652999878,4.756202697753906,-0.475434809923172,-0.5613136887550354,4.779906103743903,-0.09963004515321669,5.315711975097656,1.0487511157989502,-2.676992416381836,1.0487511157989502,-2.676992416381836,-0.3782247304916382,544.3023071289062,-0.37911564111709595,556.2648315429688,0.04039853811264124,-610.1165771484505,-0.125,-2.25,2.25
19.3,86.30292510986328,86.30292510986328,0.04401880502700806,0.04401880502700806,-0.01307187881320715,-0.01307187881320715,8.052226066589355,-44.506866455078125,0.0,2.6286163,2.71555495262146,4.781393527984619,-0.47979432344436646,-0.5612184405326843,4.805405983084326,-0.10001134099228118,5.335240840911865,1.018614649772644,-2.69563627243042,1.018614649772644,-2.69563627243042,-0.3774167597293854,532.0999755859375,-0.3782247304916382,544.3023071289062,0.03622919321060258,-620.1354980468882,-0.125,-2.25,2.25
19.32,86.39869689941406,86.39869689941406,0.042773324996232986,0.042773324996232986,-0.012730017304420471,-0.012730017304420471,7.969238758087158,-44.45802688598633,0.0,2.6166449,2.7043333053588867,4.805980205535889,-0.4842383563518524,-0.5611761808395386,4.830313915447435,-0.10041855610136868,5.353804588317871,0.9871979355812073,-2.7142138481140137,0.9871979355812073,-2.7142138481140137,-0.37669217586517334,519.697265625,-0.3774167597293854,532.0999755859375,0.032080709934235306,-628.2287597656384,-0.125,-2.25,2.25
19.34,86.49497985839844,86.49497985839844,0.04155596345663071,0.04155596345663071,-0.012350940145552158,-0.012350940145552158,7.886390686035156,-44.407958984375,0.0,2.604609,2.6931099891662598,4.82994270324707,-0.4887681007385254,-0.5611918568611145,4.854610259634564,-0.10085210018840594,5.371406555175781,0.9546306729316711,-2.7327287197113037,0.9546306729316711,-2.7327287197113037,-0.37605056166648865,507.1326904296875,-0.37669217586517334,519.697265625,0.02914816141128602,-629.9331665039197,-0.125,-2.25,2.25
19.36,86.59175872802734,86.59175872802734,0.04037073254585266,0.04037073254585266,-0.011937372386455536,-0.011937372386455536,7.803722381591797,-44.35668182373047,0.0,2.5925117,2.6818861961364746,4.853265762329102,-0.49338310956954956,-0.5612688064575195,4.878279968657436,-0.10131196815851345,5.388052940368652,0.9210404753684998,-2.7511789798736572,0.9210404753684998,-2.7511789798736572,-0.37546759843826294,494.5340270996094,-0.37605056166648865,507.1326904296875,0.028941035270691536,-620.6848144531382,-0.125,-2.25,2.25
19.38,86.68902587890625,86.68902587890625,0.03922150656580925,0.03922150656580925,-0.011490032076835632,-0.011490032076835632,7.721258163452148,-44.30418395996094,0.0,2.5803533,2.670659303665161,4.875940322875977,-0.4980733394622803,-0.5613994002342224,4.901313199922138,-0.10179610442228193,5.403792858123779,0.8866987824440002,-2.7695200443267822,0.8866987824440002,-2.7695200443267822,-0.3748887777328491,482.1203308105469,-0.37546759843826294,494.5340270996094,0.028297305107112276,-613.2888793944354,-0.125,-2.25,2.25
19.400000000000002,86.78675079345703,86.78675079345703,0.03811229392886162,0.03811229392886162,-0.01100524514913559,-0.01100524514913559,7.639041423797607,-44.250484466552734,0.0,2.5681376,2.659430980682373,4.897974014282227,-0.5028100609779358,-0.5615549683570862,4.9237147969804855,-0.1022983935816253,5.418742656707764,0.8521532416343689,-2.7876243591308594,0.8521532416343689,-2.7876243591308594,-0.3743228316307068,469.85455322265625,-0.3748887777328491,482.1203308105469,0.027224421501160247,-606.2820434570442,-0.125,-2.25,2.25
19.42,86.88492584228516,86.88492584228516,0.03704744204878807,0.03704744204878807,-0.0104808509349823,-0.0104808509349823,7.557095527648926,-44.1955680847168,0.0,2.5558662,2.6481993198394775,4.919374942779541,-0.5075738430023193,-0.5617172122001648,4.945490980049136,-0.10281470497178799,5.432954788208008,0.8177264332771301,-2.805405378341675,0.8177264332771301,-2.805405378341675,-0.3737783432006836,457.7289123535156,-0.3743228316307068,469.85455322265625,0.02724975347518979,-591.8853759765751,-0.125,-2.25,2.25
19.44,86.98355102539062,86.98355102539062,0.036031484603881836,0.036031484603881836,-0.00991587433964014,-0.00991587433964014,7.4754438400268555,-44.13945388793945,0.0,2.5435379,2.6369645595550537,4.940151691436768,-0.5123525857925415,-0.5618757605552673,4.966649162823348,-0.10334244783778132,5.446459770202637,0.7835551500320435,-2.822810411453247,0.7835551500320435,-2.822810411453247,-0.3732333481311798,445.8912048339844,-0.3737783432006836,457.7289123535156,0.027406215667725192,-568.1610107421997,-0.125,-2.25,2.25
19.46,87.08260345458984,87.08260345458984,0.03506913781166077,0.03506913781166077,-0.009307995438575745,-0.009307995438575745,7.394112586975098,-44.08213424682617,0.0,2.5311558,2.625725507736206,4.960319519042969,-0.5171289443969727,-0.5620142817497253,4.9872028308593785,-0.10387789659716502,5.459344387054443,0.7498716711997986,-2.8397624492645264,0.7498716711997986,-2.8397624492645264,-0.3726852238178253,434.5279846191406,-0.3732333481311798,445.8912048339844,0.02097189426422164,-555.7434082031368,-0.125,-2.25,2.25
19.48,87.18207550048828,87.18207550048828,0.03416537865996361,0.03416537865996361,-0.00865500420331955,-0.00865500420331955,7.313135623931885,-44.023624420166016,0.0,2.5187223,2.614485025405884,4.979896068572998,-0.521888017654419,-0.5621194839477539,5.0071680575710715,-0.10441782340926206,5.471743106842041,0.7169355750083923,-2.8561975955963135,0.7169355750083923,-2.8561975955963135,-0.3722657859325409,423.4131164550781,-0.3726852238178253,434.5279846191406,0.013023614883423129,-546.0006713867303,-0.125,-2.25,2.25
19.5,87.28194427490234,87.28194427490234,0.03332497179508209,0.03332497179508209,-0.007965803146362305,-0.007965803146362305,7.232537746429443,-43.963932037353516,0.0,2.506239,2.6032419204711914,4.998879432678223,-0.5266672968864441,-0.5622372031211853,5.0265469284652085,-0.10496982205444551,5.483646392822266,0.6842987537384033,-2.872286558151245,0.6842987537384033,-2.872286558151245,-0.37200531363487244,412.49310302734375,-0.3722657859325409,423.4131164550781,0.005488097667694209,-535.4171752929801,-0.125,-2.25,2.25
19.52,87.38219451904297,87.38219451904297,0.032551757991313934,0.032551757991313934,-0.007250458002090454,-0.007250458002090454,7.15236234664917,-43.90306854248047,0.0,2.4937074,2.59199857711792,5.0172624588012695,-0.5315057039260864,-0.5624157190322876,5.045336549111717,-0.10554176686562051,5.495024681091309,0.6516295671463013,-2.888213634490967,0.6516295671463013,-2.888213634490967,-0.37189555168151855,401.7847595214844,-0.37200531363487244,412.49310302734375,-0.0015780329704285004,-524.0310668945424,-0.125,-2.25,2.25
19.54,87.48282623291016,87.48282623291016,0.03184866905212402,0.03184866905212402,-0.006517045199871063,-0.006517045199871063,7.072610855102539,-43.84103012084961,0.0,2.4811282,2.580749988555908,5.035043716430664,-0.5364288687705994,-0.5626881718635559,5.0635384028975645,-0.10613869874669683,5.505866527557373,0.6188501119613647,-2.9041061401367188,0.6188501119613647,-2.9041061401367188,-0.3719271123409271,391.30413818359375,-0.37189555168151855,401.7847595214844,-0.008127093315124685,-511.8682861328234,-0.125,-2.25,2.25
19.56,87.5838394165039,87.5838394165039,0.031217869371175766,0.031217869371175766,-0.005772053729742765,-0.005772053729742765,6.993311405181885,-43.77781295776367,0.0,2.4685016,2.569492816925049,5.052224159240723,-0.541451632976532,-0.5630759596824646,5.081155264904683,-0.10676344076123673,5.516172885894775,0.5860066413879395,-2.9200472831726074,0.5860066413879395,-2.9200472831726074,-0.3720896542072296,381.0667724609375,-0.3719271123409271,391.30413818359375,-0.014133751392362292,-499.00360107414076,-0.125,-2.25,2.25
19.580000000000002,87.6852035522461,87.6852035522461,0.030660931020975113,0.030660931020975113,-0.005020514130592346,-0.005020514130592346,6.914505958557129,-43.713443756103516,0.0,2.4558313,2.558227777481079,5.0688090324401855,-0.5465803742408752,-0.5635907053947449,5.098193318505341,-0.1074170533228305,5.525951862335205,0.5532053709030151,-2.9360849857330322,0.5532053709030151,-2.9360849857330322,-0.3723723292350769,371.0867004394531,-0.3720896542072296,381.0667724609375,-0.019752979278564873,-485.3897094726666,-0.125,-2.25,2.25
19.6,87.78691101074219,87.78691101074219,0.03017893247306347,0.03017893247306347,-0.004266321659088135,-0.004266321659088135,6.836212158203125,-43.647918701171875,0.0,2.4431176,2.546950578689575,5.084807395935059,-0.5518153309822083,-0.5642369389533997,5.114661906056242,-0.10809932526020502,5.53521728515625,0.5205686688423157,-2.952239990234375,0.5205686688423157,-2.952239990234375,-0.3727673888206482,361.37890625,-0.3723723292350769,371.0867004394531,-0.025586783885956355,-470.61767578126,-0.125,-2.25,2.25
19.62,87.88894653320312,87.88894653320312,0.029772568494081497,0.029772568494081497,-0.003512710565701127,-0.003512710565701127,6.758467197418213,-43.58125305175781,0.0,2.4303634,2.5356600284576416,5.100229740142822,-0.557153046131134,-0.5650149583816528,5.130571402782591,-0.10880931615237653,5.543989658355713,0.48820123076438904,-2.9685189723968506,0.48820123076438904,-2.9685189723968506,-0.3732791244983673,351.966552734375,-0.3727673888206482,361.37890625,-0.03081262111663884,-455.1788330078222,-0.125,-2.25,2.25
19.64,87.99130249023438,87.99130249023438,0.029442153871059418,0.029442153871059418,-0.0027633756399154663,-0.0027633756399154663,6.681288719177246,-43.51344299316406,0.0,2.417569,2.5243523120880127,5.115084648132324,-0.5625922679901123,-0.5659275054931641,5.145930529803258,-0.10954657647539894,5.552295207977295,0.45614689588546753,-2.984938144683838,0.45614689588546753,-2.984938144683838,-0.3738953769207001,342.86297607421875,-0.3732791244983673,351.966552734375,-0.034517049789429446,-436.8789672851656,-0.125,-2.25,2.25
19.66,88.09396362304688,88.09396362304688,0.029187634587287903,0.029187634587287903,-0.0020210742950439453,-0.0020210742950439453,6.6047043800354,-43.44450378417969,0.0,2.4047365,2.513024091720581,5.129385948181152,-0.5681273341178894,-0.5669717192649841,5.160752742882589,-0.11030971343486812,5.56016206741333,0.42450252175331116,-3.0014946460723877,0.42450252175331116,-3.0014946460723877,-0.37458571791648865,334.1253967285156,-0.3738953769207001,342.86297607421875,-0.03666579723358233,-415.90881347657137,-0.125,-2.25,2.25
19.68,88.19691467285156,88.19691467285156,0.029008734971284866,0.029008734971284866,-0.001286230981349945,-0.001286230981349945,6.5287556648254395,-43.374454498291016,0.0,2.3918672,2.501676082611084,5.143153190612793,-0.5737419128417969,-0.5681332945823669,5.175055992418045,-0.11109518734734047,5.567639350891113,0.39348387718200684,-3.0181381702423096,0.39348387718200684,-3.0181381702423096,-0.3753190338611603,325.8072204589844,-0.37458571791648865,334.1253967285156,-0.03843903541565023,-395.5383300781334,-0.125,-2.25,2.25
19.7,88.3001480102539,88.3001480102539,0.028905201703310013,0.028905201703310013,-0.0005573109374381602,-0.0005573109374381602,6.453454971313477,-43.30329513549805,0.0,2.378963,2.4903035163879395,5.156411170959473,-0.5794119238853455,-0.5693882703781128,5.188862528679687,-0.11189790422594507,5.574790954589844,0.36336904764175415,-3.0347816944122314,0.36336904764175415,-3.0347816944122314,-0.37608781456947327,317.8964538574219,-0.3753190338611603,325.8072204589844,-0.03987401723861779,-375.80718994141426,-0.125,-2.25,2.25
19.72,88.40365600585938,88.40365600585938,0.0288768969476223,0.0288768969476223,0.00016713887453079224,0.00016713887453079224,6.378829002380371,-43.23102569580078,0.0,2.366025,2.4789047241210938,5.169186592102051,-0.5851165652275085,-0.5707160234451294,5.2021967877879485,-0.11271340649521468,5.581662178039551,0.3343222737312317,-3.051351308822632,0.3343222737312317,-3.051351308822632,-0.3768852949142456,310.38031005859375,-0.37608781456947327,317.8964538574219,-0.041003525257104184,-356.7459106444755,-0.125,-2.25,2.25
19.740000000000002,88.50743103027344,88.50743103027344,0.02892380580306053,0.02892380580306053,0.0008883997797966003,0.0008883997797966003,6.304904460906982,-43.15766906738281,0.0,2.353053,2.4674792289733887,5.1815056800842285,-0.5908377766609192,-0.5720988512039185,5.215082970679828,-0.11353780759923802,5.588289737701416,0.3064262866973877,-3.0677850246429443,0.3064262866973877,-3.0677850246429443,-0.3777053654193878,303.2453918457031,-0.3768852949142456,310.38031005859375,-0.038625299930573335,-331.7092895507883,-0.125,-2.25,2.25
19.76,88.61145782470703,88.61145782470703,0.02904602140188217,0.02904602140188217,0.0016076192259788513,0.0016076192259788513,6.2317023277282715,-43.08322525024414,0.0,2.3400497,2.4560251235961914,5.193393707275391,-0.5965601801872253,-0.5735214948654175,5.2275445715319,-0.1143677800195201,5.594703197479248,0.27971139550209045,-3.084030866622925,0.27971139550209045,-3.084030866622925,-0.37847787141799927,296.6112060546875,-0.3777053654193878,303.2453918457031,-0.0354722142219551,-308.95233154297534,-0.125,-2.25,2.25
19.78,88.71572875976562,88.71572875976562,0.02924395352602005,0.02924395352602005,0.0023310258984565735,0.0023310258984565735,6.159247875213623,-43.007713317871094,0.0,2.3270154,2.4445419311523438,5.204889297485352,-0.6022459864616394,-0.5749434232711792,5.239615713703316,-0.11519547454347444,5.600988864898682,0.25454020500183105,-3.0999345779418945,0.25454020500183105,-3.0999345779418945,-0.37918731570243835,290.4321594238281,-0.37847787141799927,296.6112060546875,-0.030618906021118816,-289.68963623047495,-0.125,-2.25,2.25
19.8,88.82022857666016,88.82022857666016,0.029518652707338333,0.029518652707338333,0.0030649378895759583,0.0030649378895759583,6.087579727172852,-42.9311408996582,0.0,2.3139534,2.4330320358276367,5.216031551361084,-0.6078614592552185,-0.5763275027275085,5.251331326286906,-0.11601384900618493,5.607198715209961,0.23112787306308746,-3.1153576374053955,0.23112787306308746,-3.1153576374053955,-0.3797996938228607,284.63836669921875,-0.37918731570243835,290.4321594238281,-0.02586096525192316,-272.61199951172455,-0.125,-2.25,2.25
19.82,88.92495727539062,88.92495727539062,0.02987188845872879,0.02987188845872879,0.0038172153290361166,0.0038172153290361166,6.016711235046387,-42.85350036621094,0.0,2.300862,2.421494483947754,5.226861476898193,-0.6133691668510437,-0.5776321291923523,5.2627276799703315,-0.11681515971737726,5.6133551597595215,0.20965693891048431,-3.130141496658325,0.20965693891048431,-3.130141496658325,-0.38031691312789917,279.1861267089844,-0.3797996938228607,284.63836669921875,-0.021673738956451877,-257.72552490234926,-0.125,-2.25,2.25
19.84,89.02989959716797,89.02989959716797,0.030306192114949226,0.030306192114949226,0.0045942217111587524,0.0045942217111587524,5.946658134460449,-42.77483367919922,0.0,2.2877445,2.409932851791382,5.2374138832092285,-0.6187430024147034,-0.5788278579711914,5.2738360883772195,-0.11759397290640239,5.619475364685059,0.19007501006126404,-3.1441752910614014,0.19007501006126404,-3.1441752910614014,-0.3807503879070282,274.0316162109375,-0.38031691312789917,279.1861267089844,-0.0180646777153019,-244.84252929688023,-0.125,-2.25,2.25
19.86,89.13507080078125,89.13507080078125,0.030824683606624603,0.030824683606624603,0.005400359630584717,0.005400359630584717,5.87742280960083,-42.69512939453125,0.0,2.2745981,2.3983452320098877,5.247716903686523,-0.623969316482544,-0.5798987150192261,5.284682621420984,-0.11834736493046073,5.625568866729736,0.17218899726867676,-3.1574015617370605,0.17218899726867676,-3.1574015617370605,-0.38111168146133423,269.134765625,-0.3807503879070282,274.0316162109375,-0.01504272222518953,-233.80584716797372,-0.125,-2.25,2.25
19.88,89.24043273925781,89.24043273925781,0.03143088147044182,0.03143088147044182,0.006238474976271391,0.006238474976271391,5.8090500831604,-42.61443328857422,0.0,2.2614276,2.3867404460906982,5.257791996002197,-0.6290435791015625,-0.5808390974998474,5.2952877634396485,-0.11907427347367831,5.631639003753662,0.15576118230819702,-3.169802665710449,0.15576118230819702,-3.169802665710449,-0.381412535905838,264.4586486816406,-0.38111168146133423,269.134765625,-0.012595951557157455,-224.43237304683993,-0.125,-2.25,2.25
19.900000000000002,89.34598541259766,89.34598541259766,0.03212856501340866,0.03212856501340866,0.0071100592613220215,0.0071100592613220215,5.741543292999268,-42.53274154663086,0.0,2.2482336,2.3751187324523926,5.267654895782471,-0.6339680552482605,-0.5816511511802673,5.305667120743281,-0.11977502645994313,5.637683868408203,0.14055538177490234,-3.1813912391662598,0.14055538177490234,-3.1813912391662598,-0.3816644549369812,259.9700012207031,-0.381412535905838,264.4586486816406,-0.010696053504944075,-216.52374267578585,-0.125,-2.25,2.25
19.92,89.45176696777344,89.45176696777344,0.03292163833975792,0.03292163833975792,0.008015708066523075,0.008015708066523075,5.674892425537109,-42.450042724609375,0.0,2.2350109,2.3634769916534424,5.277319431304932,-0.6387495994567871,-0.5823422074317932,5.315834970240782,-0.12045083432673867,5.643695831298828,0.12635205686092377,-3.1922013759613037,0.12635205686092377,-3.1922013759613037,-0.3818783760070801,255.6395263671875,-0.3816644549369812,259.9700012207031,-0.009323656558990678,-209.93881225586384,-0.125,-2.25,2.25
19.94,89.5577163696289,89.5577163696289,0.033814042806625366,0.033814042806625366,0.00895516574382782,0.00895516574382782,5.609152317047119,-42.36638641357422,0.0,2.2217674,2.351825714111328,5.286795139312744,-0.6433982849121094,-0.582923173904419,5.325801742281504,-0.1211035820370872,5.649664878845215,0.11295387148857117,-3.2022817134857178,0.11295387148857117,-3.2022817134857178,-0.3820648491382599,251.4407501220703,-0.3818783760070801,255.6395263671875,-0.008448958396911802,-204.49752807617622,-0.125,-2.25,2.25
19.96,89.6638412475586,89.6638412475586,0.03480967879295349,0.03480967879295349,0.009927600622177124,0.009927600622177124,5.544325828552246,-42.28178405761719,0.0,2.2085016,2.3401637077331543,5.296087265014648,-0.6479259729385376,-0.5834075808525085,5.335573857145892,-0.12173556017301537,5.65557861328125,0.10019012540578842,-3.21169114112854,0.10019012540578842,-3.21169114112854,-0.3822338283061981,247.35079956054688,-0.3820648491382599,251.4407501220703,-0.008027255535125904,-200.03051757812926,-0.125,-2.25,2.25
19.98,89.77015686035156,89.77015686035156,0.03591233119368553,0.03591233119368553,0.010931543074548244,0.010931543074548244,5.480432510375977,-42.196224212646484,0.0,2.1952124,2.328493118286133,5.305201530456543,-0.6523458361625671,-0.5838101506233215,5.345158404455109,-0.12234926731491969,5.661421775817871,0.08791300654411316,-3.220494031906128,0.08791300654411316,-3.220494031906128,-0.38239437341690063,243.35018920898438,-0.3822338283061981,247.35079956054688,-0.008024275302887135,-196.39892578125418,-0.125,-2.25,2.25
20.0,89.87664794921875,89.87664794921875,0.03712563216686249,0.03712563216686249,0.011965341866016388,0.011965341866016388,5.4174933433532715,-42.109710693359375,0.0,2.1819007,2.3168132305145264,5.314140319824219,-0.6566712856292725,-0.5841460824012756,5.3545592270654225,-0.12294729742250692,5.667179584503174,0.0759928971529007,-3.228757381439209,0.0759928971529007,-3.228757381439209,-0.3825548589229584,239.42221069335938,-0.38239437341690063,243.35018920898438,-0.008399784564972103,-193.45855712891037,-0.125,-2.25,2.25
20.02,89.98330688476562,89.98330688476562,0.03845304250717163,0.03845304250717163,0.013026915490627289,0.013026915490627289,5.3555073738098145,-42.02227783203125,0.0,2.1685684,2.305126667022705,5.322904586791992,-0.6609156727790833,-0.5844306945800781,5.363778776815488,-0.12353224292408684,5.672835826873779,0.0643206313252449,-3.2365496158599854,0.0643206313252449,-3.2365496158599854,-0.3827228546142578,235.55303955078125,-0.3825548589229584,239.42221069335938,-0.00911355018615742,-191.0743713378947,-0.125,-2.25,2.25
20.04,90.09011840820312,90.09011840820312,0.039897773414850235,0.039897773414850235,0.014113941229879856,0.014113941229879856,5.294499397277832,-41.9339599609375,0.0,2.1552176,2.2934372425079346,5.331493854522705,-0.6650918126106262,-0.5846788883209229,5.372818053872201,-0.12410660839760389,5.678375720977783,0.052803635597229004,-3.2439374923706055,0.052803635597229004,-3.2439374923706055,-0.38290512561798096,231.73155212402344,-0.3827228546142578,235.55303955078125,-0.010123848915100313,-189.1311645507853,-0.125,-2.25,2.25
20.06,90.19709014892578,90.19709014892578,0.041462793946266174,0.041462793946266174,0.015224061906337738,0.015224061906337738,5.23447322845459,-41.84475326538086,0.0,2.1418455,2.2817420959472656,5.339908123016357,-0.669211745262146,-0.5849048495292664,5.381678467007564,-0.12467272495944416,5.683785438537598,0.0413644015789032,-3.2509853839874268,0.0413644015789032,-3.2509853839874268,-0.38310760259628296,227.9489288330078,-0.38290512561798096,231.73155212402344,-0.011391937732694752,-187.5152587890332,-0.125,-2.25,2.25
20.080000000000002,90.30421447753906,90.30421447753906,0.04315080866217613,0.04315080866217613,0.016354741528630257,0.016354741528630257,5.17543888092041,-41.75466537475586,0.0,2.1284544,2.2700419425964355,5.34814453125,-0.6732866168022156,-0.5851219296455383,5.3903585034303845,-0.12523280771384046,5.689051151275635,0.02994014136493206,-3.2577548027038574,0.02994014136493206,-3.2577548027038574,-0.3833354413509369,224.19862365722656,-0.38310760259628296,227.9489288330078,-0.01287162303924588,-186.11450195312898,-0.125,-2.25,2.25
20.1,90.41149139404297,90.41149139404297,0.0449642539024353,0.0449642539024353,0.017503291368484497,0.017503291368484497,5.117415904998779,-41.66372299194336,0.0,2.1150453,2.2583374977111816,5.356201648712158,-0.6773267984390259,-0.5853423476219177,5.398857999017061,-0.12578888114763168,5.6941609382629395,0.018479397520422935,-3.26430344581604,0.018479397520422935,-3.26430344581604,-0.3835928738117218,220.47633361816406,-0.3833354413509369,224.19862365722656,-0.014531612396240545,-184.85641479492583,-0.125,-2.25,2.25
20.12,90.5188980102539,90.5188980102539,0.046905264258384705,0.046905264258384705,0.018667072057724,0.018667072057724,5.060427665710449,-41.57193374633789,0.0,2.1016195,2.246629238128662,5.364076614379883,-0.6813412308692932,-0.5855770707130432,5.407175214270352,-0.1263427270236039,5.699104309082031,0.00694391829892993,-3.270684242248535,0.00694391829892993,-3.270684242248535,-0.3838835060596466,216.77920532226562,-0.3835928738117218,220.47633361816406,-0.01632869243621861,-183.64944458008205,-0.125,-2.25,2.25
20.14,90.62644958496094,90.62644958496094,0.04897569119930267,0.04897569119930267,0.019843444228172302,0.019843444228172302,5.004505634307861,-41.479286193847656,0.0,2.088176,2.2349143028259277,5.371766567230225,-0.6853379607200623,-0.5858360528945923,5.415308317465989,-0.1268959525224167,5.703872203826904,-0.004694341216236353,-3.276945114135742,-0.004694341216236353,-3.276945114135742,-0.38421007990837097,213.10621643066406,-0.3838835060596466,216.77920532226562,-0.018234550952911766,-182.4371337890664,-0.125,-2.25,2.25
20.16,90.73412322998047,90.73412322998047,0.05117708444595337,0.05117708444595337,0.021029800176620483,0.021029800176620483,4.949643611907959,-41.385833740234375,0.0,2.0747163,2.223196029663086,5.379269123077393,-0.6893237829208374,-0.5861276984214783,5.423255809584692,-0.12744991558767027,5.708456993103027,-0.01645537093281746,-3.283129930496216,-0.01645537093281746,-3.283129930496216,-0.3845747709274292,209.4574737548828,-0.38421007990837097,213.10621643066406,-0.02020895481109662,-181.147003173832,-0.125,-2.25,2.25
20.18,90.84192657470703,90.84192657470703,0.05351071432232857,0.05351071432232857,0.02222353219985962,0.02222353219985962,4.895843029022217,-41.29157257080078,0.0,2.061241,2.211470127105713,5.3865814208984375,-0.6933043599128723,-0.5864593386650085,5.431015590057022,-0.12800577127561663,5.712853908538818,-0.028348799794912338,-3.2892768383026123,-0.028348799794912338,-3.2892768383026123,-0.3849789500236511,205.83453369140625,-0.3845747709274292,209.4574737548828,-0.022228062152863024,-179.7386169433632,-0.125,-2.25,2.25
20.2,90.94984436035156,90.94984436035156,0.055977560579776764,0.055977560579776764,0.02342219650745392,0.02342219650745392,4.843123912811279,-41.196533203125,0.0,2.0477517,2.199737548828125,5.393702507019043,-0.6972842216491699,-0.586837112903595,5.438587318411317,-0.12856441774455965,5.717057228088379,-0.040378618985414505,-3.295419454574585,-0.040378618985414505,-3.295419454574585,-0.3854235112667084,202.23976135253906,-0.3849789500236511,205.83453369140625,-0.024254620075226347,-178.1555175781288,-0.125,-2.25,2.25
20.22,91.05787658691406,91.05787658691406,0.05857831984758377,0.05857831984758377,0.024623245000839233,0.024623245000839233,4.791500568389893,-41.1007194519043,0.0,2.0342467,2.1879963874816895,5.400629043579102,-0.7012670636177063,-0.5872659087181091,5.445968193155843,-0.1291266532402049,5.721064567565918,-0.05254412442445755,-3.301586866378784,-0.05254412442445755,-3.301586866378784,-0.3859086036682129,198.67665100097656,-0.3854235112667084,202.23976135253906,-0.02626776695251054,-176.38092041012868,-0.125,-2.25,2.25
20.240000000000002,91.166015625,91.166015625,0.061313413083553314,0.061313413083553314,0.02582445740699768,0.02582445740699768,4.740983486175537,-41.004150390625,0.0,2.0207293,2.1762468814849854,5.407360076904297,-0.7052553296089172,-0.5877494812011719,5.453157624829877,-0.12969298938936447,5.7248759269714355,-0.06483525782823563,-3.307802677154541,-0.06483525782823563,-3.307802677154541,-0.3864339590072632,195.14903259277344,-0.3859086036682129,198.67665100097656,-0.028242170810700067,-174.37820434570685,-0.125,-2.25,2.25
20.26,91.27424621582031,91.27424621582031,0.06418300420045853,0.06418300420045853,0.0270235538482666,0.0270235538482666,4.691630840301514,-40.90683364868164,0.0,2.0072005,2.164487838745117,5.4138946533203125,-0.7092507481575012,-0.5882903933525085,5.46015493745482,-0.13026380631655338,5.728491306304932,-0.07723665237426758,-3.314086675643921,-0.07723665237426758,-3.314086675643921,-0.3869988024234772,191.66146850585938,-0.3864339590072632,195.14903259277344,-0.030155479907990144,-172.13287353515992,-0.125,-2.25,2.25
20.28,91.38257598876953,91.38257598876953,0.06718701124191284,0.06718701124191284,0.028218582272529602,0.028218582272529602,4.643420219421387,-40.80878829956055,0.0,1.9936593,2.152717113494873,5.420232772827148,-0.7132538557052612,-0.5888904333114624,5.466960249929379,-0.13083924445884088,5.731912136077881,-0.08973237872123718,-3.3204538822174072,-0.08973237872123718,-3.3204538822174072,-0.38760191202163696,188.21881103515625,-0.3869988024234772,191.66146850585938,-0.03198981285095283,-169.63272094726923,-0.125,-2.25,2.25
20.3,91.49099731445312,91.49099731445312,0.07032510638237,0.07032510638237,0.029407411813735962,0.029407411813735962,4.596356391906738,-40.71003341674805,0.0,1.9801066,2.1409335136413574,5.42637300491333,-0.7172647714614868,-0.5895501375198364,5.473572210250982,-0.13141940315556372,5.735141754150391,-0.1022995337843895,-3.3269152641296387,-0.1022995337843895,-3.3269152641296387,-0.388241708278656,184.82615661621094,-0.38760191202163696,188.21881103515625,-0.03372579813003612,-166.86935424805043,-0.125,-2.25,2.25
20.32,91.59949493408203,91.59949493408203,0.07359673082828522,0.07359673082828522,0.03058825246989727,0.03058825246989727,4.550457000732422,-40.61058807373047,0.0,1.9665453,2.1291370391845703,5.43231725692749,-0.7212827205657959,-0.5902693867683411,5.479992659018715,-0.132004140936588,5.738183975219727,-0.11491432040929794,-3.333477735519409,-0.11491432040929794,-3.333477735519409,-0.3889162242412567,181.48876953125,-0.388241708278656,184.82615661621094,-0.035348534584046166,-163.83285522461287,-0.125,-2.25,2.25
20.34,91.70807647705078,91.70807647705078,0.07700113952159882,0.07700113952159882,0.031759560108184814,0.031759560108184814,4.50573205947876,-40.51047134399414,0.0,1.9529722,2.1173248291015625,5.438065528869629,-0.7253063321113586,-0.5910472273826599,5.486221465788722,-0.13259325546405223,5.741044044494629,-0.12755106389522552,-3.3401451110839844,-0.12755106389522552,-3.3401451110839844,-0.3896231949329376,178.2121124267578,-0.3889162242412567,181.48876953125,-0.03685057163238604,-160.54916381836279,-0.125,-2.25,2.25
20.36,91.81673431396484,91.81673431396484,0.08053738623857498,0.08053738623857498,0.0329197496175766,0.0329197496175766,4.462192535400391,-40.409690856933594,0.0,1.93939,2.1054959297180176,5.443620681762695,-0.7293334007263184,-0.5918818116188049,5.492261222513871,-0.13318632655106508,5.743729114532471,-0.14017927646636963,-3.3469176292419434,-0.14017927646636963,-3.3469176292419434,-0.3903602063655853,175.00112915039062,-0.3896231949329376,178.2121124267578,-0.03822147846222005,-157.0144653320346,-0.125,-2.25,2.25
20.38,91.92545318603516,91.92545318603516,0.08420434594154358,0.08420434594154358,0.034067437052726746,0.034067437052726746,4.419904708862305,-40.30825424194336,0.0,1.9257996,2.0936498641967773,5.448984146118164,-0.7333617210388184,-0.5927708745002747,5.498113098012091,-0.13378297030256034,5.746245861053467,-0.15277071297168732,-3.353792905807495,-0.15277071297168732,-3.353792905807495,-0.3911246359348297,171.86083984375,-0.3903602063655853,175.00112915039062,-0.039289891719811974,-155.5175781249757,-0.125,-2.25,2.25
20.400000000000002,92.03423309326172,92.03423309326172,0.08800072222948074,0.08800072222948074,0.03520134463906288,0.03520134463906288,4.3788323402404785,-40.20619201660156,0.0,1.9122031,2.0817861557006836,5.454158306121826,-0.7373883128166199,-0.5937113165855408,5.5037790973217895,-0.13438264198556363,5.748601913452148,-0.16529545187950134,-3.3607656955718994,-0.16529545187950134,-3.3607656955718994,-0.3919104337692261,168.75048828125,-0.3911246359348297,171.86083984375,-0.0401869416236886,-154.19464111328455,-0.125,-2.25,2.25
20.42,92.14305877685547,92.14305877685547,0.09192509949207306,0.09192509949207306,0.03632071614265442,0.03632071614265442,4.338990688323975,-40.103538513183594,0.0,1.8985994,2.0699045658111572,5.459147930145264,-0.7414087057113647,-0.5946984887123108,5.5092633801728805,-0.13498447264335703,5.750786304473877,-0.17772287130355835,-3.3678228855133057,-0.17772287130355835,-3.3678228855133057,-0.39271417260169983,165.66659545898438,-0.3919104337692261,168.75048828125,-0.04095584154129116,-152.42996215820637,-0.125,-2.25,2.25
20.44,92.25193786621094,92.25193786621094,0.09597595036029816,0.09597595036029816,0.03742477297782898,0.03742477297782898,4.300385475158691,-40.00028991699219,0.0,1.8849895,2.05800199508667,5.463955402374268,-0.74541836977005,-0.595727264881134,5.514567724230575,-0.13558764318840508,5.752792835235596,-0.19005215167999268,-3.3749499320983887,-0.19005215167999268,-3.3749499320983887,-0.39353328943252563,162.6179962158203,-0.39271417260169983,165.66659545898438,-0.041592121124268466,-150.25482177734696,-0.125,-2.25,2.25
20.46,92.3608627319336,92.3608627319336,0.1001516729593277,0.1001516729593277,0.03851281479001045,0.03851281479001045,4.263028621673584,-39.896461486816406,0.0,1.8713734,2.0460777282714844,5.468583106994629,-0.7494130730628967,-0.596792995929718,5.5196939364592135,-0.13619139072049666,5.754623889923096,-0.2022896707057953,-3.3821332454681396,-0.2022896707057953,-3.3821332454681396,-0.394365131855011,159.61289978027344,-0.39353328943252563,162.6179962158203,-0.042092800140381754,-147.7066040039094,-0.125,-2.25,2.25
20.48,92.4698257446289,92.4698257446289,0.1044505387544632,0.1044505387544632,0.0395842045545578,0.0395842045545578,4.226952075958252,-39.792083740234375,0.0,1.857753,2.034132242202759,5.4730329513549805,-0.7533888220787048,-0.5978910326957703,5.524643373454122,-0.1367950090695701,5.756285190582275,-0.2144312560558319,-3.3893582820892334,-0.2144312560558319,-3.3893582820892334,-0.3952069878578186,156.6587677001953,-0.394365131855011,159.61289978027344,-0.0424608588218698,-144.8364257812531,-0.125,-2.25,2.25
20.5,92.57881927490234,92.57881927490234,0.10887078940868378,0.10887078940868378,0.04063845053315163,0.04063845053315163,4.192185401916504,-39.687156677246094,0.0,1.8441293,2.022165060043335,5.47730827331543,-0.7573416233062744,-0.5990168452262878,5.529418799053101,-0.1373977585905669,5.757785320281982,-0.22646620869636536,-3.396610736846924,-0.22646620869636536,-3.396610736846924,-0.396056205034256,153.7620391845703,-0.3952069878578186,156.6587677001953,-0.0426962971687326,-141.680908203128,-0.125,-2.25,2.25
20.52,92.6878433227539,92.6878433227539,0.11341055482625961,0.11341055482625961,0.041675060987472534,0.041675060987472534,4.158702850341797,-39.58171463012695,0.0,1.8305013,2.0101749897003174,5.481411457061768,-0.7612676620483398,-0.6001657843589783,5.534022046837956,-0.137998956581332,5.759133815765381,-0.2383735477924347,-3.4038760662078857,-0.2383735477924347,-3.4038760662078857,-0.3969101309776306,150.9284210205078,-0.396056205034256,153.7620391845703,-0.042788684368134454,-138.25454711914358,-0.125,-2.25,2.25
20.54,92.79689025878906,92.79689025878906,0.1180679127573967,0.1180679127573967,0.04269370809197426,0.04269370809197426,4.126514911651611,-39.47578430175781,0.0,1.8168705,1.998162031173706,5.485347270965576,-0.7651633024215698,-0.6013332009315491,5.538457326951447,-0.13859789406886777,5.760341167449951,-0.25013017654418945,-3.4111387729644775,-0.25013017654418945,-3.4111387729644775,-0.3977659046649933,148.163330078125,-0.3969101309776306,150.9284210205078,-0.04276931285858245,-134.668731689456,-0.125,-2.25,2.25
20.56,92.90595245361328,92.90595245361328,0.12284090369939804,0.12284090369939804,0.043694064021110535,0.043694064021110535,4.095633506774902,-39.36936950683594,0.0,1.8032377,1.9861255884170532,5.489119052886963,-0.769024670124054,-0.6025145649909973,5.542727390015323,-0.1391938553669635,5.761418342590332,-0.2617088854312897,-3.4183831214904785,-0.2617088854312897,-3.4183831214904785,-0.3986212909221649,145.46995544433594,-0.3977659046649933,148.163330078125,-0.04273802042006778,-130.84793090818266,-0.125,-2.25,2.25
20.580000000000002,93.01502227783203,93.01502227783203,0.12772753834724426,0.12772753834724426,0.04467608034610748,0.04467608034610748,4.066066741943359,-39.26249313354492,0.0,1.7896035,1.9740656614303589,5.492732048034668,-0.7728481888771057,-0.6037052869796753,5.546836907153278,-0.13978613060960715,5.762374401092529,-0.27308544516563416,-3.425593614578247,-0.27308544516563416,-3.425593614578247,-0.3994760513305664,142.85299682617188,-0.3986212909221649,145.46995544433594,-0.026197731494904123,-126.83029174804958,-0.125,-2.25,2.25
20.6,93.1241226196289,93.1241226196289,0.1327257752418518,0.1327257752418518,0.04563942551612854,0.04563942551612854,4.037867069244385,-39.1551513671875,0.0,1.7759664,1.9619801044464111,5.496189594268799,-0.7766314148902893,-0.604901909828186,5.55078880977678,-0.14037425952342952,5.763220310211182,-0.28424888849258423,-3.432758092880249,-0.28424888849258423,-3.432758092880249,-0.4000000059604645,140.31639099121094,-0.3994760513305664,142.85299682617188,0.0,-126.65481567383083,-0.125,-2.25,2.25
20.62,93.23322296142578,93.23322296142578,0.13783474266529083,0.13783474266529083,0.04660987854003906,0.04660987854003906,4.011009693145752,-39.04737854003906,0.0,1.7623293,1.9498714208602905,5.499563694000244,-0.7802432775497437,-0.6059542298316956,5.554635937352436,-0.14093311751347862,5.76398229598999,-0.29346948862075806,-3.439284086227417,-0.29346948862075806,-3.439284086227417,-0.4000000059604645,137.78329467773438,-0.4000000059604645,140.31639099121094,0.0,-130.1033020019559,-0.125,-2.25,2.25
20.64,93.34233093261719,93.34233093261719,0.14305591583251953,0.14305591583251953,0.04753568768501282,0.04753568768501282,3.9854917526245117,-38.93922805786133,0.0,1.7488263,1.9377914667129517,5.502946853637695,-0.7835109233856201,-0.6066610813140869,5.558445235947333,-0.1414296639141418,5.764686107635498,-0.2992514967918396,-3.4443719387054443,-0.2992514967918396,-3.4443719387054443,-0.4000000059604645,135.1812286376953,-0.4000000059604645,137.78329467773438,0.0,-121.32797241211196,-0.12179804,-2.25,2.25
20.66,93.45149993896484,93.45149993896484,0.14836665987968445,0.14836665987968445,0.04804721474647522,0.04804721474647522,3.96130108833313,-38.83069610595703,0.0,1.7357757,1.9257020950317383,5.506301403045654,-0.786514163017273,-0.6071056127548218,5.562190186411222,-0.14187919925752746,5.7653374671936035,-0.30408674478530884,-3.4483416080474854,-0.30408674478530884,-3.4483416080474854,-0.4000000059604645,132.75466918945312,-0.4000000059604645,135.1812286376953,0.0,-100.26016235351776,-0.11724933,-2.25,2.25
20.68,93.56074523925781,93.56074523925781,0.15371738374233246,0.15371738374233246,0.04809845983982086,0.04809845983982086,3.938443422317505,-38.721797943115234,0.0,1.7232101,1.9136022329330444,5.5096001625061035,-0.7893163561820984,-0.6073550581932068,5.565852518781275,-0.14229379524443594,5.7660298347473145,-0.30893051624298096,-3.4514505863189697,-0.30893051624298096,-3.4514505863189697,-0.4000000059604645,130.7494659423828,-0.4000000059604645,132.75466918945312,0.0,-67.98934936523582,-0.112697445,-2.25,2.25
20.7,93.67007446289062,93.67007446289062,0.15905658900737762,0.15905658900737762,0.047683656215667725,0.047683656215667725,3.9169394969940186,-38.612545013427734,0.0,1.7111361,1.9015021324157715,5.512834072113037,-0.7919656038284302,-0.6074607968330383,5.569429865282239,-0.1426823195007163,5.766914367675781,-0.31389445066452026,-3.4538938999176025,-0.31389445066452026,-3.4538938999176025,-0.4000000059604645,129.38967895507812,-0.4000000059604645,130.7494659423828,0.002339482307434132,-25.431823730469294,-0.108142056,-2.25,2.25
20.72,93.77948760986328,93.77948760986328,0.16433213651180267,0.16433213651180267,0.04679875075817108,0.04679875075817108,3.896804094314575,-38.50297546386719,0.0,1.6995604,1.889409065246582,5.516007900238037,-0.7944968938827515,-0.6074602603912354,5.572931766124342,-0.14305093217597814,5.768172740936279,-0.318648099899292,-3.455815076828003,-0.318648099899292,-3.455815076828003,-0.3999532163143158,128.88104248046875,-0.4000000059604645,129.38967895507812,0.02951472997664944,25.800323486324093,-0.10358318,-2.25,2.25
20.740000000000002,93.88899993896484,93.88899993896484,0.16949155926704407,0.16949155926704407,0.045445024967193604,0.045445024967193604,3.8780081272125244,-38.39308547973633,0.0,1.6884692,1.877313494682312,5.519153594970703,-0.7969163656234741,-0.6073586940765381,5.5763905977501755,-0.14339995669908137,5.770008563995361,-0.32241490483283997,-3.4572346210479736,-0.32241490483283997,-3.4572346210479736,-0.3993629217147827,129.3970489501953,-0.3999532163143158,128.88104248046875,0.06060749292373786,78.8764953613298,-0.09902016,-2.25,2.25
20.76,93.99861907958984,93.99861907958984,0.17448435723781586,0.17448435723781586,0.0436636358499527,0.0436636358499527,3.8605527877807617,-38.28290939331055,0.0,1.6778634,1.8652186393737793,5.522414207458496,-0.7990317344665527,-0.606934666633606,5.579920285400507,-0.14369166078028994,5.772656440734863,-0.3219432532787323,-3.4572763442993164,-0.3219432532787323,-3.4572763442993164,-0.398150771856308,130.97457885742188,-0.3993629217147827,129.3970489501953,0.09474009275436604,132.0404052734403,-0.0944527,-2.25,2.25
20.78,94.10835266113281,94.10835266113281,0.17926464974880219,0.17926464974880219,0.04149678349494934,0.04149678349494934,3.8444347381591797,-38.172454833984375,0.0,1.6677449,1.8531330823898315,5.525930881500244,-0.8006686568260193,-0.6059817671775818,5.583635232099393,-0.14389161524453883,5.7763447761535645,-0.31553202867507935,-3.455122947692871,-0.31553202867507935,-3.455122947692871,-0.3962559700012207,133.61538696289062,-0.398150771856308,130.97457885742188,0.130970776081088,183.8127136230508,-0.08988047,-2.25,2.25
20.8,94.21821594238281,94.21821594238281,0.18379119038581848,0.18379119038581848,0.038986027240753174,0.038986027240753174,3.8296525478363037,-38.06173324584961,0.0,1.6581166,1.8410723209381104,5.529839038848877,-0.8016765713691711,-0.6043172478675842,5.587647547999006,-0.1439698388041248,5.781282901763916,-0.3023695945739746,-3.450042963027954,-0.3023695945739746,-3.450042963027954,-0.393636554479599,137.29164123535156,-0.3962559700012207,133.61538696289062,0.1683726906776464,233.07189941406747,-0.08530283,-2.25,2.25
20.82,94.3282241821289,94.3282241821289,0.1880272924900055,0.1880272924900055,0.03617125749588013,0.03617125749588013,3.8162169456481934,-37.95075607299805,0.0,1.6489928,1.8290654420852661,5.534263610839844,-0.8019319176673889,-0.6017861366271973,5.592062992746037,-0.14390150944423938,5.7876505851745605,-0.28219425678253174,-3.441408634185791,-0.28219425678253174,-3.441408634185791,-0.39026910066604614,141.9530792236328,-0.393636554479599,137.29164123535156,0.20605623722076855,278.9993286132872,-0.08071915,-2.25,2.25
20.84,94.43839263916016,94.43839263916016,0.19194050133228302,0.19194050133228302,0.03308945894241333,0.03308945894241333,3.804072618484497,-37.839542388916016,0.0,1.6403563,1.8171124458312988,5.539316654205322,-0.8013394474983215,-0.598264217376709,5.5969789981447455,-0.14366727950836033,5.79559326171875,-0.255113810300827,-3.4287049770355225,-0.255113810300827,-3.4287049770355225,-0.38614797592163086,147.53306579589844,-0.39026910066604614,141.9530792236328,0.24323314428329987,321.0838317871162,-0.0761288,-2.25,2.25
20.86,94.54875183105469,94.54875183105469,0.19550223648548126,0.19550223648548126,0.029774144291877747,0.029774144291877747,3.793196678161621,-37.72808074951172,0.0,1.6322076,1.8052351474761963,5.545095443725586,-0.7998320460319519,-0.5936588048934937,5.602482912235066,-0.14325331276948194,5.805222034454346,-0.22149626910686493,-3.411534309387207,-0.22149626910686493,-3.411534309387207,-0.38128331303596497,153.95474243164062,-0.38614797592163086,147.53306579589844,0.2789735794067442,360.16769409180455,-0.0715305,-2.25,2.25
20.88,94.6593017578125,94.6593017578125,0.198687344789505,0.198687344789505,0.026254802942276,0.026254802942276,3.7835628986358643,-37.616390228271484,0.0,1.6245487,1.7934545278549194,5.5516815185546875,-0.7973695993423462,-0.5879084467887878,5.608650993012228,-0.1426511221659059,5.816613674163818,-0.1818956583738327,-3.389613151550293,-0.1818956583738327,-3.389613151550293,-0.3757038414478302,161.15809631347656,-0.38128331303596497,153.95474243164062,0.31299740076060173,395.4963684081413,-0.06692425,-2.25,2.25
20.900000000000002,94.77005767822266,94.77005767822266,0.20147359371185303,0.20147359371185303,0.022556185722351074,0.022556185722351074,3.7751550674438477,-37.50448226928711,0.0,1.6173899,1.7818037271499634,5.559136867523193,-0.793938934803009,-0.5809834003448486,5.615544652484897,-0.14185765881594006,5.8298187255859375,-0.13700419664382935,-3.362776756286621,-0.13700419664382935,-3.362776756286621,-0.3694438934326172,169.06802368164062,-0.3757038414478302,161.15809631347656,0.3450840711593702,426.6632080078216,-0.062309425,-2.25,2.25
20.92,94.88105010986328,94.88105010986328,0.20384107530117035,0.20384107530117035,0.0186987966299057,0.0186987966299057,3.7679452896118164,-37.39234924316406,0.0,1.6107376,1.7703100442886353,5.567509174346924,-0.7895481586456299,-0.5728805661201477,5.623214801273189,-0.14087417007391556,5.844861030578613,-0.08755731582641602,-3.3309569358825684,-0.08755731582641602,-3.3309569358825684,-0.36254221200942993,177.60128784179688,-0.3694438934326172,169.06802368164062,0.3749832510948261,453.97644042969716,-0.05768474,-2.25,2.25
20.94,94.99229431152344,94.99229431152344,0.20577187836170197,0.20577187836170197,0.014699116349220276,0.014699116349220276,3.7618772983551025,-37.27999496459961,0.0,1.6045802,1.7589845657348633,5.5768327713012695,-0.7842221856117249,-0.5636181235313416,5.63170206913198,-0.13970537113229717,5.861734390258789,-0.03428886458277702,-3.2941641807556152,-0.03428886458277702,-3.2941641807556152,-0.35504254698753357,186.68081665039062,-0.36254221200942993,177.60128784179688,0.40255188941956427,477.8198242187602,-0.053049564,-2.25,2.25
20.96,95.10380554199219,95.10380554199219,0.20724941790103912,0.20724941790103912,0.010569974780082703,0.010569974780082703,3.756913900375366,-37.16741180419922,0.0,1.5989201,1.7478488683700562,5.587128162384033,-0.7779992818832397,-0.5532323718070984,5.641035719219975,-0.13835882338817568,5.8804097175598145,0.02207992970943451,-3.252473831176758,0.02207992970943451,-3.252473831176758,-0.34699150919914246,196.23721313476562,-0.35504254698753357,186.68081665039062,0.42834877967835383,498.90441894532313,-0.048403263,-2.25,2.25
20.98,95.21562194824219,95.21562194824219,0.20825821161270142,0.20825821161270142,0.006320789456367493,0.006320789456367493,3.753016710281372,-37.05458450317383,0.0,1.5937588,1.7369238138198853,5.598405838012695,-0.7709276676177979,-0.5417741537094116,5.651236802310911,-0.13684421136359523,5.900844573974609,0.08086242526769638,-3.206014633178711,0.08086242526769638,-3.206014633178711,-0.33842453360557556,206.21530151367188,-0.34699150919914246,196.23721313476562,0.4520490765571691,517.5148010254017,-0.043744247,-2.25,2.25
21.0,95.3277587890625,95.3277587890625,0.20878346264362335,0.20878346264362335,0.001958906650543213,0.001958906650543213,3.7501704692840576,-36.94151306152344,0.0,1.5891254,1.7262555360794067,5.610669136047363,-0.763057291507721,-0.5292991995811462,5.662319717599631,-0.13517179919426914,5.922987461090088,0.1414770632982254,-3.1549317836761475,0.1414770632982254,-3.1549317836761475,-0.3293835520744324,216.5655975341797,-0.33842453360557556,206.21530151367188,0.47312378883362827,531.2026977539176,-0.039071877,-2.25,2.25
21.02,95.44022369384766,95.44022369384766,0.20881077647209167,0.20881077647209167,-0.0025107264518737793,-0.0025107264518737793,3.7483081817626953,-36.82820510864258,0.0,1.5849979,1.7158397436141968,5.623912811279297,-0.7544412016868591,-0.5158699750900269,5.674290866326304,-0.13335267741308118,5.946784019470215,0.2033907026052475,-3.099393606185913,0.2033907026052475,-3.099393606185913,-0.31992107629776,227.1896514892578,-0.3293835520744324,216.5655975341797,0.4911676049232588,525.8636474609488,-0.03438584,-2.25,2.25
21.04,95.55304718017578,95.55304718017578,0.20832592248916626,0.20832592248916626,-0.00708606094121933,-0.00708606094121933,3.7473881244659424,-36.714630126953125,0.0,1.5813801,1.705693244934082,5.638124465942383,-0.7451381683349609,-0.501558244228363,5.687150286687319,-0.13139915148060002,5.972151756286621,0.2660648226737976,-3.039602518081665,0.2660648226737976,-3.039602518081665,-0.31009772419929504,237.70692443847656,-0.31992107629776,227.1896514892578,0.50465613603593,505.83343505860455,-0.029684862,-2.25,2.25
21.06,95.66622924804688,95.66622924804688,0.2073143571615219,0.2073143571615219,-0.011768385767936707,-0.011768385767936707,3.747370481491089,-36.60080337524414,0.0,1.5782778,1.6958343982696533,5.6532793045043945,-0.7352133393287659,-0.48644617199897766,5.700886382753532,-0.12932493218882007,5.998868465423584,0.32884329557418823,-2.975801944732666,0.32884329557418823,-2.975801944732666,-0.30000460147857666,247.82359313964844,-0.31009772419929504,237.70692443847656,0.5137056112288626,458.194732665944,-0.024968943,-2.25,2.25
21.080000000000002,95.7798080444336,95.7798080444336,0.2057609111070633,0.2057609111070633,-0.016564421355724335,-0.016564421355724335,3.7482264041900635,-36.48668670654297,0.0,1.575721,1.6863036155700684,5.669332027435303,-0.7247483134269714,-0.4706372916698456,5.715468988203761,-0.12714700427396042,6.026659965515137,0.3908103406429291,-2.908320426940918,0.3908103406429291,-2.908320426940918,-0.2897304892539978,256.98748779296875,-0.30000460147857666,247.82359313964844,0.5199223756790272,391.09191894532086,-0.020236492,-2.25,2.25
21.1,95.89379119873047,95.89379119873047,0.20364908874034882,0.20364908874034882,-0.02148556150496006,-0.02148556150496006,3.749897003173828,-36.37227249145508,0.0,1.5736873,1.6770861148834229,5.686217308044434,-0.7138344645500183,-0.4542497396469116,5.730848708270312,-0.12488435633678441,6.055100917816162,0.45087090134620667,-2.8375468254089355,0.45087090134620667,-2.8375468254089355,-0.2793320417404175,264.809326171875,-0.2897304892539978,256.98748779296875,0.5262061953544729,336.38305664063216,-0.015487194,-2.25,2.25
21.12,96.00818634033203,96.00818634033203,0.20096071064472198,0.20096071064472198,-0.026545047760009766,-0.026545047760009766,3.7523436546325684,-36.257568359375,0.0,1.5721819,1.6681921482086182,5.703847408294678,-0.702557384967804,-0.43739762902259827,5.746952421612929,-0.12255524852057363,6.083740234375,0.5078897476196289,-2.763856887817383,0.5078897476196289,-2.763856887817383,-0.26880791783332825,271.5369873046875,-0.2793320417404175,264.809326171875,0.5327180027961844,291.67633056641245,-0.01072073,-2.25,2.25
21.14,96.12301635742188,96.12301635742188,0.1976758986711502,0.1976758986711502,-0.03175327181816101,-0.03175327181816101,3.7555291652679443,-36.14255142211914,0.0,1.5712254,1.6596448421478271,5.722131729125977,-0.6909739375114441,-0.42016538977622986,5.763699897443508,-0.12017278356652067,6.112375259399414,0.5611071586608887,-2.687514305114746,0.5611071586608887,-2.687514305114746,-0.2581535577774048,277.3705139160156,-0.26880791783332825,271.5369873046875,0.5393065512180444,256.1325073242242,-0.005936146,-2.25,2.25
21.16,96.23827362060547,96.23827362060547,0.19377341866493225,0.19377341866493225,-0.037118248641490936,-0.037118248641490936,3.759411096572876,-36.0272102355957,0.0,1.5708244,1.6514521837234497,5.740980625152588,-0.6791187524795532,-0.4026130437850952,5.781008633304986,-0.11774597959140227,6.140933990478516,0.6102108955383301,-2.608689546585083,0.6102108955383301,-2.608689546585083,-0.24736742675304413,282.4931640625,-0.2581535577774048,277.3705139160156,0.0,0.0,-0.0011337599,-2.25,2.25
21.16470490324689,96.26548245743669,96.26548245743669,0.19270525925026907,0.19270525925026907,-0.03838993309460087,-0.03838993309460087,3.7604791578356087,-36.0000005013754,0.0,1.5707964,1.6495939713779368,5.745528592997595,-0.6762703273737848,-0.39841866125834546,5.7851914720810385,-0.1171646728068616,6.147634009505115,0.6207976889419415,-2.5895877226804203,0.6207976889419415,-2.5895877226804203,-0.24736742675304413,282.4931640625,-0.2556161726335106,278.57559258135916,0.0,0.0,-0.0,-2.25,2.25
